[2026-04-27T19:46:47-06:00] STATUS: bot PID=52138, log_age=30s, ready_15m=8, buys_15m=0, buys_today=0
0, auth_fail_today=44, key=MISSING
[2026-04-27T19:46:47-06:00] ALERT: AETHERBOT_KEY not set — all orders will 401
[2026-04-27T19:46:47-06:00] Monitor complete: ready=8 buys_15m=0 buys_today=0
0 auth_fail=44
[2026-04-27T19:47:20-06:00] STATUS: bot PID=52138, log_age=30s, ready_15m=8, buys_15m=0, buys_today=0, auth_fail_today=44, key=OK (from env file)
[2026-04-27T19:47:20-06:00] Monitor complete: ready=8 buys_15m=0 buys_today=0 auth_fail=44
[2026-04-30T18:11:49-06:00] DEAD: AetherBot process not running
[2026-04-30T21:41:14-06:00] STATUS: bot PID=4178, log_age=17s, ready_15m=2, buys_15m=0, buys_today=8, auth_fail_today=0, key=OK
[2026-04-30T21:41:14-06:00] Monitor complete: ready=2 buys_15m=0 buys_today=8 auth_fail=0
[2026-04-30T21:58:11-06:00] STATUS: bot PID=4178, log_age=9s, ready_15m=4, buys_15m=0, buys_today=8, auth_fail_today=0, key=OK (from env file)
[2026-04-30T21:58:11-06:00] Monitor complete: ready=4 buys_15m=0 buys_today=8 auth_fail=0
[2026-05-01T00:26:42-06:00] STATUS: bot PID=4178, log_age=13s, ready_15m=6, buys_15m=0, buys_today=0, auth_fail_today=0, key=OK
[2026-05-01T00:26:42-06:00] NORMAL: all 6 READY signals filtered by market conditions (ABS/BPS/PRICE) — no alert needed
[2026-05-01T00:26:42-06:00] Monitor complete: ready=6 buys_15m=0 buys_today=0 auth_fail=0
[2026-05-01T02:27:02-06:00] STATUS: bot PID=4178, log_age=0s, ready_15m=6, buys_15m=0, buys_today=5, auth_fail_today=0, key=OK (from env file)
[2026-05-01T02:27:02-06:00] Monitor complete: ready=6 buys_15m=0 buys_today=5 auth_fail=0
[2026-05-01T04:28:47-06:00] STATUS: bot PID=4178, log_age=3s, ready_15m=1, buys_15m=0, buys_today=8, auth_fail_today=0, key=OK (from env file)
[2026-05-01T04:28:47-06:00] Monitor complete: ready=1 buys_15m=0 buys_today=8 auth_fail=0
[2026-05-01T06:13:59-06:00] DEAD: AetherBot process not running
[2026-05-01T06:28:43-06:00] DEAD: AetherBot process not running
[2026-05-04T19:04:07-06:00] DEAD: AetherBot process not running
[2026-05-05T19:00:44-06:00] DEAD: AetherBot process not running
[2026-05-05T22:02:51-06:00] STATUS: bot PID=49448, log_age=2s, ready_15m=15, buys_15m=0, buys_today=10, auth_fail_today=0, key=OK (from env file)
[2026-05-05T22:02:51-06:00] Monitor complete: ready=15 buys_15m=0 buys_today=10 auth_fail=0
[2026-05-05T22:15:06-06:00] STATUS: bot PID=49448, log_age=8s, ready_15m=4, buys_15m=0, buys_today=10, auth_fail_today=0, key=OK (from env file)
[2026-05-05T22:15:06-06:00] Monitor complete: ready=4 buys_15m=0 buys_today=10 auth_fail=0
[2026-05-05T22:30:11-06:00] STATUS: bot PID=49448, log_age=12s, ready_15m=3, buys_15m=0, buys_today=11, auth_fail_today=0, key=OK
[2026-05-05T22:30:11-06:00] Monitor complete: ready=3 buys_15m=0 buys_today=11 auth_fail=0
[2026-05-05T22:45:09-06:00] STATUS: bot PID=49448, log_age=12s, ready_15m=4, buys_15m=0, buys_today=11, auth_fail_today=0, key=OK (from env file)
[2026-05-05T22:45:09-06:00] Monitor complete: ready=4 buys_15m=0 buys_today=11 auth_fail=0
[2026-05-05T23:00:10-06:00] STATUS: bot PID=49448, log_age=7s, ready_15m=8, buys_15m=0, buys_today=11, auth_fail_today=0, key=OK (from env file)
[2026-05-05T23:00:10-06:00] Monitor complete: ready=8 buys_15m=0 buys_today=11 auth_fail=0
[2026-05-05T23:15:11-06:00] STATUS: bot PID=49448, log_age=3s, ready_15m=2, buys_15m=0, buys_today=12, auth_fail_today=0, key=OK (from env file)
[2026-05-05T23:15:11-06:00] Monitor complete: ready=2 buys_15m=0 buys_today=12 auth_fail=0
[2026-05-05T23:30:19-06:00] STATUS: bot PID=49448, log_age=2s, ready_15m=4, buys_15m=0, buys_today=12, auth_fail_today=0, key=OK
[2026-05-05T23:30:19-06:00] Monitor complete: ready=4 buys_15m=0 buys_today=12 auth_fail=0
[2026-05-05T23:45:14-06:00] STATUS: bot PID=49448, log_age=9s, ready_15m=0, buys_15m=0, buys_today=13, auth_fail_today=0, key=OK (from env file)
[2026-05-05T23:45:14-06:00] Monitor complete: ready=0 buys_15m=0 buys_today=13 auth_fail=0
[2026-05-06T00:00:23-06:00] STATUS: bot PID=49448, log_age=17s, ready_15m=0, buys_15m=0, buys_today=0, auth_fail_today=0, key=OK
[2026-05-06T00:00:23-06:00] Monitor complete: ready=0 buys_15m=0 buys_today=0 auth_fail=0
[2026-05-06T00:15:25-06:00] STATUS: bot PID=49448, log_age=3s, ready_15m=9, buys_15m=0, buys_today=0, auth_fail_today=0, key=OK
[2026-05-06T00:15:25-06:00] Monitor complete: ready=9 buys_15m=0 buys_today=0 auth_fail=0
[2026-05-06T00:30:18-06:00] STATUS: bot PID=49448, log_age=6s, ready_15m=6, buys_15m=0, buys_today=1, auth_fail_today=0, key=OK (from env file)
[2026-05-06T00:30:18-06:00] Monitor complete: ready=6 buys_15m=0 buys_today=1 auth_fail=0
[2026-05-06T00:45:19-06:00] STATUS: bot PID=49448, log_age=8s, ready_15m=7, buys_15m=0, buys_today=2, auth_fail_today=0, key=OK (from env file)
[2026-05-06T00:45:19-06:00] Monitor complete: ready=7 buys_15m=0 buys_today=2 auth_fail=0
[2026-05-06T01:00:30-06:00] STATUS: bot PID=49448, log_age=2s, ready_15m=13, buys_15m=0, buys_today=2, auth_fail_today=0, key=OK
[2026-05-06T01:00:30-06:00] Monitor complete: ready=13 buys_15m=0 buys_today=2 auth_fail=0
[2026-05-06T01:15:22-06:00] STATUS: bot PID=49448, log_age=4s, ready_15m=13, buys_15m=0, buys_today=2, auth_fail_today=0, key=OK (from env file)
[2026-05-06T01:15:22-06:00] Monitor complete: ready=13 buys_15m=0 buys_today=2 auth_fail=0
[2026-05-06T01:30:34-06:00] STATUS: bot PID=49448, log_age=9s, ready_15m=5, buys_15m=0, buys_today=2, auth_fail_today=0, key=OK
[2026-05-06T01:30:34-06:00] Monitor complete: ready=5 buys_15m=0 buys_today=2 auth_fail=0
[2026-05-06T01:45:36-06:00] STATUS: bot PID=49448, log_age=21s, ready_15m=0, buys_15m=0, buys_today=3, auth_fail_today=0, key=OK
[2026-05-06T01:45:36-06:00] Monitor complete: ready=0 buys_15m=0 buys_today=3 auth_fail=0
[2026-05-06T02:00:38-06:00] STATUS: bot PID=49448, log_age=22s, ready_15m=1, buys_15m=0, buys_today=4, auth_fail_today=0, key=OK
[2026-05-06T02:00:38-06:00] Monitor complete: ready=1 buys_15m=0 buys_today=4 auth_fail=0
[2026-05-06T02:15:40-06:00] STATUS: bot PID=49448, log_age=7s, ready_15m=7, buys_15m=0, buys_today=4, auth_fail_today=0, key=OK
[2026-05-06T02:15:40-06:00] Monitor complete: ready=7 buys_15m=0 buys_today=4 auth_fail=0
[2026-05-06T02:30:28-06:00] STATUS: bot PID=49448, log_age=9s, ready_15m=2, buys_15m=0, buys_today=5, auth_fail_today=0, key=OK (from env file)
[2026-05-06T02:30:28-06:00] Monitor complete: ready=2 buys_15m=0 buys_today=5 auth_fail=0
[2026-05-06T02:45:29-06:00] STATUS: bot PID=49448, log_age=16s, ready_15m=2, buys_15m=0, buys_today=6, auth_fail_today=0, key=OK (from env file)
[2026-05-06T02:45:29-06:00] Monitor complete: ready=2 buys_15m=0 buys_today=6 auth_fail=0
[2026-05-06T03:00:46-06:00] STATUS: bot PID=49448, log_age=10s, ready_15m=11, buys_15m=0, buys_today=6, auth_fail_today=0, key=OK
[2026-05-06T03:00:46-06:00] Monitor complete: ready=11 buys_15m=0 buys_today=6 auth_fail=0
[2026-05-06T03:15:31-06:00] STATUS: bot PID=49448, log_age=1s, ready_15m=8, buys_15m=0, buys_today=6, auth_fail_today=0, key=OK (from env file)
[2026-05-06T03:15:31-06:00] Monitor complete: ready=8 buys_15m=0 buys_today=6 auth_fail=0
[2026-05-06T03:30:50-06:00] STATUS: bot PID=49448, log_age=15s, ready_15m=10, buys_15m=0, buys_today=6, auth_fail_today=0, key=OK
[2026-05-06T03:30:50-06:00] Monitor complete: ready=10 buys_15m=0 buys_today=6 auth_fail=0
[2026-05-06T03:45:53-06:00] STATUS: bot PID=49448, log_age=14s, ready_15m=2, buys_15m=0, buys_today=7, auth_fail_today=0, key=OK
[2026-05-06T03:45:53-06:00] Monitor complete: ready=2 buys_15m=0 buys_today=7 auth_fail=0
[2026-05-06T04:00:55-06:00] STATUS: bot PID=49448, log_age=16s, ready_15m=6, buys_15m=0, buys_today=7, auth_fail_today=0, key=OK
[2026-05-06T04:00:55-06:00] Monitor complete: ready=6 buys_15m=0 buys_today=7 auth_fail=0
[2026-05-06T04:15:57-06:00] STATUS: bot PID=49448, log_age=6s, ready_15m=8, buys_15m=0, buys_today=7, auth_fail_today=0, key=OK
[2026-05-06T04:15:57-06:00] Monitor complete: ready=8 buys_15m=0 buys_today=7 auth_fail=0
[2026-05-06T04:30:58-06:00] STATUS: bot PID=49448, log_age=15s, ready_15m=5, buys_15m=0, buys_today=8, auth_fail_today=0, key=OK
[2026-05-06T04:30:58-06:00] Monitor complete: ready=5 buys_15m=0 buys_today=8 auth_fail=0
[2026-05-06T04:45:38-06:00] STATUS: bot PID=49448, log_age=7s, ready_15m=2, buys_15m=0, buys_today=8, auth_fail_today=0, key=OK (from env file)
[2026-05-06T04:45:38-06:00] Monitor complete: ready=2 buys_15m=0 buys_today=8 auth_fail=0
[2026-05-06T05:00:39-06:00] STATUS: bot PID=49448, log_age=2s, ready_15m=7, buys_15m=0, buys_today=9, auth_fail_today=0, key=OK (from env file)
[2026-05-06T05:00:39-06:00] Monitor complete: ready=7 buys_15m=0 buys_today=9 auth_fail=0
[2026-05-06T05:15:40-06:00] STATUS: bot PID=49448, log_age=2s, ready_15m=0, buys_15m=0, buys_today=9, auth_fail_today=0, key=OK (from env file)
[2026-05-06T05:15:40-06:00] Monitor complete: ready=0 buys_15m=0 buys_today=9 auth_fail=0
[2026-05-06T05:30:41-06:00] STATUS: bot PID=49448, log_age=12s, ready_15m=0, buys_15m=0, buys_today=9, auth_fail_today=0, key=OK (from env file)
[2026-05-06T05:30:41-06:00] Monitor complete: ready=0 buys_15m=0 buys_today=9 auth_fail=0
[2026-05-06T05:46:08-06:00] STATUS: bot PID=49448, log_age=19s, ready_15m=0, buys_15m=0, buys_today=9, auth_fail_today=0, key=OK
[2026-05-06T05:46:08-06:00] Monitor complete: ready=0 buys_15m=0 buys_today=9 auth_fail=0
[2026-05-06T06:01:09-06:00] STATUS: bot PID=49448, log_age=14s, ready_15m=0, buys_15m=0, buys_today=9, auth_fail_today=0, key=OK
[2026-05-06T06:01:09-06:00] Monitor complete: ready=0 buys_15m=0 buys_today=9 auth_fail=0
[2026-05-06T06:15:45-06:00] STATUS: bot PID=49448, log_age=22s, ready_15m=0, buys_15m=0, buys_today=9, auth_fail_today=0, key=OK (from env file)
[2026-05-06T06:15:45-06:00] Monitor complete: ready=0 buys_15m=0 buys_today=9 auth_fail=0
[2026-05-06T06:30:45-06:00] STATUS: bot PID=49448, log_age=14s, ready_15m=0, buys_15m=0, buys_today=9, auth_fail_today=0, key=OK (from env file)
[2026-05-06T06:30:45-06:00] Monitor complete: ready=0 buys_15m=0 buys_today=9 auth_fail=0
[2026-05-06T06:45:47-06:00] STATUS: bot PID=49448, log_age=2s, ready_15m=0, buys_15m=0, buys_today=9, auth_fail_today=0, key=OK (from env file)
[2026-05-06T06:45:47-06:00] Monitor complete: ready=0 buys_15m=0 buys_today=9 auth_fail=0
[2026-05-06T07:00:48-06:00] STATUS: bot PID=49448, log_age=13s, ready_15m=0, buys_15m=0, buys_today=9, auth_fail_today=0, key=OK (from env file)
[2026-05-06T07:00:48-06:00] Monitor complete: ready=0 buys_15m=0 buys_today=9 auth_fail=0
[2026-05-06T07:15:49-06:00] STATUS: bot PID=49448, log_age=17s, ready_15m=0, buys_15m=0, buys_today=9, auth_fail_today=0, key=OK (from env file)
[2026-05-06T07:15:49-06:00] Monitor complete: ready=0 buys_15m=0 buys_today=9 auth_fail=0
[2026-05-06T07:30:50-06:00] STATUS: bot PID=49448, log_age=12s, ready_15m=0, buys_15m=0, buys_today=9, auth_fail_today=0, key=OK (from env file)
[2026-05-06T07:30:50-06:00] Monitor complete: ready=0 buys_15m=0 buys_today=9 auth_fail=0
[2026-05-06T07:46:01-06:00] STATUS: bot PID=49448, log_age=5s, ready_15m=0, buys_15m=0, buys_today=9, auth_fail_today=0, key=OK (from env file)
[2026-05-06T07:46:01-06:00] Monitor complete: ready=0 buys_15m=0 buys_today=9 auth_fail=0
[2026-05-06T08:00:53-06:00] STATUS: bot PID=49448, log_age=23s, ready_15m=0, buys_15m=0, buys_today=9, auth_fail_today=0, key=OK (from env file)
[2026-05-06T08:00:53-06:00] Monitor complete: ready=0 buys_15m=0 buys_today=9 auth_fail=0
[2026-05-06T08:15:54-06:00] STATUS: bot PID=49448, log_age=17s, ready_15m=0, buys_15m=0, buys_today=9, auth_fail_today=0, key=OK (from env file)
[2026-05-06T08:15:54-06:00] Monitor complete: ready=0 buys_15m=0 buys_today=9 auth_fail=0
[2026-05-06T08:30:55-06:00] STATUS: bot PID=49448, log_age=26s, ready_15m=0, buys_15m=0, buys_today=9, auth_fail_today=0, key=OK (from env file)
[2026-05-06T08:30:55-06:00] Monitor complete: ready=0 buys_15m=0 buys_today=9 auth_fail=0
[2026-05-06T08:46:31-06:00] STATUS: bot PID=49448, log_age=29s, ready_15m=0, buys_15m=0, buys_today=9, auth_fail_today=0, key=OK
[2026-05-06T08:46:31-06:00] Monitor complete: ready=0 buys_15m=0 buys_today=9 auth_fail=0
[2026-05-06T09:01:32-06:00] STATUS: bot PID=49448, log_age=16s, ready_15m=0, buys_15m=0, buys_today=9, auth_fail_today=0, key=OK
[2026-05-06T09:01:32-06:00] Monitor complete: ready=0 buys_15m=0 buys_today=9 auth_fail=0
[2026-05-06T09:15:59-06:00] STATUS: bot PID=49448, log_age=6s, ready_15m=4, buys_15m=0, buys_today=9, auth_fail_today=0, key=OK (from env file)
[2026-05-06T09:15:59-06:00] Monitor complete: ready=4 buys_15m=0 buys_today=9 auth_fail=0
[2026-05-06T09:31:36-06:00] STATUS: bot PID=49448, log_age=13s, ready_15m=11, buys_15m=0, buys_today=9, auth_fail_today=0, key=OK
[2026-05-06T09:31:36-06:00] Monitor complete: ready=11 buys_15m=0 buys_today=9 auth_fail=0
[2026-05-06T09:46:01-06:00] STATUS: bot PID=49448, log_age=10s, ready_15m=10, buys_15m=0, buys_today=9, auth_fail_today=0, key=OK (from env file)
[2026-05-06T09:46:01-06:00] Monitor complete: ready=10 buys_15m=0 buys_today=9 auth_fail=0
[2026-05-06T10:01:02-06:00] STATUS: bot PID=49448, log_age=2s, ready_15m=2, buys_15m=0, buys_today=10, auth_fail_today=0, key=OK (from env file)
[2026-05-06T10:01:02-06:00] Monitor complete: ready=2 buys_15m=0 buys_today=10 auth_fail=0
[2026-05-06T10:16:03-06:00] STATUS: bot PID=49448, log_age=24s, ready_15m=4, buys_15m=0, buys_today=11, auth_fail_today=0, key=OK (from env file)
[2026-05-06T10:16:03-06:00] Monitor complete: ready=4 buys_15m=0 buys_today=11 auth_fail=0
[2026-05-06T10:31:43-06:00] STATUS: bot PID=49448, log_age=9s, ready_15m=3, buys_15m=0, buys_today=11, auth_fail_today=0, key=OK
[2026-05-06T10:31:43-06:00] Monitor complete: ready=3 buys_15m=0 buys_today=11 auth_fail=0
[2026-05-06T10:46:06-06:00] STATUS: bot PID=49448, log_age=5s, ready_15m=14, buys_15m=0, buys_today=11, auth_fail_today=0, key=OK (from env file)
[2026-05-06T10:46:06-06:00] Monitor complete: ready=14 buys_15m=0 buys_today=11 auth_fail=0
[2026-05-06T11:01:47-06:00] STATUS: bot PID=49448, log_age=30s, ready_15m=6, buys_15m=0, buys_today=11, auth_fail_today=0, key=OK
[2026-05-06T11:01:47-06:00] Monitor complete: ready=6 buys_15m=0 buys_today=11 auth_fail=0
[2026-05-06T11:16:49-06:00] STATUS: bot PID=49448, log_age=11s, ready_15m=10, buys_15m=0, buys_today=11, auth_fail_today=0, key=OK
[2026-05-06T11:16:49-06:00] Monitor complete: ready=10 buys_15m=0 buys_today=11 auth_fail=0
[2026-05-06T11:31:09-06:00] STATUS: bot PID=49448, log_age=3s, ready_15m=1, buys_15m=0, buys_today=11, auth_fail_today=0, key=OK (from env file)
[2026-05-06T11:31:09-06:00] Monitor complete: ready=1 buys_15m=0 buys_today=11 auth_fail=0
[2026-05-06T11:46:10-06:00] STATUS: bot PID=49448, log_age=29s, ready_15m=5, buys_15m=0, buys_today=11, auth_fail_today=0, key=OK (from env file)
[2026-05-06T11:46:10-06:00] Monitor complete: ready=5 buys_15m=0 buys_today=11 auth_fail=0
[2026-05-06T12:01:10-06:00] STATUS: bot PID=49448, log_age=2s, ready_15m=1, buys_15m=0, buys_today=12, auth_fail_today=0, key=OK (from env file)
[2026-05-06T12:01:10-06:00] Monitor complete: ready=1 buys_15m=0 buys_today=12 auth_fail=0
[2026-05-06T12:16:56-06:00] STATUS: bot PID=49448, log_age=21s, ready_15m=4, buys_15m=0, buys_today=13, auth_fail_today=0, key=OK
[2026-05-06T12:16:56-06:00] Monitor complete: ready=4 buys_15m=0 buys_today=13 auth_fail=0
[2026-05-06T12:31:58-06:00] STATUS: bot PID=49448, log_age=11s, ready_15m=10, buys_15m=0, buys_today=13, auth_fail_today=0, key=OK
[2026-05-06T12:31:58-06:00] Monitor complete: ready=10 buys_15m=0 buys_today=13 auth_fail=0
[2026-05-06T12:47:00-06:00] STATUS: bot PID=49448, log_age=17s, ready_15m=7, buys_15m=0, buys_today=13, auth_fail_today=0, key=OK
[2026-05-06T12:47:00-06:00] Monitor complete: ready=7 buys_15m=0 buys_today=13 auth_fail=0
[2026-05-06T13:01:15-06:00] STATUS: bot PID=49448, log_age=10s, ready_15m=8, buys_15m=0, buys_today=13, auth_fail_today=0, key=OK (from env file)
[2026-05-06T13:01:15-06:00] Monitor complete: ready=8 buys_15m=0 buys_today=13 auth_fail=0
[2026-05-06T13:17:04-06:00] STATUS: bot PID=49448, log_age=15s, ready_15m=6, buys_15m=0, buys_today=13, auth_fail_today=0, key=OK
[2026-05-06T13:17:04-06:00] Monitor complete: ready=6 buys_15m=0 buys_today=13 auth_fail=0
[2026-05-06T13:31:19-06:00] STATUS: bot PID=49448, log_age=4s, ready_15m=5, buys_15m=0, buys_today=14, auth_fail_today=0, key=OK (from env file)
[2026-05-06T13:31:19-06:00] Monitor complete: ready=5 buys_15m=0 buys_today=14 auth_fail=0
[2026-05-06T13:46:27-06:00] STATUS: bot PID=49448, log_age=19s, ready_15m=17, buys_15m=0, buys_today=14, auth_fail_today=0, key=OK (from env file)
[2026-05-06T13:46:27-06:00] Monitor complete: ready=17 buys_15m=0 buys_today=14 auth_fail=0
[2026-05-06T14:02:11-06:00] STATUS: bot PID=49448, log_age=25s, ready_15m=8, buys_15m=0, buys_today=15, auth_fail_today=0, key=OK
[2026-05-06T14:02:11-06:00] Monitor complete: ready=8 buys_15m=0 buys_today=15 auth_fail=0
[2026-05-06T14:16:22-06:00] STATUS: bot PID=49448, log_age=8s, ready_15m=0, buys_15m=0, buys_today=15, auth_fail_today=0, key=OK (from env file)
[2026-05-06T14:16:22-06:00] Monitor complete: ready=0 buys_15m=0 buys_today=15 auth_fail=0
[2026-05-06T14:32:15-06:00] STATUS: bot PID=49448, log_age=8s, ready_15m=0, buys_15m=0, buys_today=15, auth_fail_today=0, key=OK
[2026-05-06T14:32:15-06:00] Monitor complete: ready=0 buys_15m=0 buys_today=15 auth_fail=0
[2026-05-06T14:47:17-06:00] STATUS: bot PID=49448, log_age=3s, ready_15m=0, buys_15m=0, buys_today=15, auth_fail_today=0, key=OK
[2026-05-06T14:47:17-06:00] Monitor complete: ready=0 buys_15m=0 buys_today=15 auth_fail=0
[2026-05-06T15:01:26-06:00] STATUS: bot PID=49448, log_age=11s, ready_15m=0, buys_15m=0, buys_today=15, auth_fail_today=0, key=OK (from env file)
[2026-05-06T15:01:26-06:00] Monitor complete: ready=0 buys_15m=0 buys_today=15 auth_fail=0
[2026-05-06T15:16:26-06:00] STATUS: bot PID=49448, log_age=17s, ready_15m=0, buys_15m=0, buys_today=15, auth_fail_today=0, key=OK (from env file)
[2026-05-06T15:16:26-06:00] Monitor complete: ready=0 buys_15m=0 buys_today=15 auth_fail=0
[2026-05-06T15:31:28-06:00] STATUS: bot PID=49448, log_age=25s, ready_15m=0, buys_15m=0, buys_today=15, auth_fail_today=0, key=OK (from env file)
[2026-05-06T15:31:28-06:00] Monitor complete: ready=0 buys_15m=0 buys_today=15 auth_fail=0
[2026-05-06T15:47:24-06:00] STATUS: bot PID=49448, log_age=31s, ready_15m=0, buys_15m=0, buys_today=15, auth_fail_today=0, key=OK
[2026-05-06T15:47:24-06:00] Monitor complete: ready=0 buys_15m=0 buys_today=15 auth_fail=0
[2026-05-06T16:01:31-06:00] STATUS: bot PID=49448, log_age=16s, ready_15m=0, buys_15m=0, buys_today=15, auth_fail_today=0, key=OK (from env file)
[2026-05-06T16:01:31-06:00] Monitor complete: ready=0 buys_15m=0 buys_today=15 auth_fail=0
[2026-05-06T16:17:28-06:00] STATUS: bot PID=49448, log_age=21s, ready_15m=0, buys_15m=0, buys_today=15, auth_fail_today=0, key=OK
[2026-05-06T16:17:28-06:00] Monitor complete: ready=0 buys_15m=0 buys_today=15 auth_fail=0
[2026-05-06T16:32:30-06:00] STATUS: bot PID=49448, log_age=16s, ready_15m=0, buys_15m=0, buys_today=15, auth_fail_today=0, key=OK
[2026-05-06T16:32:30-06:00] Monitor complete: ready=0 buys_15m=0 buys_today=15 auth_fail=0
[2026-05-06T16:46:34-06:00] STATUS: bot PID=49448, log_age=15s, ready_15m=0, buys_15m=0, buys_today=15, auth_fail_today=0, key=OK (from env file)
[2026-05-06T16:46:34-06:00] Monitor complete: ready=0 buys_15m=0 buys_today=15 auth_fail=0
[2026-05-06T17:02:34-06:00] STATUS: bot PID=49448, log_age=4s, ready_15m=0, buys_15m=0, buys_today=15, auth_fail_today=0, key=OK
[2026-05-06T17:02:34-06:00] Monitor complete: ready=0 buys_15m=0 buys_today=15 auth_fail=0
[2026-05-06T17:16:37-06:00] STATUS: bot PID=49448, log_age=34s, ready_15m=3, buys_15m=0, buys_today=15, auth_fail_today=0, key=OK (from env file)
[2026-05-06T17:16:37-06:00] Monitor complete: ready=3 buys_15m=0 buys_today=15 auth_fail=0
[2026-05-06T17:31:38-06:00] STATUS: bot PID=49448, log_age=15s, ready_15m=9, buys_15m=0, buys_today=15, auth_fail_today=0, key=OK (from env file)
[2026-05-06T17:31:38-06:00] Monitor complete: ready=9 buys_15m=0 buys_today=15 auth_fail=0
[2026-05-06T17:47:39-06:00] STATUS: bot PID=49448, log_age=34s, ready_15m=6, buys_15m=0, buys_today=16, auth_fail_today=0, key=OK (from env file)
[2026-05-06T17:47:39-06:00] Monitor complete: ready=6 buys_15m=0 buys_today=16 auth_fail=0
[2026-05-06T18:02:40-06:00] STATUS: bot PID=49448, log_age=35s, ready_15m=10, buys_15m=0, buys_today=16, auth_fail_today=0, key=OK (from env file)
[2026-05-06T18:02:40-06:00] Monitor complete: ready=10 buys_15m=0 buys_today=16 auth_fail=0
[2026-05-06T18:17:42-06:00] STATUS: bot PID=49448, log_age=18s, ready_15m=1, buys_15m=0, buys_today=17, auth_fail_today=0, key=OK (from env file)
[2026-05-06T18:17:42-06:00] Monitor complete: ready=1 buys_15m=0 buys_today=17 auth_fail=0
[2026-05-06T18:32:43-06:00] STATUS: bot PID=49448, log_age=13s, ready_15m=11, buys_15m=0, buys_today=17, auth_fail_today=0, key=OK (from env file)
[2026-05-06T18:32:43-06:00] Monitor complete: ready=11 buys_15m=0 buys_today=17 auth_fail=0
[2026-05-06T18:46:43-06:00] STATUS: bot PID=49448, log_age=23s, ready_15m=1, buys_15m=0, buys_today=18, auth_fail_today=0, key=OK (from env file)
[2026-05-06T18:46:43-06:00] Monitor complete: ready=1 buys_15m=0 buys_today=18 auth_fail=0
[2026-05-06T19:02:45-06:00] STATUS: bot PID=49448, log_age=13s, ready_15m=2, buys_15m=0, buys_today=19, auth_fail_today=0, key=OK (from env file)
[2026-05-06T19:02:45-06:00] Monitor complete: ready=2 buys_15m=0 buys_today=19 auth_fail=0
[2026-05-06T19:17:46-06:00] STATUS: bot PID=49448, log_age=14s, ready_15m=7, buys_15m=0, buys_today=19, auth_fail_today=0, key=OK (from env file)
[2026-05-06T19:17:46-06:00] Monitor complete: ready=7 buys_15m=0 buys_today=19 auth_fail=0
[2026-05-06T19:32:47-06:00] STATUS: bot PID=49448, log_age=30s, ready_15m=9, buys_15m=0, buys_today=20, auth_fail_today=0, key=OK (from env file)
[2026-05-06T19:32:47-06:00] Monitor complete: ready=9 buys_15m=0 buys_today=20 auth_fail=0
[2026-05-06T19:46:49-06:00] STATUS: bot PID=49448, log_age=25s, ready_15m=7, buys_15m=0, buys_today=20, auth_fail_today=0, key=OK (from env file)
[2026-05-06T19:46:49-06:00] Monitor complete: ready=7 buys_15m=0 buys_today=20 auth_fail=0
[2026-05-06T20:01:49-06:00] STATUS: bot PID=49448, log_age=30s, ready_15m=2, buys_15m=0, buys_today=20, auth_fail_today=0, key=OK (from env file)
[2026-05-06T20:01:49-06:00] Monitor complete: ready=2 buys_15m=0 buys_today=20 auth_fail=0
[2026-05-06T20:16:50-06:00] STATUS: bot PID=49448, log_age=32s, ready_15m=0, buys_15m=0, buys_today=21, auth_fail_today=0, key=OK (from env file)
[2026-05-06T20:16:50-06:00] Monitor complete: ready=0 buys_15m=0 buys_today=21 auth_fail=0
[2026-05-06T20:32:51-06:00] STATUS: bot PID=49448, log_age=30s, ready_15m=1, buys_15m=0, buys_today=21, auth_fail_today=0, key=OK (from env file)
[2026-05-06T20:32:51-06:00] Monitor complete: ready=1 buys_15m=0 buys_today=21 auth_fail=0
[2026-05-06T20:47:52-06:00] STATUS: bot PID=49448, log_age=19s, ready_15m=7, buys_15m=0, buys_today=22, auth_fail_today=0, key=OK (from env file)
[2026-05-06T20:47:52-06:00] Monitor complete: ready=7 buys_15m=0 buys_today=22 auth_fail=0
[2026-05-06T21:02:54-06:00] STATUS: bot PID=49448, log_age=27s, ready_15m=3, buys_15m=0, buys_today=23, auth_fail_today=0, key=OK (from env file)
[2026-05-06T21:02:54-06:00] Monitor complete: ready=3 buys_15m=0 buys_today=23 auth_fail=0
[2026-05-06T21:16:54-06:00] STATUS: bot PID=49448, log_age=10s, ready_15m=0, buys_15m=0, buys_today=24, auth_fail_today=0, key=OK (from env file)
[2026-05-06T21:16:54-06:00] Monitor complete: ready=0 buys_15m=0 buys_today=24 auth_fail=0
[2026-05-06T21:31:56-06:00] STATUS: bot PID=49448, log_age=4s, ready_15m=11, buys_15m=0, buys_today=24, auth_fail_today=0, key=OK (from env file)
[2026-05-06T21:31:56-06:00] Monitor complete: ready=11 buys_15m=0 buys_today=24 auth_fail=0
[2026-05-06T21:46:57-06:00] STATUS: bot PID=49448, log_age=20s, ready_15m=9, buys_15m=0, buys_today=25, auth_fail_today=0, key=OK (from env file)
[2026-05-06T21:46:57-06:00] Monitor complete: ready=9 buys_15m=0 buys_today=25 auth_fail=0
[2026-05-06T22:01:58-06:00] STATUS: bot PID=49448, log_age=20s, ready_15m=4, buys_15m=0, buys_today=25, auth_fail_today=0, key=OK (from env file)
[2026-05-06T22:01:58-06:00] Monitor complete: ready=4 buys_15m=0 buys_today=25 auth_fail=0
[2026-05-06T22:16:59-06:00] STATUS: bot PID=49448, log_age=5s, ready_15m=7, buys_15m=0, buys_today=26, auth_fail_today=0, key=OK (from env file)
[2026-05-06T22:16:59-06:00] Monitor complete: ready=7 buys_15m=0 buys_today=26 auth_fail=0
[2026-05-06T22:32:00-06:00] STATUS: bot PID=49448, log_age=22s, ready_15m=2, buys_15m=0, buys_today=27, auth_fail_today=0, key=OK (from env file)
[2026-05-06T22:32:00-06:00] Monitor complete: ready=2 buys_15m=0 buys_today=27 auth_fail=0
[2026-05-06T22:47:01-06:00] STATUS: bot PID=49448, log_age=9s, ready_15m=2, buys_15m=0, buys_today=28, auth_fail_today=0, key=OK (from env file)
[2026-05-06T22:47:01-06:00] Monitor complete: ready=2 buys_15m=0 buys_today=28 auth_fail=0
[2026-05-06T23:03:02-06:00] STATUS: bot PID=49448, log_age=30s, ready_15m=4, buys_15m=0, buys_today=29, auth_fail_today=0, key=OK (from env file)
[2026-05-06T23:03:02-06:00] Monitor complete: ready=4 buys_15m=0 buys_today=29 auth_fail=0
[2026-05-06T23:17:03-06:00] STATUS: bot PID=49448, log_age=16s, ready_15m=3, buys_15m=0, buys_today=30, auth_fail_today=0, key=OK (from env file)
[2026-05-06T23:17:03-06:00] Monitor complete: ready=3 buys_15m=0 buys_today=30 auth_fail=0
[2026-05-06T23:32:04-06:00] STATUS: bot PID=49448, log_age=23s, ready_15m=8, buys_15m=0, buys_today=30, auth_fail_today=0, key=OK (from env file)
[2026-05-06T23:32:04-06:00] Monitor complete: ready=8 buys_15m=0 buys_today=30 auth_fail=0
[2026-05-06T23:48:06-06:00] STATUS: bot PID=49448, log_age=6s, ready_15m=0, buys_15m=0, buys_today=31, auth_fail_today=0, key=OK (from env file)
[2026-05-06T23:48:06-06:00] Monitor complete: ready=0 buys_15m=0 buys_today=31 auth_fail=0
[2026-05-07T00:02:06-06:00] STATUS: bot PID=49448, log_age=28s, ready_15m=0, buys_15m=0, buys_today=0, auth_fail_today=0, key=OK (from env file)
[2026-05-07T00:02:06-06:00] Monitor complete: ready=0 buys_15m=0 buys_today=0 auth_fail=0
[2026-05-07T00:18:07-06:00] STATUS: bot PID=49448, log_age=20s, ready_15m=0, buys_15m=0, buys_today=0, auth_fail_today=0, key=OK (from env file)
[2026-05-07T00:18:07-06:00] Monitor complete: ready=0 buys_15m=0 buys_today=0 auth_fail=0
[2026-05-07T00:32:08-06:00] STATUS: bot PID=49448, log_age=12s, ready_15m=0, buys_15m=0, buys_today=0, auth_fail_today=0, key=OK (from env file)
[2026-05-07T00:32:08-06:00] Monitor complete: ready=0 buys_15m=0 buys_today=0 auth_fail=0
[2026-05-07T00:47:09-06:00] STATUS: bot PID=49448, log_age=5s, ready_15m=0, buys_15m=0, buys_today=0, auth_fail_today=0, key=OK (from env file)
[2026-05-07T00:47:09-06:00] Monitor complete: ready=0 buys_15m=0 buys_today=0 auth_fail=0
[2026-05-07T01:03:11-06:00] STATUS: bot PID=49448, log_age=28s, ready_15m=0, buys_15m=0, buys_today=0, auth_fail_today=0, key=OK (from env file)
[2026-05-07T01:03:11-06:00] Monitor complete: ready=0 buys_15m=0 buys_today=0 auth_fail=0
[2026-05-07T01:18:12-06:00] STATUS: bot PID=49448, log_age=20s, ready_15m=0, buys_15m=0, buys_today=0, auth_fail_today=0, key=OK (from env file)
[2026-05-07T01:18:12-06:00] Monitor complete: ready=0 buys_15m=0 buys_today=0 auth_fail=0
[2026-05-07T01:33:13-06:00] STATUS: bot PID=49448, log_age=11s, ready_15m=0, buys_15m=0, buys_today=0, auth_fail_today=0, key=OK (from env file)
[2026-05-07T01:33:13-06:00] Monitor complete: ready=0 buys_15m=0 buys_today=0 auth_fail=0
[2026-05-07T01:47:13-06:00] STATUS: bot PID=49448, log_age=4s, ready_15m=0, buys_15m=0, buys_today=0, auth_fail_today=0, key=OK (from env file)
[2026-05-07T01:47:13-06:00] Monitor complete: ready=0 buys_15m=0 buys_today=0 auth_fail=0
[2026-05-07T02:02:15-06:00] STATUS: bot PID=49448, log_age=27s, ready_15m=0, buys_15m=0, buys_today=0, auth_fail_today=0, key=OK (from env file)
[2026-05-07T02:02:15-06:00] Monitor complete: ready=0 buys_15m=0 buys_today=0 auth_fail=0
[2026-05-07T02:17:16-06:00] STATUS: bot PID=49448, log_age=19s, ready_15m=0, buys_15m=0, buys_today=0, auth_fail_today=0, key=OK (from env file)
[2026-05-07T02:17:16-06:00] Monitor complete: ready=0 buys_15m=0 buys_today=0 auth_fail=0
[2026-05-07T02:33:17-06:00] STATUS: bot PID=49448, log_age=11s, ready_15m=0, buys_15m=0, buys_today=0, auth_fail_today=0, key=OK (from env file)
[2026-05-07T02:33:17-06:00] Monitor complete: ready=0 buys_15m=0 buys_today=0 auth_fail=0
[2026-05-07T02:48:19-06:00] STATUS: bot PID=49448, log_age=1s, ready_15m=0, buys_15m=0, buys_today=0, auth_fail_today=0, key=OK (from env file)
[2026-05-07T02:48:19-06:00] Monitor complete: ready=0 buys_15m=0 buys_today=0 auth_fail=0
[2026-05-07T03:02:18-06:00] STATUS: bot PID=49448, log_age=4s, ready_15m=0, buys_15m=0, buys_today=0, auth_fail_today=0, key=OK (from env file)
[2026-05-07T03:02:18-06:00] Monitor complete: ready=0 buys_15m=0 buys_today=0 auth_fail=0
[2026-05-07T03:17:20-06:00] STATUS: bot PID=49448, log_age=29s, ready_15m=0, buys_15m=0, buys_today=1, auth_fail_today=0, key=OK (from env file)
[2026-05-07T03:17:20-06:00] Monitor complete: ready=0 buys_15m=0 buys_today=1 auth_fail=0
[2026-05-07T03:33:22-06:00] STATUS: bot PID=49448, log_age=10s, ready_15m=5, buys_15m=0, buys_today=1, auth_fail_today=0, key=OK (from env file)
[2026-05-07T03:33:22-06:00] Monitor complete: ready=5 buys_15m=0 buys_today=1 auth_fail=0
[2026-05-07T03:47:22-06:00] STATUS: bot PID=49448, log_age=1s, ready_15m=4, buys_15m=0, buys_today=2, auth_fail_today=0, key=OK (from env file)
[2026-05-07T03:47:22-06:00] Monitor complete: ready=4 buys_15m=0 buys_today=2 auth_fail=0
[2026-05-07T04:02:23-06:00] STATUS: bot PID=49448, log_age=9s, ready_15m=9, buys_15m=0, buys_today=2, auth_fail_today=0, key=OK (from env file)
[2026-05-07T04:02:23-06:00] Monitor complete: ready=9 buys_15m=0 buys_today=2 auth_fail=0
[2026-05-07T04:17:24-06:00] STATUS: bot PID=49448, log_age=25s, ready_15m=2, buys_15m=0, buys_today=3, auth_fail_today=0, key=OK (from env file)
[2026-05-07T04:17:24-06:00] Monitor complete: ready=2 buys_15m=0 buys_today=3 auth_fail=0
[2026-05-07T04:33:26-06:00] STATUS: bot PID=49448, log_age=1s, ready_15m=2, buys_15m=0, buys_today=4, auth_fail_today=0, key=OK (from env file)
[2026-05-07T04:33:26-06:00] Monitor complete: ready=2 buys_15m=0 buys_today=4 auth_fail=0
[2026-05-07T04:48:27-06:00] STATUS: bot PID=49448, log_age=29s, ready_15m=1, buys_15m=0, buys_today=4, auth_fail_today=0, key=OK (from env file)
[2026-05-07T04:48:27-06:00] Monitor complete: ready=1 buys_15m=0 buys_today=4 auth_fail=0
[2026-05-07T05:03:28-06:00] STATUS: bot PID=49448, log_age=22s, ready_15m=2, buys_15m=0, buys_today=5, auth_fail_today=0, key=OK (from env file)
[2026-05-07T05:03:28-06:00] Monitor complete: ready=2 buys_15m=0 buys_today=5 auth_fail=0
[2026-05-07T05:18:29-06:00] STATUS: bot PID=49448, log_age=11s, ready_15m=0, buys_15m=0, buys_today=5, auth_fail_today=0, key=OK (from env file)
[2026-05-07T05:18:29-06:00] Monitor complete: ready=0 buys_15m=0 buys_today=5 auth_fail=0
[2026-05-07T05:33:30-06:00] STATUS: bot PID=49448, log_age=1s, ready_15m=0, buys_15m=0, buys_today=5, auth_fail_today=0, key=OK (from env file)
[2026-05-07T05:33:30-06:00] Monitor complete: ready=0 buys_15m=0 buys_today=5 auth_fail=0
[2026-05-07T05:47:31-06:00] STATUS: bot PID=49448, log_age=32s, ready_15m=0, buys_15m=0, buys_today=5, auth_fail_today=0, key=OK (from env file)
[2026-05-07T05:47:31-06:00] Monitor complete: ready=0 buys_15m=0 buys_today=5 auth_fail=0
[2026-05-07T06:03:32-06:00] STATUS: bot PID=49448, log_age=14s, ready_15m=0, buys_15m=0, buys_today=5, auth_fail_today=0, key=OK (from env file)
[2026-05-07T06:03:32-06:00] Monitor complete: ready=0 buys_15m=0 buys_today=5 auth_fail=0
[2026-05-07T06:18:33-06:00] STATUS: bot PID=49448, log_age=6s, ready_15m=0, buys_15m=0, buys_today=5, auth_fail_today=0, key=OK (from env file)
[2026-05-07T06:18:33-06:00] Monitor complete: ready=0 buys_15m=0 buys_today=5 auth_fail=0
[2026-05-07T06:32:34-06:00] STATUS: bot PID=49448, log_age=3s, ready_15m=0, buys_15m=0, buys_today=5, auth_fail_today=0, key=OK (from env file)
[2026-05-07T06:32:34-06:00] Monitor complete: ready=0 buys_15m=0 buys_today=5 auth_fail=0
[2026-05-07T06:47:35-06:00] STATUS: bot PID=49448, log_age=10s, ready_15m=0, buys_15m=0, buys_today=5, auth_fail_today=0, key=OK (from env file)
[2026-05-07T06:47:35-06:00] Monitor complete: ready=0 buys_15m=0 buys_today=5 auth_fail=0
[2026-05-07T07:03:37-06:00] STATUS: bot PID=49448, log_age=16s, ready_15m=0, buys_15m=0, buys_today=5, auth_fail_today=0, key=OK (from env file)
[2026-05-07T07:03:37-06:00] Monitor complete: ready=0 buys_15m=0 buys_today=5 auth_fail=0
[2026-05-07T07:18:38-06:00] STATUS: bot PID=49448, log_age=16s, ready_15m=0, buys_15m=0, buys_today=5, auth_fail_today=0, key=OK (from env file)
[2026-05-07T07:18:38-06:00] Monitor complete: ready=0 buys_15m=0 buys_today=5 auth_fail=0
[2026-05-07T07:33:39-06:00] STATUS: bot PID=49448, log_age=34s, ready_15m=0, buys_15m=0, buys_today=5, auth_fail_today=0, key=OK (from env file)
[2026-05-07T07:33:39-06:00] Monitor complete: ready=0 buys_15m=0 buys_today=5 auth_fail=0
[2026-05-07T07:47:38-06:00] STATUS: bot PID=49448, log_age=22s, ready_15m=0, buys_15m=0, buys_today=5, auth_fail_today=0, key=OK (from env file)
[2026-05-07T07:47:38-06:00] Monitor complete: ready=0 buys_15m=0 buys_today=5 auth_fail=0
[2026-05-07T08:02:40-06:00] STATUS: bot PID=49448, log_age=25s, ready_15m=0, buys_15m=0, buys_today=5, auth_fail_today=0, key=OK (from env file)
[2026-05-07T08:02:40-06:00] Monitor complete: ready=0 buys_15m=0 buys_today=5 auth_fail=0
[2026-05-07T08:17:41-06:00] STATUS: bot PID=49448, log_age=12s, ready_15m=0, buys_15m=0, buys_today=5, auth_fail_today=0, key=OK (from env file)
[2026-05-07T08:17:41-06:00] Monitor complete: ready=0 buys_15m=0 buys_today=5 auth_fail=0
[2026-05-07T08:32:42-06:00] STATUS: bot PID=49448, log_age=30s, ready_15m=0, buys_15m=0, buys_today=5, auth_fail_today=0, key=OK (from env file)
[2026-05-07T08:32:42-06:00] Monitor complete: ready=0 buys_15m=0 buys_today=5 auth_fail=0
[2026-05-07T08:48:44-06:00] STATUS: bot PID=49448, log_age=19s, ready_15m=0, buys_15m=0, buys_today=5, auth_fail_today=0, key=OK (from env file)
[2026-05-07T08:48:44-06:00] Monitor complete: ready=0 buys_15m=0 buys_today=5 auth_fail=0
[2026-05-07T09:02:45-06:00] STATUS: bot PID=49448, log_age=15s, ready_15m=0, buys_15m=0, buys_today=5, auth_fail_today=0, key=OK (from env file)
[2026-05-07T09:02:45-06:00] Monitor complete: ready=0 buys_15m=0 buys_today=5 auth_fail=0
[2026-05-07T09:17:46-06:00] STATUS: bot PID=49448, log_age=14s, ready_15m=6, buys_15m=0, buys_today=5, auth_fail_today=0, key=OK (from env file)
[2026-05-07T09:17:46-06:00] Monitor complete: ready=6 buys_15m=0 buys_today=5 auth_fail=0
[2026-05-07T09:32:47-06:00] STATUS: bot PID=49448, log_age=33s, ready_15m=5, buys_15m=0, buys_today=5, auth_fail_today=0, key=OK (from env file)
[2026-05-07T09:32:47-06:00] Monitor complete: ready=5 buys_15m=0 buys_today=5 auth_fail=0
[2026-05-07T09:48:48-06:00] STATUS: bot PID=49448, log_age=11s, ready_15m=2, buys_15m=0, buys_today=6, auth_fail_today=0, key=OK (from env file)
[2026-05-07T09:48:48-06:00] Monitor complete: ready=2 buys_15m=0 buys_today=6 auth_fail=0
[2026-05-07T10:03:49-06:00] STATUS: bot PID=49448, log_age=8s, ready_15m=3, buys_15m=0, buys_today=6, auth_fail_today=0, key=OK (from env file)
[2026-05-07T10:03:49-06:00] Monitor complete: ready=3 buys_15m=0 buys_today=6 auth_fail=0
[2026-05-07T10:17:50-06:00] STATUS: bot PID=49448, log_age=2s, ready_15m=7, buys_15m=0, buys_today=6, auth_fail_today=0, key=OK (from env file)
[2026-05-07T10:17:50-06:00] Monitor complete: ready=7 buys_15m=0 buys_today=6 auth_fail=0
[2026-05-07T10:32:51-06:00] STATUS: bot PID=49448, log_age=31s, ready_15m=7, buys_15m=0, buys_today=7, auth_fail_today=0, key=OK (from env file)
[2026-05-07T10:32:51-06:00] Monitor complete: ready=7 buys_15m=0 buys_today=7 auth_fail=0
[2026-05-07T10:47:52-06:00] STATUS: bot PID=49448, log_age=20s, ready_15m=11, buys_15m=0, buys_today=7, auth_fail_today=0, key=OK (from env file)
[2026-05-07T10:47:52-06:00] Monitor complete: ready=11 buys_15m=0 buys_today=7 auth_fail=0
[2026-05-07T11:02:53-06:00] STATUS: bot PID=49448, log_age=2s, ready_15m=2, buys_15m=0, buys_today=7, auth_fail_today=0, key=OK (from env file)
[2026-05-07T11:02:53-06:00] Monitor complete: ready=2 buys_15m=0 buys_today=7 auth_fail=0
[2026-05-07T11:17:54-06:00] STATUS: bot PID=49448, log_age=4s, ready_15m=1, buys_15m=0, buys_today=8, auth_fail_today=0, key=OK (from env file)
[2026-05-07T11:17:54-06:00] Monitor complete: ready=1 buys_15m=0 buys_today=8 auth_fail=0
[2026-05-07T11:32:55-06:00] STATUS: bot PID=49448, log_age=16s, ready_15m=5, buys_15m=0, buys_today=8, auth_fail_today=0, key=OK (from env file)
[2026-05-07T11:32:55-06:00] Monitor complete: ready=5 buys_15m=0 buys_today=8 auth_fail=0
[2026-05-07T11:48:57-06:00] STATUS: bot PID=49448, log_age=25s, ready_15m=1, buys_15m=0, buys_today=9, auth_fail_today=0, key=OK (from env file)
[2026-05-07T11:48:57-06:00] Monitor complete: ready=1 buys_15m=0 buys_today=9 auth_fail=0
[2026-05-07T12:03:58-06:00] STATUS: bot PID=49448, log_age=32s, ready_15m=18, buys_15m=0, buys_today=10, auth_fail_today=0, key=OK (from env file)
[2026-05-07T12:03:58-06:00] Monitor complete: ready=18 buys_15m=0 buys_today=10 auth_fail=0
[2026-05-07T12:17:58-06:00] STATUS: bot PID=49448, log_age=12s, ready_15m=2, buys_15m=0, buys_today=10, auth_fail_today=0, key=OK (from env file)
[2026-05-07T12:17:58-06:00] Monitor complete: ready=2 buys_15m=0 buys_today=10 auth_fail=0
[2026-05-07T12:34:00-06:00] STATUS: bot PID=49448, log_age=29s, ready_15m=6, buys_15m=0, buys_today=10, auth_fail_today=0, key=OK (from env file)
[2026-05-07T12:34:00-06:00] Monitor complete: ready=6 buys_15m=0 buys_today=10 auth_fail=0
[2026-05-07T12:48:00-06:00] STATUS: bot PID=49448, log_age=13s, ready_15m=1, buys_15m=0, buys_today=11, auth_fail_today=0, key=OK (from env file)
[2026-05-07T12:48:00-06:00] Monitor complete: ready=1 buys_15m=0 buys_today=11 auth_fail=0
[2026-05-07T13:04:02-06:00] STATUS: bot PID=49448, log_age=13s, ready_15m=13, buys_15m=0, buys_today=11, auth_fail_today=0, key=OK (from env file)
[2026-05-07T13:04:02-06:00] Monitor complete: ready=13 buys_15m=0 buys_today=11 auth_fail=0
[2026-05-07T13:19:03-06:00] STATUS: bot PID=49448, log_age=1s, ready_15m=3, buys_15m=0, buys_today=12, auth_fail_today=0, key=OK (from env file)
[2026-05-07T13:19:03-06:00] Monitor complete: ready=3 buys_15m=0 buys_today=12 auth_fail=0
[2026-05-07T13:34:04-06:00] STATUS: bot PID=49448, log_age=33s, ready_15m=12, buys_15m=0, buys_today=12, auth_fail_today=0, key=OK (from env file)
[2026-05-07T13:34:04-06:00] Monitor complete: ready=12 buys_15m=0 buys_today=12 auth_fail=0
[2026-05-07T13:48:03-06:00] STATUS: bot PID=49448, log_age=30s, ready_15m=2, buys_15m=0, buys_today=13, auth_fail_today=0, key=OK (from env file)
[2026-05-07T13:48:03-06:00] Monitor complete: ready=2 buys_15m=0 buys_today=13 auth_fail=0
[2026-05-07T14:03:06-06:00] STATUS: bot PID=49448, log_age=26s, ready_15m=5, buys_15m=0, buys_today=13, auth_fail_today=0, key=OK (from env file)
[2026-05-07T14:03:06-06:00] Monitor complete: ready=5 buys_15m=0 buys_today=13 auth_fail=0
[2026-05-07T14:18:07-06:00] STATUS: bot PID=49448, log_age=21s, ready_15m=0, buys_15m=0, buys_today=13, auth_fail_today=0, key=OK (from env file)
[2026-05-07T14:18:07-06:00] Monitor complete: ready=0 buys_15m=0 buys_today=13 auth_fail=0
[2026-05-07T14:34:08-06:00] STATUS: bot PID=49448, log_age=28s, ready_15m=0, buys_15m=0, buys_today=13, auth_fail_today=0, key=OK (from env file)
[2026-05-07T14:34:08-06:00] Monitor complete: ready=0 buys_15m=0 buys_today=13 auth_fail=0
[2026-05-07T14:49:10-06:00] STATUS: bot PID=49448, log_age=24s, ready_15m=0, buys_15m=0, buys_today=13, auth_fail_today=0, key=OK (from env file)
[2026-05-07T14:49:10-06:00] Monitor complete: ready=0 buys_15m=0 buys_today=13 auth_fail=0
[2026-05-07T15:03:10-06:00] STATUS: bot PID=49448, log_age=17s, ready_15m=0, buys_15m=0, buys_today=13, auth_fail_today=0, key=OK (from env file)
[2026-05-07T15:03:10-06:00] Monitor complete: ready=0 buys_15m=0 buys_today=13 auth_fail=0
[2026-05-07T15:18:11-06:00] STATUS: bot PID=49448, log_age=22s, ready_15m=0, buys_15m=0, buys_today=13, auth_fail_today=0, key=OK (from env file)
[2026-05-07T15:18:11-06:00] Monitor complete: ready=0 buys_15m=0 buys_today=13 auth_fail=0
[2026-05-07T15:33:12-06:00] STATUS: bot PID=49448, log_age=4s, ready_15m=0, buys_15m=0, buys_today=13, auth_fail_today=0, key=OK (from env file)
[2026-05-07T15:33:12-06:00] Monitor complete: ready=0 buys_15m=0 buys_today=13 auth_fail=0
[2026-05-07T15:48:13-06:00] STATUS: bot PID=49448, log_age=23s, ready_15m=0, buys_15m=0, buys_today=13, auth_fail_today=0, key=OK (from env file)
[2026-05-07T15:48:13-06:00] Monitor complete: ready=0 buys_15m=0 buys_today=13 auth_fail=0
[2026-05-07T16:04:15-06:00] STATUS: bot PID=49448, log_age=16s, ready_15m=0, buys_15m=0, buys_today=13, auth_fail_today=0, key=OK (from env file)
[2026-05-07T16:04:15-06:00] Monitor complete: ready=0 buys_15m=0 buys_today=13 auth_fail=0
[2026-05-07T16:19:15-06:00] STATUS: bot PID=49448, log_age=2s, ready_15m=0, buys_15m=0, buys_today=13, auth_fail_today=0, key=OK (from env file)
[2026-05-07T16:19:15-06:00] Monitor complete: ready=0 buys_15m=0 buys_today=13 auth_fail=0
[2026-05-07T16:33:17-06:00] STATUS: bot PID=49448, log_age=11s, ready_15m=0, buys_15m=0, buys_today=13, auth_fail_today=0, key=OK (from env file)
[2026-05-07T16:33:17-06:00] Monitor complete: ready=0 buys_15m=0 buys_today=13 auth_fail=0
[2026-05-07T16:48:18-06:00] STATUS: bot PID=49448, log_age=25s, ready_15m=0, buys_15m=0, buys_today=13, auth_fail_today=0, key=OK (from env file)
[2026-05-07T16:48:18-06:00] Monitor complete: ready=0 buys_15m=0 buys_today=13 auth_fail=0
[2026-05-07T17:03:19-06:00] STATUS: bot PID=49448, log_age=23s, ready_15m=0, buys_15m=0, buys_today=13, auth_fail_today=0, key=OK (from env file)
[2026-05-07T17:03:19-06:00] Monitor complete: ready=0 buys_15m=0 buys_today=13 auth_fail=0
[2026-05-07T17:18:20-06:00] STATUS: bot PID=49448, log_age=7s, ready_15m=2, buys_15m=0, buys_today=14, auth_fail_today=0, key=OK (from env file)
[2026-05-07T17:18:20-06:00] Monitor complete: ready=2 buys_15m=0 buys_today=14 auth_fail=0
[2026-05-07T17:33:21-06:00] STATUS: bot PID=49448, log_age=15s, ready_15m=12, buys_15m=0, buys_today=14, auth_fail_today=0, key=OK (from env file)
[2026-05-07T17:33:21-06:00] Monitor complete: ready=12 buys_15m=0 buys_today=14 auth_fail=0
[2026-05-07T17:48:22-06:00] STATUS: bot PID=49448, log_age=25s, ready_15m=5, buys_15m=0, buys_today=14, auth_fail_today=0, key=OK (from env file)
[2026-05-07T17:48:22-06:00] Monitor complete: ready=5 buys_15m=0 buys_today=14 auth_fail=0
[2026-05-07T18:04:23-06:00] STATUS: bot PID=49448, log_age=8s, ready_15m=9, buys_15m=0, buys_today=14, auth_fail_today=0, key=OK (from env file)
[2026-05-07T18:04:23-06:00] Monitor complete: ready=9 buys_15m=0 buys_today=14 auth_fail=0
[2026-05-07T18:18:24-06:00] STATUS: bot PID=49448, log_age=0s, ready_15m=0, buys_15m=0, buys_today=15, auth_fail_today=0, key=OK (from env file)
[2026-05-07T18:18:24-06:00] Monitor complete: ready=0 buys_15m=0 buys_today=15 auth_fail=0
[2026-05-07T18:34:25-06:00] STATUS: bot PID=49448, log_age=19s, ready_15m=6, buys_15m=0, buys_today=15, auth_fail_today=0, key=OK (from env file)
[2026-05-07T18:34:25-06:00] Monitor complete: ready=6 buys_15m=0 buys_today=15 auth_fail=0
[2026-05-07T18:49:27-06:00] STATUS: bot PID=49448, log_age=26s, ready_15m=0, buys_15m=0, buys_today=16, auth_fail_today=0, key=OK (from env file)
[2026-05-07T18:49:27-06:00] Monitor complete: ready=0 buys_15m=0 buys_today=16 auth_fail=0
[2026-05-07T19:04:28-06:00] STATUS: bot PID=49448, log_age=4s, ready_15m=2, buys_15m=0, buys_today=17, auth_fail_today=0, key=OK (from env file)
[2026-05-07T19:04:28-06:00] Monitor complete: ready=2 buys_15m=0 buys_today=17 auth_fail=0
[2026-05-07T19:18:28-06:00] STATUS: bot PID=49448, log_age=8s, ready_15m=1, buys_15m=0, buys_today=18, auth_fail_today=0, key=OK (from env file)
[2026-05-07T19:18:28-06:00] Monitor complete: ready=1 buys_15m=0 buys_today=18 auth_fail=0
[2026-05-07T19:33:29-06:00] STATUS: bot PID=49448, log_age=0s, ready_15m=4, buys_15m=0, buys_today=18, auth_fail_today=0, key=OK (from env file)
[2026-05-07T19:33:29-06:00] Monitor complete: ready=4 buys_15m=0 buys_today=18 auth_fail=0
[2026-05-07T19:49:30-06:00] STATUS: bot PID=49448, log_age=28s, ready_15m=5, buys_15m=0, buys_today=18, auth_fail_today=0, key=OK (from env file)
[2026-05-07T19:49:30-06:00] Monitor complete: ready=5 buys_15m=0 buys_today=18 auth_fail=0
[2026-05-07T20:03:31-06:00] STATUS: bot PID=49448, log_age=31s, ready_15m=7, buys_15m=0, buys_today=19, auth_fail_today=0, key=OK (from env file)
[2026-05-07T20:03:31-06:00] Monitor complete: ready=7 buys_15m=0 buys_today=19 auth_fail=0
[2026-05-07T20:19:33-06:00] STATUS: bot PID=49448, log_age=8s, ready_15m=14, buys_15m=0, buys_today=19, auth_fail_today=0, key=OK (from env file)
[2026-05-07T20:19:33-06:00] Monitor complete: ready=14 buys_15m=0 buys_today=19 auth_fail=0
[2026-05-07T20:34:34-06:00] STATUS: bot PID=49448, log_age=22s, ready_15m=5, buys_15m=0, buys_today=20, auth_fail_today=0, key=OK (from env file)
[2026-05-07T20:34:34-06:00] Monitor complete: ready=5 buys_15m=0 buys_today=20 auth_fail=0
[2026-05-07T20:48:35-06:00] STATUS: bot PID=49448, log_age=13s, ready_15m=12, buys_15m=0, buys_today=20, auth_fail_today=0, key=OK (from env file)
[2026-05-07T20:48:35-06:00] Monitor complete: ready=12 buys_15m=0 buys_today=20 auth_fail=0
[2026-05-07T21:04:36-06:00] STATUS: bot PID=49448, log_age=2s, ready_15m=3, buys_15m=0, buys_today=20, auth_fail_today=0, key=OK (from env file)
[2026-05-07T21:04:36-06:00] Monitor complete: ready=3 buys_15m=0 buys_today=20 auth_fail=0
[2026-05-07T21:18:37-06:00] STATUS: bot PID=49448, log_age=7s, ready_15m=8, buys_15m=0, buys_today=20, auth_fail_today=0, key=OK (from env file)
[2026-05-07T21:18:37-06:00] Monitor complete: ready=8 buys_15m=0 buys_today=20 auth_fail=0
[2026-05-07T21:33:38-06:00] STATUS: bot PID=49448, log_age=21s, ready_15m=6, buys_15m=0, buys_today=20, auth_fail_today=0, key=OK (from env file)
[2026-05-07T21:33:38-06:00] Monitor complete: ready=6 buys_15m=0 buys_today=20 auth_fail=0
[2026-05-07T21:49:39-06:00] STATUS: bot PID=49448, log_age=3s, ready_15m=8, buys_15m=0, buys_today=20, auth_fail_today=0, key=OK (from env file)
[2026-05-07T21:49:39-06:00] Monitor complete: ready=8 buys_15m=0 buys_today=20 auth_fail=0
[2026-05-07T22:04:40-06:00] STATUS: bot PID=49448, log_age=35s, ready_15m=7, buys_15m=0, buys_today=20, auth_fail_today=0, key=OK (from env file)
[2026-05-07T22:04:40-06:00] Monitor complete: ready=7 buys_15m=0 buys_today=20 auth_fail=0
[2026-05-07T22:19:41-06:00] STATUS: bot PID=49448, log_age=34s, ready_15m=2, buys_15m=0, buys_today=20, auth_fail_today=0, key=OK (from env file)
[2026-05-07T22:19:41-06:00] Monitor complete: ready=2 buys_15m=0 buys_today=20 auth_fail=0
[2026-05-07T22:34:42-06:00] STATUS: bot PID=49448, log_age=12s, ready_15m=0, buys_15m=0, buys_today=20, auth_fail_today=0, key=OK (from env file)
[2026-05-07T22:34:42-06:00] Monitor complete: ready=0 buys_15m=0 buys_today=20 auth_fail=0
[2026-05-07T22:49:44-06:00] STATUS: bot PID=49448, log_age=12s, ready_15m=2, buys_15m=0, buys_today=20, auth_fail_today=0, key=OK (from env file)
[2026-05-07T22:49:44-06:00] Monitor complete: ready=2 buys_15m=0 buys_today=20 auth_fail=0
[2026-05-07T23:03:44-06:00] STATUS: bot PID=49448, log_age=17s, ready_15m=16, buys_15m=0, buys_today=20, auth_fail_today=0, key=OK (from env file)
[2026-05-07T23:03:44-06:00] Monitor complete: ready=16 buys_15m=0 buys_today=20 auth_fail=0
[2026-05-07T23:18:44-06:00] STATUS: bot PID=49448, log_age=27s, ready_15m=8, buys_15m=0, buys_today=20, auth_fail_today=0, key=OK (from env file)
[2026-05-07T23:18:44-06:00] Monitor complete: ready=8 buys_15m=0 buys_today=20 auth_fail=0
[2026-05-07T23:34:47-06:00] STATUS: bot PID=49448, log_age=21s, ready_15m=9, buys_15m=0, buys_today=20, auth_fail_today=0, key=OK (from env file)
[2026-05-07T23:34:47-06:00] Monitor complete: ready=9 buys_15m=0 buys_today=20 auth_fail=0
[2026-05-07T23:48:47-06:00] STATUS: bot PID=49448, log_age=17s, ready_15m=0, buys_15m=0, buys_today=20, auth_fail_today=0, key=OK (from env file)
[2026-05-07T23:48:47-06:00] Monitor complete: ready=0 buys_15m=0 buys_today=20 auth_fail=0
[2026-05-08T00:04:49-06:00] STATUS: bot PID=49448, log_age=9s, ready_15m=0, buys_15m=0, buys_today=0, auth_fail_today=0, key=OK (from env file)
[2026-05-08T00:04:49-06:00] Monitor complete: ready=0 buys_15m=0 buys_today=0 auth_fail=0
[2026-05-08T00:19:50-06:00] STATUS: bot PID=49448, log_age=32s, ready_15m=11, buys_15m=0, buys_today=0, auth_fail_today=0, key=OK (from env file)
[2026-05-08T00:19:50-06:00] Monitor complete: ready=11 buys_15m=0 buys_today=0 auth_fail=0
[2026-05-08T00:34:51-06:00] STATUS: bot PID=49448, log_age=15s, ready_15m=3, buys_15m=0, buys_today=0, auth_fail_today=0, key=OK (from env file)
[2026-05-08T00:34:51-06:00] Monitor complete: ready=3 buys_15m=0 buys_today=0 auth_fail=0
[2026-05-08T00:49:51-06:00] STATUS: bot PID=49448, log_age=7s, ready_15m=0, buys_15m=0, buys_today=0, auth_fail_today=0, key=OK (from env file)
[2026-05-08T00:49:51-06:00] Monitor complete: ready=0 buys_15m=0 buys_today=0 auth_fail=0
[2026-05-08T01:03:53-06:00] STATUS: bot PID=49448, log_age=1s, ready_15m=1, buys_15m=0, buys_today=1, auth_fail_today=0, key=OK (from env file)
[2026-05-08T01:03:53-06:00] Monitor complete: ready=1 buys_15m=0 buys_today=1 auth_fail=0
[2026-05-08T01:18:54-06:00] STATUS: bot PID=49448, log_age=10s, ready_15m=0, buys_15m=0, buys_today=2, auth_fail_today=0, key=OK (from env file)
[2026-05-08T01:18:54-06:00] Monitor complete: ready=0 buys_15m=0 buys_today=2 auth_fail=0
[2026-05-08T01:33:55-06:00] STATUS: bot PID=49448, log_age=26s, ready_15m=8, buys_15m=0, buys_today=3, auth_fail_today=0, key=OK (from env file)
[2026-05-08T01:33:55-06:00] Monitor complete: ready=8 buys_15m=0 buys_today=3 auth_fail=0
[2026-05-08T01:48:58-06:00] STATUS: bot PID=49448, log_age=31s, ready_15m=0, buys_15m=0, buys_today=3, auth_fail_today=0, key=OK (from env file)
[2026-05-08T01:48:58-06:00] Monitor complete: ready=0 buys_15m=0 buys_today=3 auth_fail=0
[2026-05-08T02:04:57-06:00] STATUS: bot PID=49448, log_age=12s, ready_15m=7, buys_15m=0, buys_today=3, auth_fail_today=0, key=OK (from env file)
[2026-05-08T02:04:57-06:00] Monitor complete: ready=7 buys_15m=0 buys_today=3 auth_fail=0
[2026-05-08T02:18:58-06:00] STATUS: bot PID=49448, log_age=19s, ready_15m=10, buys_15m=0, buys_today=3, auth_fail_today=0, key=OK (from env file)
[2026-05-08T02:18:58-06:00] Monitor complete: ready=10 buys_15m=0 buys_today=3 auth_fail=0
[2026-05-08T02:35:00-06:00] STATUS: bot PID=49448, log_age=4s, ready_15m=9, buys_15m=0, buys_today=3, auth_fail_today=0, key=OK (from env file)
[2026-05-08T02:35:00-06:00] Monitor complete: ready=9 buys_15m=0 buys_today=3 auth_fail=0
[2026-05-08T02:49:00-06:00] STATUS: bot PID=49448, log_age=33s, ready_15m=15, buys_15m=0, buys_today=3, auth_fail_today=0, key=OK (from env file)
[2026-05-08T02:49:00-06:00] Monitor complete: ready=15 buys_15m=0 buys_today=3 auth_fail=0
[2026-05-08T03:04:01-06:00] STATUS: bot PID=49448, log_age=1s, ready_15m=10, buys_15m=0, buys_today=3, auth_fail_today=0, key=OK (from env file)
[2026-05-08T03:04:01-06:00] Monitor complete: ready=10 buys_15m=0 buys_today=3 auth_fail=0
[2026-05-08T03:20:03-06:00] STATUS: bot PID=49448, log_age=7s, ready_15m=13, buys_15m=0, buys_today=3, auth_fail_today=0, key=OK (from env file)
[2026-05-08T03:20:03-06:00] Monitor complete: ready=13 buys_15m=0 buys_today=3 auth_fail=0
[2026-05-08T03:35:04-06:00] STATUS: bot PID=49448, log_age=24s, ready_15m=8, buys_15m=0, buys_today=3, auth_fail_today=0, key=OK (from env file)
[2026-05-08T03:35:04-06:00] Monitor complete: ready=8 buys_15m=0 buys_today=3 auth_fail=0
[2026-05-08T03:50:05-06:00] STATUS: bot PID=49448, log_age=28s, ready_15m=9, buys_15m=0, buys_today=3, auth_fail_today=0, key=OK (from env file)
[2026-05-08T03:50:05-06:00] Monitor complete: ready=9 buys_15m=0 buys_today=3 auth_fail=0
[2026-05-08T04:05:06-06:00] STATUS: bot PID=49448, log_age=7s, ready_15m=8, buys_15m=0, buys_today=4, auth_fail_today=0, key=OK (from env file)
[2026-05-08T04:05:06-06:00] Monitor complete: ready=8 buys_15m=0 buys_today=4 auth_fail=0
[2026-05-08T04:20:07-06:00] STATUS: bot PID=49448, log_age=18s, ready_15m=3, buys_15m=0, buys_today=4, auth_fail_today=0, key=OK (from env file)
[2026-05-08T04:20:07-06:00] Monitor complete: ready=3 buys_15m=0 buys_today=4 auth_fail=0
[2026-05-08T04:35:07-06:00] STATUS: bot PID=49448, log_age=25s, ready_15m=14, buys_15m=0, buys_today=4, auth_fail_today=0, key=OK (from env file)
[2026-05-08T04:35:07-06:00] Monitor complete: ready=14 buys_15m=0 buys_today=4 auth_fail=0
[2026-05-08T04:50:09-06:00] STATUS: bot PID=49448, log_age=25s, ready_15m=1, buys_15m=0, buys_today=5, auth_fail_today=0, key=OK (from env file)
[2026-05-08T04:50:09-06:00] Monitor complete: ready=1 buys_15m=0 buys_today=5 auth_fail=0
[2026-05-08T05:05:10-06:00] STATUS: bot PID=49448, log_age=33s, ready_15m=10, buys_15m=0, buys_today=5, auth_fail_today=0, key=OK (from env file)
[2026-05-08T05:05:10-06:00] Monitor complete: ready=10 buys_15m=0 buys_today=5 auth_fail=0
[2026-05-08T05:20:11-06:00] STATUS: bot PID=49448, log_age=25s, ready_15m=0, buys_15m=0, buys_today=5, auth_fail_today=0, key=OK (from env file)
[2026-05-08T05:20:11-06:00] Monitor complete: ready=0 buys_15m=0 buys_today=5 auth_fail=0
[2026-05-08T05:35:12-06:00] STATUS: bot PID=49448, log_age=18s, ready_15m=0, buys_15m=0, buys_today=5, auth_fail_today=0, key=OK (from env file)
[2026-05-08T05:35:12-06:00] Monitor complete: ready=0 buys_15m=0 buys_today=5 auth_fail=0
[2026-05-08T05:50:13-06:00] STATUS: bot PID=49448, log_age=10s, ready_15m=0, buys_15m=0, buys_today=5, auth_fail_today=0, key=OK (from env file)
[2026-05-08T05:50:13-06:00] Monitor complete: ready=0 buys_15m=0 buys_today=5 auth_fail=0
[2026-05-08T06:04:14-06:00] STATUS: bot PID=49448, log_age=9s, ready_15m=0, buys_15m=0, buys_today=5, auth_fail_today=0, key=OK (from env file)
[2026-05-08T06:04:14-06:00] Monitor complete: ready=0 buys_15m=0 buys_today=5 auth_fail=0
[2026-05-08T06:20:15-06:00] STATUS: bot PID=49448, log_age=32s, ready_15m=0, buys_15m=0, buys_today=5, auth_fail_today=0, key=OK (from env file)
[2026-05-08T06:20:15-06:00] Monitor complete: ready=0 buys_15m=0 buys_today=5 auth_fail=0
[2026-05-08T06:34:16-06:00] STATUS: bot PID=49448, log_age=21s, ready_15m=0, buys_15m=0, buys_today=5, auth_fail_today=0, key=OK (from env file)
[2026-05-08T06:34:16-06:00] Monitor complete: ready=0 buys_15m=0 buys_today=5 auth_fail=0
[2026-05-08T06:50:17-06:00] STATUS: bot PID=49448, log_age=0s, ready_15m=0, buys_15m=0, buys_today=5, auth_fail_today=0, key=OK (from env file)
[2026-05-08T06:50:17-06:00] Monitor complete: ready=0 buys_15m=0 buys_today=5 auth_fail=0
[2026-05-08T07:04:18-06:00] STATUS: bot PID=49448, log_age=9s, ready_15m=0, buys_15m=0, buys_today=5, auth_fail_today=0, key=OK (from env file)
[2026-05-08T07:04:18-06:00] Monitor complete: ready=0 buys_15m=0 buys_today=5 auth_fail=0
[2026-05-08T07:20:20-06:00] STATUS: bot PID=49448, log_age=25s, ready_15m=0, buys_15m=0, buys_today=5, auth_fail_today=0, key=OK (from env file)
[2026-05-08T07:20:20-06:00] Monitor complete: ready=0 buys_15m=0 buys_today=5 auth_fail=0
[2026-05-08T07:34:20-06:00] STATUS: bot PID=49448, log_age=8s, ready_15m=0, buys_15m=0, buys_today=5, auth_fail_today=0, key=OK (from env file)
[2026-05-08T07:34:20-06:00] Monitor complete: ready=0 buys_15m=0 buys_today=5 auth_fail=0
[2026-05-08T07:50:20-06:00] STATUS: bot PID=49448, log_age=33s, ready_15m=0, buys_15m=0, buys_today=5, auth_fail_today=0, key=OK (from env file)
[2026-05-08T07:50:20-06:00] Monitor complete: ready=0 buys_15m=0 buys_today=5 auth_fail=0
[2026-05-08T08:04:22-06:00] STATUS: bot PID=49448, log_age=26s, ready_15m=0, buys_15m=0, buys_today=5, auth_fail_today=0, key=OK (from env file)
[2026-05-08T08:04:22-06:00] Monitor complete: ready=0 buys_15m=0 buys_today=5 auth_fail=0
[2026-05-08T08:19:24-06:00] STATUS: bot PID=49448, log_age=25s, ready_15m=0, buys_15m=0, buys_today=5, auth_fail_today=0, key=OK (from env file)
[2026-05-08T08:19:24-06:00] Monitor complete: ready=0 buys_15m=0 buys_today=5 auth_fail=0
[2026-05-08T08:35:25-06:00] STATUS: bot PID=49448, log_age=3s, ready_15m=0, buys_15m=0, buys_today=5, auth_fail_today=0, key=OK (from env file)
[2026-05-08T08:35:25-06:00] Monitor complete: ready=0 buys_15m=0 buys_today=5 auth_fail=0
[2026-05-08T08:50:26-06:00] STATUS: bot PID=49448, log_age=7s, ready_15m=0, buys_15m=0, buys_today=5, auth_fail_today=0, key=OK (from env file)
[2026-05-08T08:50:26-06:00] Monitor complete: ready=0 buys_15m=0 buys_today=5 auth_fail=0
[2026-05-08T09:04:27-06:00] STATUS: bot PID=49448, log_age=2s, ready_15m=2, buys_15m=0, buys_today=5, auth_fail_today=0, key=OK (from env file)
[2026-05-08T09:04:27-06:00] Monitor complete: ready=2 buys_15m=0 buys_today=5 auth_fail=0
[2026-05-08T09:20:28-06:00] STATUS: bot PID=49448, log_age=22s, ready_15m=6, buys_15m=0, buys_today=5, auth_fail_today=0, key=OK (from env file)
[2026-05-08T09:20:28-06:00] Monitor complete: ready=6 buys_15m=0 buys_today=5 auth_fail=0
[2026-05-08T09:35:29-06:00] STATUS: bot PID=49448, log_age=13s, ready_15m=5, buys_15m=0, buys_today=8, auth_fail_today=0, key=OK (from env file)
[2026-05-08T09:35:29-06:00] Monitor complete: ready=5 buys_15m=0 buys_today=8 auth_fail=0
[2026-05-08T09:49:30-06:00] STATUS: bot PID=49448, log_age=17s, ready_15m=1, buys_15m=0, buys_today=9, auth_fail_today=0, key=OK (from env file)
[2026-05-08T09:49:30-06:00] Monitor complete: ready=1 buys_15m=0 buys_today=9 auth_fail=0
[2026-05-08T10:05:31-06:00] STATUS: bot PID=49448, log_age=12s, ready_15m=0, buys_15m=0, buys_today=9, auth_fail_today=0, key=OK (from env file)
[2026-05-08T10:05:31-06:00] Monitor complete: ready=0 buys_15m=0 buys_today=9 auth_fail=0
[2026-05-08T10:20:32-06:00] STATUS: bot PID=49448, log_age=4s, ready_15m=0, buys_15m=0, buys_today=10, auth_fail_today=0, key=OK (from env file)
[2026-05-08T10:20:32-06:00] Monitor complete: ready=0 buys_15m=0 buys_today=10 auth_fail=0
[2026-05-08T10:35:33-06:00] STATUS: bot PID=49448, log_age=15s, ready_15m=0, buys_15m=0, buys_today=11, auth_fail_today=0, key=OK (from env file)
[2026-05-08T10:35:33-06:00] Monitor complete: ready=0 buys_15m=0 buys_today=11 auth_fail=0
[2026-05-08T10:49:34-06:00] STATUS: bot PID=49448, log_age=25s, ready_15m=1, buys_15m=0, buys_today=11, auth_fail_today=0, key=OK (from env file)
[2026-05-08T10:49:34-06:00] Monitor complete: ready=1 buys_15m=0 buys_today=11 auth_fail=0
[2026-05-08T11:04:35-06:00] STATUS: bot PID=49448, log_age=8s, ready_15m=4, buys_15m=0, buys_today=12, auth_fail_today=0, key=OK (from env file)
[2026-05-08T11:04:35-06:00] Monitor complete: ready=4 buys_15m=0 buys_today=12 auth_fail=0
[2026-05-08T11:20:37-06:00] STATUS: bot PID=49448, log_age=21s, ready_15m=5, buys_15m=0, buys_today=12, auth_fail_today=0, key=OK (from env file)
[2026-05-08T11:20:37-06:00] Monitor complete: ready=5 buys_15m=0 buys_today=12 auth_fail=0
[2026-05-08T11:35:38-06:00] STATUS: bot PID=49448, log_age=21s, ready_15m=12, buys_15m=0, buys_today=13, auth_fail_today=0, key=OK (from env file)
[2026-05-08T11:35:38-06:00] Monitor complete: ready=12 buys_15m=0 buys_today=13 auth_fail=0
[2026-05-08T11:50:39-06:00] STATUS: bot PID=49448, log_age=34s, ready_15m=3, buys_15m=0, buys_today=14, auth_fail_today=0, key=OK (from env file)
[2026-05-08T11:50:39-06:00] Monitor complete: ready=3 buys_15m=0 buys_today=14 auth_fail=0
[2026-05-08T12:05:40-06:00] STATUS: bot PID=49448, log_age=7s, ready_15m=2, buys_15m=0, buys_today=15, auth_fail_today=0, key=OK (from env file)
[2026-05-08T12:05:40-06:00] Monitor complete: ready=2 buys_15m=0 buys_today=15 auth_fail=0
[2026-05-08T12:20:41-06:00] STATUS: bot PID=49448, log_age=18s, ready_15m=5, buys_15m=0, buys_today=15, auth_fail_today=0, key=OK (from env file)
[2026-05-08T12:20:41-06:00] Monitor complete: ready=5 buys_15m=0 buys_today=15 auth_fail=0
[2026-05-08T12:35:42-06:00] STATUS: bot PID=49448, log_age=32s, ready_15m=5, buys_15m=0, buys_today=15, auth_fail_today=0, key=OK (from env file)
[2026-05-08T12:35:42-06:00] Monitor complete: ready=5 buys_15m=0 buys_today=15 auth_fail=0
[2026-05-08T12:49:43-06:00] STATUS: bot PID=49448, log_age=20s, ready_15m=7, buys_15m=0, buys_today=15, auth_fail_today=0, key=OK (from env file)
[2026-05-08T12:49:43-06:00] Monitor complete: ready=7 buys_15m=0 buys_today=15 auth_fail=0
[2026-05-08T13:04:43-06:00] STATUS: bot PID=49448, log_age=33s, ready_15m=4, buys_15m=0, buys_today=15, auth_fail_today=0, key=OK (from env file)
[2026-05-08T13:04:43-06:00] Monitor complete: ready=4 buys_15m=0 buys_today=15 auth_fail=0
[2026-05-08T13:20:45-06:00] STATUS: bot PID=49448, log_age=26s, ready_15m=3, buys_15m=0, buys_today=16, auth_fail_today=0, key=OK (from env file)
[2026-05-08T13:20:45-06:00] Monitor complete: ready=3 buys_15m=0 buys_today=16 auth_fail=0
[2026-05-08T13:34:46-06:00] STATUS: bot PID=49448, log_age=14s, ready_15m=2, buys_15m=0, buys_today=17, auth_fail_today=0, key=OK (from env file)
[2026-05-08T13:34:46-06:00] Monitor complete: ready=2 buys_15m=0 buys_today=17 auth_fail=0
[2026-05-08T13:50:47-06:00] STATUS: bot PID=49448, log_age=26s, ready_15m=4, buys_15m=0, buys_today=17, auth_fail_today=0, key=OK (from env file)
[2026-05-08T13:50:47-06:00] Monitor complete: ready=4 buys_15m=0 buys_today=17 auth_fail=0
[2026-05-08T14:04:48-06:00] STATUS: bot PID=49448, log_age=34s, ready_15m=2, buys_15m=0, buys_today=17, auth_fail_today=0, key=OK (from env file)
[2026-05-08T14:04:48-06:00] Monitor complete: ready=2 buys_15m=0 buys_today=17 auth_fail=0
[2026-05-08T14:19:49-06:00] STATUS: bot PID=49448, log_age=1s, ready_15m=0, buys_15m=0, buys_today=17, auth_fail_today=0, key=OK (from env file)
[2026-05-08T14:19:49-06:00] Monitor complete: ready=0 buys_15m=0 buys_today=17 auth_fail=0
[2026-05-08T14:35:50-06:00] STATUS: bot PID=49448, log_age=9s, ready_15m=0, buys_15m=0, buys_today=17, auth_fail_today=0, key=OK (from env file)
[2026-05-08T14:35:50-06:00] Monitor complete: ready=0 buys_15m=0 buys_today=17 auth_fail=0
[2026-05-08T14:50:51-06:00] STATUS: bot PID=49448, log_age=17s, ready_15m=0, buys_15m=0, buys_today=17, auth_fail_today=0, key=OK (from env file)
[2026-05-08T14:50:51-06:00] Monitor complete: ready=0 buys_15m=0 buys_today=17 auth_fail=0
[2026-05-08T15:05:52-06:00] STATUS: bot PID=49448, log_age=4s, ready_15m=0, buys_15m=0, buys_today=17, auth_fail_today=0, key=OK (from env file)
[2026-05-08T15:05:52-06:00] Monitor complete: ready=0 buys_15m=0 buys_today=17 auth_fail=0
[2026-05-08T15:19:53-06:00] STATUS: bot PID=49448, log_age=31s, ready_15m=0, buys_15m=0, buys_today=17, auth_fail_today=0, key=OK (from env file)
[2026-05-08T15:19:53-06:00] Monitor complete: ready=0 buys_15m=0 buys_today=17 auth_fail=0
[2026-05-08T15:35:55-06:00] STATUS: bot PID=49448, log_age=23s, ready_15m=0, buys_15m=0, buys_today=17, auth_fail_today=0, key=OK (from env file)
[2026-05-08T15:35:55-06:00] Monitor complete: ready=0 buys_15m=0 buys_today=17 auth_fail=0
[2026-05-08T15:49:55-06:00] STATUS: bot PID=49448, log_age=28s, ready_15m=0, buys_15m=0, buys_today=17, auth_fail_today=0, key=OK (from env file)
[2026-05-08T15:49:55-06:00] Monitor complete: ready=0 buys_15m=0 buys_today=17 auth_fail=0
[2026-05-08T16:05:57-06:00] STATUS: bot PID=49448, log_age=0s, ready_15m=0, buys_15m=0, buys_today=17, auth_fail_today=0, key=OK (from env file)
[2026-05-08T16:05:57-06:00] Monitor complete: ready=0 buys_15m=0 buys_today=17 auth_fail=0
[2026-05-08T16:19:57-06:00] STATUS: bot PID=49448, log_age=27s, ready_15m=0, buys_15m=0, buys_today=17, auth_fail_today=0, key=OK (from env file)
[2026-05-08T16:19:57-06:00] Monitor complete: ready=0 buys_15m=0 buys_today=17 auth_fail=0
[2026-05-08T16:35:58-06:00] STATUS: bot PID=49448, log_age=20s, ready_15m=0, buys_15m=0, buys_today=17, auth_fail_today=0, key=OK (from env file)
[2026-05-08T16:35:58-06:00] Monitor complete: ready=0 buys_15m=0 buys_today=17 auth_fail=0
[2026-05-08T16:51:00-06:00] STATUS: bot PID=49448, log_age=4s, ready_15m=0, buys_15m=0, buys_today=17, auth_fail_today=0, key=OK (from env file)
[2026-05-08T16:51:00-06:00] Monitor complete: ready=0 buys_15m=0 buys_today=17 auth_fail=0
[2026-05-08T17:06:01-06:00] STATUS: bot PID=49448, log_age=7s, ready_15m=3, buys_15m=0, buys_today=17, auth_fail_today=0, key=OK (from env file)
[2026-05-08T17:06:01-06:00] Monitor complete: ready=3 buys_15m=0 buys_today=17 auth_fail=0
[2026-05-08T17:20:01-06:00] STATUS: bot PID=49448, log_age=33s, ready_15m=5, buys_15m=0, buys_today=18, auth_fail_today=0, key=OK (from env file)
[2026-05-08T17:20:01-06:00] Monitor complete: ready=5 buys_15m=0 buys_today=18 auth_fail=0
[2026-05-08T17:36:03-06:00] STATUS: bot PID=49448, log_age=19s, ready_15m=0, buys_15m=0, buys_today=18, auth_fail_today=0, key=OK (from env file)
[2026-05-08T17:36:03-06:00] Monitor complete: ready=0 buys_15m=0 buys_today=18 auth_fail=0
[2026-05-08T17:50:03-06:00] STATUS: bot PID=49448, log_age=3s, ready_15m=7, buys_15m=0, buys_today=19, auth_fail_today=0, key=OK (from env file)
[2026-05-08T17:50:03-06:00] Monitor complete: ready=7 buys_15m=0 buys_today=19 auth_fail=0
[2026-05-08T18:06:05-06:00] STATUS: bot PID=49448, log_age=10s, ready_15m=1, buys_15m=0, buys_today=20, auth_fail_today=0, key=OK (from env file)
[2026-05-08T18:06:05-06:00] Monitor complete: ready=1 buys_15m=0 buys_today=20 auth_fail=0
[2026-05-08T18:21:06-06:00] STATUS: bot PID=49448, log_age=10s, ready_15m=0, buys_15m=0, buys_today=20, auth_fail_today=0, key=OK (from env file)
[2026-05-08T18:21:06-06:00] Monitor complete: ready=0 buys_15m=0 buys_today=20 auth_fail=0
[2026-05-08T18:35:07-06:00] STATUS: bot PID=49448, log_age=16s, ready_15m=6, buys_15m=0, buys_today=21, auth_fail_today=0, key=OK (from env file)
[2026-05-08T18:35:07-06:00] Monitor complete: ready=6 buys_15m=0 buys_today=21 auth_fail=0
[2026-05-08T18:50:08-06:00] STATUS: bot PID=49448, log_age=8s, ready_15m=8, buys_15m=0, buys_today=21, auth_fail_today=0, key=OK (from env file)
[2026-05-08T18:50:08-06:00] Monitor complete: ready=8 buys_15m=0 buys_today=21 auth_fail=0
[2026-05-08T19:06:09-06:00] STATUS: bot PID=49448, log_age=11s, ready_15m=0, buys_15m=0, buys_today=21, auth_fail_today=0, key=OK (from env file)
[2026-05-08T19:06:09-06:00] Monitor complete: ready=0 buys_15m=0 buys_today=21 auth_fail=0
[2026-05-08T19:21:10-06:00] STATUS: bot PID=49448, log_age=35s, ready_15m=6, buys_15m=0, buys_today=21, auth_fail_today=0, key=OK (from env file)
[2026-05-08T19:21:10-06:00] Monitor complete: ready=6 buys_15m=0 buys_today=21 auth_fail=0
[2026-05-08T19:36:11-06:00] STATUS: bot PID=49448, log_age=10s, ready_15m=3, buys_15m=0, buys_today=23, auth_fail_today=0, key=OK (from env file)
[2026-05-08T19:36:11-06:00] Monitor complete: ready=3 buys_15m=0 buys_today=23 auth_fail=0
[2026-05-08T19:50:11-06:00] STATUS: bot PID=49448, log_age=21s, ready_15m=0, buys_15m=0, buys_today=23, auth_fail_today=0, key=OK (from env file)
[2026-05-08T19:50:11-06:00] Monitor complete: ready=0 buys_15m=0 buys_today=23 auth_fail=0
[2026-05-08T20:05:13-06:00] STATUS: bot PID=49448, log_age=26s, ready_15m=4, buys_15m=0, buys_today=24, auth_fail_today=0, key=OK (from env file)
[2026-05-08T20:05:13-06:00] Monitor complete: ready=4 buys_15m=0 buys_today=24 auth_fail=0
[2026-05-08T20:21:14-06:00] STATUS: bot PID=49448, log_age=13s, ready_15m=3, buys_15m=0, buys_today=24, auth_fail_today=0, key=OK (from env file)
[2026-05-08T20:21:14-06:00] Monitor complete: ready=3 buys_15m=0 buys_today=24 auth_fail=0
[2026-05-08T20:36:15-06:00] STATUS: bot PID=49448, log_age=28s, ready_15m=10, buys_15m=0, buys_today=24, auth_fail_today=0, key=OK (from env file)
[2026-05-08T20:36:15-06:00] Monitor complete: ready=10 buys_15m=0 buys_today=24 auth_fail=0
[2026-05-08T20:50:16-06:00] STATUS: bot PID=49448, log_age=12s, ready_15m=9, buys_15m=0, buys_today=24, auth_fail_today=0, key=OK (from env file)
[2026-05-08T20:50:16-06:00] Monitor complete: ready=9 buys_15m=0 buys_today=24 auth_fail=0
[2026-05-08T21:06:17-06:00] STATUS: bot PID=49448, log_age=11s, ready_15m=7, buys_15m=0, buys_today=24, auth_fail_today=0, key=OK (from env file)
[2026-05-08T21:06:17-06:00] Monitor complete: ready=7 buys_15m=0 buys_today=24 auth_fail=0
[2026-05-08T21:20:18-06:00] STATUS: bot PID=49448, log_age=34s, ready_15m=5, buys_15m=0, buys_today=24, auth_fail_today=0, key=OK (from env file)
[2026-05-08T21:20:18-06:00] Monitor complete: ready=5 buys_15m=0 buys_today=24 auth_fail=0
[2026-05-08T21:36:20-06:00] STATUS: bot PID=49448, log_age=16s, ready_15m=3, buys_15m=0, buys_today=25, auth_fail_today=0, key=OK (from env file)
[2026-05-08T21:36:20-06:00] Monitor complete: ready=3 buys_15m=0 buys_today=25 auth_fail=0
[2026-05-08T21:50:20-06:00] STATUS: bot PID=49448, log_age=6s, ready_15m=12, buys_15m=0, buys_today=25, auth_fail_today=0, key=OK (from env file)
[2026-05-08T21:50:20-06:00] Monitor complete: ready=12 buys_15m=0 buys_today=25 auth_fail=0
[2026-05-08T22:05:21-06:00] STATUS: bot PID=49448, log_age=28s, ready_15m=10, buys_15m=0, buys_today=26, auth_fail_today=0, key=OK (from env file)
[2026-05-08T22:05:21-06:00] Monitor complete: ready=10 buys_15m=0 buys_today=26 auth_fail=0
[2026-05-08T22:21:23-06:00] STATUS: bot PID=49448, log_age=23s, ready_15m=1, buys_15m=0, buys_today=27, auth_fail_today=0, key=OK (from env file)
[2026-05-08T22:21:23-06:00] Monitor complete: ready=1 buys_15m=0 buys_today=27 auth_fail=0
[2026-05-08T22:35:23-06:00] STATUS: bot PID=49448, log_age=6s, ready_15m=1, buys_15m=0, buys_today=27, auth_fail_today=0, key=OK (from env file)
[2026-05-08T22:35:23-06:00] Monitor complete: ready=1 buys_15m=0 buys_today=27 auth_fail=0
[2026-05-08T22:51:25-06:00] STATUS: bot PID=49448, log_age=2s, ready_15m=6, buys_15m=0, buys_today=28, auth_fail_today=0, key=OK (from env file)
[2026-05-08T22:51:25-06:00] Monitor complete: ready=6 buys_15m=0 buys_today=28 auth_fail=0
[2026-05-08T23:06:26-06:00] STATUS: bot PID=49448, log_age=27s, ready_15m=0, buys_15m=0, buys_today=28, auth_fail_today=0, key=OK (from env file)
[2026-05-08T23:06:26-06:00] Monitor complete: ready=0 buys_15m=0 buys_today=28 auth_fail=0
[2026-05-08T23:21:27-06:00] STATUS: bot PID=49448, log_age=25s, ready_15m=0, buys_15m=0, buys_today=28, auth_fail_today=0, key=OK (from env file)
[2026-05-08T23:21:27-06:00] Monitor complete: ready=0 buys_15m=0 buys_today=28 auth_fail=0
[2026-05-08T23:35:27-06:00] STATUS: bot PID=49448, log_age=27s, ready_15m=0, buys_15m=0, buys_today=28, auth_fail_today=0, key=OK (from env file)
[2026-05-08T23:35:27-06:00] Monitor complete: ready=0 buys_15m=0 buys_today=28 auth_fail=0
[2026-05-08T23:51:29-06:00] STATUS: bot PID=49448, log_age=15s, ready_15m=0, buys_15m=0, buys_today=28, auth_fail_today=0, key=OK (from env file)
[2026-05-08T23:51:29-06:00] Monitor complete: ready=0 buys_15m=0 buys_today=28 auth_fail=0
[2026-05-09T00:05:29-06:00] STATUS: bot PID=49448, log_age=12s, ready_15m=0, buys_15m=0, buys_today=0, auth_fail_today=0, key=OK (from env file)
[2026-05-09T00:05:29-06:00] Monitor complete: ready=0 buys_15m=0 buys_today=0 auth_fail=0
[2026-05-09T00:20:30-06:00] STATUS: bot PID=49448, log_age=33s, ready_15m=0, buys_15m=0, buys_today=0, auth_fail_today=0, key=OK (from env file)
[2026-05-09T00:20:30-06:00] Monitor complete: ready=0 buys_15m=0 buys_today=0 auth_fail=0
[2026-05-09T00:35:32-06:00] STATUS: bot PID=49448, log_age=21s, ready_15m=0, buys_15m=0, buys_today=0, auth_fail_today=0, key=OK (from env file)
[2026-05-09T00:35:32-06:00] Monitor complete: ready=0 buys_15m=0 buys_today=0 auth_fail=0
[2026-05-09T00:50:33-06:00] STATUS: bot PID=49448, log_age=23s, ready_15m=0, buys_15m=0, buys_today=0, auth_fail_today=0, key=OK (from env file)
[2026-05-09T00:50:33-06:00] Monitor complete: ready=0 buys_15m=0 buys_today=0 auth_fail=0
[2026-05-09T01:06:33-06:00] STATUS: bot PID=49448, log_age=32s, ready_15m=0, buys_15m=0, buys_today=0, auth_fail_today=0, key=OK (from env file)
[2026-05-09T01:06:33-06:00] Monitor complete: ready=0 buys_15m=0 buys_today=0 auth_fail=0
[2026-05-09T01:21:35-06:00] STATUS: bot PID=49448, log_age=18s, ready_15m=0, buys_15m=0, buys_today=0, auth_fail_today=0, key=OK (from env file)
[2026-05-09T01:21:35-06:00] Monitor complete: ready=0 buys_15m=0 buys_today=0 auth_fail=0
[2026-05-09T01:36:36-06:00] STATUS: bot PID=49448, log_age=27s, ready_15m=0, buys_15m=0, buys_today=0, auth_fail_today=0, key=OK (from env file)
[2026-05-09T01:36:36-06:00] Monitor complete: ready=0 buys_15m=0 buys_today=0 auth_fail=0
[2026-05-09T01:50:36-06:00] STATUS: bot PID=49448, log_age=18s, ready_15m=0, buys_15m=0, buys_today=0, auth_fail_today=0, key=OK (from env file)
[2026-05-09T01:50:36-06:00] Monitor complete: ready=0 buys_15m=0 buys_today=0 auth_fail=0
[2026-05-09T02:06:37-06:00] STATUS: bot PID=49448, log_age=21s, ready_15m=0, buys_15m=0, buys_today=0, auth_fail_today=0, key=OK (from env file)
[2026-05-09T02:06:37-06:00] Monitor complete: ready=0 buys_15m=0 buys_today=0 auth_fail=0
[2026-05-09T02:21:39-06:00] STATUS: bot PID=49448, log_age=25s, ready_15m=0, buys_15m=0, buys_today=0, auth_fail_today=0, key=OK (from env file)
[2026-05-09T02:21:39-06:00] Monitor complete: ready=0 buys_15m=0 buys_today=0 auth_fail=0
[2026-05-09T02:35:40-06:00] STATUS: bot PID=49448, log_age=12s, ready_15m=0, buys_15m=0, buys_today=0, auth_fail_today=0, key=OK (from env file)
[2026-05-09T02:35:40-06:00] Monitor complete: ready=0 buys_15m=0 buys_today=0 auth_fail=0
[2026-05-09T02:51:40-06:00] STATUS: bot PID=49448, log_age=9s, ready_15m=0, buys_15m=0, buys_today=0, auth_fail_today=0, key=OK (from env file)
[2026-05-09T02:51:40-06:00] Monitor complete: ready=0 buys_15m=0 buys_today=0 auth_fail=0
[2026-05-09T03:06:42-06:00] STATUS: bot PID=49448, log_age=25s, ready_15m=0, buys_15m=0, buys_today=0, auth_fail_today=0, key=OK (from env file)
[2026-05-09T03:06:42-06:00] Monitor complete: ready=0 buys_15m=0 buys_today=0 auth_fail=0
[2026-05-09T03:20:43-06:00] STATUS: bot PID=49448, log_age=17s, ready_15m=0, buys_15m=0, buys_today=0, auth_fail_today=0, key=OK (from env file)
[2026-05-09T03:20:43-06:00] Monitor complete: ready=0 buys_15m=0 buys_today=0 auth_fail=0
[2026-05-09T03:36:44-06:00] STATUS: bot PID=49448, log_age=6s, ready_15m=0, buys_15m=0, buys_today=0, auth_fail_today=0, key=OK (from env file)
[2026-05-09T03:36:44-06:00] Monitor complete: ready=0 buys_15m=0 buys_today=0 auth_fail=0
[2026-05-09T03:50:45-06:00] STATUS: bot PID=49448, log_age=12s, ready_15m=0, buys_15m=0, buys_today=0, auth_fail_today=0, key=OK (from env file)
[2026-05-09T03:50:45-06:00] Monitor complete: ready=0 buys_15m=0 buys_today=0 auth_fail=0
[2026-05-09T04:06:46-06:00] STATUS: bot PID=49448, log_age=18s, ready_15m=0, buys_15m=0, buys_today=0, auth_fail_today=0, key=OK (from env file)
[2026-05-09T04:06:46-06:00] Monitor complete: ready=0 buys_15m=0 buys_today=0 auth_fail=0
[2026-05-09T04:20:47-06:00] STATUS: bot PID=49448, log_age=24s, ready_15m=0, buys_15m=0, buys_today=0, auth_fail_today=0, key=OK (from env file)
[2026-05-09T04:20:47-06:00] Monitor complete: ready=0 buys_15m=0 buys_today=0 auth_fail=0
[2026-05-09T04:35:48-06:00] STATUS: bot PID=49448, log_age=3s, ready_15m=0, buys_15m=0, buys_today=0, auth_fail_today=0, key=OK (from env file)
[2026-05-09T04:35:48-06:00] Monitor complete: ready=0 buys_15m=0 buys_today=0 auth_fail=0
[2026-05-09T04:51:50-06:00] STATUS: bot PID=49448, log_age=3s, ready_15m=0, buys_15m=0, buys_today=0, auth_fail_today=0, key=OK (from env file)
[2026-05-09T04:51:50-06:00] Monitor complete: ready=0 buys_15m=0 buys_today=0 auth_fail=0
[2026-05-09T05:06:51-06:00] STATUS: bot PID=49448, log_age=22s, ready_15m=0, buys_15m=0, buys_today=0, auth_fail_today=0, key=OK (from env file)
[2026-05-09T05:06:51-06:00] Monitor complete: ready=0 buys_15m=0 buys_today=0 auth_fail=0
[2026-05-09T05:21:52-06:00] STATUS: bot PID=49448, log_age=4s, ready_15m=0, buys_15m=0, buys_today=0, auth_fail_today=0, key=OK (from env file)
[2026-05-09T05:21:52-06:00] Monitor complete: ready=0 buys_15m=0 buys_today=0 auth_fail=0
[2026-05-09T05:36:53-06:00] STATUS: bot PID=49448, log_age=3s, ready_15m=0, buys_15m=0, buys_today=0, auth_fail_today=0, key=OK (from env file)
[2026-05-09T05:36:53-06:00] Monitor complete: ready=0 buys_15m=0 buys_today=0 auth_fail=0
[2026-05-09T05:50:53-06:00] STATUS: bot PID=49448, log_age=33s, ready_15m=0, buys_15m=0, buys_today=0, auth_fail_today=0, key=OK (from env file)
[2026-05-09T05:50:53-06:00] Monitor complete: ready=0 buys_15m=0 buys_today=0 auth_fail=0
[2026-05-09T06:06:55-06:00] STATUS: bot PID=49448, log_age=4s, ready_15m=0, buys_15m=0, buys_today=0, auth_fail_today=0, key=OK (from env file)
[2026-05-09T06:06:55-06:00] Monitor complete: ready=0 buys_15m=0 buys_today=0 auth_fail=0
[2026-05-09T06:21:56-06:00] STATUS: bot PID=49448, log_age=1s, ready_15m=0, buys_15m=0, buys_today=0, auth_fail_today=0, key=OK (from env file)
[2026-05-09T06:21:56-06:00] Monitor complete: ready=0 buys_15m=0 buys_today=0 auth_fail=0
[2026-05-09T06:36:57-06:00] STATUS: bot PID=49448, log_age=30s, ready_15m=0, buys_15m=0, buys_today=0, auth_fail_today=0, key=OK (from env file)
[2026-05-09T06:36:57-06:00] Monitor complete: ready=0 buys_15m=0 buys_today=0 auth_fail=0
[2026-05-09T06:51:58-06:00] STATUS: bot PID=49448, log_age=26s, ready_15m=0, buys_15m=0, buys_today=0, auth_fail_today=0, key=OK (from env file)
[2026-05-09T06:51:58-06:00] Monitor complete: ready=0 buys_15m=0 buys_today=0 auth_fail=0
[2026-05-09T07:06:59-06:00] STATUS: bot PID=49448, log_age=5s, ready_15m=0, buys_15m=0, buys_today=0, auth_fail_today=0, key=OK (from env file)
[2026-05-09T07:06:59-06:00] Monitor complete: ready=0 buys_15m=0 buys_today=0 auth_fail=0
[2026-05-09T07:21:00-06:00] STATUS: bot PID=49448, log_age=5s, ready_15m=0, buys_15m=0, buys_today=0, auth_fail_today=0, key=OK (from env file)
[2026-05-09T07:21:00-06:00] Monitor complete: ready=0 buys_15m=0 buys_today=0 auth_fail=0
[2026-05-09T07:36:01-06:00] STATUS: bot PID=49448, log_age=6s, ready_15m=0, buys_15m=0, buys_today=0, auth_fail_today=0, key=OK (from env file)
[2026-05-09T07:36:01-06:00] Monitor complete: ready=0 buys_15m=0 buys_today=0 auth_fail=0
[2026-05-09T07:51:00-06:00] STATUS: bot PID=49448, log_age=16s, ready_15m=0, buys_15m=0, buys_today=0, auth_fail_today=0, key=OK (from env file)
[2026-05-09T07:51:00-06:00] Monitor complete: ready=0 buys_15m=0 buys_today=0 auth_fail=0
[2026-05-09T08:06:03-06:00] STATUS: bot PID=49448, log_age=15s, ready_15m=0, buys_15m=0, buys_today=0, auth_fail_today=0, key=OK (from env file)
[2026-05-09T08:06:03-06:00] Monitor complete: ready=0 buys_15m=0 buys_today=0 auth_fail=0
[2026-05-09T08:21:04-06:00] STATUS: bot PID=49448, log_age=1s, ready_15m=0, buys_15m=0, buys_today=0, auth_fail_today=0, key=OK (from env file)
[2026-05-09T08:21:04-06:00] Monitor complete: ready=0 buys_15m=0 buys_today=0 auth_fail=0
[2026-05-09T08:37:05-06:00] STATUS: bot PID=49448, log_age=11s, ready_15m=0, buys_15m=0, buys_today=0, auth_fail_today=0, key=OK (from env file)
[2026-05-09T08:37:05-06:00] Monitor complete: ready=0 buys_15m=0 buys_today=0 auth_fail=0
[2026-05-09T08:52:07-06:00] STATUS: bot PID=49448, log_age=23s, ready_15m=0, buys_15m=0, buys_today=0, auth_fail_today=0, key=OK (from env file)
[2026-05-09T08:52:07-06:00] Monitor complete: ready=0 buys_15m=0 buys_today=0 auth_fail=0
[2026-05-09T09:06:07-06:00] STATUS: bot PID=49448, log_age=19s, ready_15m=0, buys_15m=0, buys_today=0, auth_fail_today=0, key=OK (from env file)
[2026-05-09T09:06:07-06:00] Monitor complete: ready=0 buys_15m=0 buys_today=0 auth_fail=0
[2026-05-09T09:22:09-06:00] STATUS: bot PID=49448, log_age=16s, ready_15m=0, buys_15m=0, buys_today=0, auth_fail_today=0, key=OK (from env file)
[2026-05-09T09:22:09-06:00] Monitor complete: ready=0 buys_15m=0 buys_today=0 auth_fail=0
[2026-05-09T09:36:09-06:00] STATUS: bot PID=49448, log_age=26s, ready_15m=0, buys_15m=0, buys_today=0, auth_fail_today=0, key=OK (from env file)
[2026-05-09T09:36:09-06:00] Monitor complete: ready=0 buys_15m=0 buys_today=0 auth_fail=0
[2026-05-09T09:52:10-06:00] STATUS: bot PID=49448, log_age=3s, ready_15m=0, buys_15m=0, buys_today=0, auth_fail_today=0, key=OK (from env file)
[2026-05-09T09:52:10-06:00] Monitor complete: ready=0 buys_15m=0 buys_today=0 auth_fail=0
[2026-05-09T10:07:12-06:00] STATUS: bot PID=49448, log_age=23s, ready_15m=0, buys_15m=0, buys_today=0, auth_fail_today=0, key=OK (from env file)
[2026-05-09T10:07:12-06:00] Monitor complete: ready=0 buys_15m=0 buys_today=0 auth_fail=0
[2026-05-09T10:22:13-06:00] STATUS: bot PID=49448, log_age=24s, ready_15m=0, buys_15m=0, buys_today=0, auth_fail_today=0, key=OK (from env file)
[2026-05-09T10:22:13-06:00] Monitor complete: ready=0 buys_15m=0 buys_today=0 auth_fail=0
[2026-05-09T10:36:13-06:00] STATUS: bot PID=49448, log_age=14s, ready_15m=0, buys_15m=0, buys_today=0, auth_fail_today=0, key=OK (from env file)
[2026-05-09T10:36:13-06:00] Monitor complete: ready=0 buys_15m=0 buys_today=0 auth_fail=0
[2026-05-09T10:51:14-06:00] STATUS: bot PID=49448, log_age=7s, ready_15m=0, buys_15m=0, buys_today=0, auth_fail_today=0, key=OK (from env file)
[2026-05-09T10:51:14-06:00] Monitor complete: ready=0 buys_15m=0 buys_today=0 auth_fail=0
[2026-05-09T11:07:16-06:00] STATUS: bot PID=49448, log_age=25s, ready_15m=0, buys_15m=0, buys_today=0, auth_fail_today=0, key=OK (from env file)
[2026-05-09T11:07:16-06:00] Monitor complete: ready=0 buys_15m=0 buys_today=0 auth_fail=0
[2026-05-09T11:22:17-06:00] STATUS: bot PID=49448, log_age=16s, ready_15m=0, buys_15m=0, buys_today=0, auth_fail_today=0, key=OK (from env file)
[2026-05-09T11:22:17-06:00] Monitor complete: ready=0 buys_15m=0 buys_today=0 auth_fail=0
[2026-05-09T11:36:18-06:00] STATUS: bot PID=49448, log_age=7s, ready_15m=0, buys_15m=0, buys_today=0, auth_fail_today=0, key=OK (from env file)
[2026-05-09T11:36:18-06:00] Monitor complete: ready=0 buys_15m=0 buys_today=0 auth_fail=0
[2026-05-09T11:52:19-06:00] STATUS: bot PID=49448, log_age=29s, ready_15m=0, buys_15m=0, buys_today=0, auth_fail_today=0, key=OK (from env file)
[2026-05-09T11:52:19-06:00] Monitor complete: ready=0 buys_15m=0 buys_today=0 auth_fail=0
[2026-05-09T12:06:20-06:00] STATUS: bot PID=49448, log_age=20s, ready_15m=0, buys_15m=0, buys_today=0, auth_fail_today=0, key=OK (from env file)
[2026-05-09T12:06:20-06:00] Monitor complete: ready=0 buys_15m=0 buys_today=0 auth_fail=0
[2026-05-09T12:21:21-06:00] STATUS: bot PID=49448, log_age=19s, ready_15m=0, buys_15m=0, buys_today=0, auth_fail_today=0, key=OK (from env file)
[2026-05-09T12:21:21-06:00] Monitor complete: ready=0 buys_15m=0 buys_today=0 auth_fail=0
[2026-05-09T12:36:22-06:00] STATUS: bot PID=49448, log_age=33s, ready_15m=0, buys_15m=0, buys_today=0, auth_fail_today=0, key=OK (from env file)
[2026-05-09T12:36:22-06:00] Monitor complete: ready=0 buys_15m=0 buys_today=0 auth_fail=0
[2026-05-09T12:52:23-06:00] STATUS: bot PID=49448, log_age=29s, ready_15m=0, buys_15m=0, buys_today=0, auth_fail_today=0, key=OK (from env file)
[2026-05-09T12:52:23-06:00] Monitor complete: ready=0 buys_15m=0 buys_today=0 auth_fail=0
[2026-05-09T13:07:24-06:00] STATUS: bot PID=49448, log_age=13s, ready_15m=0, buys_15m=0, buys_today=0, auth_fail_today=0, key=OK (from env file)
[2026-05-09T13:07:24-06:00] Monitor complete: ready=0 buys_15m=0 buys_today=0 auth_fail=0
[2026-05-09T13:21:25-06:00] STATUS: bot PID=49448, log_age=5s, ready_15m=0, buys_15m=0, buys_today=0, auth_fail_today=0, key=OK (from env file)
[2026-05-09T13:21:25-06:00] Monitor complete: ready=0 buys_15m=0 buys_today=0 auth_fail=0
[2026-05-09T13:36:26-06:00] STATUS: bot PID=49448, log_age=14s, ready_15m=0, buys_15m=0, buys_today=0, auth_fail_today=0, key=OK (from env file)
[2026-05-09T13:36:26-06:00] Monitor complete: ready=0 buys_15m=0 buys_today=0 auth_fail=0
[2026-05-09T13:52:27-06:00] STATUS: bot PID=49448, log_age=22s, ready_15m=0, buys_15m=0, buys_today=0, auth_fail_today=0, key=OK (from env file)
[2026-05-09T13:52:27-06:00] Monitor complete: ready=0 buys_15m=0 buys_today=0 auth_fail=0
[2026-05-09T14:06:28-06:00] STATUS: bot PID=49448, log_age=30s, ready_15m=0, buys_15m=0, buys_today=0, auth_fail_today=0, key=OK (from env file)
[2026-05-09T14:06:28-06:00] Monitor complete: ready=0 buys_15m=0 buys_today=0 auth_fail=0
[2026-05-09T14:21:29-06:00] STATUS: bot PID=49448, log_age=18s, ready_15m=0, buys_15m=0, buys_today=0, auth_fail_today=0, key=OK (from env file)
[2026-05-09T14:21:29-06:00] Monitor complete: ready=0 buys_15m=0 buys_today=0 auth_fail=0
[2026-05-09T14:36:30-06:00] STATUS: bot PID=49448, log_age=6s, ready_15m=0, buys_15m=0, buys_today=0, auth_fail_today=0, key=OK (from env file)
[2026-05-09T14:36:30-06:00] Monitor complete: ready=0 buys_15m=0 buys_today=0 auth_fail=0
[2026-05-09T14:52:31-06:00] STATUS: bot PID=49448, log_age=18s, ready_15m=0, buys_15m=0, buys_today=0, auth_fail_today=0, key=OK (from env file)
[2026-05-09T14:52:31-06:00] Monitor complete: ready=0 buys_15m=0 buys_today=0 auth_fail=0
[2026-05-09T15:06:32-06:00] STATUS: bot PID=49448, log_age=1s, ready_15m=0, buys_15m=0, buys_today=0, auth_fail_today=0, key=OK (from env file)
[2026-05-09T15:06:32-06:00] Monitor complete: ready=0 buys_15m=0 buys_today=0 auth_fail=0
[2026-05-09T15:21:33-06:00] STATUS: bot PID=49448, log_age=18s, ready_15m=0, buys_15m=0, buys_today=0, auth_fail_today=0, key=OK (from env file)
[2026-05-09T15:21:33-06:00] Monitor complete: ready=0 buys_15m=0 buys_today=0 auth_fail=0
[2026-05-09T15:37:35-06:00] STATUS: bot PID=49448, log_age=10s, ready_15m=0, buys_15m=0, buys_today=0, auth_fail_today=0, key=OK (from env file)
[2026-05-09T15:37:35-06:00] Monitor complete: ready=0 buys_15m=0 buys_today=0 auth_fail=0
[2026-05-09T15:52:36-06:00] STATUS: bot PID=49448, log_age=26s, ready_15m=0, buys_15m=0, buys_today=0, auth_fail_today=0, key=OK (from env file)
[2026-05-09T15:52:36-06:00] Monitor complete: ready=0 buys_15m=0 buys_today=0 auth_fail=0
[2026-05-09T16:06:36-06:00] STATUS: bot PID=49448, log_age=22s, ready_15m=0, buys_15m=0, buys_today=0, auth_fail_today=0, key=OK (from env file)
[2026-05-09T16:06:36-06:00] Monitor complete: ready=0 buys_15m=0 buys_today=0 auth_fail=0
[2026-05-09T16:22:38-06:00] STATUS: bot PID=49448, log_age=11s, ready_15m=0, buys_15m=0, buys_today=0, auth_fail_today=0, key=OK (from env file)
[2026-05-09T16:22:38-06:00] Monitor complete: ready=0 buys_15m=0 buys_today=0 auth_fail=0
[2026-05-09T16:37:39-06:00] STATUS: bot PID=49448, log_age=2s, ready_15m=0, buys_15m=0, buys_today=0, auth_fail_today=0, key=OK (from env file)
[2026-05-09T16:37:39-06:00] Monitor complete: ready=0 buys_15m=0 buys_today=0 auth_fail=0
[2026-05-09T16:52:40-06:00] STATUS: bot PID=49448, log_age=0s, ready_15m=0, buys_15m=0, buys_today=0, auth_fail_today=0, key=OK (from env file)
[2026-05-09T16:52:40-06:00] Monitor complete: ready=0 buys_15m=0 buys_today=0 auth_fail=0
[2026-05-09T17:07:41-06:00] STATUS: bot PID=49448, log_age=7s, ready_15m=0, buys_15m=0, buys_today=0, auth_fail_today=0, key=OK (from env file)
[2026-05-09T17:07:41-06:00] Monitor complete: ready=0 buys_15m=0 buys_today=0 auth_fail=0
[2026-05-09T17:22:42-06:00] STATUS: bot PID=49448, log_age=15s, ready_15m=0, buys_15m=0, buys_today=0, auth_fail_today=0, key=OK (from env file)
[2026-05-09T17:22:42-06:00] Monitor complete: ready=0 buys_15m=0 buys_today=0 auth_fail=0
[2026-05-09T17:36:43-06:00] STATUS: bot PID=49448, log_age=4s, ready_15m=0, buys_15m=0, buys_today=0, auth_fail_today=0, key=OK (from env file)
[2026-05-09T17:36:43-06:00] Monitor complete: ready=0 buys_15m=0 buys_today=0 auth_fail=0
[2026-05-09T17:52:44-06:00] STATUS: bot PID=49448, log_age=3s, ready_15m=0, buys_15m=0, buys_today=0, auth_fail_today=0, key=OK (from env file)
[2026-05-09T17:52:44-06:00] Monitor complete: ready=0 buys_15m=0 buys_today=0 auth_fail=0
[2026-05-09T18:06:45-06:00] STATUS: bot PID=49448, log_age=21s, ready_15m=0, buys_15m=0, buys_today=0, auth_fail_today=0, key=OK (from env file)
[2026-05-09T18:06:45-06:00] Monitor complete: ready=0 buys_15m=0 buys_today=0 auth_fail=0
[2026-05-09T18:22:46-06:00] STATUS: bot PID=49448, log_age=14s, ready_15m=0, buys_15m=0, buys_today=0, auth_fail_today=0, key=OK (from env file)
[2026-05-09T18:22:46-06:00] Monitor complete: ready=0 buys_15m=0 buys_today=0 auth_fail=0
[2026-05-09T18:36:47-06:00] STATUS: bot PID=49448, log_age=14s, ready_15m=0, buys_15m=0, buys_today=0, auth_fail_today=0, key=OK (from env file)
[2026-05-09T18:36:47-06:00] Monitor complete: ready=0 buys_15m=0 buys_today=0 auth_fail=0
[2026-05-09T18:51:48-06:00] STATUS: bot PID=49448, log_age=14s, ready_15m=0, buys_15m=0, buys_today=0, auth_fail_today=0, key=OK (from env file)
[2026-05-09T18:51:48-06:00] Monitor complete: ready=0 buys_15m=0 buys_today=0 auth_fail=0
[2026-05-09T19:06:49-06:00] STATUS: bot PID=49448, log_age=33s, ready_15m=0, buys_15m=0, buys_today=0, auth_fail_today=0, key=OK (from env file)
[2026-05-09T19:06:49-06:00] Monitor complete: ready=0 buys_15m=0 buys_today=0 auth_fail=0
[2026-05-09T19:21:50-06:00] STATUS: bot PID=49448, log_age=33s, ready_15m=0, buys_15m=0, buys_today=0, auth_fail_today=0, key=OK (from env file)
[2026-05-09T19:21:50-06:00] Monitor complete: ready=0 buys_15m=0 buys_today=0 auth_fail=0
[2026-05-09T19:37:51-06:00] STATUS: bot PID=49448, log_age=7s, ready_15m=0, buys_15m=0, buys_today=0, auth_fail_today=0, key=OK (from env file)
[2026-05-09T19:37:51-06:00] Monitor complete: ready=0 buys_15m=0 buys_today=0 auth_fail=0
[2026-05-09T19:52:52-06:00] STATUS: bot PID=49448, log_age=22s, ready_15m=0, buys_15m=0, buys_today=0, auth_fail_today=0, key=OK (from env file)
[2026-05-09T19:52:52-06:00] Monitor complete: ready=0 buys_15m=0 buys_today=0 auth_fail=0
[2026-05-09T20:07:54-06:00] STATUS: bot PID=49448, log_age=18s, ready_15m=0, buys_15m=0, buys_today=0, auth_fail_today=0, key=OK (from env file)
[2026-05-09T20:07:54-06:00] Monitor complete: ready=0 buys_15m=0 buys_today=0 auth_fail=0
[2026-05-09T20:22:54-06:00] STATUS: bot PID=49448, log_age=19s, ready_15m=0, buys_15m=0, buys_today=0, auth_fail_today=0, key=OK (from env file)
[2026-05-09T20:22:54-06:00] Monitor complete: ready=0 buys_15m=0 buys_today=0 auth_fail=0
[2026-05-09T20:36:55-06:00] STATUS: bot PID=49448, log_age=22s, ready_15m=0, buys_15m=0, buys_today=0, auth_fail_today=0, key=OK (from env file)
[2026-05-09T20:36:55-06:00] Monitor complete: ready=0 buys_15m=0 buys_today=0 auth_fail=0
[2026-05-09T20:51:56-06:00] STATUS: bot PID=49448, log_age=0s, ready_15m=0, buys_15m=0, buys_today=0, auth_fail_today=0, key=OK (from env file)
[2026-05-09T20:51:56-06:00] Monitor complete: ready=0 buys_15m=0 buys_today=0 auth_fail=0
[2026-05-09T21:06:57-06:00] STATUS: bot PID=49448, log_age=25s, ready_15m=0, buys_15m=0, buys_today=0, auth_fail_today=0, key=OK (from env file)
[2026-05-09T21:06:57-06:00] Monitor complete: ready=0 buys_15m=0 buys_today=0 auth_fail=0
[2026-05-09T21:21:58-06:00] STATUS: bot PID=49448, log_age=30s, ready_15m=0, buys_15m=0, buys_today=0, auth_fail_today=0, key=OK (from env file)
[2026-05-09T21:21:58-06:00] Monitor complete: ready=0 buys_15m=0 buys_today=0 auth_fail=0
[2026-05-09T21:38:00-06:00] STATUS: bot PID=49448, log_age=26s, ready_15m=0, buys_15m=0, buys_today=0, auth_fail_today=0, key=OK (from env file)
[2026-05-09T21:38:00-06:00] Monitor complete: ready=0 buys_15m=0 buys_today=0 auth_fail=0
[2026-05-09T21:52:00-06:00] STATUS: bot PID=49448, log_age=21s, ready_15m=0, buys_15m=0, buys_today=0, auth_fail_today=0, key=OK (from env file)
[2026-05-09T21:52:00-06:00] Monitor complete: ready=0 buys_15m=0 buys_today=0 auth_fail=0
[2026-05-09T22:07:02-06:00] STATUS: bot PID=49448, log_age=14s, ready_15m=0, buys_15m=0, buys_today=0, auth_fail_today=0, key=OK (from env file)
[2026-05-09T22:07:02-06:00] Monitor complete: ready=0 buys_15m=0 buys_today=0 auth_fail=0
[2026-05-09T22:23:03-06:00] STATUS: bot PID=49448, log_age=31s, ready_15m=0, buys_15m=0, buys_today=0, auth_fail_today=0, key=OK (from env file)
[2026-05-09T22:23:03-06:00] Monitor complete: ready=0 buys_15m=0 buys_today=0 auth_fail=0
[2026-05-09T22:37:03-06:00] STATUS: bot PID=49448, log_age=24s, ready_15m=0, buys_15m=0, buys_today=0, auth_fail_today=0, key=OK (from env file)
[2026-05-09T22:37:03-06:00] Monitor complete: ready=0 buys_15m=0 buys_today=0 auth_fail=0
[2026-05-09T22:52:05-06:00] STATUS: bot PID=49448, log_age=31s, ready_15m=0, buys_15m=0, buys_today=0, auth_fail_today=0, key=OK (from env file)
[2026-05-09T22:52:05-06:00] Monitor complete: ready=0 buys_15m=0 buys_today=0 auth_fail=0
[2026-05-09T23:07:05-06:00] STATUS: bot PID=49448, log_age=33s, ready_15m=0, buys_15m=0, buys_today=0, auth_fail_today=0, key=OK (from env file)
[2026-05-09T23:07:05-06:00] Monitor complete: ready=0 buys_15m=0 buys_today=0 auth_fail=0
[2026-05-09T23:22:06-06:00] STATUS: bot PID=49448, log_age=15s, ready_15m=0, buys_15m=0, buys_today=0, auth_fail_today=0, key=OK (from env file)
[2026-05-09T23:22:06-06:00] Monitor complete: ready=0 buys_15m=0 buys_today=0 auth_fail=0
[2026-05-09T23:37:08-06:00] STATUS: bot PID=49448, log_age=20s, ready_15m=0, buys_15m=0, buys_today=0, auth_fail_today=0, key=OK (from env file)
[2026-05-09T23:37:08-06:00] Monitor complete: ready=0 buys_15m=0 buys_today=0 auth_fail=0
[2026-05-09T23:52:09-06:00] STATUS: bot PID=49448, log_age=9s, ready_15m=0, buys_15m=0, buys_today=0, auth_fail_today=0, key=OK (from env file)
[2026-05-09T23:52:09-06:00] Monitor complete: ready=0 buys_15m=0 buys_today=0 auth_fail=0
[2026-05-10T00:08:09-06:00] STATUS: bot PID=49448, log_age=17s, ready_15m=0, buys_15m=0, buys_today=0, auth_fail_today=0, key=OK (from env file)
[2026-05-10T00:08:09-06:00] Monitor complete: ready=0 buys_15m=0 buys_today=0 auth_fail=0
[2026-05-10T00:23:11-06:00] STATUS: bot PID=49448, log_age=2s, ready_15m=0, buys_15m=0, buys_today=0, auth_fail_today=0, key=OK (from env file)
[2026-05-10T00:23:11-06:00] Monitor complete: ready=0 buys_15m=0 buys_today=0 auth_fail=0
[2026-05-10T00:38:12-06:00] STATUS: bot PID=49448, log_age=31s, ready_15m=0, buys_15m=0, buys_today=0, auth_fail_today=0, key=OK (from env file)
[2026-05-10T00:38:12-06:00] Monitor complete: ready=0 buys_15m=0 buys_today=0 auth_fail=0
[2026-05-10T00:53:13-06:00] STATUS: bot PID=49448, log_age=28s, ready_15m=0, buys_15m=0, buys_today=0, auth_fail_today=0, key=OK (from env file)
[2026-05-10T00:53:13-06:00] Monitor complete: ready=0 buys_15m=0 buys_today=0 auth_fail=0
[2026-05-10T01:07:14-06:00] STATUS: bot PID=49448, log_age=29s, ready_15m=0, buys_15m=0, buys_today=0, auth_fail_today=0, key=OK (from env file)
[2026-05-10T01:07:14-06:00] Monitor complete: ready=0 buys_15m=0 buys_today=0 auth_fail=0
[2026-05-10T01:23:15-06:00] STATUS: bot PID=49448, log_age=7s, ready_15m=0, buys_15m=0, buys_today=0, auth_fail_today=0, key=OK (from env file)
[2026-05-10T01:23:15-06:00] Monitor complete: ready=0 buys_15m=0 buys_today=0 auth_fail=0
[2026-05-10T01:37:16-06:00] STATUS: bot PID=49448, log_age=4s, ready_15m=0, buys_15m=0, buys_today=0, auth_fail_today=0, key=OK (from env file)
[2026-05-10T01:37:16-06:00] Monitor complete: ready=0 buys_15m=0 buys_today=0 auth_fail=0
[2026-05-10T01:53:17-06:00] STATUS: bot PID=49448, log_age=6s, ready_15m=0, buys_15m=0, buys_today=0, auth_fail_today=0, key=OK (from env file)
[2026-05-10T01:53:17-06:00] Monitor complete: ready=0 buys_15m=0 buys_today=0 auth_fail=0
[2026-05-10T02:07:18-06:00] STATUS: bot PID=49448, log_age=7s, ready_15m=0, buys_15m=0, buys_today=0, auth_fail_today=0, key=OK (from env file)
[2026-05-10T02:07:18-06:00] Monitor complete: ready=0 buys_15m=0 buys_today=0 auth_fail=0
[2026-05-10T02:23:19-06:00] STATUS: bot PID=49448, log_age=25s, ready_15m=0, buys_15m=0, buys_today=0, auth_fail_today=0, key=OK (from env file)
[2026-05-10T02:23:19-06:00] Monitor complete: ready=0 buys_15m=0 buys_today=0 auth_fail=0
[2026-05-10T02:38:21-06:00] STATUS: bot PID=49448, log_age=18s, ready_15m=0, buys_15m=0, buys_today=0, auth_fail_today=0, key=OK (from env file)
[2026-05-10T02:38:21-06:00] Monitor complete: ready=0 buys_15m=0 buys_today=0 auth_fail=0
[2026-05-10T02:53:22-06:00] STATUS: bot PID=49448, log_age=22s, ready_15m=0, buys_15m=0, buys_today=0, auth_fail_today=0, key=OK (from env file)
[2026-05-10T02:53:22-06:00] Monitor complete: ready=0 buys_15m=0 buys_today=0 auth_fail=0
[2026-05-10T03:07:22-06:00] STATUS: bot PID=49448, log_age=18s, ready_15m=0, buys_15m=0, buys_today=0, auth_fail_today=0, key=OK (from env file)
[2026-05-10T03:07:22-06:00] Monitor complete: ready=0 buys_15m=0 buys_today=0 auth_fail=0
[2026-05-10T03:23:24-06:00] STATUS: bot PID=49448, log_age=31s, ready_15m=0, buys_15m=0, buys_today=0, auth_fail_today=0, key=OK (from env file)
[2026-05-10T03:23:24-06:00] Monitor complete: ready=0 buys_15m=0 buys_today=0 auth_fail=0
[2026-05-10T03:37:24-06:00] STATUS: bot PID=49448, log_age=28s, ready_15m=0, buys_15m=0, buys_today=0, auth_fail_today=0, key=OK (from env file)
[2026-05-10T03:37:24-06:00] Monitor complete: ready=0 buys_15m=0 buys_today=0 auth_fail=0
[2026-05-10T03:52:25-06:00] STATUS: bot PID=49448, log_age=1s, ready_15m=0, buys_15m=0, buys_today=0, auth_fail_today=0, key=OK (from env file)
[2026-05-10T03:52:25-06:00] Monitor complete: ready=0 buys_15m=0 buys_today=0 auth_fail=0
[2026-05-10T04:08:27-06:00] STATUS: bot PID=49448, log_age=14s, ready_15m=0, buys_15m=0, buys_today=0, auth_fail_today=0, key=OK (from env file)
[2026-05-10T04:08:27-06:00] Monitor complete: ready=0 buys_15m=0 buys_today=0 auth_fail=0
[2026-05-10T04:22:28-06:00] STATUS: bot PID=49448, log_age=18s, ready_15m=0, buys_15m=0, buys_today=0, auth_fail_today=0, key=OK (from env file)
[2026-05-10T04:22:28-06:00] Monitor complete: ready=0 buys_15m=0 buys_today=0 auth_fail=0
[2026-05-10T04:38:29-06:00] STATUS: bot PID=49448, log_age=9s, ready_15m=0, buys_15m=0, buys_today=0, auth_fail_today=0, key=OK (from env file)
[2026-05-10T04:38:29-06:00] Monitor complete: ready=0 buys_15m=0 buys_today=0 auth_fail=0
[2026-05-10T04:53:30-06:00] STATUS: bot PID=49448, log_age=29s, ready_15m=0, buys_15m=0, buys_today=0, auth_fail_today=0, key=OK (from env file)
[2026-05-10T04:53:30-06:00] Monitor complete: ready=0 buys_15m=0 buys_today=0 auth_fail=0
[2026-05-10T05:07:29-06:00] STATUS: bot PID=49448, log_age=6s, ready_15m=0, buys_15m=0, buys_today=0, auth_fail_today=0, key=OK (from env file)
[2026-05-10T05:07:29-06:00] Monitor complete: ready=0 buys_15m=0 buys_today=0 auth_fail=0
[2026-05-10T05:23:32-06:00] STATUS: bot PID=49448, log_age=22s, ready_15m=0, buys_15m=0, buys_today=0, auth_fail_today=0, key=OK (from env file)
[2026-05-10T05:23:32-06:00] Monitor complete: ready=0 buys_15m=0 buys_today=0 auth_fail=0
[2026-05-10T05:38:33-06:00] STATUS: bot PID=49448, log_age=18s, ready_15m=0, buys_15m=0, buys_today=0, auth_fail_today=0, key=OK (from env file)
[2026-05-10T05:38:33-06:00] Monitor complete: ready=0 buys_15m=0 buys_today=0 auth_fail=0
[2026-05-10T05:53:34-06:00] STATUS: bot PID=49448, log_age=27s, ready_15m=0, buys_15m=0, buys_today=0, auth_fail_today=0, key=OK (from env file)
[2026-05-10T05:53:34-06:00] Monitor complete: ready=0 buys_15m=0 buys_today=0 auth_fail=0
[2026-05-10T06:07:35-06:00] STATUS: bot PID=49448, log_age=6s, ready_15m=0, buys_15m=0, buys_today=0, auth_fail_today=0, key=OK (from env file)
[2026-05-10T06:07:35-06:00] Monitor complete: ready=0 buys_15m=0 buys_today=0 auth_fail=0
[2026-05-10T06:22:36-06:00] STATUS: bot PID=49448, log_age=9s, ready_15m=0, buys_15m=0, buys_today=0, auth_fail_today=0, key=OK (from env file)
[2026-05-10T06:22:36-06:00] Monitor complete: ready=0 buys_15m=0 buys_today=0 auth_fail=0
[2026-05-10T06:38:37-06:00] STATUS: bot PID=49448, log_age=27s, ready_15m=0, buys_15m=0, buys_today=0, auth_fail_today=0, key=OK (from env file)
[2026-05-10T06:38:37-06:00] Monitor complete: ready=0 buys_15m=0 buys_today=0 auth_fail=0
[2026-05-10T06:52:38-06:00] STATUS: bot PID=49448, log_age=24s, ready_15m=0, buys_15m=0, buys_today=0, auth_fail_today=0, key=OK (from env file)
[2026-05-10T06:52:38-06:00] Monitor complete: ready=0 buys_15m=0 buys_today=0 auth_fail=0
[2026-05-10T07:08:39-06:00] STATUS: bot PID=49448, log_age=35s, ready_15m=0, buys_15m=0, buys_today=0, auth_fail_today=0, key=OK (from env file)
[2026-05-10T07:08:39-06:00] Monitor complete: ready=0 buys_15m=0 buys_today=0 auth_fail=0
[2026-05-10T07:23:40-06:00] STATUS: bot PID=49448, log_age=0s, ready_15m=0, buys_15m=0, buys_today=0, auth_fail_today=0, key=OK (from env file)
[2026-05-10T07:23:40-06:00] Monitor complete: ready=0 buys_15m=0 buys_today=0 auth_fail=0
[2026-05-10T07:38:41-06:00] STATUS: bot PID=49448, log_age=23s, ready_15m=0, buys_15m=0, buys_today=0, auth_fail_today=0, key=OK (from env file)
[2026-05-10T07:38:41-06:00] Monitor complete: ready=0 buys_15m=0 buys_today=0 auth_fail=0
[2026-05-10T07:52:42-06:00] STATUS: bot PID=49448, log_age=4s, ready_15m=0, buys_15m=0, buys_today=0, auth_fail_today=0, key=OK (from env file)
[2026-05-10T07:52:42-06:00] Monitor complete: ready=0 buys_15m=0 buys_today=0 auth_fail=0
[2026-05-10T08:08:43-06:00] STATUS: bot PID=49448, log_age=9s, ready_15m=0, buys_15m=0, buys_today=0, auth_fail_today=0, key=OK (from env file)
[2026-05-10T08:08:43-06:00] Monitor complete: ready=0 buys_15m=0 buys_today=0 auth_fail=0
[2026-05-10T08:22:44-06:00] STATUS: bot PID=49448, log_age=17s, ready_15m=0, buys_15m=0, buys_today=0, auth_fail_today=0, key=OK (from env file)
[2026-05-10T08:22:44-06:00] Monitor complete: ready=0 buys_15m=0 buys_today=0 auth_fail=0
[2026-05-10T08:37:45-06:00] STATUS: bot PID=49448, log_age=33s, ready_15m=0, buys_15m=0, buys_today=0, auth_fail_today=0, key=OK (from env file)
[2026-05-10T08:37:45-06:00] Monitor complete: ready=0 buys_15m=0 buys_today=0 auth_fail=0
[2026-05-10T08:53:47-06:00] STATUS: bot PID=49448, log_age=31s, ready_15m=0, buys_15m=0, buys_today=0, auth_fail_today=0, key=OK (from env file)
[2026-05-10T08:53:47-06:00] Monitor complete: ready=0 buys_15m=0 buys_today=0 auth_fail=0
[2026-05-10T09:08:48-06:00] STATUS: bot PID=49448, log_age=9s, ready_15m=0, buys_15m=0, buys_today=0, auth_fail_today=0, key=OK (from env file)
[2026-05-10T09:08:48-06:00] Monitor complete: ready=0 buys_15m=0 buys_today=0 auth_fail=0
[2026-05-10T09:22:48-06:00] STATUS: bot PID=49448, log_age=16s, ready_15m=0, buys_15m=0, buys_today=0, auth_fail_today=0, key=OK (from env file)
[2026-05-10T09:22:48-06:00] Monitor complete: ready=0 buys_15m=0 buys_today=0 auth_fail=0
[2026-05-10T09:38:50-06:00] STATUS: bot PID=49448, log_age=27s, ready_15m=0, buys_15m=0, buys_today=0, auth_fail_today=0, key=OK (from env file)
[2026-05-10T09:38:50-06:00] Monitor complete: ready=0 buys_15m=0 buys_today=0 auth_fail=0
[2026-05-10T09:53:51-06:00] STATUS: bot PID=49448, log_age=27s, ready_15m=0, buys_15m=0, buys_today=0, auth_fail_today=0, key=OK (from env file)
[2026-05-10T09:53:51-06:00] Monitor complete: ready=0 buys_15m=0 buys_today=0 auth_fail=0
[2026-05-10T10:07:51-06:00] STATUS: bot PID=49448, log_age=2s, ready_15m=0, buys_15m=0, buys_today=0, auth_fail_today=0, key=OK (from env file)
[2026-05-10T10:07:51-06:00] Monitor complete: ready=0 buys_15m=0 buys_today=0 auth_fail=0
[2026-05-10T10:22:52-06:00] STATUS: bot PID=49448, log_age=19s, ready_15m=0, buys_15m=0, buys_today=0, auth_fail_today=0, key=OK (from env file)
[2026-05-10T10:22:52-06:00] Monitor complete: ready=0 buys_15m=0 buys_today=0 auth_fail=0
[2026-05-10T10:38:54-06:00] STATUS: bot PID=49448, log_age=11s, ready_15m=0, buys_15m=0, buys_today=0, auth_fail_today=0, key=OK (from env file)
[2026-05-10T10:38:54-06:00] Monitor complete: ready=0 buys_15m=0 buys_today=0 auth_fail=0
[2026-05-10T10:53:55-06:00] STATUS: bot PID=49448, log_age=10s, ready_15m=0, buys_15m=0, buys_today=0, auth_fail_today=0, key=OK (from env file)
[2026-05-10T10:53:55-06:00] Monitor complete: ready=0 buys_15m=0 buys_today=0 auth_fail=0
[2026-05-10T11:08:56-06:00] STATUS: bot PID=49448, log_age=12s, ready_15m=0, buys_15m=0, buys_today=0, auth_fail_today=0, key=OK (from env file)
[2026-05-10T11:08:56-06:00] Monitor complete: ready=0 buys_15m=0 buys_today=0 auth_fail=0
[2026-05-10T11:23:57-06:00] STATUS: bot PID=49448, log_age=16s, ready_15m=0, buys_15m=0, buys_today=0, auth_fail_today=0, key=OK (from env file)
[2026-05-10T11:23:57-06:00] Monitor complete: ready=0 buys_15m=0 buys_today=0 auth_fail=0
[2026-05-10T11:37:58-06:00] STATUS: bot PID=49448, log_age=32s, ready_15m=0, buys_15m=0, buys_today=0, auth_fail_today=0, key=OK (from env file)
[2026-05-10T11:37:58-06:00] Monitor complete: ready=0 buys_15m=0 buys_today=0 auth_fail=0
[2026-05-10T11:52:59-06:00] STATUS: bot PID=49448, log_age=31s, ready_15m=0, buys_15m=0, buys_today=0, auth_fail_today=0, key=OK (from env file)
[2026-05-10T11:52:59-06:00] Monitor complete: ready=0 buys_15m=0 buys_today=0 auth_fail=0
[2026-05-10T12:08:31-06:00] STATUS: bot PID=49448, log_age=15s, ready_15m=0, buys_15m=0, buys_today=0, auth_fail_today=0, key=OK (from env file)
[2026-05-10T12:08:31-06:00] Monitor complete: ready=0 buys_15m=0 buys_today=0 auth_fail=0
[2026-05-10T12:24:00-06:00] STATUS: bot PID=49448, log_age=28s, ready_15m=0, buys_15m=0, buys_today=0, auth_fail_today=0, key=OK (from env file)
[2026-05-10T12:24:00-06:00] Monitor complete: ready=0 buys_15m=0 buys_today=0 auth_fail=0
[2026-05-10T12:38:02-06:00] STATUS: bot PID=49448, log_age=11s, ready_15m=0, buys_15m=0, buys_today=0, auth_fail_today=0, key=OK (from env file)
[2026-05-10T12:38:02-06:00] Monitor complete: ready=0 buys_15m=0 buys_today=0 auth_fail=0
[2026-05-10T12:53:03-06:00] STATUS: bot PID=49448, log_age=31s, ready_15m=0, buys_15m=0, buys_today=0, auth_fail_today=0, key=OK (from env file)
[2026-05-10T12:53:03-06:00] Monitor complete: ready=0 buys_15m=0 buys_today=0 auth_fail=0
[2026-05-10T13:09:04-06:00] STATUS: bot PID=49448, log_age=33s, ready_15m=0, buys_15m=0, buys_today=0, auth_fail_today=0, key=OK (from env file)
[2026-05-10T13:09:04-06:00] Monitor complete: ready=0 buys_15m=0 buys_today=0 auth_fail=0
[2026-05-10T13:23:05-06:00] STATUS: bot PID=49448, log_age=27s, ready_15m=0, buys_15m=0, buys_today=0, auth_fail_today=0, key=OK (from env file)
[2026-05-10T13:23:05-06:00] Monitor complete: ready=0 buys_15m=0 buys_today=0 auth_fail=0
[2026-05-10T13:39:06-06:00] STATUS: bot PID=49448, log_age=18s, ready_15m=0, buys_15m=0, buys_today=0, auth_fail_today=0, key=OK (from env file)
[2026-05-10T13:39:06-06:00] Monitor complete: ready=0 buys_15m=0 buys_today=0 auth_fail=0
[2026-05-10T13:53:07-06:00] STATUS: bot PID=49448, log_age=13s, ready_15m=0, buys_15m=0, buys_today=0, auth_fail_today=0, key=OK (from env file)
[2026-05-10T13:53:07-06:00] Monitor complete: ready=0 buys_15m=0 buys_today=0 auth_fail=0
[2026-05-10T14:09:09-06:00] STATUS: bot PID=49448, log_age=0s, ready_15m=0, buys_15m=0, buys_today=0, auth_fail_today=0, key=OK (from env file)
[2026-05-10T14:09:09-06:00] Monitor complete: ready=0 buys_15m=0 buys_today=0 auth_fail=0
[2026-05-10T14:23:09-06:00] STATUS: bot PID=49448, log_age=35s, ready_15m=0, buys_15m=0, buys_today=0, auth_fail_today=0, key=OK (from env file)
[2026-05-10T14:23:09-06:00] Monitor complete: ready=0 buys_15m=0 buys_today=0 auth_fail=0
[2026-05-10T14:38:10-06:00] STATUS: bot PID=49448, log_age=20s, ready_15m=0, buys_15m=0, buys_today=0, auth_fail_today=0, key=OK (from env file)
[2026-05-10T14:38:10-06:00] Monitor complete: ready=0 buys_15m=0 buys_today=0 auth_fail=0
[2026-05-10T14:53:11-06:00] STATUS: bot PID=49448, log_age=24s, ready_15m=0, buys_15m=0, buys_today=0, auth_fail_today=0, key=OK (from env file)
[2026-05-10T14:53:11-06:00] Monitor complete: ready=0 buys_15m=0 buys_today=0 auth_fail=0
[2026-05-10T15:08:12-06:00] STATUS: bot PID=49448, log_age=12s, ready_15m=0, buys_15m=0, buys_today=0, auth_fail_today=0, key=OK (from env file)
[2026-05-10T15:08:12-06:00] Monitor complete: ready=0 buys_15m=0 buys_today=0 auth_fail=0
[2026-05-10T15:24:14-06:00] STATUS: bot PID=49448, log_age=5s, ready_15m=0, buys_15m=0, buys_today=0, auth_fail_today=0, key=OK (from env file)
[2026-05-10T15:24:14-06:00] Monitor complete: ready=0 buys_15m=0 buys_today=0 auth_fail=0
[2026-05-10T15:39:15-06:00] STATUS: bot PID=49448, log_age=3s, ready_15m=0, buys_15m=0, buys_today=0, auth_fail_today=0, key=OK (from env file)
[2026-05-10T15:39:15-06:00] Monitor complete: ready=0 buys_15m=0 buys_today=0 auth_fail=0
[2026-05-10T15:53:15-06:00] STATUS: bot PID=49448, log_age=30s, ready_15m=0, buys_15m=0, buys_today=0, auth_fail_today=0, key=OK (from env file)
[2026-05-10T15:53:15-06:00] Monitor complete: ready=0 buys_15m=0 buys_today=0 auth_fail=0
[2026-05-10T16:09:17-06:00] STATUS: bot PID=49448, log_age=26s, ready_15m=0, buys_15m=0, buys_today=0, auth_fail_today=0, key=OK (from env file)
[2026-05-10T16:09:17-06:00] Monitor complete: ready=0 buys_15m=0 buys_today=0 auth_fail=0
[2026-05-10T16:23:17-06:00] STATUS: bot PID=49448, log_age=23s, ready_15m=0, buys_15m=0, buys_today=0, auth_fail_today=0, key=OK (from env file)
[2026-05-10T16:23:17-06:00] Monitor complete: ready=0 buys_15m=0 buys_today=0 auth_fail=0
[2026-05-10T16:39:19-06:00] STATUS: bot PID=49448, log_age=20s, ready_15m=0, buys_15m=0, buys_today=0, auth_fail_today=0, key=OK (from env file)
[2026-05-10T16:39:19-06:00] Monitor complete: ready=0 buys_15m=0 buys_today=0 auth_fail=0
[2026-05-10T16:53:20-06:00] STATUS: bot PID=49448, log_age=5s, ready_15m=0, buys_15m=0, buys_today=0, auth_fail_today=0, key=OK (from env file)
[2026-05-10T16:53:20-06:00] Monitor complete: ready=0 buys_15m=0 buys_today=0 auth_fail=0
[2026-05-10T17:09:21-06:00] STATUS: bot PID=49448, log_age=29s, ready_15m=0, buys_15m=0, buys_today=0, auth_fail_today=0, key=OK (from env file)
[2026-05-10T17:09:21-06:00] Monitor complete: ready=0 buys_15m=0 buys_today=0 auth_fail=0
[2026-05-10T17:24:22-06:00] STATUS: bot PID=49448, log_age=24s, ready_15m=0, buys_15m=0, buys_today=0, auth_fail_today=0, key=OK (from env file)
[2026-05-10T17:24:22-06:00] Monitor complete: ready=0 buys_15m=0 buys_today=0 auth_fail=0
[2026-05-10T17:38:23-06:00] STATUS: bot PID=49448, log_age=19s, ready_15m=0, buys_15m=0, buys_today=0, auth_fail_today=0, key=OK (from env file)
[2026-05-10T17:38:23-06:00] Monitor complete: ready=0 buys_15m=0 buys_today=0 auth_fail=0
[2026-05-10T17:54:24-06:00] STATUS: bot PID=49448, log_age=4s, ready_15m=0, buys_15m=0, buys_today=0, auth_fail_today=0, key=OK (from env file)
[2026-05-10T17:54:24-06:00] Monitor complete: ready=0 buys_15m=0 buys_today=0 auth_fail=0
[2026-05-10T18:08:25-06:00] STATUS: bot PID=49448, log_age=2s, ready_15m=0, buys_15m=0, buys_today=0, auth_fail_today=0, key=OK (from env file)
[2026-05-10T18:08:25-06:00] Monitor complete: ready=0 buys_15m=0 buys_today=0 auth_fail=0
[2026-05-10T18:23:26-06:00] STATUS: bot PID=49448, log_age=12s, ready_15m=0, buys_15m=0, buys_today=0, auth_fail_today=0, key=OK (from env file)
[2026-05-10T18:23:26-06:00] Monitor complete: ready=0 buys_15m=0 buys_today=0 auth_fail=0
[2026-05-10T18:39:27-06:00] STATUS: bot PID=49448, log_age=12s, ready_15m=0, buys_15m=0, buys_today=0, auth_fail_today=0, key=OK (from env file)
[2026-05-10T18:39:27-06:00] Monitor complete: ready=0 buys_15m=0 buys_today=0 auth_fail=0
[2026-05-10T18:53:28-06:00] STATUS: bot PID=49448, log_age=13s, ready_15m=0, buys_15m=0, buys_today=0, auth_fail_today=0, key=OK (from env file)
[2026-05-10T18:53:28-06:00] Monitor complete: ready=0 buys_15m=0 buys_today=0 auth_fail=0
[2026-05-10T19:09:29-06:00] STATUS: bot PID=49448, log_age=3s, ready_15m=0, buys_15m=0, buys_today=0, auth_fail_today=0, key=OK (from env file)
[2026-05-10T19:09:29-06:00] Monitor complete: ready=0 buys_15m=0 buys_today=0 auth_fail=0
[2026-05-10T19:24:30-06:00] STATUS: bot PID=49448, log_age=34s, ready_15m=0, buys_15m=0, buys_today=0, auth_fail_today=0, key=OK (from env file)
[2026-05-10T19:24:30-06:00] Monitor complete: ready=0 buys_15m=0 buys_today=0 auth_fail=0
[2026-05-10T19:39:31-06:00] STATUS: bot PID=49448, log_age=14s, ready_15m=0, buys_15m=0, buys_today=0, auth_fail_today=0, key=OK (from env file)
[2026-05-10T19:39:31-06:00] Monitor complete: ready=0 buys_15m=0 buys_today=0 auth_fail=0
[2026-05-10T19:53:31-06:00] STATUS: bot PID=49448, log_age=20s, ready_15m=0, buys_15m=0, buys_today=0, auth_fail_today=0, key=OK (from env file)
[2026-05-10T19:53:31-06:00] Monitor complete: ready=0 buys_15m=0 buys_today=0 auth_fail=0
[2026-05-10T20:09:34-06:00] STATUS: bot PID=49448, log_age=27s, ready_15m=0, buys_15m=0, buys_today=0, auth_fail_today=0, key=OK (from env file)
[2026-05-10T20:09:34-06:00] Monitor complete: ready=0 buys_15m=0 buys_today=0 auth_fail=0
[2026-05-10T20:24:35-06:00] STATUS: bot PID=49448, log_age=31s, ready_15m=0, buys_15m=0, buys_today=0, auth_fail_today=0, key=OK (from env file)
[2026-05-10T20:24:35-06:00] Monitor complete: ready=0 buys_15m=0 buys_today=0 auth_fail=0
[2026-05-10T20:39:35-06:00] STATUS: bot PID=49448, log_age=13s, ready_15m=0, buys_15m=0, buys_today=0, auth_fail_today=0, key=OK (from env file)
[2026-05-10T20:39:35-06:00] Monitor complete: ready=0 buys_15m=0 buys_today=0 auth_fail=0
[2026-05-10T20:53:36-06:00] STATUS: bot PID=49448, log_age=19s, ready_15m=0, buys_15m=0, buys_today=0, auth_fail_today=0, key=OK (from env file)
[2026-05-10T20:53:36-06:00] Monitor complete: ready=0 buys_15m=0 buys_today=0 auth_fail=0
[2026-05-10T21:08:37-06:00] STATUS: bot PID=49448, log_age=18s, ready_15m=0, buys_15m=0, buys_today=0, auth_fail_today=0, key=OK (from env file)
[2026-05-10T21:08:37-06:00] Monitor complete: ready=0 buys_15m=0 buys_today=0 auth_fail=0
[2026-05-10T21:23:38-06:00] STATUS: bot PID=49448, log_age=12s, ready_15m=0, buys_15m=0, buys_today=0, auth_fail_today=0, key=OK (from env file)
[2026-05-10T21:23:38-06:00] Monitor complete: ready=0 buys_15m=0 buys_today=0 auth_fail=0
[2026-05-10T21:38:39-06:00] STATUS: bot PID=49448, log_age=30s, ready_15m=0, buys_15m=0, buys_today=0, auth_fail_today=0, key=OK (from env file)
[2026-05-10T21:38:39-06:00] Monitor complete: ready=0 buys_15m=0 buys_today=0 auth_fail=0
[2026-05-10T21:53:40-06:00] STATUS: bot PID=49448, log_age=34s, ready_15m=0, buys_15m=0, buys_today=0, auth_fail_today=0, key=OK (from env file)
[2026-05-10T21:53:40-06:00] Monitor complete: ready=0 buys_15m=0 buys_today=0 auth_fail=0
[2026-05-10T22:09:42-06:00] STATUS: bot PID=49448, log_age=16s, ready_15m=0, buys_15m=0, buys_today=0, auth_fail_today=0, key=OK (from env file)
[2026-05-10T22:09:42-06:00] Monitor complete: ready=0 buys_15m=0 buys_today=0 auth_fail=0
[2026-05-10T22:24:43-06:00] STATUS: bot PID=49448, log_age=24s, ready_15m=0, buys_15m=0, buys_today=0, auth_fail_today=0, key=OK (from env file)
[2026-05-10T22:24:43-06:00] Monitor complete: ready=0 buys_15m=0 buys_today=0 auth_fail=0
[2026-05-10T22:39:44-06:00] STATUS: bot PID=49448, log_age=9s, ready_15m=0, buys_15m=0, buys_today=0, auth_fail_today=0, key=OK (from env file)
[2026-05-10T22:39:44-06:00] Monitor complete: ready=0 buys_15m=0 buys_today=0 auth_fail=0
[2026-05-10T22:53:44-06:00] STATUS: bot PID=49448, log_age=4s, ready_15m=0, buys_15m=0, buys_today=0, auth_fail_today=0, key=OK (from env file)
[2026-05-10T22:53:44-06:00] Monitor complete: ready=0 buys_15m=0 buys_today=0 auth_fail=0
[2026-05-10T23:09:46-06:00] STATUS: bot PID=49448, log_age=28s, ready_15m=0, buys_15m=0, buys_today=0, auth_fail_today=0, key=OK (from env file)
[2026-05-10T23:09:46-06:00] Monitor complete: ready=0 buys_15m=0 buys_today=0 auth_fail=0
[2026-05-10T23:24:47-06:00] STATUS: bot PID=49448, log_age=17s, ready_15m=0, buys_15m=0, buys_today=0, auth_fail_today=0, key=OK (from env file)
[2026-05-10T23:24:47-06:00] Monitor complete: ready=0 buys_15m=0 buys_today=0 auth_fail=0
[2026-05-10T23:38:48-06:00] STATUS: bot PID=49448, log_age=27s, ready_15m=0, buys_15m=0, buys_today=0, auth_fail_today=0, key=OK (from env file)
[2026-05-10T23:38:48-06:00] Monitor complete: ready=0 buys_15m=0 buys_today=0 auth_fail=0
[2026-05-10T23:54:49-06:00] STATUS: bot PID=49448, log_age=26s, ready_15m=0, buys_15m=0, buys_today=0, auth_fail_today=0, key=OK (from env file)
[2026-05-10T23:54:49-06:00] Monitor complete: ready=0 buys_15m=0 buys_today=0 auth_fail=0
[2026-05-11T00:08:50-06:00] STATUS: bot PID=49448, log_age=8s, ready_15m=0, buys_15m=0, buys_today=0, auth_fail_today=0, key=OK (from env file)
[2026-05-11T00:08:50-06:00] Monitor complete: ready=0 buys_15m=0 buys_today=0 auth_fail=0
[2026-05-11T00:24:01-06:00] STATUS: bot PID=49448, log_age=7s, ready_15m=0, buys_15m=0, buys_today=0, auth_fail_today=0, key=OK (from env file)
[2026-05-11T00:24:01-06:00] Monitor complete: ready=0 buys_15m=0 buys_today=0 auth_fail=0
[2026-05-11T00:38:52-06:00] STATUS: bot PID=49448, log_age=6s, ready_15m=0, buys_15m=0, buys_today=0, auth_fail_today=0, key=OK (from env file)
[2026-05-11T00:38:52-06:00] Monitor complete: ready=0 buys_15m=0 buys_today=0 auth_fail=0
[2026-05-11T00:54:03-06:00] STATUS: bot PID=49448, log_age=35s, ready_15m=0, buys_15m=0, buys_today=0, auth_fail_today=0, key=OK (from env file)
[2026-05-11T00:54:03-06:00] Monitor complete: ready=0 buys_15m=0 buys_today=0 auth_fail=0
[2026-05-11T01:08:54-06:00] STATUS: bot PID=49448, log_age=14s, ready_15m=0, buys_15m=0, buys_today=0, auth_fail_today=0, key=OK (from env file)
[2026-05-11T01:08:54-06:00] Monitor complete: ready=0 buys_15m=0 buys_today=0 auth_fail=0
[2026-05-11T01:23:55-06:00] STATUS: bot PID=49448, log_age=13s, ready_15m=0, buys_15m=0, buys_today=0, auth_fail_today=0, key=OK (from env file)
[2026-05-11T01:23:55-06:00] Monitor complete: ready=0 buys_15m=0 buys_today=0 auth_fail=0
[2026-05-11T01:39:07-06:00] STATUS: bot PID=49448, log_age=10s, ready_15m=0, buys_15m=0, buys_today=0, auth_fail_today=0, key=OK (from env file)
[2026-05-11T01:39:07-06:00] Monitor complete: ready=0 buys_15m=0 buys_today=0 auth_fail=0
