[2m2026-04-21T19:16:40.064463Z[0m [32m INFO[0m [2mbore_cli::client[0m[2m:[0m connected to server [3mremote_port[0m[2m=[0m59678
[2m2026-04-21T19:16:40.064556Z[0m [32m INFO[0m [2mbore_cli::client[0m[2m:[0m listening at bore.pub:59678
Error: could not connect to bore.pub:7835

Caused by:
    No route to host (os error 65)
[2m2026-04-21T19:29:48.321158Z[0m [32m INFO[0m [2mbore_cli::client[0m[2m:[0m connected to server [3mremote_port[0m[2m=[0m3628
[2m2026-04-21T19:29:48.321275Z[0m [32m INFO[0m [2mbore_cli::client[0m[2m:[0m listening at bore.pub:3628
[2m2026-04-21T19:44:12.560355Z[0m [32m INFO[0m [2mbore_cli::client[0m[2m:[0m connected to server [3mremote_port[0m[2m=[0m37221
[2m2026-04-21T19:44:12.561197Z[0m [32m INFO[0m [2mbore_cli::client[0m[2m:[0m listening at bore.pub:37221
Error: could not connect to bore.pub:7835

Caused by:
    No route to host (os error 65)
[2m2026-04-21T19:50:18.949581Z[0m [32m INFO[0m [2mbore_cli::client[0m[2m:[0m connected to server [3mremote_port[0m[2m=[0m29405
[2m2026-04-21T19:50:18.949690Z[0m [32m INFO[0m [2mbore_cli::client[0m[2m:[0m listening at bore.pub:29405
Error: could not connect to bore.pub:7835

Caused by:
    No route to host (os error 65)
[2m2026-04-21T20:03:12.472562Z[0m [32m INFO[0m [2mbore_cli::client[0m[2m:[0m connected to server [3mremote_port[0m[2m=[0m21302
[2m2026-04-21T20:03:12.472644Z[0m [32m INFO[0m [2mbore_cli::client[0m[2m:[0m listening at bore.pub:21302
Error: could not connect to bore.pub:7835

Caused by:
    No route to host (os error 65)
[2m2026-04-21T20:24:58.598696Z[0m [32m INFO[0m [2mbore_cli::client[0m[2m:[0m connected to server [3mremote_port[0m[2m=[0m28537
[2m2026-04-21T20:24:58.598795Z[0m [32m INFO[0m [2mbore_cli::client[0m[2m:[0m listening at bore.pub:28537
Error: could not connect to bore.pub:7835

Caused by:
    No route to host (os error 65)
[2m2026-04-21T20:59:59.438878Z[0m [32m INFO[0m [2mbore_cli::client[0m[2m:[0m connected to server [3mremote_port[0m[2m=[0m24733
[2m2026-04-21T20:59:59.439033Z[0m [32m INFO[0m [2mbore_cli::client[0m[2m:[0m listening at bore.pub:24733
Error: could not connect to bore.pub:7835

Caused by:
    No route to host (os error 65)
[2m2026-04-21T21:40:12.424836Z[0m [32m INFO[0m [2mbore_cli::client[0m[2m:[0m connected to server [3mremote_port[0m[2m=[0m47840
[2m2026-04-21T21:40:12.424928Z[0m [32m INFO[0m [2mbore_cli::client[0m[2m:[0m listening at bore.pub:47840
Error: could not connect to bore.pub:7835

Caused by:
    No route to host (os error 65)
[2m2026-04-21T22:08:51.692894Z[0m [32m INFO[0m [2mbore_cli::client[0m[2m:[0m connected to server [3mremote_port[0m[2m=[0m41061
[2m2026-04-21T22:08:51.693021Z[0m [32m INFO[0m [2mbore_cli::client[0m[2m:[0m listening at bore.pub:41061
Error: could not connect to bore.pub:7835

Caused by:
    No route to host (os error 65)
[2m2026-04-21T22:52:50.375414Z[0m [32m INFO[0m [2mbore_cli::client[0m[2m:[0m connected to server [3mremote_port[0m[2m=[0m43363
[2m2026-04-21T22:52:50.375506Z[0m [32m INFO[0m [2mbore_cli::client[0m[2m:[0m listening at bore.pub:43363
[2m2026-04-21T23:12:45.850297Z[0m [32m INFO[0m [2mbore_cli::client[0m[2m:[0m connected to server [3mremote_port[0m[2m=[0m39408
[2m2026-04-21T23:12:45.851346Z[0m [32m INFO[0m [2mbore_cli::client[0m[2m:[0m listening at bore.pub:39408
Error: could not connect to bore.pub:7835

Caused by:
    No route to host (os error 65)
[2m2026-04-21T23:21:33.288651Z[0m [32m INFO[0m [2mbore_cli::client[0m[2m:[0m connected to server [3mremote_port[0m[2m=[0m3222
[2m2026-04-21T23:21:33.288738Z[0m [32m INFO[0m [2mbore_cli::client[0m[2m:[0m listening at bore.pub:3222
Error: could not connect to bore.pub:7835

Caused by:
    No route to host (os error 65)
[2m2026-04-21T23:34:26.496301Z[0m [32m INFO[0m [2mbore_cli::client[0m[2m:[0m connected to server [3mremote_port[0m[2m=[0m21839
[2m2026-04-21T23:34:26.496394Z[0m [32m INFO[0m [2mbore_cli::client[0m[2m:[0m listening at bore.pub:21839
Error: could not connect to bore.pub:7835

Caused by:
    No route to host (os error 65)
[2m2026-04-21T23:47:30.425112Z[0m [32m INFO[0m [2mbore_cli::client[0m[2m:[0m connected to server [3mremote_port[0m[2m=[0m42563
[2m2026-04-21T23:47:30.425251Z[0m [32m INFO[0m [2mbore_cli::client[0m[2m:[0m listening at bore.pub:42563
Error: could not connect to bore.pub:7835

Caused by:
    No route to host (os error 65)
[2m2026-04-21T23:52:58.960412Z[0m [32m INFO[0m [2mbore_cli::client[0m[2m:[0m connected to server [3mremote_port[0m[2m=[0m64585
[2m2026-04-21T23:52:58.960527Z[0m [32m INFO[0m [2mbore_cli::client[0m[2m:[0m listening at bore.pub:64585
Error: could not connect to bore.pub:7835

Caused by:
    No route to host (os error 65)
[2m2026-04-22T00:06:57.109798Z[0m [32m INFO[0m [2mbore_cli::client[0m[2m:[0m connected to server [3mremote_port[0m[2m=[0m31245
[2m2026-04-22T00:06:57.109894Z[0m [32m INFO[0m [2mbore_cli::client[0m[2m:[0m listening at bore.pub:31245
Error: could not connect to bore.pub:7835

Caused by:
    No route to host (os error 65)
[2m2026-04-22T00:24:33.037697Z[0m [32m INFO[0m [2mbore_cli::client[0m[2m:[0m connected to server [3mremote_port[0m[2m=[0m11956
[2m2026-04-22T00:24:33.037924Z[0m [32m INFO[0m [2mbore_cli::client[0m[2m:[0m listening at bore.pub:11956
Error: could not connect to bore.pub:7835

Caused by:
    No route to host (os error 65)
[2m2026-04-22T00:39:55.864025Z[0m [32m INFO[0m [2mbore_cli::client[0m[2m:[0m connected to server [3mremote_port[0m[2m=[0m35367
[2m2026-04-22T00:39:55.864173Z[0m [32m INFO[0m [2mbore_cli::client[0m[2m:[0m listening at bore.pub:35367
[2m2026-04-22T01:01:29.268380Z[0m [32m INFO[0m [2mbore_cli::client[0m[2m:[0m connected to server [3mremote_port[0m[2m=[0m30990
[2m2026-04-22T01:01:29.268527Z[0m [32m INFO[0m [2mbore_cli::client[0m[2m:[0m listening at bore.pub:30990
[2m2026-04-22T01:07:48.492078Z[0m [32m INFO[0m [2mbore_cli::client[0m[2m:[0m connected to server [3mremote_port[0m[2m=[0m55164
[2m2026-04-22T01:07:48.492999Z[0m [32m INFO[0m [2mbore_cli::client[0m[2m:[0m listening at bore.pub:55164
Error: could not connect to bore.pub:7835

Caused by:
    No route to host (os error 65)
[2m2026-04-22T01:25:08.664697Z[0m [32m INFO[0m [2mbore_cli::client[0m[2m:[0m connected to server [3mremote_port[0m[2m=[0m59718
[2m2026-04-22T01:25:08.664788Z[0m [32m INFO[0m [2mbore_cli::client[0m[2m:[0m listening at bore.pub:59718
[2m2026-04-22T01:45:29.309292Z[0m [32m INFO[0m [2mbore_cli::client[0m[2m:[0m connected to server [3mremote_port[0m[2m=[0m58261
[2m2026-04-22T01:45:29.310123Z[0m [32m INFO[0m [2mbore_cli::client[0m[2m:[0m listening at bore.pub:58261
Error: could not connect to bore.pub:7835

Caused by:
    No route to host (os error 65)
[2m2026-04-22T02:10:13.814863Z[0m [32m INFO[0m [2mbore_cli::client[0m[2m:[0m connected to server [3mremote_port[0m[2m=[0m36547
[2m2026-04-22T02:10:13.814953Z[0m [32m INFO[0m [2mbore_cli::client[0m[2m:[0m listening at bore.pub:36547
Error: could not connect to bore.pub:7835

Caused by:
    No route to host (os error 65)
[2m2026-04-22T03:42:16.908832Z[0m [32m INFO[0m [2mbore_cli::client[0m[2m:[0m connected to server [3mremote_port[0m[2m=[0m7907
[2m2026-04-22T03:42:16.908972Z[0m [32m INFO[0m [2mbore_cli::client[0m[2m:[0m listening at bore.pub:7907
Error: could not connect to bore.pub:7835

Caused by:
    No route to host (os error 65)
[2m2026-04-22T04:10:30.679864Z[0m [32m INFO[0m [2mbore_cli::client[0m[2m:[0m connected to server [3mremote_port[0m[2m=[0m53125
[2m2026-04-22T04:10:30.679959Z[0m [32m INFO[0m [2mbore_cli::client[0m[2m:[0m listening at bore.pub:53125
Error: could not connect to bore.pub:7835

Caused by:
    No route to host (os error 65)
[2m2026-04-22T06:12:28.784921Z[0m [32m INFO[0m [2mbore_cli::client[0m[2m:[0m connected to server [3mremote_port[0m[2m=[0m47808
[2m2026-04-22T06:12:28.785024Z[0m [32m INFO[0m [2mbore_cli::client[0m[2m:[0m listening at bore.pub:47808
Error: could not connect to bore.pub:7835

Caused by:
    No route to host (os error 65)
[2m2026-04-22T06:32:19.553011Z[0m [32m INFO[0m [2mbore_cli::client[0m[2m:[0m connected to server [3mremote_port[0m[2m=[0m53432
[2m2026-04-22T06:32:19.553105Z[0m [32m INFO[0m [2mbore_cli::client[0m[2m:[0m listening at bore.pub:53432
Error: could not connect to bore.pub:7835

Caused by:
    No route to host (os error 65)
[2m2026-04-22T07:01:33.466535Z[0m [32m INFO[0m [2mbore_cli::client[0m[2m:[0m connected to server [3mremote_port[0m[2m=[0m48799
[2m2026-04-22T07:01:33.466625Z[0m [32m INFO[0m [2mbore_cli::client[0m[2m:[0m listening at bore.pub:48799
Error: could not connect to bore.pub:7835

Caused by:
    No route to host (os error 65)
[2m2026-04-22T07:14:07.220567Z[0m [32m INFO[0m [2mbore_cli::client[0m[2m:[0m connected to server [3mremote_port[0m[2m=[0m30037
[2m2026-04-22T07:14:07.220700Z[0m [32m INFO[0m [2mbore_cli::client[0m[2m:[0m listening at bore.pub:30037
Error: could not connect to bore.pub:7835

Caused by:
    No route to host (os error 65)
[2m2026-04-22T07:31:14.566299Z[0m [32m INFO[0m [2mbore_cli::client[0m[2m:[0m connected to server [3mremote_port[0m[2m=[0m26477
[2m2026-04-22T07:31:14.566373Z[0m [32m INFO[0m [2mbore_cli::client[0m[2m:[0m listening at bore.pub:26477
Error: could not connect to bore.pub:7835

Caused by:
    No route to host (os error 65)
[2m2026-04-22T07:50:20.336342Z[0m [32m INFO[0m [2mbore_cli::client[0m[2m:[0m connected to server [3mremote_port[0m[2m=[0m35217
[2m2026-04-22T07:50:20.336422Z[0m [32m INFO[0m [2mbore_cli::client[0m[2m:[0m listening at bore.pub:35217
Error: could not connect to bore.pub:7835

Caused by:
    No route to host (os error 65)
[2m2026-04-22T08:02:36.683936Z[0m [32m INFO[0m [2mbore_cli::client[0m[2m:[0m connected to server [3mremote_port[0m[2m=[0m51075
[2m2026-04-22T08:02:36.684014Z[0m [32m INFO[0m [2mbore_cli::client[0m[2m:[0m listening at bore.pub:51075
Error: could not connect to bore.pub:7835

Caused by:
    No route to host (os error 65)
[2m2026-04-22T08:19:22.358158Z[0m [32m INFO[0m [2mbore_cli::client[0m[2m:[0m connected to server [3mremote_port[0m[2m=[0m64193
[2m2026-04-22T08:19:22.358315Z[0m [32m INFO[0m [2mbore_cli::client[0m[2m:[0m listening at bore.pub:64193
Error: could not connect to bore.pub:7835

Caused by:
    No route to host (os error 65)
[2m2026-04-22T08:39:46.499065Z[0m [32m INFO[0m [2mbore_cli::client[0m[2m:[0m connected to server [3mremote_port[0m[2m=[0m60509
[2m2026-04-22T08:39:46.499193Z[0m [32m INFO[0m [2mbore_cli::client[0m[2m:[0m listening at bore.pub:60509
Error: could not connect to bore.pub:7835

Caused by:
    No route to host (os error 65)
[2m2026-04-22T09:35:32.052037Z[0m [32m INFO[0m [2mbore_cli::client[0m[2m:[0m connected to server [3mremote_port[0m[2m=[0m40183
[2m2026-04-22T09:35:32.052158Z[0m [32m INFO[0m [2mbore_cli::client[0m[2m:[0m listening at bore.pub:40183
Error: could not connect to bore.pub:7835

Caused by:
    No route to host (os error 65)
[2m2026-04-22T10:04:12.664352Z[0m [32m INFO[0m [2mbore_cli::client[0m[2m:[0m connected to server [3mremote_port[0m[2m=[0m2023
[2m2026-04-22T10:04:12.664430Z[0m [32m INFO[0m [2mbore_cli::client[0m[2m:[0m listening at bore.pub:2023
[2m2026-04-22T10:51:32.873835Z[0m [32m INFO[0m [2mbore_cli::client[0m[2m:[0m connected to server [3mremote_port[0m[2m=[0m5572
[2m2026-04-22T10:51:32.874410Z[0m [32m INFO[0m [2mbore_cli::client[0m[2m:[0m listening at bore.pub:5572
[2m2026-04-22T11:03:49.596591Z[0m [32m INFO[0m [2mbore_cli::client[0m[2m:[0m connected to server [3mremote_port[0m[2m=[0m47171
[2m2026-04-22T11:03:49.597800Z[0m [32m INFO[0m [2mbore_cli::client[0m[2m:[0m listening at bore.pub:47171
Error: could not connect to bore.pub:7835

Caused by:
    No route to host (os error 65)
[2m2026-04-22T11:36:03.642936Z[0m [32m INFO[0m [2mbore_cli::client[0m[2m:[0m connected to server [3mremote_port[0m[2m=[0m54375
[2m2026-04-22T11:36:03.643050Z[0m [32m INFO[0m [2mbore_cli::client[0m[2m:[0m listening at bore.pub:54375
Error: could not connect to bore.pub:7835

Caused by:
    No route to host (os error 65)
[2m2026-04-22T12:01:06.353015Z[0m [32m INFO[0m [2mbore_cli::client[0m[2m:[0m connected to server [3mremote_port[0m[2m=[0m20571
[2m2026-04-22T12:01:06.353079Z[0m [32m INFO[0m [2mbore_cli::client[0m[2m:[0m listening at bore.pub:20571
Error: could not connect to bore.pub:7835

Caused by:
    No route to host (os error 65)
[2m2026-04-22T12:11:56.406175Z[0m [32m INFO[0m [2mbore_cli::client[0m[2m:[0m connected to server [3mremote_port[0m[2m=[0m22492
[2m2026-04-22T12:11:56.406244Z[0m [32m INFO[0m [2mbore_cli::client[0m[2m:[0m listening at bore.pub:22492
Error: could not connect to bore.pub:7835

Caused by:
    No route to host (os error 65)
[2m2026-04-22T12:26:59.817604Z[0m [32m INFO[0m [2mbore_cli::client[0m[2m:[0m connected to server [3mremote_port[0m[2m=[0m65311
[2m2026-04-22T12:26:59.817722Z[0m [32m INFO[0m [2mbore_cli::client[0m[2m:[0m listening at bore.pub:65311
Error: could not connect to bore.pub:7835

Caused by:
    No route to host (os error 65)
[2m2026-04-22T12:38:57.978743Z[0m [32m INFO[0m [2mbore_cli::client[0m[2m:[0m connected to server [3mremote_port[0m[2m=[0m40597
[2m2026-04-22T12:38:57.978839Z[0m [32m INFO[0m [2mbore_cli::client[0m[2m:[0m listening at bore.pub:40597
Error: could not connect to bore.pub:7835

Caused by:
    No route to host (os error 65)
[2m2026-04-22T12:49:03.885708Z[0m [32m INFO[0m [2mbore_cli::client[0m[2m:[0m connected to server [3mremote_port[0m[2m=[0m55674
[2m2026-04-22T12:49:03.885850Z[0m [32m INFO[0m [2mbore_cli::client[0m[2m:[0m listening at bore.pub:55674
Error: could not connect to bore.pub:7835

Caused by:
    No route to host (os error 65)
[2m2026-04-22T12:55:56.129965Z[0m [32m INFO[0m [2mbore_cli::client[0m[2m:[0m connected to server [3mremote_port[0m[2m=[0m5501
[2m2026-04-22T12:55:56.130058Z[0m [32m INFO[0m [2mbore_cli::client[0m[2m:[0m listening at bore.pub:5501
Error: could not connect to bore.pub:7835

Caused by:
    No route to host (os error 65)
[2m2026-04-22T13:07:42.698505Z[0m [32m INFO[0m [2mbore_cli::client[0m[2m:[0m connected to server [3mremote_port[0m[2m=[0m61268
[2m2026-04-22T13:07:42.698585Z[0m [32m INFO[0m [2mbore_cli::client[0m[2m:[0m listening at bore.pub:61268
Error: could not connect to bore.pub:7835

Caused by:
    No route to host (os error 65)
[2m2026-04-22T13:30:16.534050Z[0m [32m INFO[0m [2mbore_cli::client[0m[2m:[0m connected to server [3mremote_port[0m[2m=[0m52318
[2m2026-04-22T13:30:16.534100Z[0m [32m INFO[0m [2mbore_cli::client[0m[2m:[0m listening at bore.pub:52318
Error: could not connect to bore.pub:7835

Caused by:
    No route to host (os error 65)
[2m2026-04-22T13:43:02.834189Z[0m [32m INFO[0m [2mbore_cli::client[0m[2m:[0m connected to server [3mremote_port[0m[2m=[0m38890
[2m2026-04-22T13:43:02.834271Z[0m [32m INFO[0m [2mbore_cli::client[0m[2m:[0m listening at bore.pub:38890
Error: could not connect to bore.pub:7835

Caused by:
    No route to host (os error 65)
[2m2026-04-22T13:53:53.824615Z[0m [32m INFO[0m [2mbore_cli::client[0m[2m:[0m connected to server [3mremote_port[0m[2m=[0m35005
[2m2026-04-22T13:53:53.824676Z[0m [32m INFO[0m [2mbore_cli::client[0m[2m:[0m listening at bore.pub:35005
Error: could not connect to bore.pub:7835

Caused by:
    No route to host (os error 65)
[2m2026-04-22T14:22:49.297696Z[0m [32m INFO[0m [2mbore_cli::client[0m[2m:[0m connected to server [3mremote_port[0m[2m=[0m36852
[2m2026-04-22T14:22:49.297820Z[0m [32m INFO[0m [2mbore_cli::client[0m[2m:[0m listening at bore.pub:36852
Error: could not connect to bore.pub:7835

Caused by:
    No route to host (os error 65)
[2m2026-04-22T15:18:57.553988Z[0m [32m INFO[0m [2mbore_cli::client[0m[2m:[0m connected to server [3mremote_port[0m[2m=[0m16551
[2m2026-04-22T15:18:57.554042Z[0m [32m INFO[0m [2mbore_cli::client[0m[2m:[0m listening at bore.pub:16551
Error: could not connect to bore.pub:7835

Caused by:
    No route to host (os error 65)
[2m2026-04-22T15:40:59.334854Z[0m [32m INFO[0m [2mbore_cli::client[0m[2m:[0m connected to server [3mremote_port[0m[2m=[0m19354
[2m2026-04-22T15:40:59.334933Z[0m [32m INFO[0m [2mbore_cli::client[0m[2m:[0m listening at bore.pub:19354
Error: could not connect to bore.pub:7835

Caused by:
    No route to host (os error 65)
[2m2026-04-22T15:49:07.870305Z[0m [32m INFO[0m [2mbore_cli::client[0m[2m:[0m connected to server [3mremote_port[0m[2m=[0m64885
[2m2026-04-22T15:49:07.870461Z[0m [32m INFO[0m [2mbore_cli::client[0m[2m:[0m listening at bore.pub:64885
Error: could not connect to bore.pub:7835

Caused by:
    No route to host (os error 65)
[2m2026-04-22T15:57:42.781477Z[0m [32m INFO[0m [2mbore_cli::client[0m[2m:[0m connected to server [3mremote_port[0m[2m=[0m4573
[2m2026-04-22T15:57:42.781561Z[0m [32m INFO[0m [2mbore_cli::client[0m[2m:[0m listening at bore.pub:4573
Error: could not connect to bore.pub:7835

Caused by:
    No route to host (os error 65)
[2m2026-04-22T16:23:06.780812Z[0m [32m INFO[0m [2mbore_cli::client[0m[2m:[0m connected to server [3mremote_port[0m[2m=[0m28456
[2m2026-04-22T16:23:06.780894Z[0m [32m INFO[0m [2mbore_cli::client[0m[2m:[0m listening at bore.pub:28456
Error: could not connect to bore.pub:7835

Caused by:
    No route to host (os error 65)
[2m2026-04-22T16:44:25.306246Z[0m [32m INFO[0m [2mbore_cli::client[0m[2m:[0m connected to server [3mremote_port[0m[2m=[0m57291
[2m2026-04-22T16:44:25.306368Z[0m [32m INFO[0m [2mbore_cli::client[0m[2m:[0m listening at bore.pub:57291
Error: could not connect to bore.pub:7835

Caused by:
    No route to host (os error 65)
[2m2026-04-22T17:13:09.682835Z[0m [32m INFO[0m [2mbore_cli::client[0m[2m:[0m connected to server [3mremote_port[0m[2m=[0m17445
[2m2026-04-22T17:13:09.682960Z[0m [32m INFO[0m [2mbore_cli::client[0m[2m:[0m listening at bore.pub:17445
Error: could not connect to bore.pub:7835

Caused by:
    No route to host (os error 65)
[2m2026-04-22T17:24:06.856117Z[0m [32m INFO[0m [2mbore_cli::client[0m[2m:[0m connected to server [3mremote_port[0m[2m=[0m2859
[2m2026-04-22T17:24:06.856222Z[0m [32m INFO[0m [2mbore_cli::client[0m[2m:[0m listening at bore.pub:2859
Error: could not connect to bore.pub:7835

Caused by:
    No route to host (os error 65)
[2m2026-04-22T17:35:57.453244Z[0m [32m INFO[0m [2mbore_cli::client[0m[2m:[0m connected to server [3mremote_port[0m[2m=[0m33298
[2m2026-04-22T17:35:57.453383Z[0m [32m INFO[0m [2mbore_cli::client[0m[2m:[0m listening at bore.pub:33298
[2m2026-04-22T17:49:32.724128Z[0m [32m INFO[0m [2mbore_cli::client[0m[2m:[0m connected to server [3mremote_port[0m[2m=[0m56525
[2m2026-04-22T17:49:32.725375Z[0m [32m INFO[0m [2mbore_cli::client[0m[2m:[0m listening at bore.pub:56525
Error: could not connect to bore.pub:7835

Caused by:
    No route to host (os error 65)
[2m2026-04-22T18:06:34.594225Z[0m [32m INFO[0m [2mbore_cli::client[0m[2m:[0m connected to server [3mremote_port[0m[2m=[0m2375
[2m2026-04-22T18:06:34.594359Z[0m [32m INFO[0m [2mbore_cli::client[0m[2m:[0m listening at bore.pub:2375
Error: could not connect to bore.pub:7835

Caused by:
    No route to host (os error 65)
[2m2026-04-22T18:16:45.966486Z[0m [32m INFO[0m [2mbore_cli::client[0m[2m:[0m connected to server [3mremote_port[0m[2m=[0m28461
[2m2026-04-22T18:16:45.966542Z[0m [32m INFO[0m [2mbore_cli::client[0m[2m:[0m listening at bore.pub:28461
[2m2026-04-22T18:20:29.087429Z[0m [32m INFO[0m [2mbore_cli::client[0m[2m:[0m connected to server [3mremote_port[0m[2m=[0m21964
[2m2026-04-22T18:20:29.088465Z[0m [32m INFO[0m [2mbore_cli::client[0m[2m:[0m listening at bore.pub:21964
Error: could not connect to bore.pub:7835

Caused by:
    No route to host (os error 65)
[2m2026-04-22T18:34:14.109148Z[0m [32m INFO[0m [2mbore_cli::client[0m[2m:[0m connected to server [3mremote_port[0m[2m=[0m48069
[2m2026-04-22T18:34:14.109218Z[0m [32m INFO[0m [2mbore_cli::client[0m[2m:[0m listening at bore.pub:48069
Error: could not connect to bore.pub:7835

Caused by:
    No route to host (os error 65)
[2m2026-04-22T18:38:43.918599Z[0m [32m INFO[0m [2mbore_cli::client[0m[2m:[0m connected to server [3mremote_port[0m[2m=[0m49103
[2m2026-04-22T18:38:43.918671Z[0m [32m INFO[0m [2mbore_cli::client[0m[2m:[0m listening at bore.pub:49103
Error: could not connect to bore.pub:7835

Caused by:
    No route to host (os error 65)
[2m2026-04-22T18:50:30.185416Z[0m [32m INFO[0m [2mbore_cli::client[0m[2m:[0m connected to server [3mremote_port[0m[2m=[0m58468
[2m2026-04-22T18:50:30.185540Z[0m [32m INFO[0m [2mbore_cli::client[0m[2m:[0m listening at bore.pub:58468
Error: could not connect to bore.pub:7835

Caused by:
    No route to host (os error 65)
[2m2026-04-22T19:04:33.080044Z[0m [32m INFO[0m [2mbore_cli::client[0m[2m:[0m connected to server [3mremote_port[0m[2m=[0m50642
[2m2026-04-22T19:04:33.080132Z[0m [32m INFO[0m [2mbore_cli::client[0m[2m:[0m listening at bore.pub:50642
Error: could not connect to bore.pub:7835

Caused by:
    No route to host (os error 65)
[2m2026-04-22T19:15:22.034119Z[0m [32m INFO[0m [2mbore_cli::client[0m[2m:[0m connected to server [3mremote_port[0m[2m=[0m12517
[2m2026-04-22T19:15:22.034267Z[0m [32m INFO[0m [2mbore_cli::client[0m[2m:[0m listening at bore.pub:12517
Error: could not connect to bore.pub:7835

Caused by:
    No route to host (os error 65)
[2m2026-04-22T19:23:56.260171Z[0m [32m INFO[0m [2mbore_cli::client[0m[2m:[0m connected to server [3mremote_port[0m[2m=[0m26475
[2m2026-04-22T19:23:56.260287Z[0m [32m INFO[0m [2mbore_cli::client[0m[2m:[0m listening at bore.pub:26475
[2m2026-04-22T19:32:57.029609Z[0m [32m INFO[0m [2mbore_cli::client[0m[2m:[0m connected to server [3mremote_port[0m[2m=[0m53698
[2m2026-04-22T19:32:57.030656Z[0m [32m INFO[0m [2mbore_cli::client[0m[2m:[0m listening at bore.pub:53698
[2m2026-04-22T19:39:08.637592Z[0m [32m INFO[0m [2mbore_cli::client[0m[2m:[0m connected to server [3mremote_port[0m[2m=[0m46198
[2m2026-04-22T19:39:08.637741Z[0m [32m INFO[0m [2mbore_cli::client[0m[2m:[0m listening at bore.pub:46198
Error: could not connect to bore.pub:7835

Caused by:
    No route to host (os error 65)
[2m2026-04-22T19:43:32.129408Z[0m [32m INFO[0m [2mbore_cli::client[0m[2m:[0m connected to server [3mremote_port[0m[2m=[0m54421
[2m2026-04-22T19:43:32.129542Z[0m [32m INFO[0m [2mbore_cli::client[0m[2m:[0m listening at bore.pub:54421
[2m2026-04-22T19:53:34.557088Z[0m [32m INFO[0m [2mbore_cli::client[0m[2m:[0m connected to server [3mremote_port[0m[2m=[0m4995
[2m2026-04-22T19:53:34.557211Z[0m [32m INFO[0m [2mbore_cli::client[0m[2m:[0m listening at bore.pub:4995
Error: could not connect to bore.pub:7835

Caused by:
    No route to host (os error 65)
[2m2026-04-22T20:01:12.738200Z[0m [32m INFO[0m [2mbore_cli::client[0m[2m:[0m connected to server [3mremote_port[0m[2m=[0m33407
[2m2026-04-22T20:01:12.738287Z[0m [32m INFO[0m [2mbore_cli::client[0m[2m:[0m listening at bore.pub:33407
Error: could not connect to bore.pub:7835

Caused by:
    No route to host (os error 65)
[2m2026-04-22T20:10:08.499847Z[0m [32m INFO[0m [2mbore_cli::client[0m[2m:[0m connected to server [3mremote_port[0m[2m=[0m63530
[2m2026-04-22T20:10:08.499918Z[0m [32m INFO[0m [2mbore_cli::client[0m[2m:[0m listening at bore.pub:63530
Error: could not connect to bore.pub:7835

Caused by:
    No route to host (os error 65)
[2m2026-04-22T20:16:02.426907Z[0m [32m INFO[0m [2mbore_cli::client[0m[2m:[0m connected to server [3mremote_port[0m[2m=[0m19790
[2m2026-04-22T20:16:02.427018Z[0m [32m INFO[0m [2mbore_cli::client[0m[2m:[0m listening at bore.pub:19790
[2m2026-04-22T20:37:44.762473Z[0m [32m INFO[0m [2mbore_cli::client[0m[2m:[0m connected to server [3mremote_port[0m[2m=[0m51756
[2m2026-04-22T20:37:44.762892Z[0m [32m INFO[0m [2mbore_cli::client[0m[2m:[0m listening at bore.pub:51756
Error: could not connect to bore.pub:7835

Caused by:
    No route to host (os error 65)
[2m2026-04-22T20:56:56.269763Z[0m [32m INFO[0m [2mbore_cli::client[0m[2m:[0m connected to server [3mremote_port[0m[2m=[0m25590
[2m2026-04-22T20:56:56.269851Z[0m [32m INFO[0m [2mbore_cli::client[0m[2m:[0m listening at bore.pub:25590
[2m2026-04-22T21:45:22.116717Z[0m [32m INFO[0m [2mbore_cli::client[0m[2m:[0m connected to server [3mremote_port[0m[2m=[0m3386
[2m2026-04-22T21:45:22.118103Z[0m [32m INFO[0m [2mbore_cli::client[0m[2m:[0m listening at bore.pub:3386
[2m2026-04-22T22:04:32.541927Z[0m [32m INFO[0m [2mbore_cli::client[0m[2m:[0m connected to server [3mremote_port[0m[2m=[0m15046
[2m2026-04-22T22:04:32.543068Z[0m [32m INFO[0m [2mbore_cli::client[0m[2m:[0m listening at bore.pub:15046
Error: could not connect to bore.pub:7835

Caused by:
    No route to host (os error 65)
[2m2026-04-22T23:01:11.743338Z[0m [32m INFO[0m [2mbore_cli::client[0m[2m:[0m connected to server [3mremote_port[0m[2m=[0m32351
[2m2026-04-22T23:01:11.743431Z[0m [32m INFO[0m [2mbore_cli::client[0m[2m:[0m listening at bore.pub:32351
Error: could not connect to bore.pub:7835

Caused by:
    No route to host (os error 65)
[2m2026-04-22T23:35:28.835344Z[0m [32m INFO[0m [2mbore_cli::client[0m[2m:[0m connected to server [3mremote_port[0m[2m=[0m20951
[2m2026-04-22T23:35:28.835468Z[0m [32m INFO[0m [2mbore_cli::client[0m[2m:[0m listening at bore.pub:20951
Error: could not connect to bore.pub:7835

Caused by:
    No route to host (os error 65)
[2m2026-04-22T23:47:55.166642Z[0m [32m INFO[0m [2mbore_cli::client[0m[2m:[0m connected to server [3mremote_port[0m[2m=[0m47462
[2m2026-04-22T23:47:55.166781Z[0m [32m INFO[0m [2mbore_cli::client[0m[2m:[0m listening at bore.pub:47462
Error: could not connect to bore.pub:7835

Caused by:
    No route to host (os error 65)
[2m2026-04-23T00:01:55.110454Z[0m [32m INFO[0m [2mbore_cli::client[0m[2m:[0m connected to server [3mremote_port[0m[2m=[0m30010
[2m2026-04-23T00:01:55.110561Z[0m [32m INFO[0m [2mbore_cli::client[0m[2m:[0m listening at bore.pub:30010
[2m2026-04-23T00:18:31.695434Z[0m [32m INFO[0m [2mbore_cli::client[0m[2m:[0m connected to server [3mremote_port[0m[2m=[0m20017
[2m2026-04-23T00:18:31.696645Z[0m [32m INFO[0m [2mbore_cli::client[0m[2m:[0m listening at bore.pub:20017
Error: could not connect to bore.pub:7835

Caused by:
    No route to host (os error 65)
[2m2026-04-23T00:30:43.876234Z[0m [32m INFO[0m [2mbore_cli::client[0m[2m:[0m connected to server [3mremote_port[0m[2m=[0m30882
[2m2026-04-23T00:30:43.876310Z[0m [32m INFO[0m [2mbore_cli::client[0m[2m:[0m listening at bore.pub:30882
Error: could not connect to bore.pub:7835

Caused by:
    No route to host (os error 65)
[2m2026-04-23T00:37:05.888853Z[0m [32m INFO[0m [2mbore_cli::client[0m[2m:[0m connected to server [3mremote_port[0m[2m=[0m33131
[2m2026-04-23T00:37:05.888928Z[0m [32m INFO[0m [2mbore_cli::client[0m[2m:[0m listening at bore.pub:33131
Error: could not connect to bore.pub:7835

Caused by:
    No route to host (os error 65)
[2m2026-04-23T00:46:51.858598Z[0m [32m INFO[0m [2mbore_cli::client[0m[2m:[0m connected to server [3mremote_port[0m[2m=[0m32807
[2m2026-04-23T00:46:51.858712Z[0m [32m INFO[0m [2mbore_cli::client[0m[2m:[0m listening at bore.pub:32807
Error: could not connect to bore.pub:7835

Caused by:
    No route to host (os error 65)
[2m2026-04-23T00:56:25.983584Z[0m [32m INFO[0m [2mbore_cli::client[0m[2m:[0m connected to server [3mremote_port[0m[2m=[0m46500
[2m2026-04-23T00:56:25.983679Z[0m [32m INFO[0m [2mbore_cli::client[0m[2m:[0m listening at bore.pub:46500
Error: could not connect to bore.pub:7835

Caused by:
    No route to host (os error 65)
[2m2026-04-23T01:06:11.815430Z[0m [32m INFO[0m [2mbore_cli::client[0m[2m:[0m connected to server [3mremote_port[0m[2m=[0m30849
[2m2026-04-23T01:06:11.815522Z[0m [32m INFO[0m [2mbore_cli::client[0m[2m:[0m listening at bore.pub:30849
Error: could not connect to bore.pub:7835

Caused by:
    No route to host (os error 65)
[2m2026-04-23T02:30:37.331513Z[0m [32m INFO[0m [2mbore_cli::client[0m[2m:[0m connected to server [3mremote_port[0m[2m=[0m36134
[2m2026-04-23T02:30:37.331574Z[0m [32m INFO[0m [2mbore_cli::client[0m[2m:[0m listening at bore.pub:36134
Error: could not connect to bore.pub:7835

Caused by:
    No route to host (os error 65)
[2m2026-04-23T02:45:39.546879Z[0m [32m INFO[0m [2mbore_cli::client[0m[2m:[0m connected to server [3mremote_port[0m[2m=[0m60072
[2m2026-04-23T02:45:39.547038Z[0m [32m INFO[0m [2mbore_cli::client[0m[2m:[0m listening at bore.pub:60072
Error: could not connect to bore.pub:7835

Caused by:
    No route to host (os error 65)
[2m2026-04-23T04:12:51.200714Z[0m [32m INFO[0m [2mbore_cli::client[0m[2m:[0m connected to server [3mremote_port[0m[2m=[0m63031
[2m2026-04-23T04:12:51.200801Z[0m [32m INFO[0m [2mbore_cli::client[0m[2m:[0m listening at bore.pub:63031
Error: could not connect to bore.pub:7835

Caused by:
    No route to host (os error 65)
[2m2026-04-23T04:46:01.958079Z[0m [32m INFO[0m [2mbore_cli::client[0m[2m:[0m connected to server [3mremote_port[0m[2m=[0m54881
[2m2026-04-23T04:46:01.958899Z[0m [32m INFO[0m [2mbore_cli::client[0m[2m:[0m listening at bore.pub:54881
Error: could not connect to bore.pub:7835

Caused by:
    No route to host (os error 65)
[2m2026-04-23T05:08:02.452688Z[0m [32m INFO[0m [2mbore_cli::client[0m[2m:[0m connected to server [3mremote_port[0m[2m=[0m1293
[2m2026-04-23T05:08:02.453159Z[0m [32m INFO[0m [2mbore_cli::client[0m[2m:[0m listening at bore.pub:1293
Error: could not connect to bore.pub:7835

Caused by:
    No route to host (os error 65)
[2m2026-04-23T06:01:29.678556Z[0m [32m INFO[0m [2mbore_cli::client[0m[2m:[0m connected to server [3mremote_port[0m[2m=[0m24678
[2m2026-04-23T06:01:29.678629Z[0m [32m INFO[0m [2mbore_cli::client[0m[2m:[0m listening at bore.pub:24678
Error: could not connect to bore.pub:7835

Caused by:
    No route to host (os error 65)
[2m2026-04-23T06:24:20.921447Z[0m [32m INFO[0m [2mbore_cli::client[0m[2m:[0m connected to server [3mremote_port[0m[2m=[0m34573
[2m2026-04-23T06:24:20.921554Z[0m [32m INFO[0m [2mbore_cli::client[0m[2m:[0m listening at bore.pub:34573
Error: could not connect to bore.pub:7835

Caused by:
    No route to host (os error 65)
[2m2026-04-23T06:32:32.587155Z[0m [32m INFO[0m [2mbore_cli::client[0m[2m:[0m connected to server [3mremote_port[0m[2m=[0m53506
[2m2026-04-23T06:32:32.587295Z[0m [32m INFO[0m [2mbore_cli::client[0m[2m:[0m listening at bore.pub:53506
Error: could not connect to bore.pub:7835

Caused by:
    No route to host (os error 65)
[2m2026-04-23T06:45:32.596483Z[0m [32m INFO[0m [2mbore_cli::client[0m[2m:[0m connected to server [3mremote_port[0m[2m=[0m17398
[2m2026-04-23T06:45:32.596560Z[0m [32m INFO[0m [2mbore_cli::client[0m[2m:[0m listening at bore.pub:17398
[2m2026-04-23T06:57:28.598957Z[0m [32m INFO[0m [2mbore_cli::client[0m[2m:[0m connected to server [3mremote_port[0m[2m=[0m56910
[2m2026-04-23T06:57:28.599418Z[0m [32m INFO[0m [2mbore_cli::client[0m[2m:[0m listening at bore.pub:56910
[2m2026-04-23T07:04:46.010868Z[0m [32m INFO[0m [2mbore_cli::client[0m[2m:[0m connected to server [3mremote_port[0m[2m=[0m14791
[2m2026-04-23T07:04:46.011890Z[0m [32m INFO[0m [2mbore_cli::client[0m[2m:[0m listening at bore.pub:14791
Error: could not connect to bore.pub:7835

Caused by:
    No route to host (os error 65)
[2m2026-04-23T07:17:01.381495Z[0m [32m INFO[0m [2mbore_cli::client[0m[2m:[0m connected to server [3mremote_port[0m[2m=[0m52857
[2m2026-04-23T07:17:01.381636Z[0m [32m INFO[0m [2mbore_cli::client[0m[2m:[0m listening at bore.pub:52857
Error: could not connect to bore.pub:7835

Caused by:
    No route to host (os error 65)
[2m2026-04-23T07:22:25.642537Z[0m [32m INFO[0m [2mbore_cli::client[0m[2m:[0m connected to server [3mremote_port[0m[2m=[0m40947
[2m2026-04-23T07:22:25.642676Z[0m [32m INFO[0m [2mbore_cli::client[0m[2m:[0m listening at bore.pub:40947
[2m2026-04-23T07:35:13.228620Z[0m [32m INFO[0m [2mbore_cli::client[0m[2m:[0m connected to server [3mremote_port[0m[2m=[0m13415
[2m2026-04-23T07:35:13.229679Z[0m [32m INFO[0m [2mbore_cli::client[0m[2m:[0m listening at bore.pub:13415
[2m2026-04-23T07:54:03.333544Z[0m [32m INFO[0m [2mbore_cli::client[0m[2m:[0m connected to server [3mremote_port[0m[2m=[0m1971
[2m2026-04-23T07:54:03.334297Z[0m [32m INFO[0m [2mbore_cli::client[0m[2m:[0m listening at bore.pub:1971
[2m2026-04-23T08:02:57.534922Z[0m [32m INFO[0m [2mbore_cli::client[0m[2m:[0m connected to server [3mremote_port[0m[2m=[0m46634
[2m2026-04-23T08:02:57.536446Z[0m [32m INFO[0m [2mbore_cli::client[0m[2m:[0m listening at bore.pub:46634
Error: could not connect to bore.pub:7835

Caused by:
    No route to host (os error 65)
[2m2026-04-23T08:07:51.193830Z[0m [32m INFO[0m [2mbore_cli::client[0m[2m:[0m connected to server [3mremote_port[0m[2m=[0m61754
[2m2026-04-23T08:07:51.193905Z[0m [32m INFO[0m [2mbore_cli::client[0m[2m:[0m listening at bore.pub:61754
Error: could not connect to bore.pub:7835

Caused by:
    No route to host (os error 65)
[2m2026-04-23T08:10:40.167047Z[0m [32m INFO[0m [2mbore_cli::client[0m[2m:[0m connected to server [3mremote_port[0m[2m=[0m53495
[2m2026-04-23T08:10:40.167128Z[0m [32m INFO[0m [2mbore_cli::client[0m[2m:[0m listening at bore.pub:53495
Error: could not connect to bore.pub:7835

Caused by:
    No route to host (os error 65)
[2m2026-04-23T08:20:16.976086Z[0m [32m INFO[0m [2mbore_cli::client[0m[2m:[0m connected to server [3mremote_port[0m[2m=[0m54066
[2m2026-04-23T08:20:16.976165Z[0m [32m INFO[0m [2mbore_cli::client[0m[2m:[0m listening at bore.pub:54066
Error: could not connect to bore.pub:7835

Caused by:
    No route to host (os error 65)
[2m2026-04-23T08:24:48.847052Z[0m [32m INFO[0m [2mbore_cli::client[0m[2m:[0m connected to server [3mremote_port[0m[2m=[0m64506
[2m2026-04-23T08:24:48.847171Z[0m [32m INFO[0m [2mbore_cli::client[0m[2m:[0m listening at bore.pub:64506
Error: could not connect to bore.pub:7835

Caused by:
    No route to host (os error 65)
[2m2026-04-23T08:38:33.490199Z[0m [32m INFO[0m [2mbore_cli::client[0m[2m:[0m connected to server [3mremote_port[0m[2m=[0m33367
[2m2026-04-23T08:38:33.490329Z[0m [32m INFO[0m [2mbore_cli::client[0m[2m:[0m listening at bore.pub:33367
Error: could not connect to bore.pub:7835

Caused by:
    No route to host (os error 65)
[2m2026-04-23T08:49:53.404335Z[0m [32m INFO[0m [2mbore_cli::client[0m[2m:[0m connected to server [3mremote_port[0m[2m=[0m23001
[2m2026-04-23T08:49:53.404492Z[0m [32m INFO[0m [2mbore_cli::client[0m[2m:[0m listening at bore.pub:23001
Error: could not connect to bore.pub:7835

Caused by:
    No route to host (os error 65)
[2m2026-04-23T08:58:07.996767Z[0m [32m INFO[0m [2mbore_cli::client[0m[2m:[0m connected to server [3mremote_port[0m[2m=[0m3830
[2m2026-04-23T08:58:07.996943Z[0m [32m INFO[0m [2mbore_cli::client[0m[2m:[0m listening at bore.pub:3830
Error: could not connect to bore.pub:7835

Caused by:
    No route to host (os error 65)
[2m2026-04-23T09:13:47.457621Z[0m [32m INFO[0m [2mbore_cli::client[0m[2m:[0m connected to server [3mremote_port[0m[2m=[0m38632
[2m2026-04-23T09:13:47.457732Z[0m [32m INFO[0m [2mbore_cli::client[0m[2m:[0m listening at bore.pub:38632
[2m2026-04-23T09:25:34.201580Z[0m [32m INFO[0m [2mbore_cli::client[0m[2m:[0m connected to server [3mremote_port[0m[2m=[0m17748
[2m2026-04-23T09:25:34.202645Z[0m [32m INFO[0m [2mbore_cli::client[0m[2m:[0m listening at bore.pub:17748
Error: could not connect to bore.pub:7835

Caused by:
    No route to host (os error 65)
[2m2026-04-23T09:42:03.587651Z[0m [32m INFO[0m [2mbore_cli::client[0m[2m:[0m connected to server [3mremote_port[0m[2m=[0m56554
[2m2026-04-23T09:42:03.587785Z[0m [32m INFO[0m [2mbore_cli::client[0m[2m:[0m listening at bore.pub:56554
Error: could not connect to bore.pub:7835

Caused by:
    No route to host (os error 65)
[2m2026-04-23T09:57:40.280576Z[0m [32m INFO[0m [2mbore_cli::client[0m[2m:[0m connected to server [3mremote_port[0m[2m=[0m53685
[2m2026-04-23T09:57:40.280730Z[0m [32m INFO[0m [2mbore_cli::client[0m[2m:[0m listening at bore.pub:53685
Error: could not connect to bore.pub:7835

Caused by:
    No route to host (os error 65)
[2m2026-04-23T10:14:19.481173Z[0m [32m INFO[0m [2mbore_cli::client[0m[2m:[0m connected to server [3mremote_port[0m[2m=[0m8602
[2m2026-04-23T10:14:19.481311Z[0m [32m INFO[0m [2mbore_cli::client[0m[2m:[0m listening at bore.pub:8602
Error: could not connect to bore.pub:7835

Caused by:
    No route to host (os error 65)
[2m2026-04-23T10:25:55.388577Z[0m [32m INFO[0m [2mbore_cli::client[0m[2m:[0m connected to server [3mremote_port[0m[2m=[0m30197
[2m2026-04-23T10:25:55.388776Z[0m [32m INFO[0m [2mbore_cli::client[0m[2m:[0m listening at bore.pub:30197
[2m2026-04-23T10:40:14.802018Z[0m [32m INFO[0m [2mbore_cli::client[0m[2m:[0m connected to server [3mremote_port[0m[2m=[0m47930
[2m2026-04-23T10:40:14.803078Z[0m [32m INFO[0m [2mbore_cli::client[0m[2m:[0m listening at bore.pub:47930
Error: could not connect to bore.pub:7835

Caused by:
    No route to host (os error 65)
[2m2026-04-23T10:52:41.684144Z[0m [32m INFO[0m [2mbore_cli::client[0m[2m:[0m connected to server [3mremote_port[0m[2m=[0m29604
[2m2026-04-23T10:52:41.684256Z[0m [32m INFO[0m [2mbore_cli::client[0m[2m:[0m listening at bore.pub:29604
Error: could not connect to bore.pub:7835

Caused by:
    No route to host (os error 65)
[2m2026-04-23T11:07:42.847942Z[0m [32m INFO[0m [2mbore_cli::client[0m[2m:[0m connected to server [3mremote_port[0m[2m=[0m56809
[2m2026-04-23T11:07:42.848171Z[0m [32m INFO[0m [2mbore_cli::client[0m[2m:[0m listening at bore.pub:56809
[2m2026-04-23T11:18:14.315180Z[0m [32m INFO[0m [2mbore_cli::client[0m[2m:[0m connected to server [3mremote_port[0m[2m=[0m61831
[2m2026-04-23T11:18:14.315312Z[0m [32m INFO[0m [2mbore_cli::client[0m[2m:[0m listening at bore.pub:61831
Error: could not connect to bore.pub:7835

Caused by:
    No route to host (os error 65)
[2m2026-04-23T11:34:38.956845Z[0m [32m INFO[0m [2mbore_cli::client[0m[2m:[0m connected to server [3mremote_port[0m[2m=[0m43684
[2m2026-04-23T11:34:38.956979Z[0m [32m INFO[0m [2mbore_cli::client[0m[2m:[0m listening at bore.pub:43684
Error: could not connect to bore.pub:7835

Caused by:
    No route to host (os error 65)
[2m2026-04-23T12:11:43.398440Z[0m [32m INFO[0m [2mbore_cli::client[0m[2m:[0m connected to server [3mremote_port[0m[2m=[0m6729
[2m2026-04-23T12:11:43.398561Z[0m [32m INFO[0m [2mbore_cli::client[0m[2m:[0m listening at bore.pub:6729
Error: could not connect to bore.pub:7835

Caused by:
    No route to host (os error 65)
[2m2026-04-23T12:25:55.643662Z[0m [32m INFO[0m [2mbore_cli::client[0m[2m:[0m connected to server [3mremote_port[0m[2m=[0m4355
[2m2026-04-23T12:25:55.643726Z[0m [32m INFO[0m [2mbore_cli::client[0m[2m:[0m listening at bore.pub:4355
Error: could not connect to bore.pub:7835

Caused by:
    No route to host (os error 65)
[2m2026-04-23T12:30:24.206681Z[0m [32m INFO[0m [2mbore_cli::client[0m[2m:[0m connected to server [3mremote_port[0m[2m=[0m21396
[2m2026-04-23T12:30:24.206853Z[0m [32m INFO[0m [2mbore_cli::client[0m[2m:[0m listening at bore.pub:21396
Error: could not connect to bore.pub:7835

Caused by:
    No route to host (os error 65)
[2m2026-04-23T12:40:11.539680Z[0m [32m INFO[0m [2mbore_cli::client[0m[2m:[0m connected to server [3mremote_port[0m[2m=[0m7442
[2m2026-04-23T12:40:11.539759Z[0m [32m INFO[0m [2mbore_cli::client[0m[2m:[0m listening at bore.pub:7442
Error: could not connect to bore.pub:7835

Caused by:
    No route to host (os error 65)
[2m2026-04-23T12:45:13.849636Z[0m [32m INFO[0m [2mbore_cli::client[0m[2m:[0m connected to server [3mremote_port[0m[2m=[0m19254
[2m2026-04-23T12:45:13.849712Z[0m [32m INFO[0m [2mbore_cli::client[0m[2m:[0m listening at bore.pub:19254
Error: could not connect to bore.pub:7835

Caused by:
    No route to host (os error 65)
[2m2026-04-23T12:52:02.820474Z[0m [32m INFO[0m [2mbore_cli::client[0m[2m:[0m connected to server [3mremote_port[0m[2m=[0m49497
[2m2026-04-23T12:52:02.820561Z[0m [32m INFO[0m [2mbore_cli::client[0m[2m:[0m listening at bore.pub:49497
Error: could not connect to bore.pub:7835

Caused by:
    No route to host (os error 65)
[2m2026-04-23T13:01:47.244663Z[0m [32m INFO[0m [2mbore_cli::client[0m[2m:[0m connected to server [3mremote_port[0m[2m=[0m58668
[2m2026-04-23T13:01:47.244735Z[0m [32m INFO[0m [2mbore_cli::client[0m[2m:[0m listening at bore.pub:58668
Error: could not connect to bore.pub:7835

Caused by:
    No route to host (os error 65)
[2m2026-04-23T13:12:25.018509Z[0m [32m INFO[0m [2mbore_cli::client[0m[2m:[0m connected to server [3mremote_port[0m[2m=[0m10727
[2m2026-04-23T13:12:25.018645Z[0m [32m INFO[0m [2mbore_cli::client[0m[2m:[0m listening at bore.pub:10727
Error: could not connect to bore.pub:7835

Caused by:
    No route to host (os error 65)
[2m2026-04-23T13:18:19.118367Z[0m [32m INFO[0m [2mbore_cli::client[0m[2m:[0m connected to server [3mremote_port[0m[2m=[0m65038
[2m2026-04-23T13:18:19.118471Z[0m [32m INFO[0m [2mbore_cli::client[0m[2m:[0m listening at bore.pub:65038
Error: could not connect to bore.pub:7835

Caused by:
    No route to host (os error 65)
[2m2026-04-23T13:27:29.423921Z[0m [32m INFO[0m [2mbore_cli::client[0m[2m:[0m connected to server [3mremote_port[0m[2m=[0m29832
[2m2026-04-23T13:27:29.424110Z[0m [32m INFO[0m [2mbore_cli::client[0m[2m:[0m listening at bore.pub:29832
Error: could not connect to bore.pub:7835

Caused by:
    No route to host (os error 65)
[2m2026-04-23T13:40:54.828815Z[0m [32m INFO[0m [2mbore_cli::client[0m[2m:[0m connected to server [3mremote_port[0m[2m=[0m22420
[2m2026-04-23T13:40:54.828889Z[0m [32m INFO[0m [2mbore_cli::client[0m[2m:[0m listening at bore.pub:22420
Error: could not connect to bore.pub:7835

Caused by:
    No route to host (os error 65)
[2m2026-04-23T13:50:32.816243Z[0m [32m INFO[0m [2mbore_cli::client[0m[2m:[0m connected to server [3mremote_port[0m[2m=[0m16774
[2m2026-04-23T13:50:32.816316Z[0m [32m INFO[0m [2mbore_cli::client[0m[2m:[0m listening at bore.pub:16774
Error: could not connect to bore.pub:7835

Caused by:
    No route to host (os error 65)
[2m2026-04-23T14:02:42.354519Z[0m [32m INFO[0m [2mbore_cli::client[0m[2m:[0m connected to server [3mremote_port[0m[2m=[0m29884
[2m2026-04-23T14:02:42.354656Z[0m [32m INFO[0m [2mbore_cli::client[0m[2m:[0m listening at bore.pub:29884
Error: could not connect to bore.pub:7835

Caused by:
    No route to host (os error 65)
[2m2026-04-23T14:09:02.299412Z[0m [32m INFO[0m [2mbore_cli::client[0m[2m:[0m connected to server [3mremote_port[0m[2m=[0m51123
[2m2026-04-23T14:09:02.299584Z[0m [32m INFO[0m [2mbore_cli::client[0m[2m:[0m listening at bore.pub:51123
[2m2026-04-23T14:28:39.251953Z[0m [32m INFO[0m [1mproxy[0m[1m{[0m[3mid[0m[2m=[0m5bfb7ac1-9f90-4ebe-a8c3-dd214ac753f5[1m}[0m[2m:[0m [2mbore_cli::client[0m[2m:[0m new connection
[2m2026-04-23T14:28:42.415579Z[0m [32m INFO[0m [1mproxy[0m[1m{[0m[3mid[0m[2m=[0m5bfb7ac1-9f90-4ebe-a8c3-dd214ac753f5[1m}[0m[2m:[0m [2mbore_cli::client[0m[2m:[0m connection exited
[2m2026-04-23T14:30:22.939033Z[0m [32m INFO[0m [1mproxy[0m[1m{[0m[3mid[0m[2m=[0m1519c3aa-062d-4784-97dd-7145513cb9d1[1m}[0m[2m:[0m [2mbore_cli::client[0m[2m:[0m new connection
[2m2026-04-23T14:30:25.085435Z[0m [32m INFO[0m [1mproxy[0m[1m{[0m[3mid[0m[2m=[0m1519c3aa-062d-4784-97dd-7145513cb9d1[1m}[0m[2m:[0m [2mbore_cli::client[0m[2m:[0m connection exited
[2m2026-04-23T14:38:53.990477Z[0m [32m INFO[0m [1mproxy[0m[1m{[0m[3mid[0m[2m=[0mc22b6a40-27c2-4701-9a71-07bd0ec58753[1m}[0m[2m:[0m [2mbore_cli::client[0m[2m:[0m new connection
[2m2026-04-23T14:38:57.025430Z[0m [32m INFO[0m [1mproxy[0m[1m{[0m[3mid[0m[2m=[0mc22b6a40-27c2-4701-9a71-07bd0ec58753[1m}[0m[2m:[0m [2mbore_cli::client[0m[2m:[0m connection exited
[2m2026-04-23T14:40:37.640452Z[0m [32m INFO[0m [1mproxy[0m[1m{[0m[3mid[0m[2m=[0m103d5b0f-ce18-40fc-82e1-d27472eb7c56[1m}[0m[2m:[0m [2mbore_cli::client[0m[2m:[0m new connection
[2m2026-04-23T14:40:39.621087Z[0m [32m INFO[0m [1mproxy[0m[1m{[0m[3mid[0m[2m=[0m103d5b0f-ce18-40fc-82e1-d27472eb7c56[1m}[0m[2m:[0m [2mbore_cli::client[0m[2m:[0m connection exited
Error: could not connect to bore.pub:7835

Caused by:
    No route to host (os error 65)
[2m2026-04-23T14:48:08.813855Z[0m [32m INFO[0m [2mbore_cli::client[0m[2m:[0m connected to server [3mremote_port[0m[2m=[0m51682
[2m2026-04-23T14:48:08.814004Z[0m [32m INFO[0m [2mbore_cli::client[0m[2m:[0m listening at bore.pub:51682
[2m2026-04-23T14:55:49.489527Z[0m [32m INFO[0m [1mproxy[0m[1m{[0m[3mid[0m[2m=[0mb468daf9-6477-46e8-a1b1-7b03f360ef55[1m}[0m[2m:[0m [2mbore_cli::client[0m[2m:[0m new connection
[2m2026-04-23T14:55:54.197427Z[0m [32m INFO[0m [1mproxy[0m[1m{[0m[3mid[0m[2m=[0mb468daf9-6477-46e8-a1b1-7b03f360ef55[1m}[0m[2m:[0m [2mbore_cli::client[0m[2m:[0m connection exited
Error: could not connect to bore.pub:7835

Caused by:
    No route to host (os error 65)
[2m2026-04-23T15:01:11.268866Z[0m [32m INFO[0m [2mbore_cli::client[0m[2m:[0m connected to server [3mremote_port[0m[2m=[0m63818
[2m2026-04-23T15:01:11.268916Z[0m [32m INFO[0m [2mbore_cli::client[0m[2m:[0m listening at bore.pub:63818
Error: could not connect to bore.pub:7835

Caused by:
    No route to host (os error 65)
[2m2026-04-23T15:02:54.386490Z[0m [32m INFO[0m [2mbore_cli::client[0m[2m:[0m connected to server [3mremote_port[0m[2m=[0m59211
[2m2026-04-23T15:02:54.386601Z[0m [32m INFO[0m [2mbore_cli::client[0m[2m:[0m listening at bore.pub:59211
Error: could not connect to bore.pub:7835

Caused by:
    No route to host (os error 65)
[2m2026-04-23T15:13:04.146958Z[0m [32m INFO[0m [2mbore_cli::client[0m[2m:[0m connected to server [3mremote_port[0m[2m=[0m43225
[2m2026-04-23T15:13:04.147059Z[0m [32m INFO[0m [2mbore_cli::client[0m[2m:[0m listening at bore.pub:43225
Error: could not connect to bore.pub:7835

Caused by:
    No route to host (os error 65)
[2m2026-04-23T15:24:57.055774Z[0m [32m INFO[0m [2mbore_cli::client[0m[2m:[0m connected to server [3mremote_port[0m[2m=[0m60179
[2m2026-04-23T15:24:57.055852Z[0m [32m INFO[0m [2mbore_cli::client[0m[2m:[0m listening at bore.pub:60179
Error: could not connect to bore.pub:7835

Caused by:
    No route to host (os error 65)
[2m2026-04-23T15:49:11.079777Z[0m [32m INFO[0m [2mbore_cli::client[0m[2m:[0m connected to server [3mremote_port[0m[2m=[0m62326
[2m2026-04-23T15:49:11.079923Z[0m [32m INFO[0m [2mbore_cli::client[0m[2m:[0m listening at bore.pub:62326
[2m2026-04-23T16:08:03.043173Z[0m [32m INFO[0m [2mbore_cli::client[0m[2m:[0m connected to server [3mremote_port[0m[2m=[0m22359
[2m2026-04-23T16:08:03.044450Z[0m [32m INFO[0m [2mbore_cli::client[0m[2m:[0m listening at bore.pub:22359
Error: could not connect to bore.pub:7835

Caused by:
    No route to host (os error 65)
[2m2026-04-23T16:19:50.893671Z[0m [32m INFO[0m [2mbore_cli::client[0m[2m:[0m connected to server [3mremote_port[0m[2m=[0m44050
[2m2026-04-23T16:19:50.894445Z[0m [32m INFO[0m [2mbore_cli::client[0m[2m:[0m listening at bore.pub:44050
Error: could not connect to bore.pub:7835

Caused by:
    No route to host (os error 65)
[2m2026-04-23T17:06:32.958911Z[0m [32m INFO[0m [2mbore_cli::client[0m[2m:[0m connected to server [3mremote_port[0m[2m=[0m65451
[2m2026-04-23T17:06:32.959052Z[0m [32m INFO[0m [2mbore_cli::client[0m[2m:[0m listening at bore.pub:65451
Error: could not connect to bore.pub:7835

Caused by:
    No route to host (os error 65)
[2m2026-04-23T17:19:21.064571Z[0m [32m INFO[0m [2mbore_cli::client[0m[2m:[0m connected to server [3mremote_port[0m[2m=[0m18258
[2m2026-04-23T17:19:21.064753Z[0m [32m INFO[0m [2mbore_cli::client[0m[2m:[0m listening at bore.pub:18258
Error: could not connect to bore.pub:7835

Caused by:
    No route to host (os error 65)
[2m2026-04-23T17:32:35.430222Z[0m [32m INFO[0m [2mbore_cli::client[0m[2m:[0m connected to server [3mremote_port[0m[2m=[0m3558
[2m2026-04-23T17:32:35.430304Z[0m [32m INFO[0m [2mbore_cli::client[0m[2m:[0m listening at bore.pub:3558
[2m2026-04-23T17:51:03.665678Z[0m [32m INFO[0m [2mbore_cli::client[0m[2m:[0m connected to server [3mremote_port[0m[2m=[0m14686
[2m2026-04-23T17:51:03.666629Z[0m [32m INFO[0m [2mbore_cli::client[0m[2m:[0m listening at bore.pub:14686
Error: could not connect to bore.pub:7835

Caused by:
    No route to host (os error 65)
[2m2026-04-23T17:54:46.158265Z[0m [32m INFO[0m [2mbore_cli::client[0m[2m:[0m connected to server [3mremote_port[0m[2m=[0m44548
[2m2026-04-23T17:54:46.158368Z[0m [32m INFO[0m [2mbore_cli::client[0m[2m:[0m listening at bore.pub:44548
Error: could not connect to bore.pub:7835

Caused by:
    No route to host (os error 65)
[2m2026-04-23T17:58:56.166448Z[0m [32m INFO[0m [2mbore_cli::client[0m[2m:[0m connected to server [3mremote_port[0m[2m=[0m26976
[2m2026-04-23T17:58:56.166594Z[0m [32m INFO[0m [2mbore_cli::client[0m[2m:[0m listening at bore.pub:26976
Error: could not connect to bore.pub:7835

Caused by:
    No route to host (os error 65)
[2m2026-04-23T18:08:12.963078Z[0m [32m INFO[0m [2mbore_cli::client[0m[2m:[0m connected to server [3mremote_port[0m[2m=[0m3793
[2m2026-04-23T18:08:12.963128Z[0m [32m INFO[0m [2mbore_cli::client[0m[2m:[0m listening at bore.pub:3793
Error: could not connect to bore.pub:7835

Caused by:
    No route to host (os error 65)
[2m2026-04-23T18:18:08.605276Z[0m [32m INFO[0m [2mbore_cli::client[0m[2m:[0m connected to server [3mremote_port[0m[2m=[0m59869
[2m2026-04-23T18:18:08.605415Z[0m [32m INFO[0m [2mbore_cli::client[0m[2m:[0m listening at bore.pub:59869
Error: could not connect to bore.pub:7835

Caused by:
    No route to host (os error 65)
[2m2026-04-23T18:31:59.580003Z[0m [32m INFO[0m [2mbore_cli::client[0m[2m:[0m connected to server [3mremote_port[0m[2m=[0m3776
[2m2026-04-23T18:31:59.580151Z[0m [32m INFO[0m [2mbore_cli::client[0m[2m:[0m listening at bore.pub:3776
Error: could not connect to bore.pub:7835

Caused by:
    No route to host (os error 65)
[2m2026-04-23T18:39:06.252149Z[0m [32m INFO[0m [2mbore_cli::client[0m[2m:[0m connected to server [3mremote_port[0m[2m=[0m45767
[2m2026-04-23T18:39:06.252307Z[0m [32m INFO[0m [2mbore_cli::client[0m[2m:[0m listening at bore.pub:45767
Error: could not connect to bore.pub:7835

Caused by:
    No route to host (os error 65)
[2m2026-04-23T18:45:47.021405Z[0m [32m INFO[0m [2mbore_cli::client[0m[2m:[0m connected to server [3mremote_port[0m[2m=[0m46537
[2m2026-04-23T18:45:47.021493Z[0m [32m INFO[0m [2mbore_cli::client[0m[2m:[0m listening at bore.pub:46537
Error: could not connect to bore.pub:7835

Caused by:
    No route to host (os error 65)
[2m2026-04-23T18:53:49.768764Z[0m [32m INFO[0m [2mbore_cli::client[0m[2m:[0m connected to server [3mremote_port[0m[2m=[0m26370
[2m2026-04-23T18:53:49.768937Z[0m [32m INFO[0m [2mbore_cli::client[0m[2m:[0m listening at bore.pub:26370
Error: could not connect to bore.pub:7835

Caused by:
    No route to host (os error 65)
[2m2026-04-23T19:00:34.438253Z[0m [32m INFO[0m [2mbore_cli::client[0m[2m:[0m connected to server [3mremote_port[0m[2m=[0m2465
[2m2026-04-23T19:00:34.438387Z[0m [32m INFO[0m [2mbore_cli::client[0m[2m:[0m listening at bore.pub:2465
Error: could not connect to bore.pub:7835

Caused by:
    No route to host (os error 65)
[2m2026-04-23T19:08:12.457396Z[0m [32m INFO[0m [2mbore_cli::client[0m[2m:[0m connected to server [3mremote_port[0m[2m=[0m22853
[2m2026-04-23T19:08:12.457469Z[0m [32m INFO[0m [2mbore_cli::client[0m[2m:[0m listening at bore.pub:22853
Error: could not connect to bore.pub:7835

Caused by:
    No route to host (os error 65)
[2m2026-04-23T19:16:19.193991Z[0m [32m INFO[0m [2mbore_cli::client[0m[2m:[0m connected to server [3mremote_port[0m[2m=[0m30000
[2m2026-04-23T19:16:19.194122Z[0m [32m INFO[0m [2mbore_cli::client[0m[2m:[0m listening at bore.pub:30000
Error: could not connect to bore.pub:7835

Caused by:
    No route to host (os error 65)
[2m2026-04-23T19:20:35.982033Z[0m [32m INFO[0m [2mbore_cli::client[0m[2m:[0m connected to server [3mremote_port[0m[2m=[0m50982
[2m2026-04-23T19:20:35.982183Z[0m [32m INFO[0m [2mbore_cli::client[0m[2m:[0m listening at bore.pub:50982
Error: could not connect to bore.pub:7835

Caused by:
    No route to host (os error 65)
[2m2026-04-23T19:29:53.835978Z[0m [32m INFO[0m [2mbore_cli::client[0m[2m:[0m connected to server [3mremote_port[0m[2m=[0m41937
[2m2026-04-23T19:29:53.836132Z[0m [32m INFO[0m [2mbore_cli::client[0m[2m:[0m listening at bore.pub:41937
Error: could not connect to bore.pub:7835

Caused by:
    No route to host (os error 65)
[2m2026-04-23T19:35:22.893467Z[0m [32m INFO[0m [2mbore_cli::client[0m[2m:[0m connected to server [3mremote_port[0m[2m=[0m25706
[2m2026-04-23T19:35:22.893679Z[0m [32m INFO[0m [2mbore_cli::client[0m[2m:[0m listening at bore.pub:25706
Error: could not connect to bore.pub:7835

Caused by:
    No route to host (os error 65)
[2m2026-04-23T19:41:47.870747Z[0m [32m INFO[0m [2mbore_cli::client[0m[2m:[0m connected to server [3mremote_port[0m[2m=[0m4291
[2m2026-04-23T19:41:47.870883Z[0m [32m INFO[0m [2mbore_cli::client[0m[2m:[0m listening at bore.pub:4291
[2m2026-04-23T19:49:57.292244Z[0m [32m INFO[0m [2mbore_cli::client[0m[2m:[0m connected to server [3mremote_port[0m[2m=[0m54233
[2m2026-04-23T19:49:57.292366Z[0m [32m INFO[0m [2mbore_cli::client[0m[2m:[0m listening at bore.pub:54233
Error: could not connect to bore.pub:7835

Caused by:
    No route to host (os error 65)
[2m2026-04-23T19:52:41.887501Z[0m [32m INFO[0m [2mbore_cli::client[0m[2m:[0m connected to server [3mremote_port[0m[2m=[0m2045
[2m2026-04-23T19:52:41.887609Z[0m [32m INFO[0m [2mbore_cli::client[0m[2m:[0m listening at bore.pub:2045
Error: could not connect to bore.pub:7835

Caused by:
    No route to host (os error 65)
[2m2026-04-23T20:05:53.076860Z[0m [32m INFO[0m [2mbore_cli::client[0m[2m:[0m connected to server [3mremote_port[0m[2m=[0m45476
[2m2026-04-23T20:05:53.077002Z[0m [32m INFO[0m [2mbore_cli::client[0m[2m:[0m listening at bore.pub:45476
Error: could not connect to bore.pub:7835

Caused by:
    No route to host (os error 65)
[2m2026-04-23T20:12:11.081435Z[0m [32m INFO[0m [2mbore_cli::client[0m[2m:[0m connected to server [3mremote_port[0m[2m=[0m6804
[2m2026-04-23T20:12:11.081564Z[0m [32m INFO[0m [2mbore_cli::client[0m[2m:[0m listening at bore.pub:6804
Error: could not connect to bore.pub:7835

Caused by:
    No route to host (os error 65)
[2m2026-04-23T20:25:44.187011Z[0m [32m INFO[0m [2mbore_cli::client[0m[2m:[0m connected to server [3mremote_port[0m[2m=[0m40282
[2m2026-04-23T20:25:44.187181Z[0m [32m INFO[0m [2mbore_cli::client[0m[2m:[0m listening at bore.pub:40282
Error: could not connect to bore.pub:7835

Caused by:
    No route to host (os error 65)
[2m2026-04-23T20:39:06.485165Z[0m [32m INFO[0m [2mbore_cli::client[0m[2m:[0m connected to server [3mremote_port[0m[2m=[0m39970
[2m2026-04-23T20:39:06.485323Z[0m [32m INFO[0m [2mbore_cli::client[0m[2m:[0m listening at bore.pub:39970
Error: could not connect to bore.pub:7835

Caused by:
    No route to host (os error 65)
[2m2026-04-23T20:50:14.756251Z[0m [32m INFO[0m [2mbore_cli::client[0m[2m:[0m connected to server [3mremote_port[0m[2m=[0m8335
[2m2026-04-23T20:50:14.756480Z[0m [32m INFO[0m [2mbore_cli::client[0m[2m:[0m listening at bore.pub:8335
Error: could not connect to bore.pub:7835

Caused by:
    No route to host (os error 65)
[2m2026-04-23T21:01:10.176093Z[0m [32m INFO[0m [2mbore_cli::client[0m[2m:[0m connected to server [3mremote_port[0m[2m=[0m51548
[2m2026-04-23T21:01:10.176236Z[0m [32m INFO[0m [2mbore_cli::client[0m[2m:[0m listening at bore.pub:51548
Error: could not connect to bore.pub:7835

Caused by:
    No route to host (os error 65)
[2m2026-04-23T21:32:00.991192Z[0m [32m INFO[0m [2mbore_cli::client[0m[2m:[0m connected to server [3mremote_port[0m[2m=[0m37015
[2m2026-04-23T21:32:00.991370Z[0m [32m INFO[0m [2mbore_cli::client[0m[2m:[0m listening at bore.pub:37015
Error: could not connect to bore.pub:7835

Caused by:
    No route to host (os error 65)
[2m2026-04-23T21:46:11.982782Z[0m [32m INFO[0m [2mbore_cli::client[0m[2m:[0m connected to server [3mremote_port[0m[2m=[0m15624
[2m2026-04-23T21:46:11.982900Z[0m [32m INFO[0m [2mbore_cli::client[0m[2m:[0m listening at bore.pub:15624
[2m2026-04-23T22:04:11.128047Z[0m [32m INFO[0m [2mbore_cli::client[0m[2m:[0m connected to server [3mremote_port[0m[2m=[0m42323
[2m2026-04-23T22:04:11.128365Z[0m [32m INFO[0m [2mbore_cli::client[0m[2m:[0m listening at bore.pub:42323
Error: could not connect to bore.pub:7835

Caused by:
    No route to host (os error 65)
[2m2026-04-23T23:31:55.560530Z[0m [32m INFO[0m [2mbore_cli::client[0m[2m:[0m connected to server [3mremote_port[0m[2m=[0m58194
[2m2026-04-23T23:31:55.560632Z[0m [32m INFO[0m [2mbore_cli::client[0m[2m:[0m listening at bore.pub:58194
Error: could not connect to bore.pub:7835

Caused by:
    No route to host (os error 65)
[2m2026-04-23T23:41:58.502232Z[0m [32m INFO[0m [2mbore_cli::client[0m[2m:[0m connected to server [3mremote_port[0m[2m=[0m56288
[2m2026-04-23T23:41:58.502387Z[0m [32m INFO[0m [2mbore_cli::client[0m[2m:[0m listening at bore.pub:56288
Error: could not connect to bore.pub:7835

Caused by:
    No route to host (os error 65)
[2m2026-04-23T23:54:58.463001Z[0m [32m INFO[0m [2mbore_cli::client[0m[2m:[0m connected to server [3mremote_port[0m[2m=[0m10612
[2m2026-04-23T23:54:58.463093Z[0m [32m INFO[0m [2mbore_cli::client[0m[2m:[0m listening at bore.pub:10612
[2m2026-04-24T00:07:38.520425Z[0m [32m INFO[0m [2mbore_cli::client[0m[2m:[0m connected to server [3mremote_port[0m[2m=[0m59650
[2m2026-04-24T00:07:38.520559Z[0m [32m INFO[0m [2mbore_cli::client[0m[2m:[0m listening at bore.pub:59650
Error: could not connect to bore.pub:7835

Caused by:
    No route to host (os error 65)
[2m2026-04-24T00:12:44.239701Z[0m [32m INFO[0m [2mbore_cli::client[0m[2m:[0m connected to server [3mremote_port[0m[2m=[0m51528
[2m2026-04-24T00:12:44.239778Z[0m [32m INFO[0m [2mbore_cli::client[0m[2m:[0m listening at bore.pub:51528
Error: could not connect to bore.pub:7835

Caused by:
    No route to host (os error 65)
[2m2026-04-24T00:25:46.239242Z[0m [32m INFO[0m [2mbore_cli::client[0m[2m:[0m connected to server [3mremote_port[0m[2m=[0m58595
[2m2026-04-24T00:25:46.239354Z[0m [32m INFO[0m [2mbore_cli::client[0m[2m:[0m listening at bore.pub:58595
Error: could not connect to bore.pub:7835

Caused by:
    No route to host (os error 65)
[2m2026-04-24T00:29:43.376696Z[0m [32m INFO[0m [2mbore_cli::client[0m[2m:[0m connected to server [3mremote_port[0m[2m=[0m46856
[2m2026-04-24T00:29:43.376906Z[0m [32m INFO[0m [2mbore_cli::client[0m[2m:[0m listening at bore.pub:46856
Error: could not connect to bore.pub:7835

Caused by:
    No route to host (os error 65)
[2m2026-04-24T00:41:18.893118Z[0m [32m INFO[0m [2mbore_cli::client[0m[2m:[0m connected to server [3mremote_port[0m[2m=[0m62707
[2m2026-04-24T00:41:18.893266Z[0m [32m INFO[0m [2mbore_cli::client[0m[2m:[0m listening at bore.pub:62707
Error: could not connect to bore.pub:7835

Caused by:
    No route to host (os error 65)
[2m2026-04-24T00:56:44.988073Z[0m [32m INFO[0m [2mbore_cli::client[0m[2m:[0m connected to server [3mremote_port[0m[2m=[0m45564
[2m2026-04-24T00:56:44.988158Z[0m [32m INFO[0m [2mbore_cli::client[0m[2m:[0m listening at bore.pub:45564
[2m2026-04-24T01:01:28.749015Z[0m [32m INFO[0m [2mbore_cli::client[0m[2m:[0m connected to server [3mremote_port[0m[2m=[0m31824
[2m2026-04-24T01:01:28.749107Z[0m [32m INFO[0m [2mbore_cli::client[0m[2m:[0m listening at bore.pub:31824
Error: could not connect to bore.pub:7835

Caused by:
    No route to host (os error 65)
[2m2026-04-24T01:11:03.533030Z[0m [32m INFO[0m [2mbore_cli::client[0m[2m:[0m connected to server [3mremote_port[0m[2m=[0m1332
[2m2026-04-24T01:11:03.533162Z[0m [32m INFO[0m [2mbore_cli::client[0m[2m:[0m listening at bore.pub:1332
Error: could not connect to bore.pub:7835

Caused by:
    No route to host (os error 65)
[2m2026-04-24T01:16:49.910042Z[0m [32m INFO[0m [2mbore_cli::client[0m[2m:[0m connected to server [3mremote_port[0m[2m=[0m57081
[2m2026-04-24T01:16:49.910144Z[0m [32m INFO[0m [2mbore_cli::client[0m[2m:[0m listening at bore.pub:57081
Error: could not connect to bore.pub:7835

Caused by:
    No route to host (os error 65)
[2m2026-04-24T01:29:12.133758Z[0m [32m INFO[0m [2mbore_cli::client[0m[2m:[0m connected to server [3mremote_port[0m[2m=[0m27207
[2m2026-04-24T01:29:12.133883Z[0m [32m INFO[0m [2mbore_cli::client[0m[2m:[0m listening at bore.pub:27207
Error: could not connect to bore.pub:7835

Caused by:
    No route to host (os error 65)
[2m2026-04-24T01:41:11.588929Z[0m [32m INFO[0m [2mbore_cli::client[0m[2m:[0m connected to server [3mremote_port[0m[2m=[0m23986
[2m2026-04-24T01:41:11.589011Z[0m [32m INFO[0m [2mbore_cli::client[0m[2m:[0m listening at bore.pub:23986
Error: could not connect to bore.pub:7835

Caused by:
    No route to host (os error 65)
[2m2026-04-24T02:02:13.302978Z[0m [32m INFO[0m [2mbore_cli::client[0m[2m:[0m connected to server [3mremote_port[0m[2m=[0m23837
[2m2026-04-24T02:02:13.303116Z[0m [32m INFO[0m [2mbore_cli::client[0m[2m:[0m listening at bore.pub:23837
[2m2026-04-24T02:15:14.646428Z[0m [32m INFO[0m [2mbore_cli::client[0m[2m:[0m connected to server [3mremote_port[0m[2m=[0m4360
[2m2026-04-24T02:15:14.647189Z[0m [32m INFO[0m [2mbore_cli::client[0m[2m:[0m listening at bore.pub:4360
Error: could not connect to bore.pub:7835

Caused by:
    No route to host (os error 65)
[2m2026-04-24T02:29:00.788190Z[0m [32m INFO[0m [2mbore_cli::client[0m[2m:[0m connected to server [3mremote_port[0m[2m=[0m48471
[2m2026-04-24T02:29:00.788357Z[0m [32m INFO[0m [2mbore_cli::client[0m[2m:[0m listening at bore.pub:48471
Error: could not connect to bore.pub:7835

Caused by:
    No route to host (os error 65)
[2m2026-04-24T02:58:51.306458Z[0m [32m INFO[0m [2mbore_cli::client[0m[2m:[0m connected to server [3mremote_port[0m[2m=[0m47816
[2m2026-04-24T02:58:51.306531Z[0m [32m INFO[0m [2mbore_cli::client[0m[2m:[0m listening at bore.pub:47816
Error: could not connect to bore.pub:7835

Caused by:
    No route to host (os error 65)
[2m2026-04-24T03:18:31.980033Z[0m [32m INFO[0m [2mbore_cli::client[0m[2m:[0m connected to server [3mremote_port[0m[2m=[0m23305
[2m2026-04-24T03:18:31.980133Z[0m [32m INFO[0m [2mbore_cli::client[0m[2m:[0m listening at bore.pub:23305
[2m2026-04-24T03:40:02.885847Z[0m [32m INFO[0m [2mbore_cli::client[0m[2m:[0m connected to server [3mremote_port[0m[2m=[0m37590
[2m2026-04-24T03:40:02.885970Z[0m [32m INFO[0m [2mbore_cli::client[0m[2m:[0m listening at bore.pub:37590
[2m2026-04-24T04:15:54.247872Z[0m [32m INFO[0m [2mbore_cli::client[0m[2m:[0m connected to server [3mremote_port[0m[2m=[0m37718
[2m2026-04-24T04:15:54.247960Z[0m [32m INFO[0m [2mbore_cli::client[0m[2m:[0m listening at bore.pub:37718
[2m2026-04-24T04:31:42.511978Z[0m [32m INFO[0m [2mbore_cli::client[0m[2m:[0m connected to server [3mremote_port[0m[2m=[0m8247
[2m2026-04-24T04:31:42.512054Z[0m [32m INFO[0m [2mbore_cli::client[0m[2m:[0m listening at bore.pub:8247
Error: could not connect to bore.pub:7835

Caused by:
    No route to host (os error 65)
[2m2026-04-24T04:44:10.759112Z[0m [32m INFO[0m [2mbore_cli::client[0m[2m:[0m connected to server [3mremote_port[0m[2m=[0m21850
[2m2026-04-24T04:44:10.759159Z[0m [32m INFO[0m [2mbore_cli::client[0m[2m:[0m listening at bore.pub:21850
Error: could not connect to bore.pub:7835

Caused by:
    No route to host (os error 65)
[2m2026-04-24T05:41:57.736657Z[0m [32m INFO[0m [2mbore_cli::client[0m[2m:[0m connected to server [3mremote_port[0m[2m=[0m50315
[2m2026-04-24T05:41:57.736791Z[0m [32m INFO[0m [2mbore_cli::client[0m[2m:[0m listening at bore.pub:50315
Error: could not connect to bore.pub:7835

Caused by:
    No route to host (os error 65)
[2m2026-04-24T06:11:20.349321Z[0m [32m INFO[0m [2mbore_cli::client[0m[2m:[0m connected to server [3mremote_port[0m[2m=[0m11355
[2m2026-04-24T06:11:20.349409Z[0m [32m INFO[0m [2mbore_cli::client[0m[2m:[0m listening at bore.pub:11355
Error: could not connect to bore.pub:7835

Caused by:
    No route to host (os error 65)
[2m2026-04-24T06:30:39.178516Z[0m [32m INFO[0m [2mbore_cli::client[0m[2m:[0m connected to server [3mremote_port[0m[2m=[0m63004
[2m2026-04-24T06:30:39.178592Z[0m [32m INFO[0m [2mbore_cli::client[0m[2m:[0m listening at bore.pub:63004
[2m2026-04-24T06:38:39.077222Z[0m [32m INFO[0m [2mbore_cli::client[0m[2m:[0m connected to server [3mremote_port[0m[2m=[0m5164
[2m2026-04-24T06:38:39.077324Z[0m [32m INFO[0m [2mbore_cli::client[0m[2m:[0m listening at bore.pub:5164
[2m2026-04-24T06:46:40.336866Z[0m [32m INFO[0m [2mbore_cli::client[0m[2m:[0m connected to server [3mremote_port[0m[2m=[0m37647
[2m2026-04-24T06:46:40.337923Z[0m [32m INFO[0m [2mbore_cli::client[0m[2m:[0m listening at bore.pub:37647
Error: could not connect to bore.pub:7835

Caused by:
    No route to host (os error 65)
[2m2026-04-24T06:56:10.923838Z[0m [32m INFO[0m [2mbore_cli::client[0m[2m:[0m connected to server [3mremote_port[0m[2m=[0m38385
[2m2026-04-24T06:56:10.923977Z[0m [32m INFO[0m [2mbore_cli::client[0m[2m:[0m listening at bore.pub:38385
Error: could not connect to bore.pub:7835

Caused by:
    No route to host (os error 65)
[2m2026-04-24T07:09:27.099041Z[0m [32m INFO[0m [2mbore_cli::client[0m[2m:[0m connected to server [3mremote_port[0m[2m=[0m23595
[2m2026-04-24T07:09:27.099131Z[0m [32m INFO[0m [2mbore_cli::client[0m[2m:[0m listening at bore.pub:23595
[2m2026-04-24T07:19:57.126526Z[0m [32m INFO[0m [2mbore_cli::client[0m[2m:[0m connected to server [3mremote_port[0m[2m=[0m20786
[2m2026-04-24T07:19:57.127261Z[0m [32m INFO[0m [2mbore_cli::client[0m[2m:[0m listening at bore.pub:20786
[2m2026-04-24T07:28:54.411026Z[0m [32m INFO[0m [2mbore_cli::client[0m[2m:[0m connected to server [3mremote_port[0m[2m=[0m2778
[2m2026-04-24T07:28:54.411206Z[0m [32m INFO[0m [2mbore_cli::client[0m[2m:[0m listening at bore.pub:2778
Error: could not connect to bore.pub:7835

Caused by:
    No route to host (os error 65)
[2m2026-04-24T07:46:09.571845Z[0m [32m INFO[0m [2mbore_cli::client[0m[2m:[0m connected to server [3mremote_port[0m[2m=[0m6170
[2m2026-04-24T07:46:09.571961Z[0m [32m INFO[0m [2mbore_cli::client[0m[2m:[0m listening at bore.pub:6170
Error: could not connect to bore.pub:7835

Caused by:
    No route to host (os error 65)
[2m2026-04-24T07:54:54.044458Z[0m [32m INFO[0m [2mbore_cli::client[0m[2m:[0m connected to server [3mremote_port[0m[2m=[0m21895
[2m2026-04-24T07:54:54.044561Z[0m [32m INFO[0m [2mbore_cli::client[0m[2m:[0m listening at bore.pub:21895
Error: could not connect to bore.pub:7835

Caused by:
    No route to host (os error 65)
[2m2026-04-24T08:02:47.297435Z[0m [32m INFO[0m [2mbore_cli::client[0m[2m:[0m connected to server [3mremote_port[0m[2m=[0m58913
[2m2026-04-24T08:02:47.297604Z[0m [32m INFO[0m [2mbore_cli::client[0m[2m:[0m listening at bore.pub:58913
Error: could not connect to bore.pub:7835

Caused by:
    No route to host (os error 65)
[2m2026-04-24T08:06:45.192131Z[0m [32m INFO[0m [2mbore_cli::client[0m[2m:[0m connected to server [3mremote_port[0m[2m=[0m47720
[2m2026-04-24T08:06:45.192318Z[0m [32m INFO[0m [2mbore_cli::client[0m[2m:[0m listening at bore.pub:47720
Error: could not connect to bore.pub:7835

Caused by:
    No route to host (os error 65)
[2m2026-04-24T08:12:06.516188Z[0m [32m INFO[0m [2mbore_cli::client[0m[2m:[0m connected to server [3mremote_port[0m[2m=[0m56856
[2m2026-04-24T08:12:06.516270Z[0m [32m INFO[0m [2mbore_cli::client[0m[2m:[0m listening at bore.pub:56856
Error: could not connect to bore.pub:7835

Caused by:
    No route to host (os error 65)
[2m2026-04-24T08:20:44.025014Z[0m [32m INFO[0m [2mbore_cli::client[0m[2m:[0m connected to server [3mremote_port[0m[2m=[0m61510
[2m2026-04-24T08:20:44.025095Z[0m [32m INFO[0m [2mbore_cli::client[0m[2m:[0m listening at bore.pub:61510
Error: could not connect to bore.pub:7835

Caused by:
    No route to host (os error 65)
[2m2026-04-24T08:29:45.963930Z[0m [32m INFO[0m [2mbore_cli::client[0m[2m:[0m connected to server [3mremote_port[0m[2m=[0m5271
[2m2026-04-24T08:29:45.964050Z[0m [32m INFO[0m [2mbore_cli::client[0m[2m:[0m listening at bore.pub:5271
Error: could not connect to bore.pub:7835

Caused by:
    No route to host (os error 65)
[2m2026-04-24T11:14:46.211812Z[0m [32m INFO[0m [2mbore_cli::client[0m[2m:[0m connected to server [3mremote_port[0m[2m=[0m52471
[2m2026-04-24T11:14:46.211908Z[0m [32m INFO[0m [2mbore_cli::client[0m[2m:[0m listening at bore.pub:52471
Error: could not connect to bore.pub:7835

Caused by:
    No route to host (os error 65)
[2m2026-04-24T11:22:47.343375Z[0m [32m INFO[0m [2mbore_cli::client[0m[2m:[0m connected to server [3mremote_port[0m[2m=[0m46504
[2m2026-04-24T11:22:47.343519Z[0m [32m INFO[0m [2mbore_cli::client[0m[2m:[0m listening at bore.pub:46504
Error: could not connect to bore.pub:7835

Caused by:
    No route to host (os error 65)
[2m2026-04-24T11:55:25.768198Z[0m [32m INFO[0m [2mbore_cli::client[0m[2m:[0m connected to server [3mremote_port[0m[2m=[0m52304
[2m2026-04-24T11:55:25.768335Z[0m [32m INFO[0m [2mbore_cli::client[0m[2m:[0m listening at bore.pub:52304
Error: could not connect to bore.pub:7835

Caused by:
    No route to host (os error 65)
[2m2026-04-24T12:06:28.255597Z[0m [32m INFO[0m [2mbore_cli::client[0m[2m:[0m connected to server [3mremote_port[0m[2m=[0m12544
[2m2026-04-24T12:06:28.255754Z[0m [32m INFO[0m [2mbore_cli::client[0m[2m:[0m listening at bore.pub:12544
Error: could not connect to bore.pub:7835

Caused by:
    No route to host (os error 65)
[2m2026-04-24T12:12:17.504284Z[0m [32m INFO[0m [2mbore_cli::client[0m[2m:[0m connected to server [3mremote_port[0m[2m=[0m1277
[2m2026-04-24T12:12:17.504412Z[0m [32m INFO[0m [2mbore_cli::client[0m[2m:[0m listening at bore.pub:1277
Error: could not connect to bore.pub:7835

Caused by:
    No route to host (os error 65)
[2m2026-04-24T12:25:55.018384Z[0m [32m INFO[0m [2mbore_cli::client[0m[2m:[0m connected to server [3mremote_port[0m[2m=[0m4511
[2m2026-04-24T12:25:55.018533Z[0m [32m INFO[0m [2mbore_cli::client[0m[2m:[0m listening at bore.pub:4511
Error: could not connect to bore.pub:7835

Caused by:
    No route to host (os error 65)
[2m2026-04-24T12:32:45.319669Z[0m [32m INFO[0m [2mbore_cli::client[0m[2m:[0m connected to server [3mremote_port[0m[2m=[0m21806
[2m2026-04-24T12:32:45.319717Z[0m [32m INFO[0m [2mbore_cli::client[0m[2m:[0m listening at bore.pub:21806
Error: could not connect to bore.pub:7835

Caused by:
    No route to host (os error 65)
[2m2026-04-24T12:38:00.801318Z[0m [32m INFO[0m [2mbore_cli::client[0m[2m:[0m connected to server [3mremote_port[0m[2m=[0m42257
[2m2026-04-24T12:38:00.801456Z[0m [32m INFO[0m [2mbore_cli::client[0m[2m:[0m listening at bore.pub:42257
Error: could not connect to bore.pub:7835

Caused by:
    No route to host (os error 65)
[2m2026-04-24T12:44:33.777350Z[0m [32m INFO[0m [2mbore_cli::client[0m[2m:[0m connected to server [3mremote_port[0m[2m=[0m17118
[2m2026-04-24T12:44:33.777498Z[0m [32m INFO[0m [2mbore_cli::client[0m[2m:[0m listening at bore.pub:17118
Error: could not connect to bore.pub:7835

Caused by:
    No route to host (os error 65)
[2m2026-04-24T12:51:57.539883Z[0m [32m INFO[0m [2mbore_cli::client[0m[2m:[0m connected to server [3mremote_port[0m[2m=[0m4667
[2m2026-04-24T12:51:57.540024Z[0m [32m INFO[0m [2mbore_cli::client[0m[2m:[0m listening at bore.pub:4667
Error: could not connect to bore.pub:7835

Caused by:
    No route to host (os error 65)
[2m2026-04-24T13:01:28.537432Z[0m [32m INFO[0m [2mbore_cli::client[0m[2m:[0m connected to server [3mremote_port[0m[2m=[0m63024
[2m2026-04-24T13:01:28.537596Z[0m [32m INFO[0m [2mbore_cli::client[0m[2m:[0m listening at bore.pub:63024
Error: could not connect to bore.pub:7835

Caused by:
    No route to host (os error 65)
[2m2026-04-24T13:07:28.745995Z[0m [32m INFO[0m [2mbore_cli::client[0m[2m:[0m connected to server [3mremote_port[0m[2m=[0m12023
[2m2026-04-24T13:07:28.746121Z[0m [32m INFO[0m [2mbore_cli::client[0m[2m:[0m listening at bore.pub:12023
Error: could not connect to bore.pub:7835

Caused by:
    No route to host (os error 65)
[2m2026-04-24T13:15:13.868602Z[0m [32m INFO[0m [2mbore_cli::client[0m[2m:[0m connected to server [3mremote_port[0m[2m=[0m41248
[2m2026-04-24T13:15:13.868814Z[0m [32m INFO[0m [2mbore_cli::client[0m[2m:[0m listening at bore.pub:41248
Error: could not connect to bore.pub:7835

Caused by:
    No route to host (os error 65)
[2m2026-04-24T13:30:01.835408Z[0m [32m INFO[0m [2mbore_cli::client[0m[2m:[0m connected to server [3mremote_port[0m[2m=[0m18002
[2m2026-04-24T13:30:01.835616Z[0m [32m INFO[0m [2mbore_cli::client[0m[2m:[0m listening at bore.pub:18002
Error: could not connect to bore.pub:7835

Caused by:
    No route to host (os error 65)
[2m2026-04-24T13:39:15.177380Z[0m [32m INFO[0m [2mbore_cli::client[0m[2m:[0m connected to server [3mremote_port[0m[2m=[0m30209
[2m2026-04-24T13:39:15.177494Z[0m [32m INFO[0m [2mbore_cli::client[0m[2m:[0m listening at bore.pub:30209
Error: could not connect to bore.pub:7835

Caused by:
    No route to host (os error 65)
[2m2026-04-24T13:44:20.775252Z[0m [32m INFO[0m [2mbore_cli::client[0m[2m:[0m connected to server [3mremote_port[0m[2m=[0m32004
[2m2026-04-24T13:44:20.775396Z[0m [32m INFO[0m [2mbore_cli::client[0m[2m:[0m listening at bore.pub:32004
Error: could not connect to bore.pub:7835

Caused by:
    No route to host (os error 65)
[2m2026-04-24T13:50:04.060217Z[0m [32m INFO[0m [2mbore_cli::client[0m[2m:[0m connected to server [3mremote_port[0m[2m=[0m27014
[2m2026-04-24T13:50:04.060341Z[0m [32m INFO[0m [2mbore_cli::client[0m[2m:[0m listening at bore.pub:27014
[2m2026-04-24T13:59:10.032978Z[0m [32m INFO[0m [2mbore_cli::client[0m[2m:[0m connected to server [3mremote_port[0m[2m=[0m41508
[2m2026-04-24T13:59:10.033078Z[0m [32m INFO[0m [2mbore_cli::client[0m[2m:[0m listening at bore.pub:41508
Error: could not connect to bore.pub:7835

Caused by:
    No route to host (os error 65)
[2m2026-04-24T14:04:25.034637Z[0m [32m INFO[0m [2mbore_cli::client[0m[2m:[0m connected to server [3mremote_port[0m[2m=[0m16412
[2m2026-04-24T14:04:25.034718Z[0m [32m INFO[0m [2mbore_cli::client[0m[2m:[0m listening at bore.pub:16412
Error: could not connect to bore.pub:7835

Caused by:
    No route to host (os error 65)
[2m2026-04-24T14:15:03.825098Z[0m [32m INFO[0m [2mbore_cli::client[0m[2m:[0m connected to server [3mremote_port[0m[2m=[0m23311
[2m2026-04-24T14:15:03.825253Z[0m [32m INFO[0m [2mbore_cli::client[0m[2m:[0m listening at bore.pub:23311
Error: could not connect to bore.pub:7835

Caused by:
    No route to host (os error 65)
[2m2026-04-24T14:25:11.300269Z[0m [32m INFO[0m [2mbore_cli::client[0m[2m:[0m connected to server [3mremote_port[0m[2m=[0m65051
[2m2026-04-24T14:25:11.300419Z[0m [32m INFO[0m [2mbore_cli::client[0m[2m:[0m listening at bore.pub:65051
[2m2026-04-24T14:53:30.025763Z[0m [32m INFO[0m [2mbore_cli::client[0m[2m:[0m connected to server [3mremote_port[0m[2m=[0m44865
[2m2026-04-24T14:53:30.025931Z[0m [32m INFO[0m [2mbore_cli::client[0m[2m:[0m listening at bore.pub:44865
Error: could not connect to bore.pub:7835

Caused by:
    No route to host (os error 65)
[2m2026-04-24T15:16:20.104249Z[0m [32m INFO[0m [2mbore_cli::client[0m[2m:[0m connected to server [3mremote_port[0m[2m=[0m18683
[2m2026-04-24T15:16:20.104336Z[0m [32m INFO[0m [2mbore_cli::client[0m[2m:[0m listening at bore.pub:18683
[2m2026-04-24T16:06:43.906812Z[0m [32m INFO[0m [2mbore_cli::client[0m[2m:[0m connected to server [3mremote_port[0m[2m=[0m17668
[2m2026-04-24T16:06:43.906986Z[0m [32m INFO[0m [2mbore_cli::client[0m[2m:[0m listening at bore.pub:17668
Error: could not connect to bore.pub:7835

Caused by:
    No route to host (os error 65)
[2m2026-04-24T16:22:48.061520Z[0m [32m INFO[0m [2mbore_cli::client[0m[2m:[0m connected to server [3mremote_port[0m[2m=[0m37584
[2m2026-04-24T16:22:48.061661Z[0m [32m INFO[0m [2mbore_cli::client[0m[2m:[0m listening at bore.pub:37584
Error: could not connect to bore.pub:7835

Caused by:
    No route to host (os error 65)
[2m2026-04-24T16:50:58.017173Z[0m [32m INFO[0m [2mbore_cli::client[0m[2m:[0m connected to server [3mremote_port[0m[2m=[0m22707
[2m2026-04-24T16:50:58.017263Z[0m [32m INFO[0m [2mbore_cli::client[0m[2m:[0m listening at bore.pub:22707
Error: could not connect to bore.pub:7835

Caused by:
    No route to host (os error 65)
[2m2026-04-24T17:39:26.882410Z[0m [32m INFO[0m [2mbore_cli::client[0m[2m:[0m connected to server [3mremote_port[0m[2m=[0m39121
[2m2026-04-24T17:39:26.882552Z[0m [32m INFO[0m [2mbore_cli::client[0m[2m:[0m listening at bore.pub:39121
Error: could not connect to bore.pub:7835

Caused by:
    No route to host (os error 65)
[2m2026-04-24T17:53:51.519352Z[0m [32m INFO[0m [2mbore_cli::client[0m[2m:[0m connected to server [3mremote_port[0m[2m=[0m65218
[2m2026-04-24T17:53:51.519485Z[0m [32m INFO[0m [2mbore_cli::client[0m[2m:[0m listening at bore.pub:65218
Error: could not connect to bore.pub:7835

Caused by:
    No route to host (os error 65)
[2m2026-04-24T18:02:11.122986Z[0m [32m INFO[0m [2mbore_cli::client[0m[2m:[0m connected to server [3mremote_port[0m[2m=[0m43233
[2m2026-04-24T18:02:11.123116Z[0m [32m INFO[0m [2mbore_cli::client[0m[2m:[0m listening at bore.pub:43233
Error: could not connect to bore.pub:7835

Caused by:
    No route to host (os error 65)
[2m2026-04-24T18:11:19.253526Z[0m [32m INFO[0m [2mbore_cli::client[0m[2m:[0m connected to server [3mremote_port[0m[2m=[0m47166
[2m2026-04-24T18:11:19.253678Z[0m [32m INFO[0m [2mbore_cli::client[0m[2m:[0m listening at bore.pub:47166
[2m2026-04-24T18:23:27.937982Z[0m [32m INFO[0m [2mbore_cli::client[0m[2m:[0m connected to server [3mremote_port[0m[2m=[0m9625
[2m2026-04-24T18:23:27.938136Z[0m [32m INFO[0m [2mbore_cli::client[0m[2m:[0m listening at bore.pub:9625
Error: could not connect to bore.pub:7835

Caused by:
    No route to host (os error 65)
[2m2026-04-24T18:30:57.261772Z[0m [32m INFO[0m [2mbore_cli::client[0m[2m:[0m connected to server [3mremote_port[0m[2m=[0m64499
[2m2026-04-24T18:30:57.261924Z[0m [32m INFO[0m [2mbore_cli::client[0m[2m:[0m listening at bore.pub:64499
Error: could not connect to bore.pub:7835

Caused by:
    No route to host (os error 65)
[2m2026-04-24T18:36:38.705726Z[0m [32m INFO[0m [2mbore_cli::client[0m[2m:[0m connected to server [3mremote_port[0m[2m=[0m47514
[2m2026-04-24T18:36:38.705831Z[0m [32m INFO[0m [2mbore_cli::client[0m[2m:[0m listening at bore.pub:47514
[2m2026-04-24T18:51:15.304686Z[0m [32m INFO[0m [2mbore_cli::client[0m[2m:[0m connected to server [3mremote_port[0m[2m=[0m57825
[2m2026-04-24T18:51:15.304825Z[0m [32m INFO[0m [2mbore_cli::client[0m[2m:[0m listening at bore.pub:57825
Error: could not connect to bore.pub:7835

Caused by:
    No route to host (os error 65)
[2m2026-04-24T19:01:44.798019Z[0m [32m INFO[0m [2mbore_cli::client[0m[2m:[0m connected to server [3mremote_port[0m[2m=[0m62101
[2m2026-04-24T19:01:44.798135Z[0m [32m INFO[0m [2mbore_cli::client[0m[2m:[0m listening at bore.pub:62101
[2m2026-04-24T19:08:25.506460Z[0m [32m INFO[0m [2mbore_cli::client[0m[2m:[0m connected to server [3mremote_port[0m[2m=[0m50075
[2m2026-04-24T19:08:25.507674Z[0m [32m INFO[0m [2mbore_cli::client[0m[2m:[0m listening at bore.pub:50075
Error: could not connect to bore.pub:7835

Caused by:
    No route to host (os error 65)
[2m2026-04-24T19:16:18.411107Z[0m [32m INFO[0m [2mbore_cli::client[0m[2m:[0m connected to server [3mremote_port[0m[2m=[0m57942
[2m2026-04-24T19:16:18.411183Z[0m [32m INFO[0m [2mbore_cli::client[0m[2m:[0m listening at bore.pub:57942
Error: could not connect to bore.pub:7835

Caused by:
    No route to host (os error 65)
[2m2026-04-24T19:20:19.166292Z[0m [32m INFO[0m [2mbore_cli::client[0m[2m:[0m connected to server [3mremote_port[0m[2m=[0m53937
[2m2026-04-24T19:20:19.166437Z[0m [32m INFO[0m [2mbore_cli::client[0m[2m:[0m listening at bore.pub:53937
Error: could not connect to bore.pub:7835

Caused by:
    No route to host (os error 65)
[2m2026-04-24T19:29:50.102631Z[0m [32m INFO[0m [2mbore_cli::client[0m[2m:[0m connected to server [3mremote_port[0m[2m=[0m51008
[2m2026-04-24T19:29:50.102774Z[0m [32m INFO[0m [2mbore_cli::client[0m[2m:[0m listening at bore.pub:51008
Error: could not connect to bore.pub:7835

Caused by:
    No route to host (os error 65)
[2m2026-04-24T19:39:20.634104Z[0m [32m INFO[0m [2mbore_cli::client[0m[2m:[0m connected to server [3mremote_port[0m[2m=[0m8768
[2m2026-04-24T19:39:20.634271Z[0m [32m INFO[0m [2mbore_cli::client[0m[2m:[0m listening at bore.pub:8768
[2m2026-04-24T19:47:00.142358Z[0m [32m INFO[0m [2mbore_cli::client[0m[2m:[0m connected to server [3mremote_port[0m[2m=[0m39813
[2m2026-04-24T19:47:00.142440Z[0m [32m INFO[0m [2mbore_cli::client[0m[2m:[0m listening at bore.pub:39813
[2m2026-04-24T20:07:14.282177Z[0m [32m INFO[0m [2mbore_cli::client[0m[2m:[0m connected to server [3mremote_port[0m[2m=[0m1518
[2m2026-04-24T20:07:14.282406Z[0m [32m INFO[0m [2mbore_cli::client[0m[2m:[0m listening at bore.pub:1518
Error: could not connect to bore.pub:7835

Caused by:
    No route to host (os error 65)
[2m2026-04-24T20:11:09.105515Z[0m [32m INFO[0m [2mbore_cli::client[0m[2m:[0m connected to server [3mremote_port[0m[2m=[0m15265
[2m2026-04-24T20:11:09.105678Z[0m [32m INFO[0m [2mbore_cli::client[0m[2m:[0m listening at bore.pub:15265
Error: could not connect to bore.pub:7835

Caused by:
    No route to host (os error 65)
[2m2026-04-24T20:19:27.392473Z[0m [32m INFO[0m [2mbore_cli::client[0m[2m:[0m connected to server [3mremote_port[0m[2m=[0m38506
[2m2026-04-24T20:19:27.392609Z[0m [32m INFO[0m [2mbore_cli::client[0m[2m:[0m listening at bore.pub:38506
Error: could not connect to bore.pub:7835

Caused by:
    No route to host (os error 65)
[2m2026-04-24T20:29:04.734784Z[0m [32m INFO[0m [2mbore_cli::client[0m[2m:[0m connected to server [3mremote_port[0m[2m=[0m64850
[2m2026-04-24T20:29:04.734881Z[0m [32m INFO[0m [2mbore_cli::client[0m[2m:[0m listening at bore.pub:64850
[2m2026-04-24T20:50:35.588416Z[0m [32m INFO[0m [2mbore_cli::client[0m[2m:[0m connected to server [3mremote_port[0m[2m=[0m27046
[2m2026-04-24T20:50:35.588524Z[0m [32m INFO[0m [2mbore_cli::client[0m[2m:[0m listening at bore.pub:27046
Error: could not connect to bore.pub:7835

Caused by:
    No route to host (os error 65)
[2m2026-04-24T21:11:42.535112Z[0m [32m INFO[0m [2mbore_cli::client[0m[2m:[0m connected to server [3mremote_port[0m[2m=[0m37215
[2m2026-04-24T21:11:42.535216Z[0m [32m INFO[0m [2mbore_cli::client[0m[2m:[0m listening at bore.pub:37215
Error: could not connect to bore.pub:7835

Caused by:
    No route to host (os error 65)
[2m2026-04-24T21:22:48.981997Z[0m [32m INFO[0m [2mbore_cli::client[0m[2m:[0m connected to server [3mremote_port[0m[2m=[0m37048
[2m2026-04-24T21:22:48.982139Z[0m [32m INFO[0m [2mbore_cli::client[0m[2m:[0m listening at bore.pub:37048
Error: could not connect to bore.pub:7835

Caused by:
    No route to host (os error 65)
[2m2026-04-24T21:37:17.873291Z[0m [32m INFO[0m [2mbore_cli::client[0m[2m:[0m connected to server [3mremote_port[0m[2m=[0m46957
[2m2026-04-24T21:37:17.873413Z[0m [32m INFO[0m [2mbore_cli::client[0m[2m:[0m listening at bore.pub:46957
Error: could not connect to bore.pub:7835

Caused by:
    No route to host (os error 65)
[2m2026-04-24T21:41:02.452750Z[0m [32m INFO[0m [2mbore_cli::client[0m[2m:[0m connected to server [3mremote_port[0m[2m=[0m17258
[2m2026-04-24T21:41:02.452834Z[0m [32m INFO[0m [2mbore_cli::client[0m[2m:[0m listening at bore.pub:17258
Error: could not connect to bore.pub:7835

Caused by:
    No route to host (os error 65)
[2m2026-04-24T22:00:24.204871Z[0m [32m INFO[0m [2mbore_cli::client[0m[2m:[0m connected to server [3mremote_port[0m[2m=[0m14953
[2m2026-04-24T22:00:24.205019Z[0m [32m INFO[0m [2mbore_cli::client[0m[2m:[0m listening at bore.pub:14953
Error: could not connect to bore.pub:7835

Caused by:
    No route to host (os error 65)
[2m2026-04-24T23:07:39.632585Z[0m [32m INFO[0m [2mbore_cli::client[0m[2m:[0m connected to server [3mremote_port[0m[2m=[0m30250
[2m2026-04-24T23:07:39.632678Z[0m [32m INFO[0m [2mbore_cli::client[0m[2m:[0m listening at bore.pub:30250
Error: could not connect to bore.pub:7835

Caused by:
    No route to host (os error 65)
[2m2026-04-24T23:15:27.715858Z[0m [32m INFO[0m [2mbore_cli::client[0m[2m:[0m connected to server [3mremote_port[0m[2m=[0m7232
[2m2026-04-24T23:15:27.716025Z[0m [32m INFO[0m [2mbore_cli::client[0m[2m:[0m listening at bore.pub:7232
Error: could not connect to bore.pub:7835

Caused by:
    No route to host (os error 65)
[2m2026-04-24T23:22:23.795594Z[0m [32m INFO[0m [2mbore_cli::client[0m[2m:[0m connected to server [3mremote_port[0m[2m=[0m47110
[2m2026-04-24T23:22:23.795741Z[0m [32m INFO[0m [2mbore_cli::client[0m[2m:[0m listening at bore.pub:47110
Error: could not connect to bore.pub:7835

Caused by:
    No route to host (os error 65)
[2m2026-04-24T23:33:44.671257Z[0m [32m INFO[0m [2mbore_cli::client[0m[2m:[0m connected to server [3mremote_port[0m[2m=[0m14929
[2m2026-04-24T23:33:44.671406Z[0m [32m INFO[0m [2mbore_cli::client[0m[2m:[0m listening at bore.pub:14929
Error: could not connect to bore.pub:7835

Caused by:
    No route to host (os error 65)
[2m2026-04-24T23:52:14.488735Z[0m [32m INFO[0m [2mbore_cli::client[0m[2m:[0m connected to server [3mremote_port[0m[2m=[0m2629
[2m2026-04-24T23:52:14.488876Z[0m [32m INFO[0m [2mbore_cli::client[0m[2m:[0m listening at bore.pub:2629
Error: could not connect to bore.pub:7835

Caused by:
    No route to host (os error 65)
[2m2026-04-25T00:04:21.195806Z[0m [32m INFO[0m [2mbore_cli::client[0m[2m:[0m connected to server [3mremote_port[0m[2m=[0m13783
[2m2026-04-25T00:04:21.195980Z[0m [32m INFO[0m [2mbore_cli::client[0m[2m:[0m listening at bore.pub:13783
Error: could not connect to bore.pub:7835

Caused by:
    No route to host (os error 65)
[2m2026-04-25T00:10:04.468538Z[0m [32m INFO[0m [2mbore_cli::client[0m[2m:[0m connected to server [3mremote_port[0m[2m=[0m24714
[2m2026-04-25T00:10:04.468692Z[0m [32m INFO[0m [2mbore_cli::client[0m[2m:[0m listening at bore.pub:24714
Error: could not connect to bore.pub:7835

Caused by:
    No route to host (os error 65)
[2m2026-04-25T00:14:12.641082Z[0m [32m INFO[0m [2mbore_cli::client[0m[2m:[0m connected to server [3mremote_port[0m[2m=[0m1991
[2m2026-04-25T00:14:12.641220Z[0m [32m INFO[0m [2mbore_cli::client[0m[2m:[0m listening at bore.pub:1991
[2m2026-04-25T00:29:53.419606Z[0m [32m INFO[0m [2mbore_cli::client[0m[2m:[0m connected to server [3mremote_port[0m[2m=[0m41232
[2m2026-04-25T00:29:53.419779Z[0m [32m INFO[0m [2mbore_cli::client[0m[2m:[0m listening at bore.pub:41232
Error: could not connect to bore.pub:7835

Caused by:
    No route to host (os error 65)
[2m2026-04-25T00:50:32.737694Z[0m [32m INFO[0m [2mbore_cli::client[0m[2m:[0m connected to server [3mremote_port[0m[2m=[0m9692
[2m2026-04-25T00:50:32.737827Z[0m [32m INFO[0m [2mbore_cli::client[0m[2m:[0m listening at bore.pub:9692
[2m2026-04-25T00:57:56.457484Z[0m [32m INFO[0m [2mbore_cli::client[0m[2m:[0m connected to server [3mremote_port[0m[2m=[0m48409
[2m2026-04-25T00:57:56.458540Z[0m [32m INFO[0m [2mbore_cli::client[0m[2m:[0m listening at bore.pub:48409
Error: could not connect to bore.pub:7835

Caused by:
    No route to host (os error 65)
[2m2026-04-25T01:09:01.884592Z[0m [32m INFO[0m [2mbore_cli::client[0m[2m:[0m connected to server [3mremote_port[0m[2m=[0m7704
[2m2026-04-25T01:09:01.884727Z[0m [32m INFO[0m [2mbore_cli::client[0m[2m:[0m listening at bore.pub:7704
Error: could not connect to bore.pub:7835

Caused by:
    No route to host (os error 65)
[2m2026-04-25T04:41:13.828747Z[0m [32m INFO[0m [2mbore_cli::client[0m[2m:[0m connected to server [3mremote_port[0m[2m=[0m14662
[2m2026-04-25T04:41:13.828900Z[0m [32m INFO[0m [2mbore_cli::client[0m[2m:[0m listening at bore.pub:14662
Error: could not connect to bore.pub:7835

Caused by:
    No route to host (os error 65)
[2m2026-04-25T06:03:48.563334Z[0m [32m INFO[0m [2mbore_cli::client[0m[2m:[0m connected to server [3mremote_port[0m[2m=[0m56912
[2m2026-04-25T06:03:48.563397Z[0m [32m INFO[0m [2mbore_cli::client[0m[2m:[0m listening at bore.pub:56912
Error: could not connect to bore.pub:7835

Caused by:
    No route to host (os error 65)
[2m2026-04-25T06:11:18.672183Z[0m [32m INFO[0m [2mbore_cli::client[0m[2m:[0m connected to server [3mremote_port[0m[2m=[0m33808
[2m2026-04-25T06:11:18.672253Z[0m [32m INFO[0m [2mbore_cli::client[0m[2m:[0m listening at bore.pub:33808
Error: could not connect to bore.pub:7835

Caused by:
    No route to host (os error 65)
[2m2026-04-25T06:21:57.352624Z[0m [32m INFO[0m [2mbore_cli::client[0m[2m:[0m connected to server [3mremote_port[0m[2m=[0m44687
[2m2026-04-25T06:21:57.352674Z[0m [32m INFO[0m [2mbore_cli::client[0m[2m:[0m listening at bore.pub:44687
[2m2026-04-25T06:28:51.257791Z[0m [32m INFO[0m [2mbore_cli::client[0m[2m:[0m connected to server [3mremote_port[0m[2m=[0m5476
[2m2026-04-25T06:28:51.258567Z[0m [32m INFO[0m [2mbore_cli::client[0m[2m:[0m listening at bore.pub:5476
Error: could not connect to bore.pub:7835

Caused by:
    No route to host (os error 65)
[2m2026-04-25T06:41:40.090815Z[0m [32m INFO[0m [2mbore_cli::client[0m[2m:[0m connected to server [3mremote_port[0m[2m=[0m48411
[2m2026-04-25T06:41:40.090892Z[0m [32m INFO[0m [2mbore_cli::client[0m[2m:[0m listening at bore.pub:48411
Error: could not connect to bore.pub:7835

Caused by:
    No route to host (os error 65)
[2m2026-04-25T06:51:21.556897Z[0m [32m INFO[0m [2mbore_cli::client[0m[2m:[0m connected to server [3mremote_port[0m[2m=[0m41615
[2m2026-04-25T06:51:21.556968Z[0m [32m INFO[0m [2mbore_cli::client[0m[2m:[0m listening at bore.pub:41615
Error: could not connect to bore.pub:7835

Caused by:
    No route to host (os error 65)
[2m2026-04-25T07:04:12.141301Z[0m [32m INFO[0m [2mbore_cli::client[0m[2m:[0m connected to server [3mremote_port[0m[2m=[0m51267
[2m2026-04-25T07:04:12.141399Z[0m [32m INFO[0m [2mbore_cli::client[0m[2m:[0m listening at bore.pub:51267
Error: could not connect to bore.pub:7835

Caused by:
    No route to host (os error 65)
[2m2026-04-25T07:10:23.926848Z[0m [32m INFO[0m [2mbore_cli::client[0m[2m:[0m connected to server [3mremote_port[0m[2m=[0m29354
[2m2026-04-25T07:10:23.926910Z[0m [32m INFO[0m [2mbore_cli::client[0m[2m:[0m listening at bore.pub:29354
Error: could not connect to bore.pub:7835

Caused by:
    No route to host (os error 65)
[2m2026-04-25T07:21:12.848093Z[0m [32m INFO[0m [2mbore_cli::client[0m[2m:[0m connected to server [3mremote_port[0m[2m=[0m15801
[2m2026-04-25T07:21:12.848219Z[0m [32m INFO[0m [2mbore_cli::client[0m[2m:[0m listening at bore.pub:15801
[2m2026-04-25T07:37:49.118535Z[0m [32m INFO[0m [2mbore_cli::client[0m[2m:[0m connected to server [3mremote_port[0m[2m=[0m39648
[2m2026-04-25T07:37:49.118615Z[0m [32m INFO[0m [2mbore_cli::client[0m[2m:[0m listening at bore.pub:39648
Error: could not connect to bore.pub:7835

Caused by:
    No route to host (os error 65)
[2m2026-04-25T07:43:17.018427Z[0m [32m INFO[0m [2mbore_cli::client[0m[2m:[0m connected to server [3mremote_port[0m[2m=[0m12791
[2m2026-04-25T07:43:17.018566Z[0m [32m INFO[0m [2mbore_cli::client[0m[2m:[0m listening at bore.pub:12791
Error: could not connect to bore.pub:7835

Caused by:
    No route to host (os error 65)
[2m2026-04-25T07:59:09.124738Z[0m [32m INFO[0m [2mbore_cli::client[0m[2m:[0m connected to server [3mremote_port[0m[2m=[0m10661
[2m2026-04-25T07:59:09.124850Z[0m [32m INFO[0m [2mbore_cli::client[0m[2m:[0m listening at bore.pub:10661
Error: could not connect to bore.pub:7835

Caused by:
    No route to host (os error 65)
[2m2026-04-25T08:44:44.672748Z[0m [32m INFO[0m [2mbore_cli::client[0m[2m:[0m connected to server [3mremote_port[0m[2m=[0m56578
[2m2026-04-25T08:44:44.672818Z[0m [32m INFO[0m [2mbore_cli::client[0m[2m:[0m listening at bore.pub:56578
[2m2026-04-25T09:00:27.288673Z[0m [32m INFO[0m [2mbore_cli::client[0m[2m:[0m connected to server [3mremote_port[0m[2m=[0m57517
[2m2026-04-25T09:00:27.288833Z[0m [32m INFO[0m [2mbore_cli::client[0m[2m:[0m listening at bore.pub:57517
Error: could not connect to bore.pub:7835

Caused by:
    No route to host (os error 65)
[2m2026-04-25T09:19:15.236420Z[0m [32m INFO[0m [2mbore_cli::client[0m[2m:[0m connected to server [3mremote_port[0m[2m=[0m30444
[2m2026-04-25T09:19:15.236493Z[0m [32m INFO[0m [2mbore_cli::client[0m[2m:[0m listening at bore.pub:30444
Error: could not connect to bore.pub:7835

Caused by:
    No route to host (os error 65)
[2m2026-04-25T09:39:41.017874Z[0m [32m INFO[0m [2mbore_cli::client[0m[2m:[0m connected to server [3mremote_port[0m[2m=[0m25744
[2m2026-04-25T09:39:41.018018Z[0m [32m INFO[0m [2mbore_cli::client[0m[2m:[0m listening at bore.pub:25744
Error: could not connect to bore.pub:7835

Caused by:
    No route to host (os error 65)
[2m2026-04-25T09:55:18.405499Z[0m [32m INFO[0m [2mbore_cli::client[0m[2m:[0m connected to server [3mremote_port[0m[2m=[0m39087
[2m2026-04-25T09:55:18.405635Z[0m [32m INFO[0m [2mbore_cli::client[0m[2m:[0m listening at bore.pub:39087
Error: could not connect to bore.pub:7835

Caused by:
    No route to host (os error 65)
[2m2026-04-25T10:13:43.620368Z[0m [32m INFO[0m [2mbore_cli::client[0m[2m:[0m connected to server [3mremote_port[0m[2m=[0m59849
[2m2026-04-25T10:13:43.620498Z[0m [32m INFO[0m [2mbore_cli::client[0m[2m:[0m listening at bore.pub:59849
Error: could not connect to bore.pub:7835

Caused by:
    No route to host (os error 65)
[2m2026-04-25T10:40:13.030926Z[0m [32m INFO[0m [2mbore_cli::client[0m[2m:[0m connected to server [3mremote_port[0m[2m=[0m61550
[2m2026-04-25T10:40:13.031005Z[0m [32m INFO[0m [2mbore_cli::client[0m[2m:[0m listening at bore.pub:61550
Error: could not connect to bore.pub:7835

Caused by:
    No route to host (os error 65)
[2m2026-04-25T11:26:33.858793Z[0m [32m INFO[0m [2mbore_cli::client[0m[2m:[0m connected to server [3mremote_port[0m[2m=[0m60941
[2m2026-04-25T11:26:33.858862Z[0m [32m INFO[0m [2mbore_cli::client[0m[2m:[0m listening at bore.pub:60941
[2m2026-04-25T11:34:02.453904Z[0m [32m INFO[0m [2mbore_cli::client[0m[2m:[0m connected to server [3mremote_port[0m[2m=[0m52514
[2m2026-04-25T11:34:02.454039Z[0m [32m INFO[0m [2mbore_cli::client[0m[2m:[0m listening at bore.pub:52514
Error: could not connect to bore.pub:7835

Caused by:
    No route to host (os error 65)
[2m2026-04-25T11:40:16.851839Z[0m [32m INFO[0m [2mbore_cli::client[0m[2m:[0m connected to server [3mremote_port[0m[2m=[0m4048
[2m2026-04-25T11:40:16.851915Z[0m [32m INFO[0m [2mbore_cli::client[0m[2m:[0m listening at bore.pub:4048
[2m2026-04-25T11:48:04.086640Z[0m [32m INFO[0m [2mbore_cli::client[0m[2m:[0m connected to server [3mremote_port[0m[2m=[0m43614
[2m2026-04-25T11:48:04.086767Z[0m [32m INFO[0m [2mbore_cli::client[0m[2m:[0m listening at bore.pub:43614
Error: could not connect to bore.pub:7835

Caused by:
    No route to host (os error 65)
[2m2026-04-25T11:53:14.757882Z[0m [32m INFO[0m [2mbore_cli::client[0m[2m:[0m connected to server [3mremote_port[0m[2m=[0m30840
[2m2026-04-25T11:53:14.757989Z[0m [32m INFO[0m [2mbore_cli::client[0m[2m:[0m listening at bore.pub:30840
Error: could not connect to bore.pub:7835

Caused by:
    No route to host (os error 65)
[2m2026-04-25T11:59:48.628300Z[0m [32m INFO[0m [2mbore_cli::client[0m[2m:[0m connected to server [3mremote_port[0m[2m=[0m49950
[2m2026-04-25T11:59:48.628414Z[0m [32m INFO[0m [2mbore_cli::client[0m[2m:[0m listening at bore.pub:49950
Error: could not connect to bore.pub:7835

Caused by:
    No route to host (os error 65)
[2m2026-04-25T12:07:22.578233Z[0m [32m INFO[0m [2mbore_cli::client[0m[2m:[0m connected to server [3mremote_port[0m[2m=[0m50425
[2m2026-04-25T12:07:22.578361Z[0m [32m INFO[0m [2mbore_cli::client[0m[2m:[0m listening at bore.pub:50425
Error: could not connect to bore.pub:7835

Caused by:
    No route to host (os error 65)
[2m2026-04-25T12:20:17.889182Z[0m [32m INFO[0m [2mbore_cli::client[0m[2m:[0m connected to server [3mremote_port[0m[2m=[0m55290
[2m2026-04-25T12:20:17.889269Z[0m [32m INFO[0m [2mbore_cli::client[0m[2m:[0m listening at bore.pub:55290
Error: could not connect to bore.pub:7835

Caused by:
    No route to host (os error 65)
[2m2026-04-25T12:30:26.883016Z[0m [32m INFO[0m [2mbore_cli::client[0m[2m:[0m connected to server [3mremote_port[0m[2m=[0m14672
[2m2026-04-25T12:30:26.883144Z[0m [32m INFO[0m [2mbore_cli::client[0m[2m:[0m listening at bore.pub:14672
Error: could not connect to bore.pub:7835

Caused by:
    No route to host (os error 65)
[2m2026-04-25T12:40:19.668609Z[0m [32m INFO[0m [2mbore_cli::client[0m[2m:[0m connected to server [3mremote_port[0m[2m=[0m41756
[2m2026-04-25T12:40:19.668723Z[0m [32m INFO[0m [2mbore_cli::client[0m[2m:[0m listening at bore.pub:41756
[2m2026-04-25T12:47:21.048764Z[0m [32m INFO[0m [2mbore_cli::client[0m[2m:[0m connected to server [3mremote_port[0m[2m=[0m8131
[2m2026-04-25T12:47:21.048878Z[0m [32m INFO[0m [2mbore_cli::client[0m[2m:[0m listening at bore.pub:8131
Error: could not connect to bore.pub:7835

Caused by:
    No route to host (os error 65)
[2m2026-04-25T13:03:22.224257Z[0m [32m INFO[0m [2mbore_cli::client[0m[2m:[0m connected to server [3mremote_port[0m[2m=[0m36550
[2m2026-04-25T13:03:22.224332Z[0m [32m INFO[0m [2mbore_cli::client[0m[2m:[0m listening at bore.pub:36550
Error: could not connect to bore.pub:7835

Caused by:
    No route to host (os error 65)
[2m2026-04-25T13:09:46.009637Z[0m [32m INFO[0m [2mbore_cli::client[0m[2m:[0m connected to server [3mremote_port[0m[2m=[0m42010
[2m2026-04-25T13:09:46.009746Z[0m [32m INFO[0m [2mbore_cli::client[0m[2m:[0m listening at bore.pub:42010
Error: could not connect to bore.pub:7835

Caused by:
    No route to host (os error 65)
[2m2026-04-25T13:22:46.351826Z[0m [32m INFO[0m [2mbore_cli::client[0m[2m:[0m connected to server [3mremote_port[0m[2m=[0m17862
[2m2026-04-25T13:22:46.351946Z[0m [32m INFO[0m [2mbore_cli::client[0m[2m:[0m listening at bore.pub:17862
Error: could not connect to bore.pub:7835

Caused by:
    No route to host (os error 65)
[2m2026-04-25T13:34:16.613468Z[0m [32m INFO[0m [2mbore_cli::client[0m[2m:[0m connected to server [3mremote_port[0m[2m=[0m28983
[2m2026-04-25T13:34:16.613538Z[0m [32m INFO[0m [2mbore_cli::client[0m[2m:[0m listening at bore.pub:28983
Error: could not connect to bore.pub:7835

Caused by:
    No route to host (os error 65)
[2m2026-04-25T14:29:57.112580Z[0m [32m INFO[0m [2mbore_cli::client[0m[2m:[0m connected to server [3mremote_port[0m[2m=[0m37377
[2m2026-04-25T14:29:57.112709Z[0m [32m INFO[0m [2mbore_cli::client[0m[2m:[0m listening at bore.pub:37377
Error: could not connect to bore.pub:7835

Caused by:
    No route to host (os error 65)
[2m2026-04-25T14:39:13.832828Z[0m [32m INFO[0m [2mbore_cli::client[0m[2m:[0m connected to server [3mremote_port[0m[2m=[0m49457
[2m2026-04-25T14:39:13.832961Z[0m [32m INFO[0m [2mbore_cli::client[0m[2m:[0m listening at bore.pub:49457
Error: could not connect to bore.pub:7835

Caused by:
    No route to host (os error 65)
[2m2026-04-25T14:49:19.895555Z[0m [32m INFO[0m [2mbore_cli::client[0m[2m:[0m connected to server [3mremote_port[0m[2m=[0m58292
[2m2026-04-25T14:49:19.895666Z[0m [32m INFO[0m [2mbore_cli::client[0m[2m:[0m listening at bore.pub:58292
Error: could not connect to bore.pub:7835

Caused by:
    No route to host (os error 65)
[2m2026-04-25T14:58:10.798962Z[0m [32m INFO[0m [2mbore_cli::client[0m[2m:[0m connected to server [3mremote_port[0m[2m=[0m29899
[2m2026-04-25T14:58:10.799082Z[0m [32m INFO[0m [2mbore_cli::client[0m[2m:[0m listening at bore.pub:29899
Error: could not connect to bore.pub:7835

Caused by:
    No route to host (os error 65)
[2m2026-04-25T15:14:12.881915Z[0m [32m INFO[0m [2mbore_cli::client[0m[2m:[0m connected to server [3mremote_port[0m[2m=[0m61139
[2m2026-04-25T15:14:12.882006Z[0m [32m INFO[0m [2mbore_cli::client[0m[2m:[0m listening at bore.pub:61139
Error: could not connect to bore.pub:7835

Caused by:
    No route to host (os error 65)
[2m2026-04-25T15:22:23.286136Z[0m [32m INFO[0m [2mbore_cli::client[0m[2m:[0m connected to server [3mremote_port[0m[2m=[0m18484
[2m2026-04-25T15:22:23.286217Z[0m [32m INFO[0m [2mbore_cli::client[0m[2m:[0m listening at bore.pub:18484
Error: could not connect to bore.pub:7835

Caused by:
    No route to host (os error 65)
[2m2026-04-25T15:34:41.540747Z[0m [32m INFO[0m [2mbore_cli::client[0m[2m:[0m connected to server [3mremote_port[0m[2m=[0m61905
[2m2026-04-25T15:34:41.540890Z[0m [32m INFO[0m [2mbore_cli::client[0m[2m:[0m listening at bore.pub:61905
Error: could not connect to bore.pub:7835

Caused by:
    No route to host (os error 65)
[2m2026-04-25T15:52:29.953010Z[0m [32m INFO[0m [2mbore_cli::client[0m[2m:[0m connected to server [3mremote_port[0m[2m=[0m27835
[2m2026-04-25T15:52:29.953101Z[0m [32m INFO[0m [2mbore_cli::client[0m[2m:[0m listening at bore.pub:27835
Error: could not connect to bore.pub:7835

Caused by:
    No route to host (os error 65)
[2m2026-04-25T16:00:58.305752Z[0m [32m INFO[0m [2mbore_cli::client[0m[2m:[0m connected to server [3mremote_port[0m[2m=[0m23222
[2m2026-04-25T16:00:58.305882Z[0m [32m INFO[0m [2mbore_cli::client[0m[2m:[0m listening at bore.pub:23222
Error: could not connect to bore.pub:7835

Caused by:
    No route to host (os error 65)
[2m2026-04-25T16:12:03.020429Z[0m [32m INFO[0m [2mbore_cli::client[0m[2m:[0m connected to server [3mremote_port[0m[2m=[0m48700
[2m2026-04-25T16:12:03.020560Z[0m [32m INFO[0m [2mbore_cli::client[0m[2m:[0m listening at bore.pub:48700
Error: could not connect to bore.pub:7835

Caused by:
    No route to host (os error 65)
[2m2026-04-25T16:19:39.880017Z[0m [32m INFO[0m [2mbore_cli::client[0m[2m:[0m connected to server [3mremote_port[0m[2m=[0m30456
[2m2026-04-25T16:19:39.880065Z[0m [32m INFO[0m [2mbore_cli::client[0m[2m:[0m listening at bore.pub:30456
Error: could not connect to bore.pub:7835

Caused by:
    No route to host (os error 65)
[2m2026-04-25T16:25:10.984856Z[0m [32m INFO[0m [2mbore_cli::client[0m[2m:[0m connected to server [3mremote_port[0m[2m=[0m8025
[2m2026-04-25T16:25:10.984922Z[0m [32m INFO[0m [2mbore_cli::client[0m[2m:[0m listening at bore.pub:8025
Error: could not connect to bore.pub:7835

Caused by:
    No route to host (os error 65)
[2m2026-04-25T16:43:19.278681Z[0m [32m INFO[0m [2mbore_cli::client[0m[2m:[0m connected to server [3mremote_port[0m[2m=[0m35922
[2m2026-04-25T16:43:19.278786Z[0m [32m INFO[0m [2mbore_cli::client[0m[2m:[0m listening at bore.pub:35922
Error: could not connect to bore.pub:7835

Caused by:
    No route to host (os error 65)
[2m2026-04-25T16:59:11.162154Z[0m [32m INFO[0m [2mbore_cli::client[0m[2m:[0m connected to server [3mremote_port[0m[2m=[0m51117
[2m2026-04-25T16:59:11.162255Z[0m [32m INFO[0m [2mbore_cli::client[0m[2m:[0m listening at bore.pub:51117
Error: could not connect to bore.pub:7835

Caused by:
    No route to host (os error 65)
[2m2026-04-25T17:12:28.104169Z[0m [32m INFO[0m [2mbore_cli::client[0m[2m:[0m connected to server [3mremote_port[0m[2m=[0m23657
[2m2026-04-25T17:12:28.104296Z[0m [32m INFO[0m [2mbore_cli::client[0m[2m:[0m listening at bore.pub:23657
Error: could not connect to bore.pub:7835

Caused by:
    No route to host (os error 65)
[2m2026-04-25T17:23:38.928396Z[0m [32m INFO[0m [2mbore_cli::client[0m[2m:[0m connected to server [3mremote_port[0m[2m=[0m33772
[2m2026-04-25T17:23:38.928516Z[0m [32m INFO[0m [2mbore_cli::client[0m[2m:[0m listening at bore.pub:33772
[2m2026-04-25T17:37:46.995962Z[0m [32m INFO[0m [2mbore_cli::client[0m[2m:[0m connected to server [3mremote_port[0m[2m=[0m19565
[2m2026-04-25T17:37:46.997031Z[0m [32m INFO[0m [2mbore_cli::client[0m[2m:[0m listening at bore.pub:19565
[2m2026-04-25T17:46:45.796045Z[0m [32m INFO[0m [2mbore_cli::client[0m[2m:[0m connected to server [3mremote_port[0m[2m=[0m60158
[2m2026-04-25T17:46:45.796162Z[0m [32m INFO[0m [2mbore_cli::client[0m[2m:[0m listening at bore.pub:60158
Error: could not connect to bore.pub:7835

Caused by:
    No route to host (os error 65)
[2m2026-04-25T18:00:55.109402Z[0m [32m INFO[0m [2mbore_cli::client[0m[2m:[0m connected to server [3mremote_port[0m[2m=[0m44335
[2m2026-04-25T18:00:55.109533Z[0m [32m INFO[0m [2mbore_cli::client[0m[2m:[0m listening at bore.pub:44335
Error: could not connect to bore.pub:7835

Caused by:
    No route to host (os error 65)
[2m2026-04-25T18:13:12.571857Z[0m [32m INFO[0m [2mbore_cli::client[0m[2m:[0m connected to server [3mremote_port[0m[2m=[0m24561
[2m2026-04-25T18:13:12.571981Z[0m [32m INFO[0m [2mbore_cli::client[0m[2m:[0m listening at bore.pub:24561
Error: could not connect to bore.pub:7835

Caused by:
    No route to host (os error 65)
[2m2026-04-25T18:26:46.314932Z[0m [32m INFO[0m [2mbore_cli::client[0m[2m:[0m connected to server [3mremote_port[0m[2m=[0m35715
[2m2026-04-25T18:26:46.315051Z[0m [32m INFO[0m [2mbore_cli::client[0m[2m:[0m listening at bore.pub:35715
Error: could not connect to bore.pub:7835

Caused by:
    No route to host (os error 65)
[2m2026-04-25T18:44:21.401090Z[0m [32m INFO[0m [2mbore_cli::client[0m[2m:[0m connected to server [3mremote_port[0m[2m=[0m38654
[2m2026-04-25T18:44:21.401162Z[0m [32m INFO[0m [2mbore_cli::client[0m[2m:[0m listening at bore.pub:38654
Error: could not connect to bore.pub:7835

Caused by:
    No route to host (os error 65)
[2m2026-04-25T18:55:21.896161Z[0m [32m INFO[0m [2mbore_cli::client[0m[2m:[0m connected to server [3mremote_port[0m[2m=[0m46802
[2m2026-04-25T18:55:21.896269Z[0m [32m INFO[0m [2mbore_cli::client[0m[2m:[0m listening at bore.pub:46802
Error: could not connect to bore.pub:7835

Caused by:
    No route to host (os error 65)
[2m2026-04-25T19:05:21.711137Z[0m [32m INFO[0m [2mbore_cli::client[0m[2m:[0m connected to server [3mremote_port[0m[2m=[0m14143
[2m2026-04-25T19:05:21.711247Z[0m [32m INFO[0m [2mbore_cli::client[0m[2m:[0m listening at bore.pub:14143
[2m2026-04-25T19:24:13.108918Z[0m [32m INFO[0m [2mbore_cli::client[0m[2m:[0m connected to server [3mremote_port[0m[2m=[0m2948
[2m2026-04-25T19:24:13.109930Z[0m [32m INFO[0m [2mbore_cli::client[0m[2m:[0m listening at bore.pub:2948
Error: could not connect to bore.pub:7835

Caused by:
    No route to host (os error 65)
[2m2026-04-25T19:49:25.113257Z[0m [32m INFO[0m [2mbore_cli::client[0m[2m:[0m connected to server [3mremote_port[0m[2m=[0m24604
[2m2026-04-25T19:49:25.113377Z[0m [32m INFO[0m [2mbore_cli::client[0m[2m:[0m listening at bore.pub:24604
Error: could not connect to bore.pub:7835

Caused by:
    No route to host (os error 65)
[2m2026-04-25T20:02:04.702675Z[0m [32m INFO[0m [2mbore_cli::client[0m[2m:[0m connected to server [3mremote_port[0m[2m=[0m8048
[2m2026-04-25T20:02:04.702744Z[0m [32m INFO[0m [2mbore_cli::client[0m[2m:[0m listening at bore.pub:8048
Error: could not connect to bore.pub:7835

Caused by:
    No route to host (os error 65)
[2m2026-04-25T20:16:53.898527Z[0m [32m INFO[0m [2mbore_cli::client[0m[2m:[0m connected to server [3mremote_port[0m[2m=[0m37914
[2m2026-04-25T20:16:53.898648Z[0m [32m INFO[0m [2mbore_cli::client[0m[2m:[0m listening at bore.pub:37914
Error: could not connect to bore.pub:7835

Caused by:
    No route to host (os error 65)
[2m2026-04-25T20:25:44.141324Z[0m [32m INFO[0m [2mbore_cli::client[0m[2m:[0m connected to server [3mremote_port[0m[2m=[0m60155
[2m2026-04-25T20:25:44.141429Z[0m [32m INFO[0m [2mbore_cli::client[0m[2m:[0m listening at bore.pub:60155
Error: could not connect to bore.pub:7835

Caused by:
    No route to host (os error 65)
[2m2026-04-25T20:40:49.551125Z[0m [32m INFO[0m [2mbore_cli::client[0m[2m:[0m connected to server [3mremote_port[0m[2m=[0m27687
[2m2026-04-25T20:40:49.551263Z[0m [32m INFO[0m [2mbore_cli::client[0m[2m:[0m listening at bore.pub:27687
[2m2026-04-25T20:59:20.842326Z[0m [32m INFO[0m [2mbore_cli::client[0m[2m:[0m connected to server [3mremote_port[0m[2m=[0m49489
[2m2026-04-25T20:59:20.842421Z[0m [32m INFO[0m [2mbore_cli::client[0m[2m:[0m listening at bore.pub:49489
Error: could not connect to bore.pub:7835

Caused by:
    No route to host (os error 65)
[2m2026-04-25T21:10:37.015778Z[0m [32m INFO[0m [2mbore_cli::client[0m[2m:[0m connected to server [3mremote_port[0m[2m=[0m58345
[2m2026-04-25T21:10:37.015899Z[0m [32m INFO[0m [2mbore_cli::client[0m[2m:[0m listening at bore.pub:58345
Error: could not connect to bore.pub:7835

Caused by:
    No route to host (os error 65)
[2m2026-04-25T21:18:25.057162Z[0m [32m INFO[0m [2mbore_cli::client[0m[2m:[0m connected to server [3mremote_port[0m[2m=[0m17620
[2m2026-04-25T21:18:25.057285Z[0m [32m INFO[0m [2mbore_cli::client[0m[2m:[0m listening at bore.pub:17620
Error: could not connect to bore.pub:7835

Caused by:
    No route to host (os error 65)
[2m2026-04-25T21:34:22.276846Z[0m [32m INFO[0m [2mbore_cli::client[0m[2m:[0m connected to server [3mremote_port[0m[2m=[0m50878
[2m2026-04-25T21:34:22.276964Z[0m [32m INFO[0m [2mbore_cli::client[0m[2m:[0m listening at bore.pub:50878
Error: could not connect to bore.pub:7835

Caused by:
    No route to host (os error 65)
[2m2026-04-25T21:47:37.934206Z[0m [32m INFO[0m [2mbore_cli::client[0m[2m:[0m connected to server [3mremote_port[0m[2m=[0m19395
[2m2026-04-25T21:47:37.934270Z[0m [32m INFO[0m [2mbore_cli::client[0m[2m:[0m listening at bore.pub:19395
Error: could not connect to bore.pub:7835

Caused by:
    No route to host (os error 65)
[2m2026-04-25T21:56:21.288030Z[0m [32m INFO[0m [2mbore_cli::client[0m[2m:[0m connected to server [3mremote_port[0m[2m=[0m44865
[2m2026-04-25T21:56:21.288201Z[0m [32m INFO[0m [2mbore_cli::client[0m[2m:[0m listening at bore.pub:44865
Error: could not connect to bore.pub:7835

Caused by:
    No route to host (os error 65)
[2m2026-04-25T23:08:19.365648Z[0m [32m INFO[0m [2mbore_cli::client[0m[2m:[0m connected to server [3mremote_port[0m[2m=[0m63693
[2m2026-04-25T23:08:19.365787Z[0m [32m INFO[0m [2mbore_cli::client[0m[2m:[0m listening at bore.pub:63693
Error: could not connect to bore.pub:7835

Caused by:
    No route to host (os error 65)
[2m2026-04-25T23:25:47.597227Z[0m [32m INFO[0m [2mbore_cli::client[0m[2m:[0m connected to server [3mremote_port[0m[2m=[0m17659
[2m2026-04-25T23:25:47.597299Z[0m [32m INFO[0m [2mbore_cli::client[0m[2m:[0m listening at bore.pub:17659
Error: could not connect to bore.pub:7835

Caused by:
    No route to host (os error 65)
[2m2026-04-25T23:35:47.352338Z[0m [32m INFO[0m [2mbore_cli::client[0m[2m:[0m connected to server [3mremote_port[0m[2m=[0m40902
[2m2026-04-25T23:35:47.352433Z[0m [32m INFO[0m [2mbore_cli::client[0m[2m:[0m listening at bore.pub:40902
Error: could not connect to bore.pub:7835

Caused by:
    No route to host (os error 65)
[2m2026-04-25T23:51:33.765851Z[0m [32m INFO[0m [2mbore_cli::client[0m[2m:[0m connected to server [3mremote_port[0m[2m=[0m38153
[2m2026-04-25T23:51:33.765968Z[0m [32m INFO[0m [2mbore_cli::client[0m[2m:[0m listening at bore.pub:38153
Error: could not connect to bore.pub:7835

Caused by:
    No route to host (os error 65)
[2m2026-04-26T00:15:30.562354Z[0m [32m INFO[0m [2mbore_cli::client[0m[2m:[0m connected to server [3mremote_port[0m[2m=[0m32180
[2m2026-04-26T00:15:30.562468Z[0m [32m INFO[0m [2mbore_cli::client[0m[2m:[0m listening at bore.pub:32180
Error: could not connect to bore.pub:7835

Caused by:
    No route to host (os error 65)
[2m2026-04-26T00:24:21.532759Z[0m [32m INFO[0m [2mbore_cli::client[0m[2m:[0m connected to server [3mremote_port[0m[2m=[0m13196
[2m2026-04-26T00:24:21.532887Z[0m [32m INFO[0m [2mbore_cli::client[0m[2m:[0m listening at bore.pub:13196
Error: could not connect to bore.pub:7835

Caused by:
    No route to host (os error 65)
[2m2026-04-26T00:39:45.341111Z[0m [32m INFO[0m [2mbore_cli::client[0m[2m:[0m connected to server [3mremote_port[0m[2m=[0m13129
[2m2026-04-26T00:39:45.341237Z[0m [32m INFO[0m [2mbore_cli::client[0m[2m:[0m listening at bore.pub:13129
Error: could not connect to bore.pub:7835

Caused by:
    No route to host (os error 65)
[2m2026-04-26T00:47:48.893110Z[0m [32m INFO[0m [2mbore_cli::client[0m[2m:[0m connected to server [3mremote_port[0m[2m=[0m53750
[2m2026-04-26T00:47:48.893176Z[0m [32m INFO[0m [2mbore_cli::client[0m[2m:[0m listening at bore.pub:53750
Error: could not connect to bore.pub:7835

Caused by:
    No route to host (os error 65)
[2m2026-04-26T01:02:39.872321Z[0m [32m INFO[0m [2mbore_cli::client[0m[2m:[0m connected to server [3mremote_port[0m[2m=[0m3171
[2m2026-04-26T01:02:39.872410Z[0m [32m INFO[0m [2mbore_cli::client[0m[2m:[0m listening at bore.pub:3171
[2m2026-04-26T01:58:13.037538Z[0m [32m INFO[0m [2mbore_cli::client[0m[2m:[0m connected to server [3mremote_port[0m[2m=[0m45956
[2m2026-04-26T01:58:13.037847Z[0m [32m INFO[0m [2mbore_cli::client[0m[2m:[0m listening at bore.pub:45956
Error: could not connect to bore.pub:7835

Caused by:
    No route to host (os error 65)
[2m2026-04-26T02:17:24.602185Z[0m [32m INFO[0m [2mbore_cli::client[0m[2m:[0m connected to server [3mremote_port[0m[2m=[0m28507
[2m2026-04-26T02:17:24.602284Z[0m [32m INFO[0m [2mbore_cli::client[0m[2m:[0m listening at bore.pub:28507
Error: could not connect to bore.pub:7835

Caused by:
    No route to host (os error 65)
[2m2026-04-26T02:38:36.256827Z[0m [32m INFO[0m [2mbore_cli::client[0m[2m:[0m connected to server [3mremote_port[0m[2m=[0m42938
[2m2026-04-26T02:38:36.256942Z[0m [32m INFO[0m [2mbore_cli::client[0m[2m:[0m listening at bore.pub:42938
Error: could not connect to bore.pub:7835

Caused by:
    No route to host (os error 65)
[2m2026-04-26T03:02:41.021750Z[0m [32m INFO[0m [2mbore_cli::client[0m[2m:[0m connected to server [3mremote_port[0m[2m=[0m18006
[2m2026-04-26T03:02:41.021818Z[0m [32m INFO[0m [2mbore_cli::client[0m[2m:[0m listening at bore.pub:18006
Error: could not connect to bore.pub:7835

Caused by:
    No route to host (os error 65)
[2m2026-04-26T03:56:30.783107Z[0m [32m INFO[0m [2mbore_cli::client[0m[2m:[0m connected to server [3mremote_port[0m[2m=[0m4948
[2m2026-04-26T03:56:30.783242Z[0m [32m INFO[0m [2mbore_cli::client[0m[2m:[0m listening at bore.pub:4948
[2m2026-04-26T05:09:47.076538Z[0m [32m INFO[0m [2mbore_cli::client[0m[2m:[0m connected to server [3mremote_port[0m[2m=[0m56050
[2m2026-04-26T05:09:47.076817Z[0m [32m INFO[0m [2mbore_cli::client[0m[2m:[0m listening at bore.pub:56050
Error: could not connect to bore.pub:7835

Caused by:
    No route to host (os error 65)
[2m2026-04-26T05:58:19.732260Z[0m [32m INFO[0m [2mbore_cli::client[0m[2m:[0m connected to server [3mremote_port[0m[2m=[0m50551
[2m2026-04-26T05:58:19.732382Z[0m [32m INFO[0m [2mbore_cli::client[0m[2m:[0m listening at bore.pub:50551
[2m2026-04-26T06:08:30.142127Z[0m [32m INFO[0m [2mbore_cli::client[0m[2m:[0m connected to server [3mremote_port[0m[2m=[0m64393
[2m2026-04-26T06:08:30.142898Z[0m [32m INFO[0m [2mbore_cli::client[0m[2m:[0m listening at bore.pub:64393
[2m2026-04-26T06:30:11.648657Z[0m [32m INFO[0m [2mbore_cli::client[0m[2m:[0m connected to server [3mremote_port[0m[2m=[0m31504
[2m2026-04-26T06:30:11.648996Z[0m [32m INFO[0m [2mbore_cli::client[0m[2m:[0m listening at bore.pub:31504
Error: could not connect to bore.pub:7835

Caused by:
    No route to host (os error 65)
[2m2026-04-26T06:47:59.826378Z[0m [32m INFO[0m [2mbore_cli::client[0m[2m:[0m connected to server [3mremote_port[0m[2m=[0m7200
[2m2026-04-26T06:47:59.826530Z[0m [32m INFO[0m [2mbore_cli::client[0m[2m:[0m listening at bore.pub:7200
[2m2026-04-26T07:04:13.532901Z[0m [32m INFO[0m [2mbore_cli::client[0m[2m:[0m connected to server [3mremote_port[0m[2m=[0m15091
[2m2026-04-26T07:04:13.533009Z[0m [32m INFO[0m [2mbore_cli::client[0m[2m:[0m listening at bore.pub:15091
Error: could not connect to bore.pub:7835

Caused by:
    No route to host (os error 65)
[2m2026-04-26T07:16:17.148582Z[0m [32m INFO[0m [2mbore_cli::client[0m[2m:[0m connected to server [3mremote_port[0m[2m=[0m58257
[2m2026-04-26T07:16:17.148682Z[0m [32m INFO[0m [2mbore_cli::client[0m[2m:[0m listening at bore.pub:58257
[2m2026-04-26T07:27:56.692789Z[0m [32m INFO[0m [2mbore_cli::client[0m[2m:[0m connected to server [3mremote_port[0m[2m=[0m26927
[2m2026-04-26T07:27:56.692857Z[0m [32m INFO[0m [2mbore_cli::client[0m[2m:[0m listening at bore.pub:26927
Error: could not connect to bore.pub:7835

Caused by:
    No route to host (os error 65)
[2m2026-04-26T07:38:47.209126Z[0m [32m INFO[0m [2mbore_cli::client[0m[2m:[0m connected to server [3mremote_port[0m[2m=[0m55439
[2m2026-04-26T07:38:47.209242Z[0m [32m INFO[0m [2mbore_cli::client[0m[2m:[0m listening at bore.pub:55439
Error: could not connect to bore.pub:7835

Caused by:
    No route to host (os error 65)
[2m2026-04-26T07:54:56.280432Z[0m [32m INFO[0m [2mbore_cli::client[0m[2m:[0m connected to server [3mremote_port[0m[2m=[0m15733
[2m2026-04-26T07:54:56.280563Z[0m [32m INFO[0m [2mbore_cli::client[0m[2m:[0m listening at bore.pub:15733
Error: could not connect to bore.pub:7835

Caused by:
    No route to host (os error 65)
[2m2026-04-26T08:10:58.677853Z[0m [32m INFO[0m [2mbore_cli::client[0m[2m:[0m connected to server [3mremote_port[0m[2m=[0m25096
[2m2026-04-26T08:10:58.677954Z[0m [32m INFO[0m [2mbore_cli::client[0m[2m:[0m listening at bore.pub:25096
Error: could not connect to bore.pub:7835

Caused by:
    No route to host (os error 65)
[2m2026-04-26T08:22:44.389263Z[0m [32m INFO[0m [2mbore_cli::client[0m[2m:[0m connected to server [3mremote_port[0m[2m=[0m6481
[2m2026-04-26T08:22:44.389328Z[0m [32m INFO[0m [2mbore_cli::client[0m[2m:[0m listening at bore.pub:6481
Error: could not connect to bore.pub:7835

Caused by:
    No route to host (os error 65)
[2m2026-04-26T09:54:26.567038Z[0m [32m INFO[0m [2mbore_cli::client[0m[2m:[0m connected to server [3mremote_port[0m[2m=[0m1673
[2m2026-04-26T09:54:26.567105Z[0m [32m INFO[0m [2mbore_cli::client[0m[2m:[0m listening at bore.pub:1673
Error: could not connect to bore.pub:7835

Caused by:
    No route to host (os error 65)
[2m2026-04-26T10:27:01.829795Z[0m [32m INFO[0m [2mbore_cli::client[0m[2m:[0m connected to server [3mremote_port[0m[2m=[0m7564
[2m2026-04-26T10:27:01.829937Z[0m [32m INFO[0m [2mbore_cli::client[0m[2m:[0m listening at bore.pub:7564
Error: could not connect to bore.pub:7835

Caused by:
    No route to host (os error 65)
[2m2026-04-26T11:10:18.647699Z[0m [32m INFO[0m [2mbore_cli::client[0m[2m:[0m connected to server [3mremote_port[0m[2m=[0m8691
[2m2026-04-26T11:10:18.647825Z[0m [32m INFO[0m [2mbore_cli::client[0m[2m:[0m listening at bore.pub:8691
[2m2026-04-26T11:26:44.196683Z[0m [32m INFO[0m [2mbore_cli::client[0m[2m:[0m connected to server [3mremote_port[0m[2m=[0m61144
[2m2026-04-26T11:26:44.196812Z[0m [32m INFO[0m [2mbore_cli::client[0m[2m:[0m listening at bore.pub:61144
Error: could not connect to bore.pub:7835

Caused by:
    No route to host (os error 65)
[2m2026-04-26T11:47:11.702800Z[0m [32m INFO[0m [2mbore_cli::client[0m[2m:[0m connected to server [3mremote_port[0m[2m=[0m56463
[2m2026-04-26T11:47:11.702914Z[0m [32m INFO[0m [2mbore_cli::client[0m[2m:[0m listening at bore.pub:56463
Error: could not connect to bore.pub:7835

Caused by:
    No route to host (os error 65)
[2m2026-04-26T12:04:53.213131Z[0m [32m INFO[0m [2mbore_cli::client[0m[2m:[0m connected to server [3mremote_port[0m[2m=[0m21417
[2m2026-04-26T12:04:53.213296Z[0m [32m INFO[0m [2mbore_cli::client[0m[2m:[0m listening at bore.pub:21417
Error: could not connect to bore.pub:7835

Caused by:
    No route to host (os error 65)
[2m2026-04-26T12:25:55.857255Z[0m [32m INFO[0m [2mbore_cli::client[0m[2m:[0m connected to server [3mremote_port[0m[2m=[0m47473
[2m2026-04-26T12:25:55.857374Z[0m [32m INFO[0m [2mbore_cli::client[0m[2m:[0m listening at bore.pub:47473
Error: could not connect to bore.pub:7835

Caused by:
    No route to host (os error 65)
[2m2026-04-26T12:44:57.156491Z[0m [32m INFO[0m [2mbore_cli::client[0m[2m:[0m connected to server [3mremote_port[0m[2m=[0m59047
[2m2026-04-26T12:44:57.156616Z[0m [32m INFO[0m [2mbore_cli::client[0m[2m:[0m listening at bore.pub:59047
Error: could not connect to bore.pub:7835

Caused by:
    No route to host (os error 65)
[2m2026-04-26T13:01:51.456692Z[0m [32m INFO[0m [2mbore_cli::client[0m[2m:[0m connected to server [3mremote_port[0m[2m=[0m33706
[2m2026-04-26T13:01:51.456800Z[0m [32m INFO[0m [2mbore_cli::client[0m[2m:[0m listening at bore.pub:33706
Error: could not connect to bore.pub:7835

Caused by:
    No route to host (os error 65)
[2m2026-04-26T13:20:21.200478Z[0m [32m INFO[0m [2mbore_cli::client[0m[2m:[0m connected to server [3mremote_port[0m[2m=[0m43294
[2m2026-04-26T13:20:21.200572Z[0m [32m INFO[0m [2mbore_cli::client[0m[2m:[0m listening at bore.pub:43294
Error: could not connect to bore.pub:7835

Caused by:
    No route to host (os error 65)
[2m2026-04-26T14:26:29.912855Z[0m [32m INFO[0m [2mbore_cli::client[0m[2m:[0m connected to server [3mremote_port[0m[2m=[0m28026
[2m2026-04-26T14:26:29.912974Z[0m [32m INFO[0m [2mbore_cli::client[0m[2m:[0m listening at bore.pub:28026
Error: could not connect to bore.pub:7835

Caused by:
    No route to host (os error 65)
[2m2026-04-26T16:14:38.254332Z[0m [32m INFO[0m [2mbore_cli::client[0m[2m:[0m connected to server [3mremote_port[0m[2m=[0m42760
[2m2026-04-26T16:14:38.254470Z[0m [32m INFO[0m [2mbore_cli::client[0m[2m:[0m listening at bore.pub:42760
[2m2026-04-26T18:18:46.892922Z[0m [32m INFO[0m [2mbore_cli::client[0m[2m:[0m connected to server [3mremote_port[0m[2m=[0m45953
[2m2026-04-26T18:18:46.892995Z[0m [32m INFO[0m [2mbore_cli::client[0m[2m:[0m listening at bore.pub:45953
Error: could not connect to bore.pub:7835

Caused by:
    No route to host (os error 65)
[2m2026-04-26T19:33:06.107370Z[0m [32m INFO[0m [2mbore_cli::client[0m[2m:[0m connected to server [3mremote_port[0m[2m=[0m41964
[2m2026-04-26T19:33:06.107493Z[0m [32m INFO[0m [2mbore_cli::client[0m[2m:[0m listening at bore.pub:41964
Error: could not connect to bore.pub:7835

Caused by:
    No route to host (os error 65)
[2m2026-04-26T23:16:47.112352Z[0m [32m INFO[0m [2mbore_cli::client[0m[2m:[0m connected to server [3mremote_port[0m[2m=[0m60405
[2m2026-04-26T23:16:47.112471Z[0m [32m INFO[0m [2mbore_cli::client[0m[2m:[0m listening at bore.pub:60405
Error: could not connect to bore.pub:7835

Caused by:
    No route to host (os error 65)
[2m2026-04-27T02:08:47.825806Z[0m [32m INFO[0m [2mbore_cli::client[0m[2m:[0m connected to server [3mremote_port[0m[2m=[0m31400
[2m2026-04-27T02:08:47.825929Z[0m [32m INFO[0m [2mbore_cli::client[0m[2m:[0m listening at bore.pub:31400
Error: could not connect to bore.pub:7835

Caused by:
    No route to host (os error 65)
[2m2026-04-27T04:05:35.153573Z[0m [32m INFO[0m [2mbore_cli::client[0m[2m:[0m connected to server [3mremote_port[0m[2m=[0m23553
[2m2026-04-27T04:05:35.153694Z[0m [32m INFO[0m [2mbore_cli::client[0m[2m:[0m listening at bore.pub:23553
Error: could not connect to bore.pub:7835

Caused by:
    No route to host (os error 65)
[2m2026-04-27T04:29:54.706620Z[0m [32m INFO[0m [2mbore_cli::client[0m[2m:[0m connected to server [3mremote_port[0m[2m=[0m59370
[2m2026-04-27T04:29:54.706694Z[0m [32m INFO[0m [2mbore_cli::client[0m[2m:[0m listening at bore.pub:59370
Error: could not connect to bore.pub:7835

Caused by:
    No route to host (os error 65)
[2m2026-04-27T04:49:56.007166Z[0m [32m INFO[0m [2mbore_cli::client[0m[2m:[0m connected to server [3mremote_port[0m[2m=[0m2654
[2m2026-04-27T04:49:56.007287Z[0m [32m INFO[0m [2mbore_cli::client[0m[2m:[0m listening at bore.pub:2654
Error: could not connect to bore.pub:7835

Caused by:
    No route to host (os error 65)
[2m2026-04-27T05:00:30.931271Z[0m [32m INFO[0m [2mbore_cli::client[0m[2m:[0m connected to server [3mremote_port[0m[2m=[0m27859
[2m2026-04-27T05:00:30.931430Z[0m [32m INFO[0m [2mbore_cli::client[0m[2m:[0m listening at bore.pub:27859
[2m2026-04-27T07:16:49.899066Z[0m [32m INFO[0m [2mbore_cli::client[0m[2m:[0m connected to server [3mremote_port[0m[2m=[0m39322
[2m2026-04-27T07:16:49.900153Z[0m [32m INFO[0m [2mbore_cli::client[0m[2m:[0m listening at bore.pub:39322
Error: could not connect to bore.pub:7835

Caused by:
    No route to host (os error 65)
[2m2026-04-27T07:58:31.370385Z[0m [32m INFO[0m [2mbore_cli::client[0m[2m:[0m connected to server [3mremote_port[0m[2m=[0m32737
[2m2026-04-27T07:58:31.370504Z[0m [32m INFO[0m [2mbore_cli::client[0m[2m:[0m listening at bore.pub:32737
Error: could not connect to bore.pub:7835

Caused by:
    No route to host (os error 65)
[2m2026-04-27T08:03:22.343782Z[0m [32m INFO[0m [2mbore_cli::client[0m[2m:[0m connected to server [3mremote_port[0m[2m=[0m24655
[2m2026-04-27T08:03:22.343871Z[0m [32m INFO[0m [2mbore_cli::client[0m[2m:[0m listening at bore.pub:24655
Error: could not connect to bore.pub:7835

Caused by:
    No route to host (os error 65)
[2m2026-04-27T08:17:58.385206Z[0m [32m INFO[0m [2mbore_cli::client[0m[2m:[0m connected to server [3mremote_port[0m[2m=[0m53137
[2m2026-04-27T08:17:58.385335Z[0m [32m INFO[0m [2mbore_cli::client[0m[2m:[0m listening at bore.pub:53137
Error: could not connect to bore.pub:7835

Caused by:
    No route to host (os error 65)
[2m2026-04-27T08:22:37.989105Z[0m [32m INFO[0m [2mbore_cli::client[0m[2m:[0m connected to server [3mremote_port[0m[2m=[0m33255
[2m2026-04-27T08:22:37.989226Z[0m [32m INFO[0m [2mbore_cli::client[0m[2m:[0m listening at bore.pub:33255
Error: could not connect to bore.pub:7835

Caused by:
    No route to host (os error 65)
[2m2026-04-27T08:34:52.394906Z[0m [32m INFO[0m [2mbore_cli::client[0m[2m:[0m connected to server [3mremote_port[0m[2m=[0m7525
[2m2026-04-27T08:34:52.395096Z[0m [32m INFO[0m [2mbore_cli::client[0m[2m:[0m listening at bore.pub:7525
Error: could not connect to bore.pub:7835

Caused by:
    No route to host (os error 65)
[2m2026-04-27T08:41:27.419184Z[0m [32m INFO[0m [2mbore_cli::client[0m[2m:[0m connected to server [3mremote_port[0m[2m=[0m35270
[2m2026-04-27T08:41:27.419313Z[0m [32m INFO[0m [2mbore_cli::client[0m[2m:[0m listening at bore.pub:35270
Error: could not connect to bore.pub:7835

Caused by:
    No route to host (os error 65)
[2m2026-04-27T08:55:29.664377Z[0m [32m INFO[0m [2mbore_cli::client[0m[2m:[0m connected to server [3mremote_port[0m[2m=[0m29647
[2m2026-04-27T08:55:29.664480Z[0m [32m INFO[0m [2mbore_cli::client[0m[2m:[0m listening at bore.pub:29647
Error: could not connect to bore.pub:7835

Caused by:
    No route to host (os error 65)
[2m2026-04-27T09:03:06.957045Z[0m [32m INFO[0m [2mbore_cli::client[0m[2m:[0m connected to server [3mremote_port[0m[2m=[0m46781
[2m2026-04-27T09:03:06.957154Z[0m [32m INFO[0m [2mbore_cli::client[0m[2m:[0m listening at bore.pub:46781
Error: could not connect to bore.pub:7835

Caused by:
    No route to host (os error 65)
[2m2026-04-27T09:14:11.364593Z[0m [32m INFO[0m [2mbore_cli::client[0m[2m:[0m connected to server [3mremote_port[0m[2m=[0m15422
[2m2026-04-27T09:14:11.364721Z[0m [32m INFO[0m [2mbore_cli::client[0m[2m:[0m listening at bore.pub:15422
Error: could not connect to bore.pub:7835

Caused by:
    No route to host (os error 65)
[2m2026-04-27T09:21:12.711608Z[0m [32m INFO[0m [2mbore_cli::client[0m[2m:[0m connected to server [3mremote_port[0m[2m=[0m12895
[2m2026-04-27T09:21:12.711719Z[0m [32m INFO[0m [2mbore_cli::client[0m[2m:[0m listening at bore.pub:12895
[2m2026-04-27T09:34:14.355291Z[0m [32m INFO[0m [2mbore_cli::client[0m[2m:[0m connected to server [3mremote_port[0m[2m=[0m10980
[2m2026-04-27T09:34:14.356388Z[0m [32m INFO[0m [2mbore_cli::client[0m[2m:[0m listening at bore.pub:10980
Error: could not connect to bore.pub:7835

Caused by:
    No route to host (os error 65)
[2m2026-04-27T09:40:23.365748Z[0m [32m INFO[0m [2mbore_cli::client[0m[2m:[0m connected to server [3mremote_port[0m[2m=[0m50082
[2m2026-04-27T09:40:23.365904Z[0m [32m INFO[0m [2mbore_cli::client[0m[2m:[0m listening at bore.pub:50082
Error: could not connect to bore.pub:7835

Caused by:
    No route to host (os error 65)
[2m2026-04-27T09:50:08.206040Z[0m [32m INFO[0m [2mbore_cli::client[0m[2m:[0m connected to server [3mremote_port[0m[2m=[0m43541
[2m2026-04-27T09:50:08.206180Z[0m [32m INFO[0m [2mbore_cli::client[0m[2m:[0m listening at bore.pub:43541
Error: could not connect to bore.pub:7835

Caused by:
    No route to host (os error 65)
[2m2026-04-27T09:55:12.568913Z[0m [32m INFO[0m [2mbore_cli::client[0m[2m:[0m connected to server [3mremote_port[0m[2m=[0m21619
[2m2026-04-27T09:55:12.569035Z[0m [32m INFO[0m [2mbore_cli::client[0m[2m:[0m listening at bore.pub:21619
[2m2026-04-27T10:08:28.808984Z[0m [32m INFO[0m [2mbore_cli::client[0m[2m:[0m connected to server [3mremote_port[0m[2m=[0m59971
[2m2026-04-27T10:08:28.809976Z[0m [32m INFO[0m [2mbore_cli::client[0m[2m:[0m listening at bore.pub:59971
[2m2026-04-27T10:15:34.457110Z[0m [32m INFO[0m [2mbore_cli::client[0m[2m:[0m connected to server [3mremote_port[0m[2m=[0m5053
[2m2026-04-27T10:15:34.458084Z[0m [32m INFO[0m [2mbore_cli::client[0m[2m:[0m listening at bore.pub:5053
Error: could not connect to bore.pub:7835

Caused by:
    No route to host (os error 65)
[2m2026-04-27T10:28:22.755437Z[0m [32m INFO[0m [2mbore_cli::client[0m[2m:[0m connected to server [3mremote_port[0m[2m=[0m15789
[2m2026-04-27T10:28:22.755551Z[0m [32m INFO[0m [2mbore_cli::client[0m[2m:[0m listening at bore.pub:15789
[2m2026-04-27T10:47:55.559316Z[0m [32m INFO[0m [2mbore_cli::client[0m[2m:[0m connected to server [3mremote_port[0m[2m=[0m10600
[2m2026-04-27T10:47:55.559492Z[0m [32m INFO[0m [2mbore_cli::client[0m[2m:[0m listening at bore.pub:10600
Error: could not connect to bore.pub:7835

Caused by:
    No route to host (os error 65)
[2m2026-04-27T11:03:53.487487Z[0m [32m INFO[0m [2mbore_cli::client[0m[2m:[0m connected to server [3mremote_port[0m[2m=[0m49203
[2m2026-04-27T11:03:53.487623Z[0m [32m INFO[0m [2mbore_cli::client[0m[2m:[0m listening at bore.pub:49203
Error: could not connect to bore.pub:7835

Caused by:
    No route to host (os error 65)
[2m2026-04-27T11:20:28.718034Z[0m [32m INFO[0m [2mbore_cli::client[0m[2m:[0m connected to server [3mremote_port[0m[2m=[0m27375
[2m2026-04-27T11:20:28.718152Z[0m [32m INFO[0m [2mbore_cli::client[0m[2m:[0m listening at bore.pub:27375
[2m2026-04-27T11:36:13.433765Z[0m [32m INFO[0m [2mbore_cli::client[0m[2m:[0m connected to server [3mremote_port[0m[2m=[0m32330
[2m2026-04-27T11:36:13.434872Z[0m [32m INFO[0m [2mbore_cli::client[0m[2m:[0m listening at bore.pub:32330
[2m2026-04-27T11:54:48.021505Z[0m [32m INFO[0m [2mbore_cli::client[0m[2m:[0m connected to server [3mremote_port[0m[2m=[0m63971
[2m2026-04-27T11:54:48.022545Z[0m [32m INFO[0m [2mbore_cli::client[0m[2m:[0m listening at bore.pub:63971
Error: could not connect to bore.pub:7835

Caused by:
    No route to host (os error 65)
[2m2026-04-27T12:05:58.691190Z[0m [32m INFO[0m [2mbore_cli::client[0m[2m:[0m connected to server [3mremote_port[0m[2m=[0m31005
[2m2026-04-27T12:05:58.691256Z[0m [32m INFO[0m [2mbore_cli::client[0m[2m:[0m listening at bore.pub:31005
[2m2026-04-27T12:30:43.366287Z[0m [32m INFO[0m [2mbore_cli::client[0m[2m:[0m connected to server [3mremote_port[0m[2m=[0m15459
[2m2026-04-27T12:30:43.367029Z[0m [32m INFO[0m [2mbore_cli::client[0m[2m:[0m listening at bore.pub:15459
Error: could not connect to bore.pub:7835

Caused by:
    No route to host (os error 65)
[2m2026-04-27T12:55:38.184358Z[0m [32m INFO[0m [2mbore_cli::client[0m[2m:[0m connected to server [3mremote_port[0m[2m=[0m36547
[2m2026-04-27T12:55:38.184500Z[0m [32m INFO[0m [2mbore_cli::client[0m[2m:[0m listening at bore.pub:36547
Error: could not connect to bore.pub:7835

Caused by:
    No route to host (os error 65)
[2m2026-04-27T13:08:17.179040Z[0m [32m INFO[0m [2mbore_cli::client[0m[2m:[0m connected to server [3mremote_port[0m[2m=[0m57850
[2m2026-04-27T13:08:17.179122Z[0m [32m INFO[0m [2mbore_cli::client[0m[2m:[0m listening at bore.pub:57850
Error: could not connect to bore.pub:7835

Caused by:
    No route to host (os error 65)
[2m2026-04-27T13:22:34.049187Z[0m [32m INFO[0m [2mbore_cli::client[0m[2m:[0m connected to server [3mremote_port[0m[2m=[0m22288
[2m2026-04-27T13:22:34.049315Z[0m [32m INFO[0m [2mbore_cli::client[0m[2m:[0m listening at bore.pub:22288
Error: could not connect to bore.pub:7835

Caused by:
    No route to host (os error 65)
[2m2026-04-27T13:33:47.030721Z[0m [32m INFO[0m [2mbore_cli::client[0m[2m:[0m connected to server [3mremote_port[0m[2m=[0m18986
[2m2026-04-27T13:33:47.030858Z[0m [32m INFO[0m [2mbore_cli::client[0m[2m:[0m listening at bore.pub:18986
Error: could not connect to bore.pub:7835

Caused by:
    No route to host (os error 65)
[2m2026-04-27T13:40:05.863337Z[0m [32m INFO[0m [2mbore_cli::client[0m[2m:[0m connected to server [3mremote_port[0m[2m=[0m11440
[2m2026-04-27T13:40:05.863475Z[0m [32m INFO[0m [2mbore_cli::client[0m[2m:[0m listening at bore.pub:11440
Error: could not connect to bore.pub:7835

Caused by:
    No route to host (os error 65)
[2m2026-04-27T13:55:07.973017Z[0m [32m INFO[0m [2mbore_cli::client[0m[2m:[0m connected to server [3mremote_port[0m[2m=[0m57654
[2m2026-04-27T13:55:07.973133Z[0m [32m INFO[0m [2mbore_cli::client[0m[2m:[0m listening at bore.pub:57654
Error: could not connect to bore.pub:7835

Caused by:
    No route to host (os error 65)
[2m2026-04-27T14:07:45.268884Z[0m [32m INFO[0m [2mbore_cli::client[0m[2m:[0m connected to server [3mremote_port[0m[2m=[0m32245
[2m2026-04-27T14:07:45.268969Z[0m [32m INFO[0m [2mbore_cli::client[0m[2m:[0m listening at bore.pub:32245
[2m2026-04-27T14:28:49.758572Z[0m [32m INFO[0m [2mbore_cli::client[0m[2m:[0m connected to server [3mremote_port[0m[2m=[0m56532
[2m2026-04-27T14:28:49.759589Z[0m [32m INFO[0m [2mbore_cli::client[0m[2m:[0m listening at bore.pub:56532
Error: could not connect to bore.pub:7835

Caused by:
    No route to host (os error 65)
[2m2026-04-27T14:38:41.971438Z[0m [32m INFO[0m [2mbore_cli::client[0m[2m:[0m connected to server [3mremote_port[0m[2m=[0m9560
[2m2026-04-27T14:38:41.971594Z[0m [32m INFO[0m [2mbore_cli::client[0m[2m:[0m listening at bore.pub:9560
[2m2026-04-27T15:00:47.270372Z[0m [32m INFO[0m [2mbore_cli::client[0m[2m:[0m connected to server [3mremote_port[0m[2m=[0m64835
[2m2026-04-27T15:00:47.271393Z[0m [32m INFO[0m [2mbore_cli::client[0m[2m:[0m listening at bore.pub:64835
Error: could not connect to bore.pub:7835

Caused by:
    No route to host (os error 65)
[2m2026-04-27T15:04:59.347481Z[0m [32m INFO[0m [2mbore_cli::client[0m[2m:[0m connected to server [3mremote_port[0m[2m=[0m23493
[2m2026-04-27T15:04:59.347629Z[0m [32m INFO[0m [2mbore_cli::client[0m[2m:[0m listening at bore.pub:23493
Error: could not connect to bore.pub:7835

Caused by:
    No route to host (os error 65)
[2m2026-04-27T15:20:25.746557Z[0m [32m INFO[0m [2mbore_cli::client[0m[2m:[0m connected to server [3mremote_port[0m[2m=[0m26876
[2m2026-04-27T15:20:25.746651Z[0m [32m INFO[0m [2mbore_cli::client[0m[2m:[0m listening at bore.pub:26876
Error: could not connect to bore.pub:7835

Caused by:
    No route to host (os error 65)
[2m2026-04-27T15:28:01.276959Z[0m [32m INFO[0m [2mbore_cli::client[0m[2m:[0m connected to server [3mremote_port[0m[2m=[0m3945
[2m2026-04-27T15:28:01.277097Z[0m [32m INFO[0m [2mbore_cli::client[0m[2m:[0m listening at bore.pub:3945
Error: could not connect to bore.pub:7835

Caused by:
    No route to host (os error 65)
[2m2026-04-27T15:33:16.393046Z[0m [32m INFO[0m [2mbore_cli::client[0m[2m:[0m connected to server [3mremote_port[0m[2m=[0m29075
[2m2026-04-27T15:33:16.393204Z[0m [32m INFO[0m [2mbore_cli::client[0m[2m:[0m listening at bore.pub:29075
Error: could not connect to bore.pub:7835

Caused by:
    No route to host (os error 65)
[2m2026-04-27T15:51:44.180557Z[0m [32m INFO[0m [2mbore_cli::client[0m[2m:[0m connected to server [3mremote_port[0m[2m=[0m64246
[2m2026-04-27T15:51:44.180669Z[0m [32m INFO[0m [2mbore_cli::client[0m[2m:[0m listening at bore.pub:64246
Error: could not connect to bore.pub:7835

Caused by:
    No route to host (os error 65)
[2m2026-04-27T16:11:03.624758Z[0m [32m INFO[0m [2mbore_cli::client[0m[2m:[0m connected to server [3mremote_port[0m[2m=[0m62253
[2m2026-04-27T16:11:03.624882Z[0m [32m INFO[0m [2mbore_cli::client[0m[2m:[0m listening at bore.pub:62253
Error: could not connect to bore.pub:7835

Caused by:
    No route to host (os error 65)
[2m2026-04-27T16:17:14.240841Z[0m [32m INFO[0m [2mbore_cli::client[0m[2m:[0m connected to server [3mremote_port[0m[2m=[0m61649
[2m2026-04-27T16:17:14.240966Z[0m [32m INFO[0m [2mbore_cli::client[0m[2m:[0m listening at bore.pub:61649
Error: could not connect to bore.pub:7835

Caused by:
    No route to host (os error 65)
[2m2026-04-27T16:27:07.262506Z[0m [32m INFO[0m [2mbore_cli::client[0m[2m:[0m connected to server [3mremote_port[0m[2m=[0m1702
[2m2026-04-27T16:27:07.262625Z[0m [32m INFO[0m [2mbore_cli::client[0m[2m:[0m listening at bore.pub:1702
Error: could not connect to bore.pub:7835

Caused by:
    No route to host (os error 65)
[2m2026-04-27T16:30:25.610515Z[0m [32m INFO[0m [2mbore_cli::client[0m[2m:[0m connected to server [3mremote_port[0m[2m=[0m25953
[2m2026-04-27T16:30:25.610616Z[0m [32m INFO[0m [2mbore_cli::client[0m[2m:[0m listening at bore.pub:25953
[2m2026-04-27T16:42:36.999374Z[0m [32m INFO[0m [2mbore_cli::client[0m[2m:[0m connected to server [3mremote_port[0m[2m=[0m1777
[2m2026-04-27T16:42:37.000144Z[0m [32m INFO[0m [2mbore_cli::client[0m[2m:[0m listening at bore.pub:1777
Error: could not connect to bore.pub:7835

Caused by:
    No route to host (os error 65)
[2m2026-04-27T16:52:48.820901Z[0m [32m INFO[0m [2mbore_cli::client[0m[2m:[0m connected to server [3mremote_port[0m[2m=[0m54671
[2m2026-04-27T16:52:48.821037Z[0m [32m INFO[0m [2mbore_cli::client[0m[2m:[0m listening at bore.pub:54671
Error: could not connect to bore.pub:7835

Caused by:
    No route to host (os error 65)
[2m2026-04-27T17:08:11.486107Z[0m [32m INFO[0m [2mbore_cli::client[0m[2m:[0m connected to server [3mremote_port[0m[2m=[0m13979
[2m2026-04-27T17:08:11.486175Z[0m [32m INFO[0m [2mbore_cli::client[0m[2m:[0m listening at bore.pub:13979
[2m2026-04-27T18:06:45.344804Z[0m [32m INFO[0m [2mbore_cli::client[0m[2m:[0m connected to server [3mremote_port[0m[2m=[0m37000
[2m2026-04-27T18:06:45.345032Z[0m [32m INFO[0m [2mbore_cli::client[0m[2m:[0m listening at bore.pub:37000
[2m2026-04-27T18:25:49.762098Z[0m [32m INFO[0m [2mbore_cli::client[0m[2m:[0m connected to server [3mremote_port[0m[2m=[0m39068
[2m2026-04-27T18:25:49.762412Z[0m [32m INFO[0m [2mbore_cli::client[0m[2m:[0m listening at bore.pub:39068
Error: could not connect to bore.pub:7835

Caused by:
    No route to host (os error 65)
[2m2026-04-27T19:15:20.187623Z[0m [32m INFO[0m [2mbore_cli::client[0m[2m:[0m connected to server [3mremote_port[0m[2m=[0m1975
[2m2026-04-27T19:15:20.187761Z[0m [32m INFO[0m [2mbore_cli::client[0m[2m:[0m listening at bore.pub:1975
Error: could not connect to bore.pub:7835

Caused by:
    No route to host (os error 65)
[2m2026-04-27T20:03:37.650284Z[0m [32m INFO[0m [2mbore_cli::client[0m[2m:[0m connected to server [3mremote_port[0m[2m=[0m15390
[2m2026-04-27T20:03:37.650424Z[0m [32m INFO[0m [2mbore_cli::client[0m[2m:[0m listening at bore.pub:15390
Error: could not connect to bore.pub:7835

Caused by:
    No route to host (os error 65)
[2m2026-04-27T20:49:06.580818Z[0m [32m INFO[0m [2mbore_cli::client[0m[2m:[0m connected to server [3mremote_port[0m[2m=[0m24869
[2m2026-04-27T20:49:06.581004Z[0m [32m INFO[0m [2mbore_cli::client[0m[2m:[0m listening at bore.pub:24869
Error: could not connect to bore.pub:7835

Caused by:
    No route to host (os error 65)
[2m2026-04-27T21:35:33.689047Z[0m [32m INFO[0m [2mbore_cli::client[0m[2m:[0m connected to server [3mremote_port[0m[2m=[0m49663
[2m2026-04-27T21:35:33.689138Z[0m [32m INFO[0m [2mbore_cli::client[0m[2m:[0m listening at bore.pub:49663
Error: could not connect to bore.pub:7835

Caused by:
    No route to host (os error 65)
[2m2026-04-27T21:43:05.451657Z[0m [32m INFO[0m [2mbore_cli::client[0m[2m:[0m connected to server [3mremote_port[0m[2m=[0m59767
[2m2026-04-27T21:43:05.451716Z[0m [32m INFO[0m [2mbore_cli::client[0m[2m:[0m listening at bore.pub:59767
Error: could not connect to bore.pub:7835

Caused by:
    No route to host (os error 65)
[2m2026-04-27T21:52:08.166143Z[0m [32m INFO[0m [2mbore_cli::client[0m[2m:[0m connected to server [3mremote_port[0m[2m=[0m9631
[2m2026-04-27T21:52:08.166255Z[0m [32m INFO[0m [2mbore_cli::client[0m[2m:[0m listening at bore.pub:9631
Error: could not connect to bore.pub:7835

Caused by:
    No route to host (os error 65)
[2m2026-04-27T22:04:38.994128Z[0m [32m INFO[0m [2mbore_cli::client[0m[2m:[0m connected to server [3mremote_port[0m[2m=[0m59631
[2m2026-04-27T22:04:38.994213Z[0m [32m INFO[0m [2mbore_cli::client[0m[2m:[0m listening at bore.pub:59631
Error: could not connect to bore.pub:7835

Caused by:
    No route to host (os error 65)
[2m2026-04-27T22:18:56.599436Z[0m [32m INFO[0m [2mbore_cli::client[0m[2m:[0m connected to server [3mremote_port[0m[2m=[0m54837
[2m2026-04-27T22:18:56.599506Z[0m [32m INFO[0m [2mbore_cli::client[0m[2m:[0m listening at bore.pub:54837
Error: could not connect to bore.pub:7835

Caused by:
    No route to host (os error 65)
[2m2026-04-27T22:27:23.719113Z[0m [32m INFO[0m [2mbore_cli::client[0m[2m:[0m connected to server [3mremote_port[0m[2m=[0m21581
[2m2026-04-27T22:27:23.719207Z[0m [32m INFO[0m [2mbore_cli::client[0m[2m:[0m listening at bore.pub:21581
Error: could not connect to bore.pub:7835

Caused by:
    No route to host (os error 65)
[2m2026-04-27T22:42:41.409797Z[0m [32m INFO[0m [2mbore_cli::client[0m[2m:[0m connected to server [3mremote_port[0m[2m=[0m42435
[2m2026-04-27T22:42:41.409912Z[0m [32m INFO[0m [2mbore_cli::client[0m[2m:[0m listening at bore.pub:42435
Error: could not connect to bore.pub:7835

Caused by:
    No route to host (os error 65)
[2m2026-04-27T23:01:00.774353Z[0m [32m INFO[0m [2mbore_cli::client[0m[2m:[0m connected to server [3mremote_port[0m[2m=[0m33588
[2m2026-04-27T23:01:00.774461Z[0m [32m INFO[0m [2mbore_cli::client[0m[2m:[0m listening at bore.pub:33588
[2m2026-04-27T23:48:00.793046Z[0m [32m INFO[0m [2mbore_cli::client[0m[2m:[0m connected to server [3mremote_port[0m[2m=[0m45649
[2m2026-04-27T23:48:00.793948Z[0m [32m INFO[0m [2mbore_cli::client[0m[2m:[0m listening at bore.pub:45649
[2m2026-04-28T00:05:37.276946Z[0m [32m INFO[0m [1mproxy[0m[1m{[0m[3mid[0m[2m=[0m3993134c-97f6-45b2-89e5-fa6eb2436ffb[1m}[0m[2m:[0m [2mbore_cli::client[0m[2m:[0m new connection
[2m2026-04-28T00:05:37.632665Z[0m [33m WARN[0m [1mproxy[0m[1m{[0m[3mid[0m[2m=[0m3993134c-97f6-45b2-89e5-fa6eb2436ffb[1m}[0m[2m:[0m [2mbore_cli::client[0m[2m:[0m connection exited with error [3merr[0m[2m=[0mConnection reset by peer (os error 54)
Error: could not connect to bore.pub:7835

Caused by:
    No route to host (os error 65)
[2m2026-04-28T00:38:50.891073Z[0m [32m INFO[0m [2mbore_cli::client[0m[2m:[0m connected to server [3mremote_port[0m[2m=[0m38458
[2m2026-04-28T00:38:50.891173Z[0m [32m INFO[0m [2mbore_cli::client[0m[2m:[0m listening at bore.pub:38458
[2m2026-04-28T02:59:30.421517Z[0m [32m INFO[0m [2mbore_cli::client[0m[2m:[0m connected to server [3mremote_port[0m[2m=[0m5909
[2m2026-04-28T02:59:30.421569Z[0m [32m INFO[0m [2mbore_cli::client[0m[2m:[0m listening at bore.pub:5909
[2m2026-04-28T04:25:55.679431Z[0m [32m INFO[0m [2mbore_cli::client[0m[2m:[0m connected to server [3mremote_port[0m[2m=[0m63169
[2m2026-04-28T04:25:55.679505Z[0m [32m INFO[0m [2mbore_cli::client[0m[2m:[0m listening at bore.pub:63169
Error: could not connect to bore.pub:7835

Caused by:
    No route to host (os error 65)
[2m2026-04-28T06:03:07.198295Z[0m [32m INFO[0m [2mbore_cli::client[0m[2m:[0m connected to server [3mremote_port[0m[2m=[0m36242
[2m2026-04-28T06:03:07.198334Z[0m [32m INFO[0m [2mbore_cli::client[0m[2m:[0m listening at bore.pub:36242
Error: could not connect to bore.pub:7835

Caused by:
    No route to host (os error 65)
[2m2026-04-28T06:25:38.606265Z[0m [32m INFO[0m [2mbore_cli::client[0m[2m:[0m connected to server [3mremote_port[0m[2m=[0m25517
[2m2026-04-28T06:25:38.606395Z[0m [32m INFO[0m [2mbore_cli::client[0m[2m:[0m listening at bore.pub:25517
[2m2026-04-28T06:42:49.998218Z[0m [32m INFO[0m [1mproxy[0m[1m{[0m[3mid[0m[2m=[0mf40b5c19-60e1-483b-82d0-429e8157ba5d[1m}[0m[2m:[0m [2mbore_cli::client[0m[2m:[0m new connection
[2m2026-04-28T06:42:51.247120Z[0m [32m INFO[0m [1mproxy[0m[1m{[0m[3mid[0m[2m=[0mf40b5c19-60e1-483b-82d0-429e8157ba5d[1m}[0m[2m:[0m [2mbore_cli::client[0m[2m:[0m connection exited
[2m2026-04-28T06:42:51.592349Z[0m [32m INFO[0m [1mproxy[0m[1m{[0m[3mid[0m[2m=[0mcbdf53c6-bdbe-4d68-9ad4-8fb68571c66c[1m}[0m[2m:[0m [2mbore_cli::client[0m[2m:[0m new connection
[2m2026-04-28T06:42:54.452537Z[0m [32m INFO[0m [1mproxy[0m[1m{[0m[3mid[0m[2m=[0mcbdf53c6-bdbe-4d68-9ad4-8fb68571c66c[1m}[0m[2m:[0m [2mbore_cli::client[0m[2m:[0m connection exited
[2m2026-04-28T06:42:55.625678Z[0m [32m INFO[0m [1mproxy[0m[1m{[0m[3mid[0m[2m=[0mf12d0bde-da5c-4fff-9c2c-1527407f0c25[1m}[0m[2m:[0m [2mbore_cli::client[0m[2m:[0m new connection
[2m2026-04-28T06:42:55.774105Z[0m [32m INFO[0m [1mproxy[0m[1m{[0m[3mid[0m[2m=[0mf12d0bde-da5c-4fff-9c2c-1527407f0c25[1m}[0m[2m:[0m [2mbore_cli::client[0m[2m:[0m connection exited
Error: could not connect to bore.pub:7835

Caused by:
    No route to host (os error 65)
[2m2026-04-28T06:43:06.668008Z[0m [32m INFO[0m [2mbore_cli::client[0m[2m:[0m connected to server [3mremote_port[0m[2m=[0m39837
[2m2026-04-28T06:43:06.668073Z[0m [32m INFO[0m [2mbore_cli::client[0m[2m:[0m listening at bore.pub:39837
Error: could not connect to bore.pub:7835

Caused by:
    No route to host (os error 65)
[2m2026-04-28T06:58:30.461249Z[0m [32m INFO[0m [2mbore_cli::client[0m[2m:[0m connected to server [3mremote_port[0m[2m=[0m12812
[2m2026-04-28T06:58:30.461389Z[0m [32m INFO[0m [2mbore_cli::client[0m[2m:[0m listening at bore.pub:12812
Error: could not connect to bore.pub:7835

Caused by:
    No route to host (os error 65)
[2m2026-04-28T07:14:06.554156Z[0m [32m INFO[0m [2mbore_cli::client[0m[2m:[0m connected to server [3mremote_port[0m[2m=[0m4462
[2m2026-04-28T07:14:06.554261Z[0m [32m INFO[0m [2mbore_cli::client[0m[2m:[0m listening at bore.pub:4462
Error: could not connect to bore.pub:7835

Caused by:
    No route to host (os error 65)
[2m2026-04-28T07:25:41.241074Z[0m [32m INFO[0m [2mbore_cli::client[0m[2m:[0m connected to server [3mremote_port[0m[2m=[0m21039
[2m2026-04-28T07:25:41.241185Z[0m [32m INFO[0m [2mbore_cli::client[0m[2m:[0m listening at bore.pub:21039
Error: could not connect to bore.pub:7835

Caused by:
    No route to host (os error 65)
[2m2026-04-28T07:36:36.918822Z[0m [32m INFO[0m [2mbore_cli::client[0m[2m:[0m connected to server [3mremote_port[0m[2m=[0m62253
[2m2026-04-28T07:36:36.918884Z[0m [32m INFO[0m [2mbore_cli::client[0m[2m:[0m listening at bore.pub:62253
[2m2026-04-28T07:52:12.765251Z[0m [32m INFO[0m [2mbore_cli::client[0m[2m:[0m connected to server [3mremote_port[0m[2m=[0m61264
[2m2026-04-28T07:52:12.765358Z[0m [32m INFO[0m [2mbore_cli::client[0m[2m:[0m listening at bore.pub:61264
Error: could not connect to bore.pub:7835

Caused by:
    No route to host (os error 65)
[2m2026-04-28T07:57:59.258442Z[0m [32m INFO[0m [2mbore_cli::client[0m[2m:[0m connected to server [3mremote_port[0m[2m=[0m14859
[2m2026-04-28T07:57:59.258560Z[0m [32m INFO[0m [2mbore_cli::client[0m[2m:[0m listening at bore.pub:14859
Error: could not connect to bore.pub:7835

Caused by:
    No route to host (os error 65)
[2m2026-04-28T08:15:34.308388Z[0m [32m INFO[0m [2mbore_cli::client[0m[2m:[0m connected to server [3mremote_port[0m[2m=[0m21262
[2m2026-04-28T08:15:34.308643Z[0m [32m INFO[0m [2mbore_cli::client[0m[2m:[0m listening at bore.pub:21262
Error: could not connect to bore.pub:7835

Caused by:
    No route to host (os error 65)
[2m2026-04-28T08:32:09.441239Z[0m [32m INFO[0m [2mbore_cli::client[0m[2m:[0m connected to server [3mremote_port[0m[2m=[0m30000
[2m2026-04-28T08:32:09.441310Z[0m [32m INFO[0m [2mbore_cli::client[0m[2m:[0m listening at bore.pub:30000
Error: could not connect to bore.pub:7835

Caused by:
    No route to host (os error 65)
[2m2026-04-28T08:39:52.120189Z[0m [32m INFO[0m [2mbore_cli::client[0m[2m:[0m connected to server [3mremote_port[0m[2m=[0m45184
[2m2026-04-28T08:39:52.120316Z[0m [32m INFO[0m [2mbore_cli::client[0m[2m:[0m listening at bore.pub:45184
Error: could not connect to bore.pub:7835

Caused by:
    No route to host (os error 65)
[2m2026-04-28T08:46:46.462995Z[0m [32m INFO[0m [2mbore_cli::client[0m[2m:[0m connected to server [3mremote_port[0m[2m=[0m63482
[2m2026-04-28T08:46:46.463062Z[0m [32m INFO[0m [2mbore_cli::client[0m[2m:[0m listening at bore.pub:63482
Error: could not connect to bore.pub:7835

Caused by:
    No route to host (os error 65)
[2m2026-04-28T08:54:43.176507Z[0m [32m INFO[0m [2mbore_cli::client[0m[2m:[0m connected to server [3mremote_port[0m[2m=[0m18098
[2m2026-04-28T08:54:43.176605Z[0m [32m INFO[0m [2mbore_cli::client[0m[2m:[0m listening at bore.pub:18098
Error: could not connect to bore.pub:7835

Caused by:
    No route to host (os error 65)
[2m2026-04-28T09:04:56.122297Z[0m [32m INFO[0m [2mbore_cli::client[0m[2m:[0m connected to server [3mremote_port[0m[2m=[0m57928
[2m2026-04-28T09:04:56.122428Z[0m [32m INFO[0m [2mbore_cli::client[0m[2m:[0m listening at bore.pub:57928
Error: could not connect to bore.pub:7835

Caused by:
    No route to host (os error 65)
[2m2026-04-28T09:13:03.444167Z[0m [32m INFO[0m [2mbore_cli::client[0m[2m:[0m connected to server [3mremote_port[0m[2m=[0m17513
[2m2026-04-28T09:13:03.444265Z[0m [32m INFO[0m [2mbore_cli::client[0m[2m:[0m listening at bore.pub:17513
Error: could not connect to bore.pub:7835

Caused by:
    No route to host (os error 65)
[2m2026-04-28T09:25:41.167738Z[0m [32m INFO[0m [2mbore_cli::client[0m[2m:[0m connected to server [3mremote_port[0m[2m=[0m41653
[2m2026-04-28T09:25:41.167850Z[0m [32m INFO[0m [2mbore_cli::client[0m[2m:[0m listening at bore.pub:41653
Error: could not connect to bore.pub:7835

Caused by:
    No route to host (os error 65)
[2m2026-04-28T09:33:59.178710Z[0m [32m INFO[0m [2mbore_cli::client[0m[2m:[0m connected to server [3mremote_port[0m[2m=[0m37210
[2m2026-04-28T09:33:59.178809Z[0m [32m INFO[0m [2mbore_cli::client[0m[2m:[0m listening at bore.pub:37210
Error: could not connect to bore.pub:7835

Caused by:
    No route to host (os error 65)
[2m2026-04-28T09:43:31.536011Z[0m [32m INFO[0m [2mbore_cli::client[0m[2m:[0m connected to server [3mremote_port[0m[2m=[0m20454
[2m2026-04-28T09:43:31.536122Z[0m [32m INFO[0m [2mbore_cli::client[0m[2m:[0m listening at bore.pub:20454
[2m2026-04-28T09:50:19.423076Z[0m [32m INFO[0m [2mbore_cli::client[0m[2m:[0m connected to server [3mremote_port[0m[2m=[0m24290
[2m2026-04-28T09:50:19.423181Z[0m [32m INFO[0m [2mbore_cli::client[0m[2m:[0m listening at bore.pub:24290
Error: could not connect to bore.pub:7835

Caused by:
    No route to host (os error 65)
[2m2026-04-28T10:03:44.534272Z[0m [32m INFO[0m [2mbore_cli::client[0m[2m:[0m connected to server [3mremote_port[0m[2m=[0m31053
[2m2026-04-28T10:03:44.534406Z[0m [32m INFO[0m [2mbore_cli::client[0m[2m:[0m listening at bore.pub:31053
Error: could not connect to bore.pub:7835

Caused by:
    No route to host (os error 65)
[2m2026-04-28T10:15:11.955950Z[0m [32m INFO[0m [2mbore_cli::client[0m[2m:[0m connected to server [3mremote_port[0m[2m=[0m16425
[2m2026-04-28T10:15:11.956077Z[0m [32m INFO[0m [2mbore_cli::client[0m[2m:[0m listening at bore.pub:16425
Error: could not connect to bore.pub:7835

Caused by:
    No route to host (os error 65)
[2m2026-04-28T10:26:30.215345Z[0m [32m INFO[0m [2mbore_cli::client[0m[2m:[0m connected to server [3mremote_port[0m[2m=[0m42533
[2m2026-04-28T10:26:30.215419Z[0m [32m INFO[0m [2mbore_cli::client[0m[2m:[0m listening at bore.pub:42533
Error: could not connect to bore.pub:7835

Caused by:
    No route to host (os error 65)
[2m2026-04-28T10:39:00.759727Z[0m [32m INFO[0m [2mbore_cli::client[0m[2m:[0m connected to server [3mremote_port[0m[2m=[0m62200
[2m2026-04-28T10:39:00.759850Z[0m [32m INFO[0m [2mbore_cli::client[0m[2m:[0m listening at bore.pub:62200
[2m2026-04-28T10:39:43.543829Z[0m [32m INFO[0m [2mbore_cli::client[0m[2m:[0m connected to server [3mremote_port[0m[2m=[0m10351
[2m2026-04-28T10:39:43.543936Z[0m [32m INFO[0m [2mbore_cli::client[0m[2m:[0m listening at bore.pub:10351
Error: could not connect to bore.pub:7835

Caused by:
    No route to host (os error 65)
[2m2026-04-28T10:44:23.870476Z[0m [32m INFO[0m [2mbore_cli::client[0m[2m:[0m connected to server [3mremote_port[0m[2m=[0m52487
[2m2026-04-28T10:44:23.870561Z[0m [32m INFO[0m [2mbore_cli::client[0m[2m:[0m listening at bore.pub:52487
Error: could not connect to bore.pub:7835

Caused by:
    No route to host (os error 65)
[2m2026-04-28T10:57:12.410116Z[0m [32m INFO[0m [2mbore_cli::client[0m[2m:[0m connected to server [3mremote_port[0m[2m=[0m53951
[2m2026-04-28T10:57:12.410171Z[0m [32m INFO[0m [2mbore_cli::client[0m[2m:[0m listening at bore.pub:53951
[2m2026-04-28T11:07:55.370151Z[0m [32m INFO[0m [2mbore_cli::client[0m[2m:[0m connected to server [3mremote_port[0m[2m=[0m6744
[2m2026-04-28T11:07:55.370248Z[0m [32m INFO[0m [2mbore_cli::client[0m[2m:[0m listening at bore.pub:6744
Error: could not connect to bore.pub:7835

Caused by:
    No route to host (os error 65)
[2m2026-04-28T11:23:06.514163Z[0m [32m INFO[0m [2mbore_cli::client[0m[2m:[0m connected to server [3mremote_port[0m[2m=[0m36405
[2m2026-04-28T11:23:06.514282Z[0m [32m INFO[0m [2mbore_cli::client[0m[2m:[0m listening at bore.pub:36405
Error: could not connect to bore.pub:7835

Caused by:
    No route to host (os error 65)
[2m2026-04-28T11:35:31.025448Z[0m [32m INFO[0m [2mbore_cli::client[0m[2m:[0m connected to server [3mremote_port[0m[2m=[0m24477
[2m2026-04-28T11:35:31.025533Z[0m [32m INFO[0m [2mbore_cli::client[0m[2m:[0m listening at bore.pub:24477
Error: could not connect to bore.pub:7835

Caused by:
    No route to host (os error 65)
[2m2026-04-28T11:58:08.016451Z[0m [32m INFO[0m [2mbore_cli::client[0m[2m:[0m connected to server [3mremote_port[0m[2m=[0m18309
[2m2026-04-28T11:58:08.016532Z[0m [32m INFO[0m [2mbore_cli::client[0m[2m:[0m listening at bore.pub:18309
Error: could not connect to bore.pub:7835

Caused by:
    No route to host (os error 65)
[2m2026-04-28T12:33:50.035250Z[0m [32m INFO[0m [2mbore_cli::client[0m[2m:[0m connected to server [3mremote_port[0m[2m=[0m39759
[2m2026-04-28T12:33:50.035358Z[0m [32m INFO[0m [2mbore_cli::client[0m[2m:[0m listening at bore.pub:39759
Error: could not connect to bore.pub:7835

Caused by:
    No route to host (os error 65)
[2m2026-04-28T12:47:58.702781Z[0m [32m INFO[0m [2mbore_cli::client[0m[2m:[0m connected to server [3mremote_port[0m[2m=[0m35681
[2m2026-04-28T12:47:58.702878Z[0m [32m INFO[0m [2mbore_cli::client[0m[2m:[0m listening at bore.pub:35681
Error: could not connect to bore.pub:7835

Caused by:
    No route to host (os error 65)
[2m2026-04-28T12:59:43.116300Z[0m [32m INFO[0m [2mbore_cli::client[0m[2m:[0m connected to server [3mremote_port[0m[2m=[0m54629
[2m2026-04-28T12:59:43.116369Z[0m [32m INFO[0m [2mbore_cli::client[0m[2m:[0m listening at bore.pub:54629
Error: could not connect to bore.pub:7835

Caused by:
    No route to host (os error 65)
[2m2026-04-28T13:09:10.382467Z[0m [32m INFO[0m [2mbore_cli::client[0m[2m:[0m connected to server [3mremote_port[0m[2m=[0m35045
[2m2026-04-28T13:09:10.382548Z[0m [32m INFO[0m [2mbore_cli::client[0m[2m:[0m listening at bore.pub:35045
Error: could not connect to bore.pub:7835

Caused by:
    No route to host (os error 65)
[2m2026-04-28T13:24:32.410989Z[0m [32m INFO[0m [2mbore_cli::client[0m[2m:[0m connected to server [3mremote_port[0m[2m=[0m40096
[2m2026-04-28T13:24:32.411100Z[0m [32m INFO[0m [2mbore_cli::client[0m[2m:[0m listening at bore.pub:40096
Error: could not connect to bore.pub:7835

Caused by:
    No route to host (os error 65)
[2m2026-04-28T13:38:31.656679Z[0m [32m INFO[0m [2mbore_cli::client[0m[2m:[0m connected to server [3mremote_port[0m[2m=[0m63656
[2m2026-04-28T13:38:31.656782Z[0m [32m INFO[0m [2mbore_cli::client[0m[2m:[0m listening at bore.pub:63656
[2m2026-04-28T13:53:46.801012Z[0m [32m INFO[0m [2mbore_cli::client[0m[2m:[0m connected to server [3mremote_port[0m[2m=[0m54398
[2m2026-04-28T13:53:46.801131Z[0m [32m INFO[0m [2mbore_cli::client[0m[2m:[0m listening at bore.pub:54398
Error: could not connect to bore.pub:7835

Caused by:
    No route to host (os error 65)
[2m2026-04-28T14:16:02.872699Z[0m [32m INFO[0m [2mbore_cli::client[0m[2m:[0m connected to server [3mremote_port[0m[2m=[0m3613
[2m2026-04-28T14:16:02.872776Z[0m [32m INFO[0m [2mbore_cli::client[0m[2m:[0m listening at bore.pub:3613
Error: could not connect to bore.pub:7835

Caused by:
    No route to host (os error 65)
[2m2026-04-28T14:35:50.393747Z[0m [32m INFO[0m [2mbore_cli::client[0m[2m:[0m connected to server [3mremote_port[0m[2m=[0m48023
[2m2026-04-28T14:35:50.393852Z[0m [32m INFO[0m [2mbore_cli::client[0m[2m:[0m listening at bore.pub:48023
Error: could not connect to bore.pub:7835

Caused by:
    No route to host (os error 65)
[2m2026-04-28T14:48:42.305687Z[0m [32m INFO[0m [2mbore_cli::client[0m[2m:[0m connected to server [3mremote_port[0m[2m=[0m16998
[2m2026-04-28T14:48:42.305796Z[0m [32m INFO[0m [2mbore_cli::client[0m[2m:[0m listening at bore.pub:16998
Error: could not connect to bore.pub:7835

Caused by:
    No route to host (os error 65)
[2m2026-04-28T15:08:05.757252Z[0m [32m INFO[0m [2mbore_cli::client[0m[2m:[0m connected to server [3mremote_port[0m[2m=[0m20743
[2m2026-04-28T15:08:05.757315Z[0m [32m INFO[0m [2mbore_cli::client[0m[2m:[0m listening at bore.pub:20743
Error: could not connect to bore.pub:7835

Caused by:
    No route to host (os error 65)
[2m2026-04-28T15:24:12.909066Z[0m [32m INFO[0m [2mbore_cli::client[0m[2m:[0m connected to server [3mremote_port[0m[2m=[0m28395
[2m2026-04-28T15:24:12.909158Z[0m [32m INFO[0m [2mbore_cli::client[0m[2m:[0m listening at bore.pub:28395
Error: could not connect to bore.pub:7835

Caused by:
    No route to host (os error 65)
[2m2026-04-28T15:42:24.320297Z[0m [32m INFO[0m [2mbore_cli::client[0m[2m:[0m connected to server [3mremote_port[0m[2m=[0m54284
[2m2026-04-28T15:42:24.320408Z[0m [32m INFO[0m [2mbore_cli::client[0m[2m:[0m listening at bore.pub:54284
Error: could not connect to bore.pub:7835

Caused by:
    No route to host (os error 65)
[2m2026-04-28T16:03:16.245273Z[0m [32m INFO[0m [2mbore_cli::client[0m[2m:[0m connected to server [3mremote_port[0m[2m=[0m37478
[2m2026-04-28T16:03:16.245414Z[0m [32m INFO[0m [2mbore_cli::client[0m[2m:[0m listening at bore.pub:37478
[2m2026-04-28T16:17:50.034773Z[0m [32m INFO[0m [2mbore_cli::client[0m[2m:[0m connected to server [3mremote_port[0m[2m=[0m35897
[2m2026-04-28T16:17:50.034903Z[0m [32m INFO[0m [2mbore_cli::client[0m[2m:[0m listening at bore.pub:35897
Error: could not connect to bore.pub:7835

Caused by:
    No route to host (os error 65)
[2m2026-04-28T16:29:52.887899Z[0m [32m INFO[0m [2mbore_cli::client[0m[2m:[0m connected to server [3mremote_port[0m[2m=[0m38234
[2m2026-04-28T16:29:52.888034Z[0m [32m INFO[0m [2mbore_cli::client[0m[2m:[0m listening at bore.pub:38234
Error: could not connect to bore.pub:7835

Caused by:
    No route to host (os error 65)
[2m2026-04-28T16:35:44.332122Z[0m [32m INFO[0m [2mbore_cli::client[0m[2m:[0m connected to server [3mremote_port[0m[2m=[0m7792
[2m2026-04-28T16:35:44.332216Z[0m [32m INFO[0m [2mbore_cli::client[0m[2m:[0m listening at bore.pub:7792
Error: could not connect to bore.pub:7835

Caused by:
    No route to host (os error 65)
[2m2026-04-28T16:46:45.103993Z[0m [32m INFO[0m [2mbore_cli::client[0m[2m:[0m connected to server [3mremote_port[0m[2m=[0m37772
[2m2026-04-28T16:46:45.104117Z[0m [32m INFO[0m [2mbore_cli::client[0m[2m:[0m listening at bore.pub:37772
Error: could not connect to bore.pub:7835

Caused by:
    No route to host (os error 65)
[2m2026-04-28T16:55:21.339570Z[0m [32m INFO[0m [2mbore_cli::client[0m[2m:[0m connected to server [3mremote_port[0m[2m=[0m5951
[2m2026-04-28T16:55:21.339612Z[0m [32m INFO[0m [2mbore_cli::client[0m[2m:[0m listening at bore.pub:5951
Error: could not connect to bore.pub:7835

Caused by:
    No route to host (os error 65)
[2m2026-04-28T17:06:09.178506Z[0m [32m INFO[0m [2mbore_cli::client[0m[2m:[0m connected to server [3mremote_port[0m[2m=[0m46087
[2m2026-04-28T17:06:09.178616Z[0m [32m INFO[0m [2mbore_cli::client[0m[2m:[0m listening at bore.pub:46087
Error: could not connect to bore.pub:7835

Caused by:
    No route to host (os error 65)
[2m2026-04-28T17:13:16.239748Z[0m [32m INFO[0m [2mbore_cli::client[0m[2m:[0m connected to server [3mremote_port[0m[2m=[0m8023
[2m2026-04-28T17:13:16.239844Z[0m [32m INFO[0m [2mbore_cli::client[0m[2m:[0m listening at bore.pub:8023
[2m2026-04-28T17:22:54.593377Z[0m [32m INFO[0m [2mbore_cli::client[0m[2m:[0m connected to server [3mremote_port[0m[2m=[0m52896
[2m2026-04-28T17:22:54.593478Z[0m [32m INFO[0m [2mbore_cli::client[0m[2m:[0m listening at bore.pub:52896
[2m2026-04-28T17:38:58.742576Z[0m [32m INFO[0m [2mbore_cli::client[0m[2m:[0m connected to server [3mremote_port[0m[2m=[0m60896
[2m2026-04-28T17:38:58.742705Z[0m [32m INFO[0m [2mbore_cli::client[0m[2m:[0m listening at bore.pub:60896
Error: could not connect to bore.pub:7835

Caused by:
    No route to host (os error 65)
[2m2026-04-28T17:55:54.874269Z[0m [32m INFO[0m [2mbore_cli::client[0m[2m:[0m connected to server [3mremote_port[0m[2m=[0m13711
[2m2026-04-28T17:55:54.874572Z[0m [32m INFO[0m [2mbore_cli::client[0m[2m:[0m listening at bore.pub:13711
[2m2026-04-28T18:11:23.559246Z[0m [32m INFO[0m [2mbore_cli::client[0m[2m:[0m connected to server [3mremote_port[0m[2m=[0m62539
[2m2026-04-28T18:11:23.559492Z[0m [32m INFO[0m [2mbore_cli::client[0m[2m:[0m listening at bore.pub:62539
[2m2026-04-28T18:43:00.179869Z[0m [32m INFO[0m [2mbore_cli::client[0m[2m:[0m connected to server [3mremote_port[0m[2m=[0m59966
[2m2026-04-28T18:43:00.180648Z[0m [32m INFO[0m [2mbore_cli::client[0m[2m:[0m listening at bore.pub:59966
Error: could not connect to bore.pub:7835

Caused by:
    No route to host (os error 65)
[2m2026-04-28T18:51:35.548903Z[0m [32m INFO[0m [2mbore_cli::client[0m[2m:[0m connected to server [3mremote_port[0m[2m=[0m47469
[2m2026-04-28T18:51:35.549028Z[0m [32m INFO[0m [2mbore_cli::client[0m[2m:[0m listening at bore.pub:47469
Error: could not connect to bore.pub:7835

Caused by:
    No route to host (os error 65)
[2m2026-04-28T19:13:00.447050Z[0m [32m INFO[0m [2mbore_cli::client[0m[2m:[0m connected to server [3mremote_port[0m[2m=[0m40332
[2m2026-04-28T19:13:00.447189Z[0m [32m INFO[0m [2mbore_cli::client[0m[2m:[0m listening at bore.pub:40332
Error: could not connect to bore.pub:7835

Caused by:
    No route to host (os error 65)
[2m2026-04-28T19:40:12.398115Z[0m [32m INFO[0m [2mbore_cli::client[0m[2m:[0m connected to server [3mremote_port[0m[2m=[0m41714
[2m2026-04-28T19:40:12.398198Z[0m [32m INFO[0m [2mbore_cli::client[0m[2m:[0m listening at bore.pub:41714
Error: could not connect to bore.pub:7835

Caused by:
    No route to host (os error 65)
[2m2026-04-28T20:00:54.817308Z[0m [32m INFO[0m [2mbore_cli::client[0m[2m:[0m connected to server [3mremote_port[0m[2m=[0m49372
[2m2026-04-28T20:00:54.817381Z[0m [32m INFO[0m [2mbore_cli::client[0m[2m:[0m listening at bore.pub:49372
Error: could not connect to bore.pub:7835

Caused by:
    No route to host (os error 65)
[2m2026-04-28T20:23:12.088471Z[0m [32m INFO[0m [2mbore_cli::client[0m[2m:[0m connected to server [3mremote_port[0m[2m=[0m41013
[2m2026-04-28T20:23:12.088576Z[0m [32m INFO[0m [2mbore_cli::client[0m[2m:[0m listening at bore.pub:41013
[2m2026-04-28T20:50:42.833700Z[0m [32m INFO[0m [2mbore_cli::client[0m[2m:[0m connected to server [3mremote_port[0m[2m=[0m50551
[2m2026-04-28T20:50:42.834726Z[0m [32m INFO[0m [2mbore_cli::client[0m[2m:[0m listening at bore.pub:50551
Error: could not connect to bore.pub:7835

Caused by:
    No route to host (os error 65)
[2m2026-04-28T21:20:42.172369Z[0m [32m INFO[0m [2mbore_cli::client[0m[2m:[0m connected to server [3mremote_port[0m[2m=[0m33756
[2m2026-04-28T21:20:42.172481Z[0m [32m INFO[0m [2mbore_cli::client[0m[2m:[0m listening at bore.pub:33756
Error: could not connect to bore.pub:7835

Caused by:
    No route to host (os error 65)
[2m2026-04-28T21:40:57.811437Z[0m [32m INFO[0m [2mbore_cli::client[0m[2m:[0m connected to server [3mremote_port[0m[2m=[0m20269
[2m2026-04-28T21:40:57.811519Z[0m [32m INFO[0m [2mbore_cli::client[0m[2m:[0m listening at bore.pub:20269
Error: could not connect to bore.pub:7835

Caused by:
    No route to host (os error 65)
[2m2026-04-28T21:52:45.153062Z[0m [32m INFO[0m [2mbore_cli::client[0m[2m:[0m connected to server [3mremote_port[0m[2m=[0m36635
[2m2026-04-28T21:52:45.153184Z[0m [32m INFO[0m [2mbore_cli::client[0m[2m:[0m listening at bore.pub:36635
Error: could not connect to bore.pub:7835

Caused by:
    No route to host (os error 65)
[2m2026-04-28T22:07:15.658668Z[0m [32m INFO[0m [2mbore_cli::client[0m[2m:[0m connected to server [3mremote_port[0m[2m=[0m51559
[2m2026-04-28T22:07:15.658814Z[0m [32m INFO[0m [2mbore_cli::client[0m[2m:[0m listening at bore.pub:51559
Error: could not connect to bore.pub:7835

Caused by:
    No route to host (os error 65)
[2m2026-04-28T22:17:24.319563Z[0m [32m INFO[0m [2mbore_cli::client[0m[2m:[0m connected to server [3mremote_port[0m[2m=[0m11209
[2m2026-04-28T22:17:24.319663Z[0m [32m INFO[0m [2mbore_cli::client[0m[2m:[0m listening at bore.pub:11209
Error: could not connect to bore.pub:7835

Caused by:
    No route to host (os error 65)
[2m2026-04-28T22:30:36.833917Z[0m [32m INFO[0m [2mbore_cli::client[0m[2m:[0m connected to server [3mremote_port[0m[2m=[0m45597
[2m2026-04-28T22:30:36.834020Z[0m [32m INFO[0m [2mbore_cli::client[0m[2m:[0m listening at bore.pub:45597
Error: could not connect to bore.pub:7835

Caused by:
    No route to host (os error 65)
[2m2026-04-28T22:44:50.732534Z[0m [32m INFO[0m [2mbore_cli::client[0m[2m:[0m connected to server [3mremote_port[0m[2m=[0m60341
[2m2026-04-28T22:44:50.732576Z[0m [32m INFO[0m [2mbore_cli::client[0m[2m:[0m listening at bore.pub:60341
Error: could not connect to bore.pub:7835

Caused by:
    No route to host (os error 65)
[2m2026-04-28T23:04:42.240337Z[0m [32m INFO[0m [2mbore_cli::client[0m[2m:[0m connected to server [3mremote_port[0m[2m=[0m5891
[2m2026-04-28T23:04:42.240420Z[0m [32m INFO[0m [2mbore_cli::client[0m[2m:[0m listening at bore.pub:5891
Error: could not connect to bore.pub:7835

Caused by:
    No route to host (os error 65)
[2m2026-04-28T23:24:12.168460Z[0m [32m INFO[0m [2mbore_cli::client[0m[2m:[0m connected to server [3mremote_port[0m[2m=[0m8025
[2m2026-04-28T23:24:12.168570Z[0m [32m INFO[0m [2mbore_cli::client[0m[2m:[0m listening at bore.pub:8025
Error: could not connect to bore.pub:7835

Caused by:
    No route to host (os error 65)
[2m2026-04-28T23:46:05.638191Z[0m [32m INFO[0m [2mbore_cli::client[0m[2m:[0m connected to server [3mremote_port[0m[2m=[0m1162
[2m2026-04-28T23:46:05.638304Z[0m [32m INFO[0m [2mbore_cli::client[0m[2m:[0m listening at bore.pub:1162
[2m2026-04-29T00:00:53.999344Z[0m [32m INFO[0m [1mproxy[0m[1m{[0m[3mid[0m[2m=[0medf81784-c4e1-4e36-bcc5-0431d715f658[1m}[0m[2m:[0m [2mbore_cli::client[0m[2m:[0m new connection
[2m2026-04-29T00:00:54.355954Z[0m [33m WARN[0m [1mproxy[0m[1m{[0m[3mid[0m[2m=[0medf81784-c4e1-4e36-bcc5-0431d715f658[1m}[0m[2m:[0m [2mbore_cli::client[0m[2m:[0m connection exited with error [3merr[0m[2m=[0mConnection reset by peer (os error 54)
[2m2026-04-29T00:00:54.533230Z[0m [32m INFO[0m [1mproxy[0m[1m{[0m[3mid[0m[2m=[0m2a4d2ab7-3556-4717-9222-104da3cb2856[1m}[0m[2m:[0m [2mbore_cli::client[0m[2m:[0m new connection
[2m2026-04-29T00:00:57.436334Z[0m [32m INFO[0m [1mproxy[0m[1m{[0m[3mid[0m[2m=[0m2a4d2ab7-3556-4717-9222-104da3cb2856[1m}[0m[2m:[0m [2mbore_cli::client[0m[2m:[0m connection exited
[2m2026-04-29T00:03:14.906344Z[0m [32m INFO[0m [1mproxy[0m[1m{[0m[3mid[0m[2m=[0m105e10a6-63da-4078-b51a-cb2efdfab8bc[1m}[0m[2m:[0m [2mbore_cli::client[0m[2m:[0m new connection
[2m2026-04-29T00:03:15.447134Z[0m [32m INFO[0m [1mproxy[0m[1m{[0m[3mid[0m[2m=[0m105e10a6-63da-4078-b51a-cb2efdfab8bc[1m}[0m[2m:[0m [2mbore_cli::client[0m[2m:[0m connection exited
Error: could not connect to bore.pub:7835

Caused by:
    No route to host (os error 65)
[2m2026-04-29T00:16:42.548165Z[0m [32m INFO[0m [2mbore_cli::client[0m[2m:[0m connected to server [3mremote_port[0m[2m=[0m58477
[2m2026-04-29T00:16:42.548310Z[0m [32m INFO[0m [2mbore_cli::client[0m[2m:[0m listening at bore.pub:58477
[2m2026-04-29T00:30:46.912090Z[0m [32m INFO[0m [2mbore_cli::client[0m[2m:[0m connected to server [3mremote_port[0m[2m=[0m15223
[2m2026-04-29T00:30:46.912250Z[0m [32m INFO[0m [2mbore_cli::client[0m[2m:[0m listening at bore.pub:15223
[2m2026-04-29T00:51:46.151212Z[0m [32m INFO[0m [2mbore_cli::client[0m[2m:[0m connected to server [3mremote_port[0m[2m=[0m28961
[2m2026-04-29T00:51:46.151362Z[0m [32m INFO[0m [2mbore_cli::client[0m[2m:[0m listening at bore.pub:28961
Error: could not connect to bore.pub:7835

Caused by:
    No route to host (os error 65)
[2m2026-04-29T01:05:13.382695Z[0m [32m INFO[0m [2mbore_cli::client[0m[2m:[0m connected to server [3mremote_port[0m[2m=[0m48632
[2m2026-04-29T01:05:13.382741Z[0m [32m INFO[0m [2mbore_cli::client[0m[2m:[0m listening at bore.pub:48632
[2m2026-04-29T01:18:59.289481Z[0m [32m INFO[0m [2mbore_cli::client[0m[2m:[0m connected to server [3mremote_port[0m[2m=[0m48243
[2m2026-04-29T01:18:59.289538Z[0m [32m INFO[0m [2mbore_cli::client[0m[2m:[0m listening at bore.pub:48243
[2m2026-04-29T01:39:37.326011Z[0m [32m INFO[0m [2mbore_cli::client[0m[2m:[0m connected to server [3mremote_port[0m[2m=[0m40913
[2m2026-04-29T01:39:37.326086Z[0m [32m INFO[0m [2mbore_cli::client[0m[2m:[0m listening at bore.pub:40913
Error: could not connect to bore.pub:7835

Caused by:
    No route to host (os error 65)
[2m2026-04-29T02:03:06.318775Z[0m [32m INFO[0m [2mbore_cli::client[0m[2m:[0m connected to server [3mremote_port[0m[2m=[0m32530
[2m2026-04-29T02:03:06.318831Z[0m [32m INFO[0m [2mbore_cli::client[0m[2m:[0m listening at bore.pub:32530
Error: could not connect to bore.pub:7835

Caused by:
    No route to host (os error 65)
[2m2026-04-29T02:18:57.122369Z[0m [32m INFO[0m [2mbore_cli::client[0m[2m:[0m connected to server [3mremote_port[0m[2m=[0m59636
[2m2026-04-29T02:18:57.122514Z[0m [32m INFO[0m [2mbore_cli::client[0m[2m:[0m listening at bore.pub:59636
Error: could not connect to bore.pub:7835

Caused by:
    No route to host (os error 65)
[2m2026-04-29T02:43:35.086356Z[0m [32m INFO[0m [2mbore_cli::client[0m[2m:[0m connected to server [3mremote_port[0m[2m=[0m54883
[2m2026-04-29T02:43:35.086427Z[0m [32m INFO[0m [2mbore_cli::client[0m[2m:[0m listening at bore.pub:54883
[2m2026-04-29T03:06:48.780703Z[0m [32m INFO[0m [2mbore_cli::client[0m[2m:[0m connected to server [3mremote_port[0m[2m=[0m62205
[2m2026-04-29T03:06:48.780824Z[0m [32m INFO[0m [2mbore_cli::client[0m[2m:[0m listening at bore.pub:62205
Error: could not connect to bore.pub:7835

Caused by:
    No route to host (os error 65)
[2m2026-04-29T03:41:12.343710Z[0m [32m INFO[0m [2mbore_cli::client[0m[2m:[0m connected to server [3mremote_port[0m[2m=[0m52427
[2m2026-04-29T03:41:12.343831Z[0m [32m INFO[0m [2mbore_cli::client[0m[2m:[0m listening at bore.pub:52427
Error: could not connect to bore.pub:7835

Caused by:
    No route to host (os error 65)
[2m2026-04-29T04:04:56.218534Z[0m [32m INFO[0m [2mbore_cli::client[0m[2m:[0m connected to server [3mremote_port[0m[2m=[0m29366
[2m2026-04-29T04:04:56.218655Z[0m [32m INFO[0m [2mbore_cli::client[0m[2m:[0m listening at bore.pub:29366
[2m2026-04-29T04:17:37.686006Z[0m [32m INFO[0m [2mbore_cli::client[0m[2m:[0m connected to server [3mremote_port[0m[2m=[0m8655
[2m2026-04-29T04:17:37.686734Z[0m [32m INFO[0m [2mbore_cli::client[0m[2m:[0m listening at bore.pub:8655
Error: could not connect to bore.pub:7835

Caused by:
    No route to host (os error 65)
[2m2026-04-29T04:41:23.333138Z[0m [32m INFO[0m [2mbore_cli::client[0m[2m:[0m connected to server [3mremote_port[0m[2m=[0m20435
[2m2026-04-29T04:41:23.333241Z[0m [32m INFO[0m [2mbore_cli::client[0m[2m:[0m listening at bore.pub:20435
Error: could not connect to bore.pub:7835

Caused by:
    No route to host (os error 65)
[2m2026-04-29T05:13:44.668791Z[0m [32m INFO[0m [2mbore_cli::client[0m[2m:[0m connected to server [3mremote_port[0m[2m=[0m7465
[2m2026-04-29T05:13:44.668949Z[0m [32m INFO[0m [2mbore_cli::client[0m[2m:[0m listening at bore.pub:7465
Error: could not connect to bore.pub:7835

Caused by:
    No route to host (os error 65)
[2m2026-04-29T05:32:40.600401Z[0m [32m INFO[0m [2mbore_cli::client[0m[2m:[0m connected to server [3mremote_port[0m[2m=[0m43303
[2m2026-04-29T05:32:40.600504Z[0m [32m INFO[0m [2mbore_cli::client[0m[2m:[0m listening at bore.pub:43303
[2m2026-04-29T05:52:21.003063Z[0m [32m INFO[0m [2mbore_cli::client[0m[2m:[0m connected to server [3mremote_port[0m[2m=[0m5119
[2m2026-04-29T05:52:21.003266Z[0m [32m INFO[0m [2mbore_cli::client[0m[2m:[0m listening at bore.pub:5119
Error: could not connect to bore.pub:7835

Caused by:
    No route to host (os error 65)
[2m2026-04-29T06:12:50.885237Z[0m [32m INFO[0m [2mbore_cli::client[0m[2m:[0m connected to server [3mremote_port[0m[2m=[0m41587
[2m2026-04-29T06:12:50.885316Z[0m [32m INFO[0m [2mbore_cli::client[0m[2m:[0m listening at bore.pub:41587
Error: could not connect to bore.pub:7835

Caused by:
    No route to host (os error 65)
[2m2026-04-29T06:29:33.247568Z[0m [32m INFO[0m [2mbore_cli::client[0m[2m:[0m connected to server [3mremote_port[0m[2m=[0m16165
[2m2026-04-29T06:29:33.247689Z[0m [32m INFO[0m [2mbore_cli::client[0m[2m:[0m listening at bore.pub:16165
Error: could not connect to bore.pub:7835

Caused by:
    No route to host (os error 65)
[2m2026-04-29T06:50:00.666846Z[0m [32m INFO[0m [2mbore_cli::client[0m[2m:[0m connected to server [3mremote_port[0m[2m=[0m19877
[2m2026-04-29T06:50:00.666941Z[0m [32m INFO[0m [2mbore_cli::client[0m[2m:[0m listening at bore.pub:19877
Error: could not connect to bore.pub:7835

Caused by:
    No route to host (os error 65)
[2m2026-04-29T07:05:48.174303Z[0m [32m INFO[0m [2mbore_cli::client[0m[2m:[0m connected to server [3mremote_port[0m[2m=[0m31172
[2m2026-04-29T07:05:48.174374Z[0m [32m INFO[0m [2mbore_cli::client[0m[2m:[0m listening at bore.pub:31172
Error: could not connect to bore.pub:7835

Caused by:
    No route to host (os error 65)
[2m2026-04-29T07:18:54.895790Z[0m [32m INFO[0m [2mbore_cli::client[0m[2m:[0m connected to server [3mremote_port[0m[2m=[0m54579
[2m2026-04-29T07:18:54.895896Z[0m [32m INFO[0m [2mbore_cli::client[0m[2m:[0m listening at bore.pub:54579
[2m2026-04-29T07:35:04.202740Z[0m [32m INFO[0m [2mbore_cli::client[0m[2m:[0m connected to server [3mremote_port[0m[2m=[0m37333
[2m2026-04-29T07:35:04.202969Z[0m [32m INFO[0m [2mbore_cli::client[0m[2m:[0m listening at bore.pub:37333
Error: could not connect to bore.pub:7835

Caused by:
    No route to host (os error 65)
[2m2026-04-29T07:39:26.732861Z[0m [32m INFO[0m [2mbore_cli::client[0m[2m:[0m connected to server [3mremote_port[0m[2m=[0m65214
[2m2026-04-29T07:39:26.732943Z[0m [32m INFO[0m [2mbore_cli::client[0m[2m:[0m listening at bore.pub:65214
Error: could not connect to bore.pub:7835

Caused by:
    No route to host (os error 65)
[2m2026-04-29T07:51:28.415380Z[0m [32m INFO[0m [2mbore_cli::client[0m[2m:[0m connected to server [3mremote_port[0m[2m=[0m3758
[2m2026-04-29T07:51:28.415467Z[0m [32m INFO[0m [2mbore_cli::client[0m[2m:[0m listening at bore.pub:3758
[2m2026-04-29T08:07:00.032674Z[0m [32m INFO[0m [2mbore_cli::client[0m[2m:[0m connected to server [3mremote_port[0m[2m=[0m52846
[2m2026-04-29T08:07:00.033629Z[0m [32m INFO[0m [2mbore_cli::client[0m[2m:[0m listening at bore.pub:52846
[2m2026-04-29T08:21:50.543411Z[0m [32m INFO[0m [2mbore_cli::client[0m[2m:[0m connected to server [3mremote_port[0m[2m=[0m51974
[2m2026-04-29T08:21:50.543504Z[0m [32m INFO[0m [2mbore_cli::client[0m[2m:[0m listening at bore.pub:51974
Error: could not connect to bore.pub:7835

Caused by:
    No route to host (os error 65)
[2m2026-04-29T08:32:45.666829Z[0m [32m INFO[0m [2mbore_cli::client[0m[2m:[0m connected to server [3mremote_port[0m[2m=[0m64259
[2m2026-04-29T08:32:45.666943Z[0m [32m INFO[0m [2mbore_cli::client[0m[2m:[0m listening at bore.pub:64259
Error: could not connect to bore.pub:7835

Caused by:
    No route to host (os error 65)
[2m2026-04-29T08:42:35.459951Z[0m [32m INFO[0m [2mbore_cli::client[0m[2m:[0m connected to server [3mremote_port[0m[2m=[0m5615
[2m2026-04-29T08:42:35.460067Z[0m [32m INFO[0m [2mbore_cli::client[0m[2m:[0m listening at bore.pub:5615
Error: could not connect to bore.pub:7835

Caused by:
    No route to host (os error 65)
[2m2026-04-29T08:53:20.001419Z[0m [32m INFO[0m [2mbore_cli::client[0m[2m:[0m connected to server [3mremote_port[0m[2m=[0m32118
[2m2026-04-29T08:53:20.001515Z[0m [32m INFO[0m [2mbore_cli::client[0m[2m:[0m listening at bore.pub:32118
Error: could not connect to bore.pub:7835

Caused by:
    No route to host (os error 65)
[2m2026-04-29T09:02:10.718937Z[0m [32m INFO[0m [2mbore_cli::client[0m[2m:[0m connected to server [3mremote_port[0m[2m=[0m9313
[2m2026-04-29T09:02:10.719005Z[0m [32m INFO[0m [2mbore_cli::client[0m[2m:[0m listening at bore.pub:9313
[2m2026-04-29T09:10:46.794295Z[0m [32m INFO[0m [2mbore_cli::client[0m[2m:[0m connected to server [3mremote_port[0m[2m=[0m29432
[2m2026-04-29T09:10:46.797962Z[0m [32m INFO[0m [2mbore_cli::client[0m[2m:[0m listening at bore.pub:29432
[2m2026-04-29T09:20:34.200192Z[0m [32m INFO[0m [2mbore_cli::client[0m[2m:[0m connected to server [3mremote_port[0m[2m=[0m43283
[2m2026-04-29T09:20:34.200717Z[0m [32m INFO[0m [2mbore_cli::client[0m[2m:[0m listening at bore.pub:43283
Error: could not connect to bore.pub:7835

Caused by:
    No route to host (os error 65)
[2m2026-04-29T09:30:52.056990Z[0m [32m INFO[0m [2mbore_cli::client[0m[2m:[0m connected to server [3mremote_port[0m[2m=[0m36760
[2m2026-04-29T09:30:52.057055Z[0m [32m INFO[0m [2mbore_cli::client[0m[2m:[0m listening at bore.pub:36760
Error: could not connect to bore.pub:7835

Caused by:
    No route to host (os error 65)
[2m2026-04-29T09:39:12.982680Z[0m [32m INFO[0m [2mbore_cli::client[0m[2m:[0m connected to server [3mremote_port[0m[2m=[0m14084
[2m2026-04-29T09:39:12.982753Z[0m [32m INFO[0m [2mbore_cli::client[0m[2m:[0m listening at bore.pub:14084
Error: could not connect to bore.pub:7835

Caused by:
    No route to host (os error 65)
[2m2026-04-29T09:48:02.474532Z[0m [32m INFO[0m [2mbore_cli::client[0m[2m:[0m connected to server [3mremote_port[0m[2m=[0m29105
[2m2026-04-29T09:48:02.474606Z[0m [32m INFO[0m [2mbore_cli::client[0m[2m:[0m listening at bore.pub:29105
Error: could not connect to bore.pub:7835

Caused by:
    No route to host (os error 65)
[2m2026-04-29T10:00:39.247801Z[0m [32m INFO[0m [2mbore_cli::client[0m[2m:[0m connected to server [3mremote_port[0m[2m=[0m42269
[2m2026-04-29T10:00:39.247873Z[0m [32m INFO[0m [2mbore_cli::client[0m[2m:[0m listening at bore.pub:42269
Error: could not connect to bore.pub:7835

Caused by:
    No route to host (os error 65)
[2m2026-04-29T10:17:19.520841Z[0m [32m INFO[0m [2mbore_cli::client[0m[2m:[0m connected to server [3mremote_port[0m[2m=[0m42859
[2m2026-04-29T10:17:19.520914Z[0m [32m INFO[0m [2mbore_cli::client[0m[2m:[0m listening at bore.pub:42859
[2m2026-04-29T10:56:27.058192Z[0m [32m INFO[0m [2mbore_cli::client[0m[2m:[0m connected to server [3mremote_port[0m[2m=[0m55722
[2m2026-04-29T10:56:27.058409Z[0m [32m INFO[0m [2mbore_cli::client[0m[2m:[0m listening at bore.pub:55722
[2m2026-04-29T11:14:56.025215Z[0m [32m INFO[0m [2mbore_cli::client[0m[2m:[0m connected to server [3mremote_port[0m[2m=[0m54287
[2m2026-04-29T11:14:56.026353Z[0m [32m INFO[0m [2mbore_cli::client[0m[2m:[0m listening at bore.pub:54287
Error: could not connect to bore.pub:7835

Caused by:
    No route to host (os error 65)
[2m2026-04-29T11:32:42.117179Z[0m [32m INFO[0m [2mbore_cli::client[0m[2m:[0m connected to server [3mremote_port[0m[2m=[0m33365
[2m2026-04-29T11:32:42.117248Z[0m [32m INFO[0m [2mbore_cli::client[0m[2m:[0m listening at bore.pub:33365
[2m2026-04-29T11:47:12.798313Z[0m [32m INFO[0m [2mbore_cli::client[0m[2m:[0m connected to server [3mremote_port[0m[2m=[0m12054
[2m2026-04-29T11:47:12.799650Z[0m [32m INFO[0m [2mbore_cli::client[0m[2m:[0m listening at bore.pub:12054
Error: could not connect to bore.pub:7835

Caused by:
    No route to host (os error 65)
[2m2026-04-29T11:59:52.085195Z[0m [32m INFO[0m [2mbore_cli::client[0m[2m:[0m connected to server [3mremote_port[0m[2m=[0m27166
[2m2026-04-29T11:59:52.085275Z[0m [32m INFO[0m [2mbore_cli::client[0m[2m:[0m listening at bore.pub:27166
Error: could not connect to bore.pub:7835

Caused by:
    No route to host (os error 65)
[2m2026-04-29T12:16:43.601078Z[0m [32m INFO[0m [2mbore_cli::client[0m[2m:[0m connected to server [3mremote_port[0m[2m=[0m53969
[2m2026-04-29T12:16:43.601144Z[0m [32m INFO[0m [2mbore_cli::client[0m[2m:[0m listening at bore.pub:53969
Error: could not connect to bore.pub:7835

Caused by:
    No route to host (os error 65)
[2m2026-04-29T12:30:32.862920Z[0m [32m INFO[0m [2mbore_cli::client[0m[2m:[0m connected to server [3mremote_port[0m[2m=[0m26413
[2m2026-04-29T12:30:32.862993Z[0m [32m INFO[0m [2mbore_cli::client[0m[2m:[0m listening at bore.pub:26413
Error: could not connect to bore.pub:7835

Caused by:
    No route to host (os error 65)
[2m2026-04-29T12:50:11.851640Z[0m [32m INFO[0m [2mbore_cli::client[0m[2m:[0m connected to server [3mremote_port[0m[2m=[0m31580
[2m2026-04-29T12:50:11.851703Z[0m [32m INFO[0m [2mbore_cli::client[0m[2m:[0m listening at bore.pub:31580
Error: could not connect to bore.pub:7835

Caused by:
    No route to host (os error 65)
[2m2026-04-29T13:02:27.513881Z[0m [32m INFO[0m [2mbore_cli::client[0m[2m:[0m connected to server [3mremote_port[0m[2m=[0m9902
[2m2026-04-29T13:02:27.513950Z[0m [32m INFO[0m [2mbore_cli::client[0m[2m:[0m listening at bore.pub:9902
Error: could not connect to bore.pub:7835

Caused by:
    No route to host (os error 65)
[2m2026-04-29T13:18:32.480904Z[0m [32m INFO[0m [2mbore_cli::client[0m[2m:[0m connected to server [3mremote_port[0m[2m=[0m53447
[2m2026-04-29T13:18:32.480964Z[0m [32m INFO[0m [2mbore_cli::client[0m[2m:[0m listening at bore.pub:53447
Error: could not connect to bore.pub:7835

Caused by:
    No route to host (os error 65)
[2m2026-04-29T13:31:16.685102Z[0m [32m INFO[0m [2mbore_cli::client[0m[2m:[0m connected to server [3mremote_port[0m[2m=[0m30162
[2m2026-04-29T13:31:16.685179Z[0m [32m INFO[0m [2mbore_cli::client[0m[2m:[0m listening at bore.pub:30162
Error: could not connect to bore.pub:7835

Caused by:
    No route to host (os error 65)
[2m2026-04-29T13:43:46.700281Z[0m [32m INFO[0m [2mbore_cli::client[0m[2m:[0m connected to server [3mremote_port[0m[2m=[0m39594
[2m2026-04-29T13:43:46.700350Z[0m [32m INFO[0m [2mbore_cli::client[0m[2m:[0m listening at bore.pub:39594
Error: could not connect to bore.pub:7835

Caused by:
    No route to host (os error 65)
[2m2026-04-29T13:48:53.893752Z[0m [32m INFO[0m [2mbore_cli::client[0m[2m:[0m connected to server [3mremote_port[0m[2m=[0m22000
[2m2026-04-29T13:48:53.893823Z[0m [32m INFO[0m [2mbore_cli::client[0m[2m:[0m listening at bore.pub:22000
Error: could not connect to bore.pub:7835

Caused by:
    No route to host (os error 65)
[2m2026-04-29T13:57:06.008049Z[0m [32m INFO[0m [2mbore_cli::client[0m[2m:[0m connected to server [3mremote_port[0m[2m=[0m8215
[2m2026-04-29T13:57:06.008364Z[0m [32m INFO[0m [2mbore_cli::client[0m[2m:[0m listening at bore.pub:8215
Error: could not connect to bore.pub:7835

Caused by:
    No route to host (os error 65)
[2m2026-04-29T14:14:21.766625Z[0m [32m INFO[0m [2mbore_cli::client[0m[2m:[0m connected to server [3mremote_port[0m[2m=[0m56791
[2m2026-04-29T14:14:21.766687Z[0m [32m INFO[0m [2mbore_cli::client[0m[2m:[0m listening at bore.pub:56791
Error: could not connect to bore.pub:7835

Caused by:
    No route to host (os error 65)
[2m2026-04-29T14:30:45.167987Z[0m [32m INFO[0m [2mbore_cli::client[0m[2m:[0m connected to server [3mremote_port[0m[2m=[0m55574
[2m2026-04-29T14:30:45.168062Z[0m [32m INFO[0m [2mbore_cli::client[0m[2m:[0m listening at bore.pub:55574
Error: could not connect to bore.pub:7835

Caused by:
    No route to host (os error 65)
[2m2026-04-29T14:45:05.095576Z[0m [32m INFO[0m [2mbore_cli::client[0m[2m:[0m connected to server [3mremote_port[0m[2m=[0m7171
[2m2026-04-29T14:45:05.095650Z[0m [32m INFO[0m [2mbore_cli::client[0m[2m:[0m listening at bore.pub:7171
Error: could not connect to bore.pub:7835

Caused by:
    No route to host (os error 65)
[2m2026-04-29T15:00:33.685174Z[0m [32m INFO[0m [2mbore_cli::client[0m[2m:[0m connected to server [3mremote_port[0m[2m=[0m10249
[2m2026-04-29T15:00:33.685252Z[0m [32m INFO[0m [2mbore_cli::client[0m[2m:[0m listening at bore.pub:10249
Error: could not connect to bore.pub:7835

Caused by:
    No route to host (os error 65)
[2m2026-04-29T15:16:00.732398Z[0m [32m INFO[0m [2mbore_cli::client[0m[2m:[0m connected to server [3mremote_port[0m[2m=[0m5241
[2m2026-04-29T15:16:00.732448Z[0m [32m INFO[0m [2mbore_cli::client[0m[2m:[0m listening at bore.pub:5241
[2m2026-04-29T15:16:01.643479Z[0m [32m INFO[0m [1mproxy[0m[1m{[0m[3mid[0m[2m=[0mf4482d25-6493-45c1-950f-430626df9e1e[1m}[0m[2m:[0m [2mbore_cli::client[0m[2m:[0m new connection
[2m2026-04-29T15:16:01.795019Z[0m [33m WARN[0m [1mproxy[0m[1m{[0m[3mid[0m[2m=[0mf4482d25-6493-45c1-950f-430626df9e1e[1m}[0m[2m:[0m [2mbore_cli::client[0m[2m:[0m connection exited with error [3merr[0m[2m=[0mConnection reset by peer (os error 54)
[2m2026-04-29T15:16:11.068964Z[0m [32m INFO[0m [1mproxy[0m[1m{[0m[3mid[0m[2m=[0m4da97fb5-fdbc-4fe8-9645-b742a87280d3[1m}[0m[2m:[0m [2mbore_cli::client[0m[2m:[0m new connection
[2m2026-04-29T15:16:11.219470Z[0m [33m WARN[0m [1mproxy[0m[1m{[0m[3mid[0m[2m=[0m4da97fb5-fdbc-4fe8-9645-b742a87280d3[1m}[0m[2m:[0m [2mbore_cli::client[0m[2m:[0m connection exited with error [3merr[0m[2m=[0mConnection reset by peer (os error 54)
[2m2026-04-29T15:16:20.445091Z[0m [32m INFO[0m [1mproxy[0m[1m{[0m[3mid[0m[2m=[0m280a6525-29e4-43b5-9272-fb50dab48ba3[1m}[0m[2m:[0m [2mbore_cli::client[0m[2m:[0m new connection
[2m2026-04-29T15:16:20.574946Z[0m [33m WARN[0m [1mproxy[0m[1m{[0m[3mid[0m[2m=[0m280a6525-29e4-43b5-9272-fb50dab48ba3[1m}[0m[2m:[0m [2mbore_cli::client[0m[2m:[0m connection exited with error [3merr[0m[2m=[0mConnection reset by peer (os error 54)
[2m2026-04-29T15:16:32.199536Z[0m [32m INFO[0m [1mproxy[0m[1m{[0m[3mid[0m[2m=[0m4c120bdf-4f6b-4b27-ac26-7e6c4186cdf8[1m}[0m[2m:[0m [2mbore_cli::client[0m[2m:[0m new connection
[2m2026-04-29T15:16:32.329535Z[0m [33m WARN[0m [1mproxy[0m[1m{[0m[3mid[0m[2m=[0m4c120bdf-4f6b-4b27-ac26-7e6c4186cdf8[1m}[0m[2m:[0m [2mbore_cli::client[0m[2m:[0m connection exited with error [3merr[0m[2m=[0mConnection reset by peer (os error 54)
[2m2026-04-29T15:17:03.929843Z[0m [32m INFO[0m [1mproxy[0m[1m{[0m[3mid[0m[2m=[0m3f4bbd2e-309f-4f0c-8e3a-697b180c5702[1m}[0m[2m:[0m [2mbore_cli::client[0m[2m:[0m new connection
[2m2026-04-29T15:17:04.066250Z[0m [33m WARN[0m [1mproxy[0m[1m{[0m[3mid[0m[2m=[0m3f4bbd2e-309f-4f0c-8e3a-697b180c5702[1m}[0m[2m:[0m [2mbore_cli::client[0m[2m:[0m connection exited with error [3merr[0m[2m=[0mConnection reset by peer (os error 54)
[2m2026-04-29T15:17:08.699826Z[0m [32m INFO[0m [1mproxy[0m[1m{[0m[3mid[0m[2m=[0md5434df6-c7df-49c5-b1fe-54559c5e4c59[1m}[0m[2m:[0m [2mbore_cli::client[0m[2m:[0m new connection
[2m2026-04-29T15:17:08.824161Z[0m [33m WARN[0m [1mproxy[0m[1m{[0m[3mid[0m[2m=[0md5434df6-c7df-49c5-b1fe-54559c5e4c59[1m}[0m[2m:[0m [2mbore_cli::client[0m[2m:[0m connection exited with error [3merr[0m[2m=[0mConnection reset by peer (os error 54)
[2m2026-04-29T15:17:38.592600Z[0m [32m INFO[0m [1mproxy[0m[1m{[0m[3mid[0m[2m=[0m186973ac-daac-4a7d-b3c9-f063615ab200[1m}[0m[2m:[0m [2mbore_cli::client[0m[2m:[0m new connection
[2m2026-04-29T15:17:38.734370Z[0m [33m WARN[0m [1mproxy[0m[1m{[0m[3mid[0m[2m=[0m186973ac-daac-4a7d-b3c9-f063615ab200[1m}[0m[2m:[0m [2mbore_cli::client[0m[2m:[0m connection exited with error [3merr[0m[2m=[0mConnection reset by peer (os error 54)
[2m2026-04-29T15:17:50.105190Z[0m [32m INFO[0m [1mproxy[0m[1m{[0m[3mid[0m[2m=[0m51ed52d6-1286-46cb-b089-1efadeeb9c66[1m}[0m[2m:[0m [2mbore_cli::client[0m[2m:[0m new connection
[2m2026-04-29T15:17:50.177078Z[0m [32m INFO[0m [1mproxy[0m[1m{[0m[3mid[0m[2m=[0md094e559-3934-43b5-bc74-b7f29859ddd0[1m}[0m[2m:[0m [2mbore_cli::client[0m[2m:[0m new connection
[2m2026-04-29T15:17:50.235224Z[0m [33m WARN[0m [1mproxy[0m[1m{[0m[3mid[0m[2m=[0m51ed52d6-1286-46cb-b089-1efadeeb9c66[1m}[0m[2m:[0m [2mbore_cli::client[0m[2m:[0m connection exited with error [3merr[0m[2m=[0mConnection reset by peer (os error 54)
[2m2026-04-29T15:17:50.303204Z[0m [33m WARN[0m [1mproxy[0m[1m{[0m[3mid[0m[2m=[0md094e559-3934-43b5-bc74-b7f29859ddd0[1m}[0m[2m:[0m [2mbore_cli::client[0m[2m:[0m connection exited with error [3merr[0m[2m=[0mConnection reset by peer (os error 54)
[2m2026-04-29T15:18:05.503991Z[0m [32m INFO[0m [1mproxy[0m[1m{[0m[3mid[0m[2m=[0m4ccfbda4-a2f9-4ee3-bf31-6b79cd964dde[1m}[0m[2m:[0m [2mbore_cli::client[0m[2m:[0m new connection
[2m2026-04-29T15:18:05.832841Z[0m [33m WARN[0m [1mproxy[0m[1m{[0m[3mid[0m[2m=[0m4ccfbda4-a2f9-4ee3-bf31-6b79cd964dde[1m}[0m[2m:[0m [2mbore_cli::client[0m[2m:[0m connection exited with error [3merr[0m[2m=[0mConnection reset by peer (os error 54)
[2m2026-04-29T15:18:11.109254Z[0m [32m INFO[0m [1mproxy[0m[1m{[0m[3mid[0m[2m=[0m42a23cc1-5cd0-431a-8cdb-dc637114d6b2[1m}[0m[2m:[0m [2mbore_cli::client[0m[2m:[0m new connection
[2m2026-04-29T15:18:11.249112Z[0m [33m WARN[0m [1mproxy[0m[1m{[0m[3mid[0m[2m=[0m42a23cc1-5cd0-431a-8cdb-dc637114d6b2[1m}[0m[2m:[0m [2mbore_cli::client[0m[2m:[0m connection exited with error [3merr[0m[2m=[0mConnection reset by peer (os error 54)
[2m2026-04-29T15:18:14.302239Z[0m [32m INFO[0m [1mproxy[0m[1m{[0m[3mid[0m[2m=[0m8335a6d3-0ff2-4dcb-a07e-cd0a5d15d01d[1m}[0m[2m:[0m [2mbore_cli::client[0m[2m:[0m new connection
[2m2026-04-29T15:18:14.437962Z[0m [33m WARN[0m [1mproxy[0m[1m{[0m[3mid[0m[2m=[0m8335a6d3-0ff2-4dcb-a07e-cd0a5d15d01d[1m}[0m[2m:[0m [2mbore_cli::client[0m[2m:[0m connection exited with error [3merr[0m[2m=[0mConnection reset by peer (os error 54)
[2m2026-04-29T15:18:19.140260Z[0m [32m INFO[0m [1mproxy[0m[1m{[0m[3mid[0m[2m=[0mbc29752b-48f0-4caf-9f9a-12f71b02d4a3[1m}[0m[2m:[0m [2mbore_cli::client[0m[2m:[0m new connection
[2m2026-04-29T15:18:19.385145Z[0m [33m WARN[0m [1mproxy[0m[1m{[0m[3mid[0m[2m=[0mbc29752b-48f0-4caf-9f9a-12f71b02d4a3[1m}[0m[2m:[0m [2mbore_cli::client[0m[2m:[0m connection exited with error [3merr[0m[2m=[0mConnection reset by peer (os error 54)
[2m2026-04-29T15:18:19.703696Z[0m [32m INFO[0m [1mproxy[0m[1m{[0m[3mid[0m[2m=[0m9957113f-cfb6-4242-b6a8-b978d6d03028[1m}[0m[2m:[0m [2mbore_cli::client[0m[2m:[0m new connection
[2m2026-04-29T15:18:19.833244Z[0m [33m WARN[0m [1mproxy[0m[1m{[0m[3mid[0m[2m=[0m9957113f-cfb6-4242-b6a8-b978d6d03028[1m}[0m[2m:[0m [2mbore_cli::client[0m[2m:[0m connection exited with error [3merr[0m[2m=[0mConnection reset by peer (os error 54)
[2m2026-04-29T15:18:20.788843Z[0m [32m INFO[0m [1mproxy[0m[1m{[0m[3mid[0m[2m=[0m4121e14a-6f86-4ae1-a243-6f2c968c1d4f[1m}[0m[2m:[0m [2mbore_cli::client[0m[2m:[0m new connection
[2m2026-04-29T15:18:20.933042Z[0m [33m WARN[0m [1mproxy[0m[1m{[0m[3mid[0m[2m=[0m4121e14a-6f86-4ae1-a243-6f2c968c1d4f[1m}[0m[2m:[0m [2mbore_cli::client[0m[2m:[0m connection exited with error [3merr[0m[2m=[0mConnection reset by peer (os error 54)
[2m2026-04-29T15:18:21.653242Z[0m [32m INFO[0m [1mproxy[0m[1m{[0m[3mid[0m[2m=[0mb1151360-7012-4fb4-8845-b97069505acb[1m}[0m[2m:[0m [2mbore_cli::client[0m[2m:[0m new connection
[2m2026-04-29T15:18:21.809741Z[0m [33m WARN[0m [1mproxy[0m[1m{[0m[3mid[0m[2m=[0mb1151360-7012-4fb4-8845-b97069505acb[1m}[0m[2m:[0m [2mbore_cli::client[0m[2m:[0m connection exited with error [3merr[0m[2m=[0mConnection reset by peer (os error 54)
[2m2026-04-29T15:18:41.743112Z[0m [32m INFO[0m [1mproxy[0m[1m{[0m[3mid[0m[2m=[0m336e6288-8353-4531-8e70-b57222c9c3e2[1m}[0m[2m:[0m [2mbore_cli::client[0m[2m:[0m new connection
[2m2026-04-29T15:18:41.911279Z[0m [33m WARN[0m [1mproxy[0m[1m{[0m[3mid[0m[2m=[0m336e6288-8353-4531-8e70-b57222c9c3e2[1m}[0m[2m:[0m [2mbore_cli::client[0m[2m:[0m connection exited with error [3merr[0m[2m=[0mConnection reset by peer (os error 54)
[2m2026-04-29T15:18:45.505072Z[0m [32m INFO[0m [1mproxy[0m[1m{[0m[3mid[0m[2m=[0m7c58b4f2-2425-48ae-ad58-6c07f9879791[1m}[0m[2m:[0m [2mbore_cli::client[0m[2m:[0m new connection
[2m2026-04-29T15:18:45.644992Z[0m [33m WARN[0m [1mproxy[0m[1m{[0m[3mid[0m[2m=[0m7c58b4f2-2425-48ae-ad58-6c07f9879791[1m}[0m[2m:[0m [2mbore_cli::client[0m[2m:[0m connection exited with error [3merr[0m[2m=[0mConnection reset by peer (os error 54)
[2m2026-04-29T15:18:59.171511Z[0m [32m INFO[0m [1mproxy[0m[1m{[0m[3mid[0m[2m=[0m59ee04a2-625f-4ef8-a74b-640261f67967[1m}[0m[2m:[0m [2mbore_cli::client[0m[2m:[0m new connection
[2m2026-04-29T15:18:59.563425Z[0m [33m WARN[0m [1mproxy[0m[1m{[0m[3mid[0m[2m=[0m59ee04a2-625f-4ef8-a74b-640261f67967[1m}[0m[2m:[0m [2mbore_cli::client[0m[2m:[0m connection exited with error [3merr[0m[2m=[0mConnection reset by peer (os error 54)
[2m2026-04-29T15:19:02.846456Z[0m [32m INFO[0m [1mproxy[0m[1m{[0m[3mid[0m[2m=[0md655f8a0-ce8a-4473-b5fa-5bade683fd51[1m}[0m[2m:[0m [2mbore_cli::client[0m[2m:[0m new connection
[2m2026-04-29T15:19:03.110253Z[0m [33m WARN[0m [1mproxy[0m[1m{[0m[3mid[0m[2m=[0md655f8a0-ce8a-4473-b5fa-5bade683fd51[1m}[0m[2m:[0m [2mbore_cli::client[0m[2m:[0m connection exited with error [3merr[0m[2m=[0mConnection reset by peer (os error 54)
[2m2026-04-29T15:19:03.409379Z[0m [32m INFO[0m [1mproxy[0m[1m{[0m[3mid[0m[2m=[0mbf64c32e-988c-479e-8170-54a189ead817[1m}[0m[2m:[0m [2mbore_cli::client[0m[2m:[0m new connection
[2m2026-04-29T15:19:03.570579Z[0m [33m WARN[0m [1mproxy[0m[1m{[0m[3mid[0m[2m=[0mbf64c32e-988c-479e-8170-54a189ead817[1m}[0m[2m:[0m [2mbore_cli::client[0m[2m:[0m connection exited with error [3merr[0m[2m=[0mConnection reset by peer (os error 54)
[2m2026-04-29T15:19:04.582748Z[0m [32m INFO[0m [1mproxy[0m[1m{[0m[3mid[0m[2m=[0mf1e4c3f5-fee2-45f4-9752-f408555135ab[1m}[0m[2m:[0m [2mbore_cli::client[0m[2m:[0m new connection
[2m2026-04-29T15:19:04.734336Z[0m [33m WARN[0m [1mproxy[0m[1m{[0m[3mid[0m[2m=[0mf1e4c3f5-fee2-45f4-9752-f408555135ab[1m}[0m[2m:[0m [2mbore_cli::client[0m[2m:[0m connection exited with error [3merr[0m[2m=[0mConnection reset by peer (os error 54)
[2m2026-04-29T15:19:05.208934Z[0m [32m INFO[0m [1mproxy[0m[1m{[0m[3mid[0m[2m=[0m31acabdf-a7d5-42c2-add6-06a8973e1a17[1m}[0m[2m:[0m [2mbore_cli::client[0m[2m:[0m new connection
[2m2026-04-29T15:19:05.351354Z[0m [33m WARN[0m [1mproxy[0m[1m{[0m[3mid[0m[2m=[0m31acabdf-a7d5-42c2-add6-06a8973e1a17[1m}[0m[2m:[0m [2mbore_cli::client[0m[2m:[0m connection exited with error [3merr[0m[2m=[0mConnection reset by peer (os error 54)
[2m2026-04-29T15:19:05.708084Z[0m [32m INFO[0m [1mproxy[0m[1m{[0m[3mid[0m[2m=[0m4116d321-d3fc-4f54-b939-5072e20cd83c[1m}[0m[2m:[0m [2mbore_cli::client[0m[2m:[0m new connection
[2m2026-04-29T15:19:05.870121Z[0m [33m WARN[0m [1mproxy[0m[1m{[0m[3mid[0m[2m=[0m4116d321-d3fc-4f54-b939-5072e20cd83c[1m}[0m[2m:[0m [2mbore_cli::client[0m[2m:[0m connection exited with error [3merr[0m[2m=[0mConnection reset by peer (os error 54)
[2m2026-04-29T15:20:20.439192Z[0m [32m INFO[0m [1mproxy[0m[1m{[0m[3mid[0m[2m=[0m2fe3bbcf-0895-4a72-9fe1-21864dd3fcf2[1m}[0m[2m:[0m [2mbore_cli::client[0m[2m:[0m new connection
[2m2026-04-29T15:20:20.595455Z[0m [33m WARN[0m [1mproxy[0m[1m{[0m[3mid[0m[2m=[0m2fe3bbcf-0895-4a72-9fe1-21864dd3fcf2[1m}[0m[2m:[0m [2mbore_cli::client[0m[2m:[0m connection exited with error [3merr[0m[2m=[0mConnection reset by peer (os error 54)
[2m2026-04-29T15:20:33.338673Z[0m [32m INFO[0m [1mproxy[0m[1m{[0m[3mid[0m[2m=[0mee462e44-266c-40e0-850f-22991c60643b[1m}[0m[2m:[0m [2mbore_cli::client[0m[2m:[0m new connection
[2m2026-04-29T15:20:33.499633Z[0m [33m WARN[0m [1mproxy[0m[1m{[0m[3mid[0m[2m=[0mee462e44-266c-40e0-850f-22991c60643b[1m}[0m[2m:[0m [2mbore_cli::client[0m[2m:[0m connection exited with error [3merr[0m[2m=[0mConnection reset by peer (os error 54)
[2m2026-04-29T15:20:51.998072Z[0m [32m INFO[0m [1mproxy[0m[1m{[0m[3mid[0m[2m=[0mfa326cd6-582f-4421-93c8-ba0a35102891[1m}[0m[2m:[0m [2mbore_cli::client[0m[2m:[0m new connection
[2m2026-04-29T15:20:52.251322Z[0m [33m WARN[0m [1mproxy[0m[1m{[0m[3mid[0m[2m=[0mfa326cd6-582f-4421-93c8-ba0a35102891[1m}[0m[2m:[0m [2mbore_cli::client[0m[2m:[0m connection exited with error [3merr[0m[2m=[0mConnection reset by peer (os error 54)
[2m2026-04-29T15:20:54.266464Z[0m [32m INFO[0m [1mproxy[0m[1m{[0m[3mid[0m[2m=[0m3668d748-11ce-419e-bff8-aafe643e81c2[1m}[0m[2m:[0m [2mbore_cli::client[0m[2m:[0m new connection
[2m2026-04-29T15:20:54.415444Z[0m [33m WARN[0m [1mproxy[0m[1m{[0m[3mid[0m[2m=[0m3668d748-11ce-419e-bff8-aafe643e81c2[1m}[0m[2m:[0m [2mbore_cli::client[0m[2m:[0m connection exited with error [3merr[0m[2m=[0mConnection reset by peer (os error 54)
[2m2026-04-29T15:20:54.681614Z[0m [32m INFO[0m [1mproxy[0m[1m{[0m[3mid[0m[2m=[0m6f5746fd-2558-4a79-a269-c73ce2080f94[1m}[0m[2m:[0m [2mbore_cli::client[0m[2m:[0m new connection
[2m2026-04-29T15:20:54.808460Z[0m [33m WARN[0m [1mproxy[0m[1m{[0m[3mid[0m[2m=[0m6f5746fd-2558-4a79-a269-c73ce2080f94[1m}[0m[2m:[0m [2mbore_cli::client[0m[2m:[0m connection exited with error [3merr[0m[2m=[0mConnection reset by peer (os error 54)
[2m2026-04-29T15:21:11.172439Z[0m [32m INFO[0m [1mproxy[0m[1m{[0m[3mid[0m[2m=[0ma608deec-0029-4a4c-ada8-2873ae1e3ad0[1m}[0m[2m:[0m [2mbore_cli::client[0m[2m:[0m new connection
[2m2026-04-29T15:21:12.772103Z[0m [33m WARN[0m [1mproxy[0m[1m{[0m[3mid[0m[2m=[0ma608deec-0029-4a4c-ada8-2873ae1e3ad0[1m}[0m[2m:[0m [2mbore_cli::client[0m[2m:[0m connection exited with error [3merr[0m[2m=[0mConnection reset by peer (os error 54)
[2m2026-04-29T15:21:13.126782Z[0m [32m INFO[0m [1mproxy[0m[1m{[0m[3mid[0m[2m=[0m3e529405-7884-4502-8e00-a4cc7e5dfcfa[1m}[0m[2m:[0m [2mbore_cli::client[0m[2m:[0m new connection
[2m2026-04-29T15:21:13.426711Z[0m [33m WARN[0m [1mproxy[0m[1m{[0m[3mid[0m[2m=[0m3e529405-7884-4502-8e00-a4cc7e5dfcfa[1m}[0m[2m:[0m [2mbore_cli::client[0m[2m:[0m connection exited with error [3merr[0m[2m=[0mConnection reset by peer (os error 54)
[2m2026-04-29T15:21:16.703714Z[0m [32m INFO[0m [1mproxy[0m[1m{[0m[3mid[0m[2m=[0me1f01475-ab9e-4ccd-bce1-0e718bf99199[1m}[0m[2m:[0m [2mbore_cli::client[0m[2m:[0m new connection
[2m2026-04-29T15:21:16.833232Z[0m [33m WARN[0m [1mproxy[0m[1m{[0m[3mid[0m[2m=[0me1f01475-ab9e-4ccd-bce1-0e718bf99199[1m}[0m[2m:[0m [2mbore_cli::client[0m[2m:[0m connection exited with error [3merr[0m[2m=[0mConnection reset by peer (os error 54)
[2m2026-04-29T15:23:04.026719Z[0m [32m INFO[0m [1mproxy[0m[1m{[0m[3mid[0m[2m=[0m9679e73e-d8b1-4ff3-97a5-380a75370e55[1m}[0m[2m:[0m [2mbore_cli::client[0m[2m:[0m new connection
[2m2026-04-29T15:23:04.170031Z[0m [33m WARN[0m [1mproxy[0m[1m{[0m[3mid[0m[2m=[0m9679e73e-d8b1-4ff3-97a5-380a75370e55[1m}[0m[2m:[0m [2mbore_cli::client[0m[2m:[0m connection exited with error [3merr[0m[2m=[0mConnection reset by peer (os error 54)
[2m2026-04-29T15:23:04.529637Z[0m [32m INFO[0m [1mproxy[0m[1m{[0m[3mid[0m[2m=[0m6eaa81bb-cef4-49d6-87d9-887273ed086e[1m}[0m[2m:[0m [2mbore_cli::client[0m[2m:[0m new connection
[2m2026-04-29T15:23:04.686153Z[0m [33m WARN[0m [1mproxy[0m[1m{[0m[3mid[0m[2m=[0m6eaa81bb-cef4-49d6-87d9-887273ed086e[1m}[0m[2m:[0m [2mbore_cli::client[0m[2m:[0m connection exited with error [3merr[0m[2m=[0mConnection reset by peer (os error 54)
[2m2026-04-29T15:23:05.102677Z[0m [32m INFO[0m [1mproxy[0m[1m{[0m[3mid[0m[2m=[0maefa4682-ceb1-4582-9de1-ce60bcfc9ceb[1m}[0m[2m:[0m [2mbore_cli::client[0m[2m:[0m new connection
[2m2026-04-29T15:23:05.259658Z[0m [33m WARN[0m [1mproxy[0m[1m{[0m[3mid[0m[2m=[0maefa4682-ceb1-4582-9de1-ce60bcfc9ceb[1m}[0m[2m:[0m [2mbore_cli::client[0m[2m:[0m connection exited with error [3merr[0m[2m=[0mConnection reset by peer (os error 54)
[2m2026-04-29T15:23:08.210129Z[0m [32m INFO[0m [1mproxy[0m[1m{[0m[3mid[0m[2m=[0m105f0298-8da7-4bb6-82fb-ccdae47645ce[1m}[0m[2m:[0m [2mbore_cli::client[0m[2m:[0m new connection
[2m2026-04-29T15:23:08.376441Z[0m [33m WARN[0m [1mproxy[0m[1m{[0m[3mid[0m[2m=[0m105f0298-8da7-4bb6-82fb-ccdae47645ce[1m}[0m[2m:[0m [2mbore_cli::client[0m[2m:[0m connection exited with error [3merr[0m[2m=[0mConnection reset by peer (os error 54)
[2m2026-04-29T15:23:33.490668Z[0m [32m INFO[0m [1mproxy[0m[1m{[0m[3mid[0m[2m=[0m6c120084-ff77-4c2d-8abe-7a207dad7dd8[1m}[0m[2m:[0m [2mbore_cli::client[0m[2m:[0m new connection
[2m2026-04-29T15:23:33.845820Z[0m [33m WARN[0m [1mproxy[0m[1m{[0m[3mid[0m[2m=[0m6c120084-ff77-4c2d-8abe-7a207dad7dd8[1m}[0m[2m:[0m [2mbore_cli::client[0m[2m:[0m connection exited with error [3merr[0m[2m=[0mConnection reset by peer (os error 54)
[2m2026-04-29T15:23:34.198777Z[0m [32m INFO[0m [1mproxy[0m[1m{[0m[3mid[0m[2m=[0me3c055cb-4db8-4f82-9a0f-e72c4336d786[1m}[0m[2m:[0m [2mbore_cli::client[0m[2m:[0m new connection
[2m2026-04-29T15:23:34.556179Z[0m [33m WARN[0m [1mproxy[0m[1m{[0m[3mid[0m[2m=[0me3c055cb-4db8-4f82-9a0f-e72c4336d786[1m}[0m[2m:[0m [2mbore_cli::client[0m[2m:[0m connection exited with error [3merr[0m[2m=[0mConnection reset by peer (os error 54)
[2m2026-04-29T15:24:12.003838Z[0m [32m INFO[0m [1mproxy[0m[1m{[0m[3mid[0m[2m=[0m7e8f7dbb-17b6-4783-b88a-bf3c4072cb7e[1m}[0m[2m:[0m [2mbore_cli::client[0m[2m:[0m new connection
[2m2026-04-29T15:24:12.151424Z[0m [33m WARN[0m [1mproxy[0m[1m{[0m[3mid[0m[2m=[0m7e8f7dbb-17b6-4783-b88a-bf3c4072cb7e[1m}[0m[2m:[0m [2mbore_cli::client[0m[2m:[0m connection exited with error [3merr[0m[2m=[0mConnection reset by peer (os error 54)
[2m2026-04-29T15:24:47.745402Z[0m [32m INFO[0m [1mproxy[0m[1m{[0m[3mid[0m[2m=[0mbd57e488-08de-4fc5-b8ff-074fe6cfa6e8[1m}[0m[2m:[0m [2mbore_cli::client[0m[2m:[0m new connection
[2m2026-04-29T15:24:47.879052Z[0m [33m WARN[0m [1mproxy[0m[1m{[0m[3mid[0m[2m=[0mbd57e488-08de-4fc5-b8ff-074fe6cfa6e8[1m}[0m[2m:[0m [2mbore_cli::client[0m[2m:[0m connection exited with error [3merr[0m[2m=[0mConnection reset by peer (os error 54)
[2m2026-04-29T15:24:54.481251Z[0m [32m INFO[0m [1mproxy[0m[1m{[0m[3mid[0m[2m=[0m79cdafc4-298a-4c84-b83e-6438679bdb1d[1m}[0m[2m:[0m [2mbore_cli::client[0m[2m:[0m new connection
[2m2026-04-29T15:24:54.610021Z[0m [33m WARN[0m [1mproxy[0m[1m{[0m[3mid[0m[2m=[0m79cdafc4-298a-4c84-b83e-6438679bdb1d[1m}[0m[2m:[0m [2mbore_cli::client[0m[2m:[0m connection exited with error [3merr[0m[2m=[0mConnection reset by peer (os error 54)
[2m2026-04-29T15:24:57.558678Z[0m [32m INFO[0m [1mproxy[0m[1m{[0m[3mid[0m[2m=[0m698ba7eb-9403-41ff-9531-8db2a4bfdb83[1m}[0m[2m:[0m [2mbore_cli::client[0m[2m:[0m new connection
[2m2026-04-29T15:24:57.730990Z[0m [33m WARN[0m [1mproxy[0m[1m{[0m[3mid[0m[2m=[0m698ba7eb-9403-41ff-9531-8db2a4bfdb83[1m}[0m[2m:[0m [2mbore_cli::client[0m[2m:[0m connection exited with error [3merr[0m[2m=[0mConnection reset by peer (os error 54)
[2m2026-04-29T15:25:24.648471Z[0m [32m INFO[0m [1mproxy[0m[1m{[0m[3mid[0m[2m=[0m8a8f2efb-85ed-4ba2-a370-dff3407fa828[1m}[0m[2m:[0m [2mbore_cli::client[0m[2m:[0m new connection
[2m2026-04-29T15:25:25.003600Z[0m [33m WARN[0m [1mproxy[0m[1m{[0m[3mid[0m[2m=[0m8a8f2efb-85ed-4ba2-a370-dff3407fa828[1m}[0m[2m:[0m [2mbore_cli::client[0m[2m:[0m connection exited with error [3merr[0m[2m=[0mConnection reset by peer (os error 54)
[2m2026-04-29T15:25:52.702963Z[0m [32m INFO[0m [1mproxy[0m[1m{[0m[3mid[0m[2m=[0mb8673feb-426e-46ed-ada6-a19486da95eb[1m}[0m[2m:[0m [2mbore_cli::client[0m[2m:[0m new connection
[2m2026-04-29T15:25:52.832350Z[0m [33m WARN[0m [1mproxy[0m[1m{[0m[3mid[0m[2m=[0mb8673feb-426e-46ed-ada6-a19486da95eb[1m}[0m[2m:[0m [2mbore_cli::client[0m[2m:[0m connection exited with error [3merr[0m[2m=[0mConnection reset by peer (os error 54)
Error: could not connect to bore.pub:7835

Caused by:
    No route to host (os error 65)
[2m2026-04-29T15:31:06.606368Z[0m [32m INFO[0m [2mbore_cli::client[0m[2m:[0m connected to server [3mremote_port[0m[2m=[0m12422
[2m2026-04-29T15:31:06.606434Z[0m [32m INFO[0m [2mbore_cli::client[0m[2m:[0m listening at bore.pub:12422
Error: could not connect to bore.pub:7835

Caused by:
    No route to host (os error 65)
[2m2026-04-29T15:46:24.133780Z[0m [32m INFO[0m [2mbore_cli::client[0m[2m:[0m connected to server [3mremote_port[0m[2m=[0m30233
[2m2026-04-29T15:46:24.133853Z[0m [32m INFO[0m [2mbore_cli::client[0m[2m:[0m listening at bore.pub:30233
[2m2026-04-29T16:00:34.849368Z[0m [32m INFO[0m [2mbore_cli::client[0m[2m:[0m connected to server [3mremote_port[0m[2m=[0m44868
[2m2026-04-29T16:00:34.849903Z[0m [32m INFO[0m [2mbore_cli::client[0m[2m:[0m listening at bore.pub:44868
Error: could not connect to bore.pub:7835

Caused by:
    No route to host (os error 65)
[2m2026-04-29T16:13:42.410422Z[0m [32m INFO[0m [2mbore_cli::client[0m[2m:[0m connected to server [3mremote_port[0m[2m=[0m38945
[2m2026-04-29T16:13:42.410500Z[0m [32m INFO[0m [2mbore_cli::client[0m[2m:[0m listening at bore.pub:38945
Error: could not connect to bore.pub:7835

Caused by:
    No route to host (os error 65)
[2m2026-04-29T16:22:31.869375Z[0m [32m INFO[0m [2mbore_cli::client[0m[2m:[0m connected to server [3mremote_port[0m[2m=[0m32408
[2m2026-04-29T16:22:31.869442Z[0m [32m INFO[0m [2mbore_cli::client[0m[2m:[0m listening at bore.pub:32408
Error: could not connect to bore.pub:7835

Caused by:
    No route to host (os error 65)
[2m2026-04-29T16:29:32.993514Z[0m [32m INFO[0m [2mbore_cli::client[0m[2m:[0m connected to server [3mremote_port[0m[2m=[0m59274
[2m2026-04-29T16:29:32.993607Z[0m [32m INFO[0m [2mbore_cli::client[0m[2m:[0m listening at bore.pub:59274
Error: could not connect to bore.pub:7835

Caused by:
    No route to host (os error 65)
[2m2026-04-29T16:40:52.298344Z[0m [32m INFO[0m [2mbore_cli::client[0m[2m:[0m connected to server [3mremote_port[0m[2m=[0m63453
[2m2026-04-29T16:40:52.298408Z[0m [32m INFO[0m [2mbore_cli::client[0m[2m:[0m listening at bore.pub:63453
Error: could not connect to bore.pub:7835

Caused by:
    No route to host (os error 65)
[2m2026-04-29T16:48:06.976302Z[0m [32m INFO[0m [2mbore_cli::client[0m[2m:[0m connected to server [3mremote_port[0m[2m=[0m31354
[2m2026-04-29T16:48:06.976391Z[0m [32m INFO[0m [2mbore_cli::client[0m[2m:[0m listening at bore.pub:31354
Error: could not connect to bore.pub:7835

Caused by:
    No route to host (os error 65)
[2m2026-04-29T16:55:21.953347Z[0m [32m INFO[0m [2mbore_cli::client[0m[2m:[0m connected to server [3mremote_port[0m[2m=[0m9102
[2m2026-04-29T16:55:21.953414Z[0m [32m INFO[0m [2mbore_cli::client[0m[2m:[0m listening at bore.pub:9102
Error: could not connect to bore.pub:7835

Caused by:
    No route to host (os error 65)
[2m2026-04-29T17:03:38.757611Z[0m [32m INFO[0m [2mbore_cli::client[0m[2m:[0m connected to server [3mremote_port[0m[2m=[0m5672
[2m2026-04-29T17:03:38.757678Z[0m [32m INFO[0m [2mbore_cli::client[0m[2m:[0m listening at bore.pub:5672
[2m2026-04-29T17:03:46.946989Z[0m [32m INFO[0m [1mproxy[0m[1m{[0m[3mid[0m[2m=[0m2dc449f8-8686-4c82-8d2f-3c17530755eb[1m}[0m[2m:[0m [2mbore_cli::client[0m[2m:[0m new connection
[2m2026-04-29T17:03:47.080247Z[0m [33m WARN[0m [1mproxy[0m[1m{[0m[3mid[0m[2m=[0m2dc449f8-8686-4c82-8d2f-3c17530755eb[1m}[0m[2m:[0m [2mbore_cli::client[0m[2m:[0m connection exited with error [3merr[0m[2m=[0mConnection reset by peer (os error 54)
[2m2026-04-29T17:03:55.955467Z[0m [32m INFO[0m [1mproxy[0m[1m{[0m[3mid[0m[2m=[0m762fe052-56c4-47bd-a4ce-bb8a36d9b65a[1m}[0m[2m:[0m [2mbore_cli::client[0m[2m:[0m new connection
[2m2026-04-29T17:03:56.271494Z[0m [33m WARN[0m [1mproxy[0m[1m{[0m[3mid[0m[2m=[0m762fe052-56c4-47bd-a4ce-bb8a36d9b65a[1m}[0m[2m:[0m [2mbore_cli::client[0m[2m:[0m connection exited with error [3merr[0m[2m=[0mConnection reset by peer (os error 54)
[2m2026-04-29T17:04:14.865020Z[0m [32m INFO[0m [1mproxy[0m[1m{[0m[3mid[0m[2m=[0m55888274-33a0-437a-a8ed-e9edb3908654[1m}[0m[2m:[0m [2mbore_cli::client[0m[2m:[0m new connection
[2m2026-04-29T17:04:15.182843Z[0m [33m WARN[0m [1mproxy[0m[1m{[0m[3mid[0m[2m=[0m55888274-33a0-437a-a8ed-e9edb3908654[1m}[0m[2m:[0m [2mbore_cli::client[0m[2m:[0m connection exited with error [3merr[0m[2m=[0mConnection reset by peer (os error 54)
[2m2026-04-29T17:04:16.757957Z[0m [32m INFO[0m [1mproxy[0m[1m{[0m[3mid[0m[2m=[0m4903eb34-a95f-40f8-8b99-3d4e44ae08c3[1m}[0m[2m:[0m [2mbore_cli::client[0m[2m:[0m new connection
[2m2026-04-29T17:04:17.111038Z[0m [33m WARN[0m [1mproxy[0m[1m{[0m[3mid[0m[2m=[0m4903eb34-a95f-40f8-8b99-3d4e44ae08c3[1m}[0m[2m:[0m [2mbore_cli::client[0m[2m:[0m connection exited with error [3merr[0m[2m=[0mConnection reset by peer (os error 54)
[2m2026-04-29T17:04:28.901726Z[0m [32m INFO[0m [1mproxy[0m[1m{[0m[3mid[0m[2m=[0mccb8c9a8-3333-4386-9c08-2daa3ade11da[1m}[0m[2m:[0m [2mbore_cli::client[0m[2m:[0m new connection
[2m2026-04-29T17:04:29.151671Z[0m [33m WARN[0m [1mproxy[0m[1m{[0m[3mid[0m[2m=[0mccb8c9a8-3333-4386-9c08-2daa3ade11da[1m}[0m[2m:[0m [2mbore_cli::client[0m[2m:[0m connection exited with error [3merr[0m[2m=[0mConnection reset by peer (os error 54)
[2m2026-04-29T17:04:32.283007Z[0m [32m INFO[0m [1mproxy[0m[1m{[0m[3mid[0m[2m=[0m38c18d40-93b4-4c4d-94ce-6387d36d4816[1m}[0m[2m:[0m [2mbore_cli::client[0m[2m:[0m new connection
[2m2026-04-29T17:04:32.433109Z[0m [33m WARN[0m [1mproxy[0m[1m{[0m[3mid[0m[2m=[0m38c18d40-93b4-4c4d-94ce-6387d36d4816[1m}[0m[2m:[0m [2mbore_cli::client[0m[2m:[0m connection exited with error [3merr[0m[2m=[0mConnection reset by peer (os error 54)
[2m2026-04-29T17:04:36.514208Z[0m [32m INFO[0m [1mproxy[0m[1m{[0m[3mid[0m[2m=[0m9191707f-66a7-4c14-a924-b7c08ae211d3[1m}[0m[2m:[0m [2mbore_cli::client[0m[2m:[0m new connection
[2m2026-04-29T17:04:36.703299Z[0m [33m WARN[0m [1mproxy[0m[1m{[0m[3mid[0m[2m=[0m9191707f-66a7-4c14-a924-b7c08ae211d3[1m}[0m[2m:[0m [2mbore_cli::client[0m[2m:[0m connection exited with error [3merr[0m[2m=[0mConnection reset by peer (os error 54)
[2m2026-04-29T17:04:52.962030Z[0m [32m INFO[0m [1mproxy[0m[1m{[0m[3mid[0m[2m=[0mbe7bfef1-a5b4-4106-9a1a-e940f4f90847[1m}[0m[2m:[0m [2mbore_cli::client[0m[2m:[0m new connection
[2m2026-04-29T17:04:53.107544Z[0m [33m WARN[0m [1mproxy[0m[1m{[0m[3mid[0m[2m=[0mbe7bfef1-a5b4-4106-9a1a-e940f4f90847[1m}[0m[2m:[0m [2mbore_cli::client[0m[2m:[0m connection exited with error [3merr[0m[2m=[0mConnection reset by peer (os error 54)
[2m2026-04-29T17:04:56.946308Z[0m [32m INFO[0m [1mproxy[0m[1m{[0m[3mid[0m[2m=[0maa0eed24-6c5c-485c-9d4c-632a990157c0[1m}[0m[2m:[0m [2mbore_cli::client[0m[2m:[0m new connection
[2m2026-04-29T17:04:57.117611Z[0m [33m WARN[0m [1mproxy[0m[1m{[0m[3mid[0m[2m=[0maa0eed24-6c5c-485c-9d4c-632a990157c0[1m}[0m[2m:[0m [2mbore_cli::client[0m[2m:[0m connection exited with error [3merr[0m[2m=[0mConnection reset by peer (os error 54)
[2m2026-04-29T17:05:11.413934Z[0m [32m INFO[0m [1mproxy[0m[1m{[0m[3mid[0m[2m=[0mf1044062-3420-4fd3-9499-57621f323f7e[1m}[0m[2m:[0m [2mbore_cli::client[0m[2m:[0m new connection
[2m2026-04-29T17:05:11.772038Z[0m [33m WARN[0m [1mproxy[0m[1m{[0m[3mid[0m[2m=[0mf1044062-3420-4fd3-9499-57621f323f7e[1m}[0m[2m:[0m [2mbore_cli::client[0m[2m:[0m connection exited with error [3merr[0m[2m=[0mConnection reset by peer (os error 54)
[2m2026-04-29T17:05:26.323267Z[0m [32m INFO[0m [1mproxy[0m[1m{[0m[3mid[0m[2m=[0m68f0b99e-a51d-49b6-a4bc-bf48a7331de9[1m}[0m[2m:[0m [2mbore_cli::client[0m[2m:[0m new connection
[2m2026-04-29T17:05:26.479319Z[0m [33m WARN[0m [1mproxy[0m[1m{[0m[3mid[0m[2m=[0m68f0b99e-a51d-49b6-a4bc-bf48a7331de9[1m}[0m[2m:[0m [2mbore_cli::client[0m[2m:[0m connection exited with error [3merr[0m[2m=[0mConnection reset by peer (os error 54)
[2m2026-04-29T17:05:27.906395Z[0m [32m INFO[0m [1mproxy[0m[1m{[0m[3mid[0m[2m=[0mbb7296aa-4921-442c-984a-46a40d978fb5[1m}[0m[2m:[0m [2mbore_cli::client[0m[2m:[0m new connection
[2m2026-04-29T17:05:28.039584Z[0m [33m WARN[0m [1mproxy[0m[1m{[0m[3mid[0m[2m=[0mbb7296aa-4921-442c-984a-46a40d978fb5[1m}[0m[2m:[0m [2mbore_cli::client[0m[2m:[0m connection exited with error [3merr[0m[2m=[0mConnection reset by peer (os error 54)
[2m2026-04-29T17:05:36.458992Z[0m [32m INFO[0m [1mproxy[0m[1m{[0m[3mid[0m[2m=[0m428e2c74-dcff-46e7-9c9d-2b7e511fc9d0[1m}[0m[2m:[0m [2mbore_cli::client[0m[2m:[0m new connection
[2m2026-04-29T17:05:36.604169Z[0m [33m WARN[0m [1mproxy[0m[1m{[0m[3mid[0m[2m=[0m428e2c74-dcff-46e7-9c9d-2b7e511fc9d0[1m}[0m[2m:[0m [2mbore_cli::client[0m[2m:[0m connection exited with error [3merr[0m[2m=[0mConnection reset by peer (os error 54)
[2m2026-04-29T17:05:37.572701Z[0m [32m INFO[0m [1mproxy[0m[1m{[0m[3mid[0m[2m=[0m4c69f6fc-41cd-41f7-a982-64eb5c6912b3[1m}[0m[2m:[0m [2mbore_cli::client[0m[2m:[0m new connection
[2m2026-04-29T17:05:37.702930Z[0m [33m WARN[0m [1mproxy[0m[1m{[0m[3mid[0m[2m=[0m4c69f6fc-41cd-41f7-a982-64eb5c6912b3[1m}[0m[2m:[0m [2mbore_cli::client[0m[2m:[0m connection exited with error [3merr[0m[2m=[0mConnection reset by peer (os error 54)
[2m2026-04-29T17:05:49.318266Z[0m [32m INFO[0m [1mproxy[0m[1m{[0m[3mid[0m[2m=[0m8773f108-a798-44ac-94d5-589d8edd0b4b[1m}[0m[2m:[0m [2mbore_cli::client[0m[2m:[0m new connection
[2m2026-04-29T17:05:49.460680Z[0m [33m WARN[0m [1mproxy[0m[1m{[0m[3mid[0m[2m=[0m8773f108-a798-44ac-94d5-589d8edd0b4b[1m}[0m[2m:[0m [2mbore_cli::client[0m[2m:[0m connection exited with error [3merr[0m[2m=[0mConnection reset by peer (os error 54)
[2m2026-04-29T17:05:59.086343Z[0m [32m INFO[0m [1mproxy[0m[1m{[0m[3mid[0m[2m=[0m75102f31-4e0f-4ae4-8931-88077875f5f6[1m}[0m[2m:[0m [2mbore_cli::client[0m[2m:[0m new connection
[2m2026-04-29T17:05:59.238316Z[0m [33m WARN[0m [1mproxy[0m[1m{[0m[3mid[0m[2m=[0m75102f31-4e0f-4ae4-8931-88077875f5f6[1m}[0m[2m:[0m [2mbore_cli::client[0m[2m:[0m connection exited with error [3merr[0m[2m=[0mConnection reset by peer (os error 54)
[2m2026-04-29T17:06:01.562157Z[0m [32m INFO[0m [1mproxy[0m[1m{[0m[3mid[0m[2m=[0m08f9393f-2539-4994-9d1b-c05019c5efb5[1m}[0m[2m:[0m [2mbore_cli::client[0m[2m:[0m new connection
[2m2026-04-29T17:06:01.698857Z[0m [33m WARN[0m [1mproxy[0m[1m{[0m[3mid[0m[2m=[0m08f9393f-2539-4994-9d1b-c05019c5efb5[1m}[0m[2m:[0m [2mbore_cli::client[0m[2m:[0m connection exited with error [3merr[0m[2m=[0mConnection reset by peer (os error 54)
[2m2026-04-29T17:06:16.831604Z[0m [32m INFO[0m [1mproxy[0m[1m{[0m[3mid[0m[2m=[0mabc28c46-9a2e-432a-b05e-1ce4353d6fbf[1m}[0m[2m:[0m [2mbore_cli::client[0m[2m:[0m new connection
[2m2026-04-29T17:06:17.189698Z[0m [33m WARN[0m [1mproxy[0m[1m{[0m[3mid[0m[2m=[0mabc28c46-9a2e-432a-b05e-1ce4353d6fbf[1m}[0m[2m:[0m [2mbore_cli::client[0m[2m:[0m connection exited with error [3merr[0m[2m=[0mConnection reset by peer (os error 54)
[2m2026-04-29T17:06:17.739783Z[0m [32m INFO[0m [1mproxy[0m[1m{[0m[3mid[0m[2m=[0m552d4c11-c13a-424a-9a1b-0d6d2717bcca[1m}[0m[2m:[0m [2mbore_cli::client[0m[2m:[0m new connection
[2m2026-04-29T17:06:18.077146Z[0m [33m WARN[0m [1mproxy[0m[1m{[0m[3mid[0m[2m=[0m552d4c11-c13a-424a-9a1b-0d6d2717bcca[1m}[0m[2m:[0m [2mbore_cli::client[0m[2m:[0m connection exited with error [3merr[0m[2m=[0mConnection reset by peer (os error 54)
[2m2026-04-29T17:06:25.013799Z[0m [32m INFO[0m [1mproxy[0m[1m{[0m[3mid[0m[2m=[0m31f1f5d7-a137-4da3-a8ab-a6566a9cf466[1m}[0m[2m:[0m [2mbore_cli::client[0m[2m:[0m new connection
[2m2026-04-29T17:06:25.148614Z[0m [33m WARN[0m [1mproxy[0m[1m{[0m[3mid[0m[2m=[0m31f1f5d7-a137-4da3-a8ab-a6566a9cf466[1m}[0m[2m:[0m [2mbore_cli::client[0m[2m:[0m connection exited with error [3merr[0m[2m=[0mConnection reset by peer (os error 54)
[2m2026-04-29T17:06:36.813999Z[0m [32m INFO[0m [1mproxy[0m[1m{[0m[3mid[0m[2m=[0m3b769387-db60-46a3-b892-6da9191a2019[1m}[0m[2m:[0m [2mbore_cli::client[0m[2m:[0m new connection
[2m2026-04-29T17:06:37.038194Z[0m [33m WARN[0m [1mproxy[0m[1m{[0m[3mid[0m[2m=[0m3b769387-db60-46a3-b892-6da9191a2019[1m}[0m[2m:[0m [2mbore_cli::client[0m[2m:[0m connection exited with error [3merr[0m[2m=[0mConnection reset by peer (os error 54)
[2m2026-04-29T17:06:43.755873Z[0m [32m INFO[0m [1mproxy[0m[1m{[0m[3mid[0m[2m=[0mee8c6559-574f-4048-a87d-3f34b72f2403[1m}[0m[2m:[0m [2mbore_cli::client[0m[2m:[0m new connection
[2m2026-04-29T17:06:43.892210Z[0m [33m WARN[0m [1mproxy[0m[1m{[0m[3mid[0m[2m=[0mee8c6559-574f-4048-a87d-3f34b72f2403[1m}[0m[2m:[0m [2mbore_cli::client[0m[2m:[0m connection exited with error [3merr[0m[2m=[0mConnection reset by peer (os error 54)
[2m2026-04-29T17:06:51.480357Z[0m [32m INFO[0m [1mproxy[0m[1m{[0m[3mid[0m[2m=[0m28a98b8b-9d8f-4a2a-b135-2c7cf1850d48[1m}[0m[2m:[0m [2mbore_cli::client[0m[2m:[0m new connection
[2m2026-04-29T17:06:51.704805Z[0m [33m WARN[0m [1mproxy[0m[1m{[0m[3mid[0m[2m=[0m28a98b8b-9d8f-4a2a-b135-2c7cf1850d48[1m}[0m[2m:[0m [2mbore_cli::client[0m[2m:[0m connection exited with error [3merr[0m[2m=[0mConnection reset by peer (os error 54)
[2m2026-04-29T17:06:59.278134Z[0m [32m INFO[0m [1mproxy[0m[1m{[0m[3mid[0m[2m=[0m73a1c4e3-ee13-4d9f-ac73-eb383afa76ce[1m}[0m[2m:[0m [2mbore_cli::client[0m[2m:[0m new connection
[2m2026-04-29T17:06:59.634813Z[0m [33m WARN[0m [1mproxy[0m[1m{[0m[3mid[0m[2m=[0m73a1c4e3-ee13-4d9f-ac73-eb383afa76ce[1m}[0m[2m:[0m [2mbore_cli::client[0m[2m:[0m connection exited with error [3merr[0m[2m=[0mConnection reset by peer (os error 54)
[2m2026-04-29T17:07:13.650632Z[0m [32m INFO[0m [1mproxy[0m[1m{[0m[3mid[0m[2m=[0m556b8471-a33b-4e41-95f3-405c9d8a0155[1m}[0m[2m:[0m [2mbore_cli::client[0m[2m:[0m new connection
[2m2026-04-29T17:07:13.804540Z[0m [33m WARN[0m [1mproxy[0m[1m{[0m[3mid[0m[2m=[0m556b8471-a33b-4e41-95f3-405c9d8a0155[1m}[0m[2m:[0m [2mbore_cli::client[0m[2m:[0m connection exited with error [3merr[0m[2m=[0mConnection reset by peer (os error 54)
[2m2026-04-29T17:07:17.180772Z[0m [32m INFO[0m [1mproxy[0m[1m{[0m[3mid[0m[2m=[0m1807d430-0f77-4410-a4d9-ec7ee4802864[1m}[0m[2m:[0m [2mbore_cli::client[0m[2m:[0m new connection
[2m2026-04-29T17:07:17.319217Z[0m [33m WARN[0m [1mproxy[0m[1m{[0m[3mid[0m[2m=[0m1807d430-0f77-4410-a4d9-ec7ee4802864[1m}[0m[2m:[0m [2mbore_cli::client[0m[2m:[0m connection exited with error [3merr[0m[2m=[0mConnection reset by peer (os error 54)
[2m2026-04-29T17:07:40.172461Z[0m [32m INFO[0m [1mproxy[0m[1m{[0m[3mid[0m[2m=[0m5a8b055c-cf46-4fe5-9b19-6fbc9141a01a[1m}[0m[2m:[0m [2mbore_cli::client[0m[2m:[0m new connection
[2m2026-04-29T17:07:40.313369Z[0m [33m WARN[0m [1mproxy[0m[1m{[0m[3mid[0m[2m=[0m5a8b055c-cf46-4fe5-9b19-6fbc9141a01a[1m}[0m[2m:[0m [2mbore_cli::client[0m[2m:[0m connection exited with error [3merr[0m[2m=[0mConnection reset by peer (os error 54)
[2m2026-04-29T17:07:43.872898Z[0m [32m INFO[0m [1mproxy[0m[1m{[0m[3mid[0m[2m=[0m19414f82-4ffb-4801-b1fe-a51123ba42e1[1m}[0m[2m:[0m [2mbore_cli::client[0m[2m:[0m new connection
[2m2026-04-29T17:07:44.214114Z[0m [33m WARN[0m [1mproxy[0m[1m{[0m[3mid[0m[2m=[0m19414f82-4ffb-4801-b1fe-a51123ba42e1[1m}[0m[2m:[0m [2mbore_cli::client[0m[2m:[0m connection exited with error [3merr[0m[2m=[0mConnection reset by peer (os error 54)
[2m2026-04-29T17:07:55.652513Z[0m [32m INFO[0m [1mproxy[0m[1m{[0m[3mid[0m[2m=[0m5c1834b9-a069-466a-8629-7af2009dd821[1m}[0m[2m:[0m [2mbore_cli::client[0m[2m:[0m new connection
[2m2026-04-29T17:07:56.144900Z[0m [33m WARN[0m [1mproxy[0m[1m{[0m[3mid[0m[2m=[0m5c1834b9-a069-466a-8629-7af2009dd821[1m}[0m[2m:[0m [2mbore_cli::client[0m[2m:[0m connection exited with error [3merr[0m[2m=[0mConnection reset by peer (os error 54)
[2m2026-04-29T17:08:06.953673Z[0m [32m INFO[0m [1mproxy[0m[1m{[0m[3mid[0m[2m=[0m3308f3c3-13ee-4774-9e5c-7205e1efc982[1m}[0m[2m:[0m [2mbore_cli::client[0m[2m:[0m new connection
[2m2026-04-29T17:08:07.198321Z[0m [33m WARN[0m [1mproxy[0m[1m{[0m[3mid[0m[2m=[0m3308f3c3-13ee-4774-9e5c-7205e1efc982[1m}[0m[2m:[0m [2mbore_cli::client[0m[2m:[0m connection exited with error [3merr[0m[2m=[0mConnection reset by peer (os error 54)
[2m2026-04-29T17:08:09.222936Z[0m [32m INFO[0m [1mproxy[0m[1m{[0m[3mid[0m[2m=[0m3d4cf9e5-412e-413f-8bb8-3129ad21e412[1m}[0m[2m:[0m [2mbore_cli::client[0m[2m:[0m new connection
[2m2026-04-29T17:08:09.367257Z[0m [33m WARN[0m [1mproxy[0m[1m{[0m[3mid[0m[2m=[0m3d4cf9e5-412e-413f-8bb8-3129ad21e412[1m}[0m[2m:[0m [2mbore_cli::client[0m[2m:[0m connection exited with error [3merr[0m[2m=[0mConnection reset by peer (os error 54)
[2m2026-04-29T17:08:17.128893Z[0m [32m INFO[0m [1mproxy[0m[1m{[0m[3mid[0m[2m=[0md260986b-88f6-431b-a437-435206d644aa[1m}[0m[2m:[0m [2mbore_cli::client[0m[2m:[0m new connection
[2m2026-04-29T17:08:17.469558Z[0m [33m WARN[0m [1mproxy[0m[1m{[0m[3mid[0m[2m=[0md260986b-88f6-431b-a437-435206d644aa[1m}[0m[2m:[0m [2mbore_cli::client[0m[2m:[0m connection exited with error [3merr[0m[2m=[0mConnection reset by peer (os error 54)
[2m2026-04-29T17:08:21.887515Z[0m [32m INFO[0m [1mproxy[0m[1m{[0m[3mid[0m[2m=[0m3b7f4b7b-95c8-4877-bbb1-edda4e98ee77[1m}[0m[2m:[0m [2mbore_cli::client[0m[2m:[0m new connection
[2m2026-04-29T17:08:22.039042Z[0m [33m WARN[0m [1mproxy[0m[1m{[0m[3mid[0m[2m=[0m3b7f4b7b-95c8-4877-bbb1-edda4e98ee77[1m}[0m[2m:[0m [2mbore_cli::client[0m[2m:[0m connection exited with error [3merr[0m[2m=[0mConnection reset by peer (os error 54)
[2m2026-04-29T17:08:31.547138Z[0m [32m INFO[0m [1mproxy[0m[1m{[0m[3mid[0m[2m=[0m8018adda-c81c-4a22-a656-4a698aef99ac[1m}[0m[2m:[0m [2mbore_cli::client[0m[2m:[0m new connection
[2m2026-04-29T17:08:31.709343Z[0m [33m WARN[0m [1mproxy[0m[1m{[0m[3mid[0m[2m=[0m8018adda-c81c-4a22-a656-4a698aef99ac[1m}[0m[2m:[0m [2mbore_cli::client[0m[2m:[0m connection exited with error [3merr[0m[2m=[0mConnection reset by peer (os error 54)
[2m2026-04-29T17:08:31.753164Z[0m [32m INFO[0m [1mproxy[0m[1m{[0m[3mid[0m[2m=[0ma6935b4a-bef5-492d-ba84-057b899ecdb3[1m}[0m[2m:[0m [2mbore_cli::client[0m[2m:[0m new connection
[2m2026-04-29T17:08:31.925787Z[0m [33m WARN[0m [1mproxy[0m[1m{[0m[3mid[0m[2m=[0ma6935b4a-bef5-492d-ba84-057b899ecdb3[1m}[0m[2m:[0m [2mbore_cli::client[0m[2m:[0m connection exited with error [3merr[0m[2m=[0mConnection reset by peer (os error 54)
[2m2026-04-29T17:08:34.752142Z[0m [32m INFO[0m [1mproxy[0m[1m{[0m[3mid[0m[2m=[0m2cd315e7-3793-4116-883f-dda140460721[1m}[0m[2m:[0m [2mbore_cli::client[0m[2m:[0m new connection
[2m2026-04-29T17:08:34.925738Z[0m [33m WARN[0m [1mproxy[0m[1m{[0m[3mid[0m[2m=[0m2cd315e7-3793-4116-883f-dda140460721[1m}[0m[2m:[0m [2mbore_cli::client[0m[2m:[0m connection exited with error [3merr[0m[2m=[0mConnection reset by peer (os error 54)
[2m2026-04-29T17:08:39.364530Z[0m [32m INFO[0m [1mproxy[0m[1m{[0m[3mid[0m[2m=[0m4c4c232a-e574-41d1-9134-441e8b8ee387[1m}[0m[2m:[0m [2mbore_cli::client[0m[2m:[0m new connection
[2m2026-04-29T17:08:39.724043Z[0m [33m WARN[0m [1mproxy[0m[1m{[0m[3mid[0m[2m=[0m4c4c232a-e574-41d1-9134-441e8b8ee387[1m}[0m[2m:[0m [2mbore_cli::client[0m[2m:[0m connection exited with error [3merr[0m[2m=[0mConnection reset by peer (os error 54)
[2m2026-04-29T17:08:49.148634Z[0m [32m INFO[0m [1mproxy[0m[1m{[0m[3mid[0m[2m=[0md2ab6903-1b7d-4d23-a0bf-e28f29d7abef[1m}[0m[2m:[0m [2mbore_cli::client[0m[2m:[0m new connection
[2m2026-04-29T17:08:49.505088Z[0m [33m WARN[0m [1mproxy[0m[1m{[0m[3mid[0m[2m=[0md2ab6903-1b7d-4d23-a0bf-e28f29d7abef[1m}[0m[2m:[0m [2mbore_cli::client[0m[2m:[0m connection exited with error [3merr[0m[2m=[0mConnection reset by peer (os error 54)
[2m2026-04-29T17:08:54.878747Z[0m [32m INFO[0m [1mproxy[0m[1m{[0m[3mid[0m[2m=[0m9806e451-263f-4e11-9018-7573e9bfdc35[1m}[0m[2m:[0m [2mbore_cli::client[0m[2m:[0m new connection
[2m2026-04-29T17:08:55.029634Z[0m [33m WARN[0m [1mproxy[0m[1m{[0m[3mid[0m[2m=[0m9806e451-263f-4e11-9018-7573e9bfdc35[1m}[0m[2m:[0m [2mbore_cli::client[0m[2m:[0m connection exited with error [3merr[0m[2m=[0mConnection reset by peer (os error 54)
[2m2026-04-29T17:09:08.500669Z[0m [32m INFO[0m [1mproxy[0m[1m{[0m[3mid[0m[2m=[0mb71b92f5-8381-4241-92e9-bcaa050df1c8[1m}[0m[2m:[0m [2mbore_cli::client[0m[2m:[0m new connection
[2m2026-04-29T17:09:08.639127Z[0m [33m WARN[0m [1mproxy[0m[1m{[0m[3mid[0m[2m=[0mb71b92f5-8381-4241-92e9-bcaa050df1c8[1m}[0m[2m:[0m [2mbore_cli::client[0m[2m:[0m connection exited with error [3merr[0m[2m=[0mConnection reset by peer (os error 54)
[2m2026-04-29T17:09:17.430911Z[0m [32m INFO[0m [1mproxy[0m[1m{[0m[3mid[0m[2m=[0mabd2e868-e0d5-4233-9d00-6a03273b4c10[1m}[0m[2m:[0m [2mbore_cli::client[0m[2m:[0m new connection
[2m2026-04-29T17:09:17.571253Z[0m [33m WARN[0m [1mproxy[0m[1m{[0m[3mid[0m[2m=[0mabd2e868-e0d5-4233-9d00-6a03273b4c10[1m}[0m[2m:[0m [2mbore_cli::client[0m[2m:[0m connection exited with error [3merr[0m[2m=[0mConnection reset by peer (os error 54)
[2m2026-04-29T17:09:29.206848Z[0m [32m INFO[0m [1mproxy[0m[1m{[0m[3mid[0m[2m=[0m8f0221c2-5007-4b73-a019-00c97a5dceac[1m}[0m[2m:[0m [2mbore_cli::client[0m[2m:[0m new connection
[2m2026-04-29T17:09:29.352839Z[0m [33m WARN[0m [1mproxy[0m[1m{[0m[3mid[0m[2m=[0m8f0221c2-5007-4b73-a019-00c97a5dceac[1m}[0m[2m:[0m [2mbore_cli::client[0m[2m:[0m connection exited with error [3merr[0m[2m=[0mConnection reset by peer (os error 54)
[2m2026-04-29T17:09:34.269023Z[0m [32m INFO[0m [1mproxy[0m[1m{[0m[3mid[0m[2m=[0m70f6a875-4dff-4ed3-8789-46c92a7415d9[1m}[0m[2m:[0m [2mbore_cli::client[0m[2m:[0m new connection
[2m2026-04-29T17:09:34.523026Z[0m [33m WARN[0m [1mproxy[0m[1m{[0m[3mid[0m[2m=[0m70f6a875-4dff-4ed3-8789-46c92a7415d9[1m}[0m[2m:[0m [2mbore_cli::client[0m[2m:[0m connection exited with error [3merr[0m[2m=[0mConnection reset by peer (os error 54)
[2m2026-04-29T17:09:37.470021Z[0m [32m INFO[0m [1mproxy[0m[1m{[0m[3mid[0m[2m=[0mb8661e3f-d0ae-4914-85f0-eab7b6794964[1m}[0m[2m:[0m [2mbore_cli::client[0m[2m:[0m new connection
[2m2026-04-29T17:09:37.622816Z[0m [33m WARN[0m [1mproxy[0m[1m{[0m[3mid[0m[2m=[0mb8661e3f-d0ae-4914-85f0-eab7b6794964[1m}[0m[2m:[0m [2mbore_cli::client[0m[2m:[0m connection exited with error [3merr[0m[2m=[0mConnection reset by peer (os error 54)
[2m2026-04-29T17:09:43.141836Z[0m [32m INFO[0m [1mproxy[0m[1m{[0m[3mid[0m[2m=[0m12ce630e-eee2-4461-b0a0-ea1cf9e760b9[1m}[0m[2m:[0m [2mbore_cli::client[0m[2m:[0m new connection
[2m2026-04-29T17:09:43.490130Z[0m [33m WARN[0m [1mproxy[0m[1m{[0m[3mid[0m[2m=[0m12ce630e-eee2-4461-b0a0-ea1cf9e760b9[1m}[0m[2m:[0m [2mbore_cli::client[0m[2m:[0m connection exited with error [3merr[0m[2m=[0mConnection reset by peer (os error 54)
[2m2026-04-29T17:09:47.620232Z[0m [32m INFO[0m [1mproxy[0m[1m{[0m[3mid[0m[2m=[0m93f49b54-b541-475f-91fb-0d0a0ce47bbe[1m}[0m[2m:[0m [2mbore_cli::client[0m[2m:[0m new connection
[2m2026-04-29T17:09:47.754968Z[0m [33m WARN[0m [1mproxy[0m[1m{[0m[3mid[0m[2m=[0m93f49b54-b541-475f-91fb-0d0a0ce47bbe[1m}[0m[2m:[0m [2mbore_cli::client[0m[2m:[0m connection exited with error [3merr[0m[2m=[0mConnection reset by peer (os error 54)
[2m2026-04-29T17:09:52.747471Z[0m [32m INFO[0m [1mproxy[0m[1m{[0m[3mid[0m[2m=[0mc798c7c4-f897-4ec4-99fb-dd61c7f89765[1m}[0m[2m:[0m [2mbore_cli::client[0m[2m:[0m new connection
[2m2026-04-29T17:09:52.905675Z[0m [33m WARN[0m [1mproxy[0m[1m{[0m[3mid[0m[2m=[0mc798c7c4-f897-4ec4-99fb-dd61c7f89765[1m}[0m[2m:[0m [2mbore_cli::client[0m[2m:[0m connection exited with error [3merr[0m[2m=[0mConnection reset by peer (os error 54)
[2m2026-04-29T17:09:54.965004Z[0m [32m INFO[0m [1mproxy[0m[1m{[0m[3mid[0m[2m=[0m5cb2e964-5c71-443c-9d6a-5b2cf8f029b5[1m}[0m[2m:[0m [2mbore_cli::client[0m[2m:[0m new connection
[2m2026-04-29T17:09:55.320970Z[0m [33m WARN[0m [1mproxy[0m[1m{[0m[3mid[0m[2m=[0m5cb2e964-5c71-443c-9d6a-5b2cf8f029b5[1m}[0m[2m:[0m [2mbore_cli::client[0m[2m:[0m connection exited with error [3merr[0m[2m=[0mConnection reset by peer (os error 54)
[2m2026-04-29T17:09:56.651737Z[0m [32m INFO[0m [1mproxy[0m[1m{[0m[3mid[0m[2m=[0md300c397-ee89-4513-a34a-5ad778e5afc0[1m}[0m[2m:[0m [2mbore_cli::client[0m[2m:[0m new connection
[2m2026-04-29T17:09:56.905109Z[0m [33m WARN[0m [1mproxy[0m[1m{[0m[3mid[0m[2m=[0md300c397-ee89-4513-a34a-5ad778e5afc0[1m}[0m[2m:[0m [2mbore_cli::client[0m[2m:[0m connection exited with error [3merr[0m[2m=[0mConnection reset by peer (os error 54)
[2m2026-04-29T17:10:03.019122Z[0m [32m INFO[0m [1mproxy[0m[1m{[0m[3mid[0m[2m=[0m30d4e335-fd98-47bd-b8e8-2a4f86369d16[1m}[0m[2m:[0m [2mbore_cli::client[0m[2m:[0m new connection
[2m2026-04-29T17:10:03.160850Z[0m [33m WARN[0m [1mproxy[0m[1m{[0m[3mid[0m[2m=[0m30d4e335-fd98-47bd-b8e8-2a4f86369d16[1m}[0m[2m:[0m [2mbore_cli::client[0m[2m:[0m connection exited with error [3merr[0m[2m=[0mConnection reset by peer (os error 54)
[2m2026-04-29T17:10:20.984487Z[0m [32m INFO[0m [1mproxy[0m[1m{[0m[3mid[0m[2m=[0m8bb702ad-db8c-4917-b18a-164ce0b38c79[1m}[0m[2m:[0m [2mbore_cli::client[0m[2m:[0m new connection
[2m2026-04-29T17:10:21.154872Z[0m [33m WARN[0m [1mproxy[0m[1m{[0m[3mid[0m[2m=[0m8bb702ad-db8c-4917-b18a-164ce0b38c79[1m}[0m[2m:[0m [2mbore_cli::client[0m[2m:[0m connection exited with error [3merr[0m[2m=[0mConnection reset by peer (os error 54)
[2m2026-04-29T17:10:27.424677Z[0m [32m INFO[0m [1mproxy[0m[1m{[0m[3mid[0m[2m=[0m8a8226d3-d23f-4438-b296-bd3f2621d302[1m}[0m[2m:[0m [2mbore_cli::client[0m[2m:[0m new connection
[2m2026-04-29T17:10:27.781637Z[0m [33m WARN[0m [1mproxy[0m[1m{[0m[3mid[0m[2m=[0m8a8226d3-d23f-4438-b296-bd3f2621d302[1m}[0m[2m:[0m [2mbore_cli::client[0m[2m:[0m connection exited with error [3merr[0m[2m=[0mConnection reset by peer (os error 54)
[2m2026-04-29T17:10:43.963469Z[0m [32m INFO[0m [1mproxy[0m[1m{[0m[3mid[0m[2m=[0mb20a46cc-ac06-40c2-adc5-a84b7a6f958a[1m}[0m[2m:[0m [2mbore_cli::client[0m[2m:[0m new connection
[2m2026-04-29T17:10:44.091229Z[0m [33m WARN[0m [1mproxy[0m[1m{[0m[3mid[0m[2m=[0mb20a46cc-ac06-40c2-adc5-a84b7a6f958a[1m}[0m[2m:[0m [2mbore_cli::client[0m[2m:[0m connection exited with error [3merr[0m[2m=[0mConnection reset by peer (os error 54)
[2m2026-04-29T17:10:56.787669Z[0m [32m INFO[0m [1mproxy[0m[1m{[0m[3mid[0m[2m=[0m6d8feb80-29e3-460e-ae45-027eaafd7034[1m}[0m[2m:[0m [2mbore_cli::client[0m[2m:[0m new connection
[2m2026-04-29T17:10:56.930294Z[0m [33m WARN[0m [1mproxy[0m[1m{[0m[3mid[0m[2m=[0m6d8feb80-29e3-460e-ae45-027eaafd7034[1m}[0m[2m:[0m [2mbore_cli::client[0m[2m:[0m connection exited with error [3merr[0m[2m=[0mConnection reset by peer (os error 54)
[2m2026-04-29T17:11:09.656358Z[0m [32m INFO[0m [1mproxy[0m[1m{[0m[3mid[0m[2m=[0mdecfeabe-1438-41ff-9697-b3e641781a30[1m}[0m[2m:[0m [2mbore_cli::client[0m[2m:[0m new connection
[2m2026-04-29T17:11:10.013172Z[0m [33m WARN[0m [1mproxy[0m[1m{[0m[3mid[0m[2m=[0mdecfeabe-1438-41ff-9697-b3e641781a30[1m}[0m[2m:[0m [2mbore_cli::client[0m[2m:[0m connection exited with error [3merr[0m[2m=[0mConnection reset by peer (os error 54)
[2m2026-04-29T17:11:19.086088Z[0m [32m INFO[0m [1mproxy[0m[1m{[0m[3mid[0m[2m=[0m21ca6a81-3401-4348-8351-d0ad21d76583[1m}[0m[2m:[0m [2mbore_cli::client[0m[2m:[0m new connection
[2m2026-04-29T17:11:19.295330Z[0m [33m WARN[0m [1mproxy[0m[1m{[0m[3mid[0m[2m=[0m21ca6a81-3401-4348-8351-d0ad21d76583[1m}[0m[2m:[0m [2mbore_cli::client[0m[2m:[0m connection exited with error [3merr[0m[2m=[0mConnection reset by peer (os error 54)
[2m2026-04-29T17:11:29.447930Z[0m [32m INFO[0m [1mproxy[0m[1m{[0m[3mid[0m[2m=[0m15396ae4-027c-447b-911a-647beda35b42[1m}[0m[2m:[0m [2mbore_cli::client[0m[2m:[0m new connection
[2m2026-04-29T17:11:29.600423Z[0m [33m WARN[0m [1mproxy[0m[1m{[0m[3mid[0m[2m=[0m15396ae4-027c-447b-911a-647beda35b42[1m}[0m[2m:[0m [2mbore_cli::client[0m[2m:[0m connection exited with error [3merr[0m[2m=[0mConnection reset by peer (os error 54)
[2m2026-04-29T17:11:31.414451Z[0m [32m INFO[0m [1mproxy[0m[1m{[0m[3mid[0m[2m=[0mfc359952-671b-4f0d-88b4-31f9ca86e339[1m}[0m[2m:[0m [2mbore_cli::client[0m[2m:[0m new connection
[2m2026-04-29T17:11:31.665663Z[0m [33m WARN[0m [1mproxy[0m[1m{[0m[3mid[0m[2m=[0mfc359952-671b-4f0d-88b4-31f9ca86e339[1m}[0m[2m:[0m [2mbore_cli::client[0m[2m:[0m connection exited with error [3merr[0m[2m=[0mConnection reset by peer (os error 54)
[2m2026-04-29T17:11:41.421603Z[0m [32m INFO[0m [1mproxy[0m[1m{[0m[3mid[0m[2m=[0m7877a2c8-c56c-46a8-a983-d092f3f7a133[1m}[0m[2m:[0m [2mbore_cli::client[0m[2m:[0m new connection
[2m2026-04-29T17:11:41.566017Z[0m [33m WARN[0m [1mproxy[0m[1m{[0m[3mid[0m[2m=[0m7877a2c8-c56c-46a8-a983-d092f3f7a133[1m}[0m[2m:[0m [2mbore_cli::client[0m[2m:[0m connection exited with error [3merr[0m[2m=[0mConnection reset by peer (os error 54)
[2m2026-04-29T17:11:42.053950Z[0m [32m INFO[0m [1mproxy[0m[1m{[0m[3mid[0m[2m=[0m415f4e40-f3c5-4315-86d0-a6fe7badff84[1m}[0m[2m:[0m [2mbore_cli::client[0m[2m:[0m new connection
[2m2026-04-29T17:11:42.270472Z[0m [33m WARN[0m [1mproxy[0m[1m{[0m[3mid[0m[2m=[0m415f4e40-f3c5-4315-86d0-a6fe7badff84[1m}[0m[2m:[0m [2mbore_cli::client[0m[2m:[0m connection exited with error [3merr[0m[2m=[0mConnection reset by peer (os error 54)
[2m2026-04-29T17:11:50.659032Z[0m [32m INFO[0m [1mproxy[0m[1m{[0m[3mid[0m[2m=[0m6ea6ca49-56fb-4563-9471-23afdd08710b[1m}[0m[2m:[0m [2mbore_cli::client[0m[2m:[0m new connection
[2m2026-04-29T17:11:50.794390Z[0m [33m WARN[0m [1mproxy[0m[1m{[0m[3mid[0m[2m=[0m6ea6ca49-56fb-4563-9471-23afdd08710b[1m}[0m[2m:[0m [2mbore_cli::client[0m[2m:[0m connection exited with error [3merr[0m[2m=[0mConnection reset by peer (os error 54)
[2m2026-04-29T17:11:53.318932Z[0m [32m INFO[0m [1mproxy[0m[1m{[0m[3mid[0m[2m=[0m3b1d3574-d9e9-4270-97e0-03d0b096c498[1m}[0m[2m:[0m [2mbore_cli::client[0m[2m:[0m new connection
[2m2026-04-29T17:11:53.570005Z[0m [33m WARN[0m [1mproxy[0m[1m{[0m[3mid[0m[2m=[0m3b1d3574-d9e9-4270-97e0-03d0b096c498[1m}[0m[2m:[0m [2mbore_cli::client[0m[2m:[0m connection exited with error [3merr[0m[2m=[0mConnection reset by peer (os error 54)
[2m2026-04-29T17:11:57.577454Z[0m [32m INFO[0m [1mproxy[0m[1m{[0m[3mid[0m[2m=[0m6619d941-1dde-4c06-88c0-2435184c1fa7[1m}[0m[2m:[0m [2mbore_cli::client[0m[2m:[0m new connection
[2m2026-04-29T17:11:57.749313Z[0m [33m WARN[0m [1mproxy[0m[1m{[0m[3mid[0m[2m=[0m6619d941-1dde-4c06-88c0-2435184c1fa7[1m}[0m[2m:[0m [2mbore_cli::client[0m[2m:[0m connection exited with error [3merr[0m[2m=[0mConnection reset by peer (os error 54)
[2m2026-04-29T17:12:04.245044Z[0m [32m INFO[0m [1mproxy[0m[1m{[0m[3mid[0m[2m=[0mf75f7eb8-8210-4145-a2c6-b3982b3263d5[1m}[0m[2m:[0m [2mbore_cli::client[0m[2m:[0m new connection
[2m2026-04-29T17:12:04.671960Z[0m [33m WARN[0m [1mproxy[0m[1m{[0m[3mid[0m[2m=[0mf75f7eb8-8210-4145-a2c6-b3982b3263d5[1m}[0m[2m:[0m [2mbore_cli::client[0m[2m:[0m connection exited with error [3merr[0m[2m=[0mConnection reset by peer (os error 54)
[2m2026-04-29T17:12:15.292717Z[0m [32m INFO[0m [1mproxy[0m[1m{[0m[3mid[0m[2m=[0m140b910a-83ee-473b-9a4a-b3f41d417b02[1m}[0m[2m:[0m [2mbore_cli::client[0m[2m:[0m new connection
[2m2026-04-29T17:12:15.786277Z[0m [33m WARN[0m [1mproxy[0m[1m{[0m[3mid[0m[2m=[0m140b910a-83ee-473b-9a4a-b3f41d417b02[1m}[0m[2m:[0m [2mbore_cli::client[0m[2m:[0m connection exited with error [3merr[0m[2m=[0mConnection reset by peer (os error 54)
[2m2026-04-29T17:12:25.630299Z[0m [32m INFO[0m [1mproxy[0m[1m{[0m[3mid[0m[2m=[0m92c075ce-4005-4d5a-80e4-dc9eeb303a25[1m}[0m[2m:[0m [2mbore_cli::client[0m[2m:[0m new connection
[2m2026-04-29T17:12:25.880516Z[0m [33m WARN[0m [1mproxy[0m[1m{[0m[3mid[0m[2m=[0m92c075ce-4005-4d5a-80e4-dc9eeb303a25[1m}[0m[2m:[0m [2mbore_cli::client[0m[2m:[0m connection exited with error [3merr[0m[2m=[0mConnection reset by peer (os error 54)
[2m2026-04-29T17:12:42.324559Z[0m [32m INFO[0m [1mproxy[0m[1m{[0m[3mid[0m[2m=[0m944f5fd6-6614-4058-ac49-013eddb42402[1m}[0m[2m:[0m [2mbore_cli::client[0m[2m:[0m new connection
[2m2026-04-29T17:12:42.459670Z[0m [33m WARN[0m [1mproxy[0m[1m{[0m[3mid[0m[2m=[0m944f5fd6-6614-4058-ac49-013eddb42402[1m}[0m[2m:[0m [2mbore_cli::client[0m[2m:[0m connection exited with error [3merr[0m[2m=[0mConnection reset by peer (os error 54)
[2m2026-04-29T17:12:46.327494Z[0m [32m INFO[0m [1mproxy[0m[1m{[0m[3mid[0m[2m=[0md41698c5-ec91-428a-8e7f-04e1e6eab12c[1m}[0m[2m:[0m [2mbore_cli::client[0m[2m:[0m new connection
[2m2026-04-29T17:12:46.470067Z[0m [33m WARN[0m [1mproxy[0m[1m{[0m[3mid[0m[2m=[0md41698c5-ec91-428a-8e7f-04e1e6eab12c[1m}[0m[2m:[0m [2mbore_cli::client[0m[2m:[0m connection exited with error [3merr[0m[2m=[0mConnection reset by peer (os error 54)
[2m2026-04-29T17:12:57.241923Z[0m [32m INFO[0m [1mproxy[0m[1m{[0m[3mid[0m[2m=[0m14f11d5b-653b-4275-93c7-a7c27192323f[1m}[0m[2m:[0m [2mbore_cli::client[0m[2m:[0m new connection
[2m2026-04-29T17:12:57.364184Z[0m [33m WARN[0m [1mproxy[0m[1m{[0m[3mid[0m[2m=[0m14f11d5b-653b-4275-93c7-a7c27192323f[1m}[0m[2m:[0m [2mbore_cli::client[0m[2m:[0m connection exited with error [3merr[0m[2m=[0mConnection reset by peer (os error 54)
[2m2026-04-29T17:13:08.762712Z[0m [32m INFO[0m [1mproxy[0m[1m{[0m[3mid[0m[2m=[0mdc25d841-3948-440d-afea-d76fc9da0c17[1m}[0m[2m:[0m [2mbore_cli::client[0m[2m:[0m new connection
[2m2026-04-29T17:13:08.924313Z[0m [33m WARN[0m [1mproxy[0m[1m{[0m[3mid[0m[2m=[0mdc25d841-3948-440d-afea-d76fc9da0c17[1m}[0m[2m:[0m [2mbore_cli::client[0m[2m:[0m connection exited with error [3merr[0m[2m=[0mConnection reset by peer (os error 54)
[2m2026-04-29T17:13:19.902148Z[0m [32m INFO[0m [1mproxy[0m[1m{[0m[3mid[0m[2m=[0m30ae5b60-a85d-4a0d-a480-4e643d454678[1m}[0m[2m:[0m [2mbore_cli::client[0m[2m:[0m new connection
[2m2026-04-29T17:13:20.066814Z[0m [33m WARN[0m [1mproxy[0m[1m{[0m[3mid[0m[2m=[0m30ae5b60-a85d-4a0d-a480-4e643d454678[1m}[0m[2m:[0m [2mbore_cli::client[0m[2m:[0m connection exited with error [3merr[0m[2m=[0mConnection reset by peer (os error 54)
[2m2026-04-29T17:13:24.739279Z[0m [32m INFO[0m [1mproxy[0m[1m{[0m[3mid[0m[2m=[0mc2652ae9-9a62-4cec-9409-b1554c84563b[1m}[0m[2m:[0m [2mbore_cli::client[0m[2m:[0m new connection
[2m2026-04-29T17:13:24.884822Z[0m [33m WARN[0m [1mproxy[0m[1m{[0m[3mid[0m[2m=[0mc2652ae9-9a62-4cec-9409-b1554c84563b[1m}[0m[2m:[0m [2mbore_cli::client[0m[2m:[0m connection exited with error [3merr[0m[2m=[0mConnection reset by peer (os error 54)
[2m2026-04-29T17:13:27.462026Z[0m [32m INFO[0m [1mproxy[0m[1m{[0m[3mid[0m[2m=[0m15b54120-1caa-4004-a10d-c664d7f7e106[1m}[0m[2m:[0m [2mbore_cli::client[0m[2m:[0m new connection
[2m2026-04-29T17:13:27.594735Z[0m [33m WARN[0m [1mproxy[0m[1m{[0m[3mid[0m[2m=[0m15b54120-1caa-4004-a10d-c664d7f7e106[1m}[0m[2m:[0m [2mbore_cli::client[0m[2m:[0m connection exited with error [3merr[0m[2m=[0mConnection reset by peer (os error 54)
[2m2026-04-29T17:13:36.724862Z[0m [32m INFO[0m [1mproxy[0m[1m{[0m[3mid[0m[2m=[0mede8a7bd-8c97-40d1-8fb4-c3b306dfe2eb[1m}[0m[2m:[0m [2mbore_cli::client[0m[2m:[0m new connection
[2m2026-04-29T17:13:36.869218Z[0m [33m WARN[0m [1mproxy[0m[1m{[0m[3mid[0m[2m=[0mede8a7bd-8c97-40d1-8fb4-c3b306dfe2eb[1m}[0m[2m:[0m [2mbore_cli::client[0m[2m:[0m connection exited with error [3merr[0m[2m=[0mConnection reset by peer (os error 54)
[2m2026-04-29T17:13:41.324055Z[0m [32m INFO[0m [1mproxy[0m[1m{[0m[3mid[0m[2m=[0m4724ca2d-7de4-4291-8a72-a13943788233[1m}[0m[2m:[0m [2mbore_cli::client[0m[2m:[0m new connection
[2m2026-04-29T17:13:41.509173Z[0m [33m WARN[0m [1mproxy[0m[1m{[0m[3mid[0m[2m=[0m4724ca2d-7de4-4291-8a72-a13943788233[1m}[0m[2m:[0m [2mbore_cli::client[0m[2m:[0m connection exited with error [3merr[0m[2m=[0mConnection reset by peer (os error 54)
[2m2026-04-29T17:13:50.936972Z[0m [32m INFO[0m [1mproxy[0m[1m{[0m[3mid[0m[2m=[0m301aa4ea-863e-4f19-a8ac-3377802acf4d[1m}[0m[2m:[0m [2mbore_cli::client[0m[2m:[0m new connection
[2m2026-04-29T17:13:51.082863Z[0m [33m WARN[0m [1mproxy[0m[1m{[0m[3mid[0m[2m=[0m301aa4ea-863e-4f19-a8ac-3377802acf4d[1m}[0m[2m:[0m [2mbore_cli::client[0m[2m:[0m connection exited with error [3merr[0m[2m=[0mConnection reset by peer (os error 54)
[2m2026-04-29T17:13:55.078409Z[0m [32m INFO[0m [1mproxy[0m[1m{[0m[3mid[0m[2m=[0m02d7fa54-425f-4155-84b8-63c92527b472[1m}[0m[2m:[0m [2mbore_cli::client[0m[2m:[0m new connection
[2m2026-04-29T17:13:55.570914Z[0m [33m WARN[0m [1mproxy[0m[1m{[0m[3mid[0m[2m=[0m02d7fa54-425f-4155-84b8-63c92527b472[1m}[0m[2m:[0m [2mbore_cli::client[0m[2m:[0m connection exited with error [3merr[0m[2m=[0mConnection reset by peer (os error 54)
Error: could not connect to bore.pub:7835

Caused by:
    No route to host (os error 65)
[2m2026-04-29T17:14:19.492275Z[0m [32m INFO[0m [2mbore_cli::client[0m[2m:[0m connected to server [3mremote_port[0m[2m=[0m58723
[2m2026-04-29T17:14:19.492342Z[0m [32m INFO[0m [2mbore_cli::client[0m[2m:[0m listening at bore.pub:58723
[2m2026-04-29T17:25:02.119709Z[0m [32m INFO[0m [2mbore_cli::client[0m[2m:[0m connected to server [3mremote_port[0m[2m=[0m10206
[2m2026-04-29T17:25:02.120277Z[0m [32m INFO[0m [2mbore_cli::client[0m[2m:[0m listening at bore.pub:10206
Error: could not connect to bore.pub:7835

Caused by:
    No route to host (os error 65)
[2m2026-04-29T17:43:08.813850Z[0m [32m INFO[0m [2mbore_cli::client[0m[2m:[0m connected to server [3mremote_port[0m[2m=[0m63347
[2m2026-04-29T17:43:08.813898Z[0m [32m INFO[0m [2mbore_cli::client[0m[2m:[0m listening at bore.pub:63347
Error: could not connect to bore.pub:7835

Caused by:
    No route to host (os error 65)
[2m2026-04-29T17:55:23.086204Z[0m [32m INFO[0m [2mbore_cli::client[0m[2m:[0m connected to server [3mremote_port[0m[2m=[0m14971
[2m2026-04-29T17:55:23.086286Z[0m [32m INFO[0m [2mbore_cli::client[0m[2m:[0m listening at bore.pub:14971
Error: could not connect to bore.pub:7835

Caused by:
    No route to host (os error 65)
[2m2026-04-29T18:10:03.457340Z[0m [32m INFO[0m [2mbore_cli::client[0m[2m:[0m connected to server [3mremote_port[0m[2m=[0m56439
[2m2026-04-29T18:10:03.457415Z[0m [32m INFO[0m [2mbore_cli::client[0m[2m:[0m listening at bore.pub:56439
Error: could not connect to bore.pub:7835

Caused by:
    No route to host (os error 65)
[2m2026-04-29T18:23:05.183360Z[0m [32m INFO[0m [2mbore_cli::client[0m[2m:[0m connected to server [3mremote_port[0m[2m=[0m41822
[2m2026-04-29T18:23:05.183424Z[0m [32m INFO[0m [2mbore_cli::client[0m[2m:[0m listening at bore.pub:41822
Error: could not connect to bore.pub:7835

Caused by:
    No route to host (os error 65)
[2m2026-04-29T18:36:46.944918Z[0m [32m INFO[0m [2mbore_cli::client[0m[2m:[0m connected to server [3mremote_port[0m[2m=[0m3603
[2m2026-04-29T18:36:46.944997Z[0m [32m INFO[0m [2mbore_cli::client[0m[2m:[0m listening at bore.pub:3603
Error: could not connect to bore.pub:7835

Caused by:
    No route to host (os error 65)
[2m2026-04-29T18:56:00.202929Z[0m [32m INFO[0m [2mbore_cli::client[0m[2m:[0m connected to server [3mremote_port[0m[2m=[0m61620
[2m2026-04-29T18:56:00.203015Z[0m [32m INFO[0m [2mbore_cli::client[0m[2m:[0m listening at bore.pub:61620
Error: could not connect to bore.pub:7835

Caused by:
    No route to host (os error 65)
[2m2026-04-29T19:07:46.573371Z[0m [32m INFO[0m [2mbore_cli::client[0m[2m:[0m connected to server [3mremote_port[0m[2m=[0m29081
[2m2026-04-29T19:07:46.573451Z[0m [32m INFO[0m [2mbore_cli::client[0m[2m:[0m listening at bore.pub:29081
[2m2026-04-29T19:23:07.168500Z[0m [32m INFO[0m [2mbore_cli::client[0m[2m:[0m connected to server [3mremote_port[0m[2m=[0m27244
[2m2026-04-29T19:23:07.168746Z[0m [32m INFO[0m [2mbore_cli::client[0m[2m:[0m listening at bore.pub:27244
Error: could not connect to bore.pub:7835

Caused by:
    No route to host (os error 65)
[2m2026-04-29T19:38:00.457420Z[0m [32m INFO[0m [2mbore_cli::client[0m[2m:[0m connected to server [3mremote_port[0m[2m=[0m62140
[2m2026-04-29T19:38:00.457513Z[0m [32m INFO[0m [2mbore_cli::client[0m[2m:[0m listening at bore.pub:62140
Error: could not connect to bore.pub:7835

Caused by:
    No route to host (os error 65)
[2m2026-04-29T19:56:55.332449Z[0m [32m INFO[0m [2mbore_cli::client[0m[2m:[0m connected to server [3mremote_port[0m[2m=[0m42531
[2m2026-04-29T19:56:55.332514Z[0m [32m INFO[0m [2mbore_cli::client[0m[2m:[0m listening at bore.pub:42531
Error: could not connect to bore.pub:7835

Caused by:
    No route to host (os error 65)
[2m2026-04-29T20:11:32.774244Z[0m [32m INFO[0m [2mbore_cli::client[0m[2m:[0m connected to server [3mremote_port[0m[2m=[0m31289
[2m2026-04-29T20:11:32.774313Z[0m [32m INFO[0m [2mbore_cli::client[0m[2m:[0m listening at bore.pub:31289
Error: could not connect to bore.pub:7835

Caused by:
    No route to host (os error 65)
[2m2026-04-29T20:31:12.389835Z[0m [32m INFO[0m [2mbore_cli::client[0m[2m:[0m connected to server [3mremote_port[0m[2m=[0m42269
[2m2026-04-29T20:31:12.389914Z[0m [32m INFO[0m [2mbore_cli::client[0m[2m:[0m listening at bore.pub:42269
Error: could not connect to bore.pub:7835

Caused by:
    No route to host (os error 65)
[2m2026-04-29T20:47:14.028318Z[0m [32m INFO[0m [2mbore_cli::client[0m[2m:[0m connected to server [3mremote_port[0m[2m=[0m48575
[2m2026-04-29T20:47:14.028393Z[0m [32m INFO[0m [2mbore_cli::client[0m[2m:[0m listening at bore.pub:48575
Error: could not connect to bore.pub:7835

Caused by:
    No route to host (os error 65)
[2m2026-04-29T21:04:17.354787Z[0m [32m INFO[0m [2mbore_cli::client[0m[2m:[0m connected to server [3mremote_port[0m[2m=[0m12498
[2m2026-04-29T21:04:17.354868Z[0m [32m INFO[0m [2mbore_cli::client[0m[2m:[0m listening at bore.pub:12498
[2m2026-04-29T21:19:54.879909Z[0m [32m INFO[0m [2mbore_cli::client[0m[2m:[0m connected to server [3mremote_port[0m[2m=[0m47718
[2m2026-04-29T21:19:54.880774Z[0m [32m INFO[0m [2mbore_cli::client[0m[2m:[0m listening at bore.pub:47718
Error: could not connect to bore.pub:7835

Caused by:
    No route to host (os error 65)
[2m2026-04-29T21:28:35.664438Z[0m [32m INFO[0m [2mbore_cli::client[0m[2m:[0m connected to server [3mremote_port[0m[2m=[0m47988
[2m2026-04-29T21:28:35.664521Z[0m [32m INFO[0m [2mbore_cli::client[0m[2m:[0m listening at bore.pub:47988
[2m2026-04-29T21:43:31.943438Z[0m [32m INFO[0m [2mbore_cli::client[0m[2m:[0m connected to server [3mremote_port[0m[2m=[0m45526
[2m2026-04-29T21:43:31.979759Z[0m [32m INFO[0m [2mbore_cli::client[0m[2m:[0m listening at bore.pub:45526
Error: could not connect to bore.pub:7835

Caused by:
    failed to lookup address information: nodename nor servname provided, or not known
Error: could not connect to bore.pub:7835

Caused by:
    failed to lookup address information: nodename nor servname provided, or not known
[2m2026-05-01T00:11:01.454415Z[0m [32m INFO[0m [2mbore_cli::client[0m[2m:[0m connected to server [3mremote_port[0m[2m=[0m12280
[2m2026-05-01T00:11:01.454476Z[0m [32m INFO[0m [2mbore_cli::client[0m[2m:[0m listening at bore.pub:12280
Error: could not connect to bore.pub:7835

Caused by:
    No route to host (os error 65)
[2m2026-05-01T00:43:44.049460Z[0m [32m INFO[0m [2mbore_cli::client[0m[2m:[0m connected to server [3mremote_port[0m[2m=[0m41254
[2m2026-05-01T00:43:44.049938Z[0m [32m INFO[0m [2mbore_cli::client[0m[2m:[0m listening at bore.pub:41254
[2m2026-05-01T02:50:58.529527Z[0m [32m INFO[0m [2mbore_cli::client[0m[2m:[0m connected to server [3mremote_port[0m[2m=[0m60922
[2m2026-05-01T02:50:58.530195Z[0m [32m INFO[0m [2mbore_cli::client[0m[2m:[0m listening at bore.pub:60922
Error: could not connect to bore.pub:7835

Caused by:
    No route to host (os error 65)
[2m2026-05-01T04:40:05.695352Z[0m [32m INFO[0m [2mbore_cli::client[0m[2m:[0m connected to server [3mremote_port[0m[2m=[0m34427
[2m2026-05-01T04:40:05.695406Z[0m [32m INFO[0m [2mbore_cli::client[0m[2m:[0m listening at bore.pub:34427
[2m2026-05-01T05:00:56.490012Z[0m [32m INFO[0m [1mproxy[0m[1m{[0m[3mid[0m[2m=[0m0d9fb9f8-f5ea-461d-a409-db81e8bb2438[1m}[0m[2m:[0m [2mbore_cli::client[0m[2m:[0m new connection
Error: could not connect to bore.pub:7835

Caused by:
    No route to host (os error 65)
[2m2026-05-01T05:01:06.796953Z[0m [32m INFO[0m [2mbore_cli::client[0m[2m:[0m connected to server [3mremote_port[0m[2m=[0m23195
[2m2026-05-01T05:01:06.797025Z[0m [32m INFO[0m [2mbore_cli::client[0m[2m:[0m listening at bore.pub:23195
[2m2026-05-01T05:03:30.364600Z[0m [32m INFO[0m [1mproxy[0m[1m{[0m[3mid[0m[2m=[0ma03dd170-3653-49df-aaae-aae38d4c23ac[1m}[0m[2m:[0m [2mbore_cli::client[0m[2m:[0m new connection
[2m2026-05-01T05:03:31.421094Z[0m [32m INFO[0m [1mproxy[0m[1m{[0m[3mid[0m[2m=[0ma03dd170-3653-49df-aaae-aae38d4c23ac[1m}[0m[2m:[0m [2mbore_cli::client[0m[2m:[0m connection exited
[2m2026-05-01T05:03:31.634031Z[0m [32m INFO[0m [1mproxy[0m[1m{[0m[3mid[0m[2m=[0me0627676-fefb-4f3c-b49d-d23282183941[1m}[0m[2m:[0m [2mbore_cli::client[0m[2m:[0m new connection
[2m2026-05-01T05:03:33.286605Z[0m [32m INFO[0m [1mproxy[0m[1m{[0m[3mid[0m[2m=[0me0627676-fefb-4f3c-b49d-d23282183941[1m}[0m[2m:[0m [2mbore_cli::client[0m[2m:[0m connection exited
[2m2026-05-01T05:03:34.595472Z[0m [32m INFO[0m [1mproxy[0m[1m{[0m[3mid[0m[2m=[0medb15c0f-1de4-49a2-9626-1ff15b5105e7[1m}[0m[2m:[0m [2mbore_cli::client[0m[2m:[0m new connection
[2m2026-05-01T05:03:34.742123Z[0m [32m INFO[0m [1mproxy[0m[1m{[0m[3mid[0m[2m=[0medb15c0f-1de4-49a2-9626-1ff15b5105e7[1m}[0m[2m:[0m [2mbore_cli::client[0m[2m:[0m connection exited
Error: could not connect to bore.pub:7835

Caused by:
    No route to host (os error 65)
[2m2026-05-01T05:14:08.964172Z[0m [32m INFO[0m [2mbore_cli::client[0m[2m:[0m connected to server [3mremote_port[0m[2m=[0m17332
[2m2026-05-01T05:14:08.964234Z[0m [32m INFO[0m [2mbore_cli::client[0m[2m:[0m listening at bore.pub:17332
Error: could not connect to bore.pub:7835

Caused by:
    No route to host (os error 65)
[2m2026-05-01T05:21:52.655298Z[0m [32m INFO[0m [2mbore_cli::client[0m[2m:[0m connected to server [3mremote_port[0m[2m=[0m12984
[2m2026-05-01T05:21:52.655379Z[0m [32m INFO[0m [2mbore_cli::client[0m[2m:[0m listening at bore.pub:12984
Error: could not connect to bore.pub:7835

Caused by:
    No route to host (os error 65)
[2m2026-05-01T05:58:12.231012Z[0m [32m INFO[0m [2mbore_cli::client[0m[2m:[0m connected to server [3mremote_port[0m[2m=[0m41644
[2m2026-05-01T05:58:12.231065Z[0m [32m INFO[0m [2mbore_cli::client[0m[2m:[0m listening at bore.pub:41644
[2m2026-05-01T06:41:47.296206Z[0m [32m INFO[0m [2mbore_cli::client[0m[2m:[0m connected to server [3mremote_port[0m[2m=[0m40362
[2m2026-05-01T06:41:47.296251Z[0m [32m INFO[0m [2mbore_cli::client[0m[2m:[0m listening at bore.pub:40362
Error: could not connect to bore.pub:7835

Caused by:
    No route to host (os error 65)
[2m2026-05-01T06:56:54.542543Z[0m [32m INFO[0m [2mbore_cli::client[0m[2m:[0m connected to server [3mremote_port[0m[2m=[0m37328
[2m2026-05-01T06:56:54.542777Z[0m [32m INFO[0m [2mbore_cli::client[0m[2m:[0m listening at bore.pub:37328
Error: could not connect to bore.pub:7835

Caused by:
    No route to host (os error 65)
[2m2026-05-01T07:18:41.855840Z[0m [32m INFO[0m [2mbore_cli::client[0m[2m:[0m connected to server [3mremote_port[0m[2m=[0m21260
[2m2026-05-01T07:18:41.856200Z[0m [32m INFO[0m [2mbore_cli::client[0m[2m:[0m listening at bore.pub:21260
Error: could not connect to bore.pub:7835

Caused by:
    No route to host (os error 65)
[2m2026-05-01T07:28:44.641919Z[0m [32m INFO[0m [2mbore_cli::client[0m[2m:[0m connected to server [3mremote_port[0m[2m=[0m12625
[2m2026-05-01T07:28:44.642000Z[0m [32m INFO[0m [2mbore_cli::client[0m[2m:[0m listening at bore.pub:12625
Error: could not connect to bore.pub:7835

Caused by:
    No route to host (os error 65)
[2m2026-05-01T07:32:36.812085Z[0m [32m INFO[0m [2mbore_cli::client[0m[2m:[0m connected to server [3mremote_port[0m[2m=[0m29220
[2m2026-05-01T07:32:36.812247Z[0m [32m INFO[0m [2mbore_cli::client[0m[2m:[0m listening at bore.pub:29220
Error: could not connect to bore.pub:7835

Caused by:
    No route to host (os error 65)
[2m2026-05-01T07:54:14.257596Z[0m [32m INFO[0m [2mbore_cli::client[0m[2m:[0m connected to server [3mremote_port[0m[2m=[0m43536
[2m2026-05-01T07:54:14.257666Z[0m [32m INFO[0m [2mbore_cli::client[0m[2m:[0m listening at bore.pub:43536
Error: could not connect to bore.pub:7835

Caused by:
    No route to host (os error 65)
[2m2026-05-01T08:04:43.282517Z[0m [32m INFO[0m [2mbore_cli::client[0m[2m:[0m connected to server [3mremote_port[0m[2m=[0m58018
[2m2026-05-01T08:04:43.282674Z[0m [32m INFO[0m [2mbore_cli::client[0m[2m:[0m listening at bore.pub:58018
Error: could not connect to bore.pub:7835

Caused by:
    No route to host (os error 65)
[2m2026-05-01T08:10:22.733485Z[0m [32m INFO[0m [2mbore_cli::client[0m[2m:[0m connected to server [3mremote_port[0m[2m=[0m47047
[2m2026-05-01T08:10:22.733639Z[0m [32m INFO[0m [2mbore_cli::client[0m[2m:[0m listening at bore.pub:47047
Error: could not connect to bore.pub:7835

Caused by:
    No route to host (os error 65)
[2m2026-05-01T08:19:31.367440Z[0m [32m INFO[0m [2mbore_cli::client[0m[2m:[0m connected to server [3mremote_port[0m[2m=[0m40125
[2m2026-05-01T08:19:31.367676Z[0m [32m INFO[0m [2mbore_cli::client[0m[2m:[0m listening at bore.pub:40125
Error: could not connect to bore.pub:7835

Caused by:
    No route to host (os error 65)
[2m2026-05-01T08:29:28.885175Z[0m [32m INFO[0m [2mbore_cli::client[0m[2m:[0m connected to server [3mremote_port[0m[2m=[0m55305
[2m2026-05-01T08:29:28.885316Z[0m [32m INFO[0m [2mbore_cli::client[0m[2m:[0m listening at bore.pub:55305
Error: could not connect to bore.pub:7835

Caused by:
    No route to host (os error 65)
[2m2026-05-01T08:38:27.492137Z[0m [32m INFO[0m [2mbore_cli::client[0m[2m:[0m connected to server [3mremote_port[0m[2m=[0m46479
[2m2026-05-01T08:38:27.492207Z[0m [32m INFO[0m [2mbore_cli::client[0m[2m:[0m listening at bore.pub:46479
Error: could not connect to bore.pub:7835

Caused by:
    No route to host (os error 65)
[2m2026-05-01T08:48:11.238174Z[0m [32m INFO[0m [2mbore_cli::client[0m[2m:[0m connected to server [3mremote_port[0m[2m=[0m64319
[2m2026-05-01T08:48:11.238258Z[0m [32m INFO[0m [2mbore_cli::client[0m[2m:[0m listening at bore.pub:64319
Error: could not connect to bore.pub:7835

Caused by:
    No route to host (os error 65)
[2m2026-05-01T08:59:38.554182Z[0m [32m INFO[0m [2mbore_cli::client[0m[2m:[0m connected to server [3mremote_port[0m[2m=[0m59246
[2m2026-05-01T08:59:38.554343Z[0m [32m INFO[0m [2mbore_cli::client[0m[2m:[0m listening at bore.pub:59246
Error: could not connect to bore.pub:7835

Caused by:
    No route to host (os error 65)
[2m2026-05-01T09:17:54.890179Z[0m [32m INFO[0m [2mbore_cli::client[0m[2m:[0m connected to server [3mremote_port[0m[2m=[0m33237
[2m2026-05-01T09:17:54.890356Z[0m [32m INFO[0m [2mbore_cli::client[0m[2m:[0m listening at bore.pub:33237
Error: could not connect to bore.pub:7835

Caused by:
    No route to host (os error 65)
[2m2026-05-01T09:33:43.321761Z[0m [32m INFO[0m [2mbore_cli::client[0m[2m:[0m connected to server [3mremote_port[0m[2m=[0m56826
[2m2026-05-01T09:33:43.321834Z[0m [32m INFO[0m [2mbore_cli::client[0m[2m:[0m listening at bore.pub:56826
Error: could not connect to bore.pub:7835

Caused by:
    No route to host (os error 65)
[2m2026-05-01T09:51:46.797786Z[0m [32m INFO[0m [2mbore_cli::client[0m[2m:[0m connected to server [3mremote_port[0m[2m=[0m64220
[2m2026-05-01T09:51:46.797946Z[0m [32m INFO[0m [2mbore_cli::client[0m[2m:[0m listening at bore.pub:64220
Error: could not connect to bore.pub:7835

Caused by:
    No route to host (os error 65)
[2m2026-05-01T10:07:50.028646Z[0m [32m INFO[0m [2mbore_cli::client[0m[2m:[0m connected to server [3mremote_port[0m[2m=[0m38074
[2m2026-05-01T10:07:50.028785Z[0m [32m INFO[0m [2mbore_cli::client[0m[2m:[0m listening at bore.pub:38074
Error: could not connect to bore.pub:7835

Caused by:
    No route to host (os error 65)
[2m2026-05-01T10:18:30.076445Z[0m [32m INFO[0m [2mbore_cli::client[0m[2m:[0m connected to server [3mremote_port[0m[2m=[0m22873
[2m2026-05-01T10:18:30.076587Z[0m [32m INFO[0m [2mbore_cli::client[0m[2m:[0m listening at bore.pub:22873
Error: could not connect to bore.pub:7835

Caused by:
    No route to host (os error 65)
[2m2026-05-01T10:29:20.526741Z[0m [32m INFO[0m [2mbore_cli::client[0m[2m:[0m connected to server [3mremote_port[0m[2m=[0m13083
[2m2026-05-01T10:29:20.526809Z[0m [32m INFO[0m [2mbore_cli::client[0m[2m:[0m listening at bore.pub:13083
Error: could not connect to bore.pub:7835

Caused by:
    No route to host (os error 65)
[2m2026-05-01T10:38:58.314164Z[0m [32m INFO[0m [2mbore_cli::client[0m[2m:[0m connected to server [3mremote_port[0m[2m=[0m57036
[2m2026-05-01T10:38:58.314503Z[0m [32m INFO[0m [2mbore_cli::client[0m[2m:[0m listening at bore.pub:57036
Error: could not connect to bore.pub:7835

Caused by:
    No route to host (os error 65)
[2m2026-05-01T10:50:25.598385Z[0m [32m INFO[0m [2mbore_cli::client[0m[2m:[0m connected to server [3mremote_port[0m[2m=[0m9890
[2m2026-05-01T10:50:25.598550Z[0m [32m INFO[0m [2mbore_cli::client[0m[2m:[0m listening at bore.pub:9890
Error: could not connect to bore.pub:7835

Caused by:
    No route to host (os error 65)
[2m2026-05-01T11:02:56.284904Z[0m [32m INFO[0m [2mbore_cli::client[0m[2m:[0m connected to server [3mremote_port[0m[2m=[0m57399
[2m2026-05-01T11:02:56.284969Z[0m [32m INFO[0m [2mbore_cli::client[0m[2m:[0m listening at bore.pub:57399
Error: could not connect to bore.pub:7835

Caused by:
    No route to host (os error 65)
[2m2026-05-01T11:12:34.577003Z[0m [32m INFO[0m [2mbore_cli::client[0m[2m:[0m connected to server [3mremote_port[0m[2m=[0m37121
[2m2026-05-01T11:12:34.577244Z[0m [32m INFO[0m [2mbore_cli::client[0m[2m:[0m listening at bore.pub:37121
Error: could not connect to bore.pub:7835

Caused by:
    No route to host (os error 65)
[2m2026-05-01T11:25:37.841320Z[0m [32m INFO[0m [2mbore_cli::client[0m[2m:[0m connected to server [3mremote_port[0m[2m=[0m25760
[2m2026-05-01T11:25:37.841484Z[0m [32m INFO[0m [2mbore_cli::client[0m[2m:[0m listening at bore.pub:25760
Error: could not connect to bore.pub:7835

Caused by:
    No route to host (os error 65)
[2m2026-05-01T11:37:25.205705Z[0m [32m INFO[0m [2mbore_cli::client[0m[2m:[0m connected to server [3mremote_port[0m[2m=[0m19893
[2m2026-05-01T11:37:25.205837Z[0m [32m INFO[0m [2mbore_cli::client[0m[2m:[0m listening at bore.pub:19893
Error: could not connect to bore.pub:7835

Caused by:
    No route to host (os error 65)
[2m2026-05-01T11:49:06.069130Z[0m [32m INFO[0m [2mbore_cli::client[0m[2m:[0m connected to server [3mremote_port[0m[2m=[0m57957
[2m2026-05-01T11:49:06.069280Z[0m [32m INFO[0m [2mbore_cli::client[0m[2m:[0m listening at bore.pub:57957
Error: could not connect to bore.pub:7835

Caused by:
    No route to host (os error 65)
[2m2026-05-01T12:03:58.675748Z[0m [32m INFO[0m [2mbore_cli::client[0m[2m:[0m connected to server [3mremote_port[0m[2m=[0m53756
[2m2026-05-01T12:03:58.675949Z[0m [32m INFO[0m [2mbore_cli::client[0m[2m:[0m listening at bore.pub:53756
Error: could not connect to bore.pub:7835

Caused by:
    No route to host (os error 65)
[2m2026-05-01T12:08:35.847371Z[0m [32m INFO[0m [2mbore_cli::client[0m[2m:[0m connected to server [3mremote_port[0m[2m=[0m5749
[2m2026-05-01T12:08:35.847507Z[0m [32m INFO[0m [2mbore_cli::client[0m[2m:[0m listening at bore.pub:5749
Error: could not connect to bore.pub:7835

Caused by:
    No route to host (os error 65)
[2m2026-05-01T12:17:00.342774Z[0m [32m INFO[0m [2mbore_cli::client[0m[2m:[0m connected to server [3mremote_port[0m[2m=[0m16431
[2m2026-05-01T12:17:00.342949Z[0m [32m INFO[0m [2mbore_cli::client[0m[2m:[0m listening at bore.pub:16431
Error: could not connect to bore.pub:7835

Caused by:
    No route to host (os error 65)
[2m2026-05-01T12:24:19.544160Z[0m [32m INFO[0m [2mbore_cli::client[0m[2m:[0m connected to server [3mremote_port[0m[2m=[0m14489
[2m2026-05-01T12:24:19.544228Z[0m [32m INFO[0m [2mbore_cli::client[0m[2m:[0m listening at bore.pub:14489
Error: could not connect to bore.pub:7835

Caused by:
    No route to host (os error 65)
[2m2026-05-01T12:32:34.132054Z[0m [32m INFO[0m [2mbore_cli::client[0m[2m:[0m connected to server [3mremote_port[0m[2m=[0m50271
[2m2026-05-01T12:32:34.132286Z[0m [32m INFO[0m [2mbore_cli::client[0m[2m:[0m listening at bore.pub:50271
[2m2026-05-01T12:40:20.683719Z[0m [32m INFO[0m [2mbore_cli::client[0m[2m:[0m connected to server [3mremote_port[0m[2m=[0m48230
[2m2026-05-01T12:40:20.684329Z[0m [32m INFO[0m [2mbore_cli::client[0m[2m:[0m listening at bore.pub:48230
[2m2026-05-01T12:45:59.268632Z[0m [32m INFO[0m [2mbore_cli::client[0m[2m:[0m connected to server [3mremote_port[0m[2m=[0m4467
[2m2026-05-01T12:45:59.280103Z[0m [32m INFO[0m [2mbore_cli::client[0m[2m:[0m listening at bore.pub:4467
Error: could not connect to bore.pub:7835

Caused by:
    failed to lookup address information: nodename nor servname provided, or not known
[2m2026-05-05T00:54:52.701265Z[0m [32m INFO[0m [2mbore_cli::client[0m[2m:[0m connected to server [3mremote_port[0m[2m=[0m12579
[2m2026-05-05T00:54:52.701370Z[0m [32m INFO[0m [2mbore_cli::client[0m[2m:[0m listening at bore.pub:12579
Error: could not connect to bore.pub:7835

Caused by:
    failed to lookup address information: nodename nor servname provided, or not known
[2m2026-05-06T00:59:52.416017Z[0m [32m INFO[0m [2mbore_cli::client[0m[2m:[0m connected to server [3mremote_port[0m[2m=[0m35729
[2m2026-05-06T00:59:52.416071Z[0m [32m INFO[0m [2mbore_cli::client[0m[2m:[0m listening at bore.pub:35729
[2m2026-05-06T01:14:46.407244Z[0m [32m INFO[0m [2mbore_cli::client[0m[2m:[0m connected to server [3mremote_port[0m[2m=[0m5389
[2m2026-05-06T01:14:46.407664Z[0m [32m INFO[0m [2mbore_cli::client[0m[2m:[0m listening at bore.pub:5389
Error: could not connect to bore.pub:7835

Caused by:
    No route to host (os error 65)
[2m2026-05-06T02:24:56.767392Z[0m [32m INFO[0m [2mbore_cli::client[0m[2m:[0m connected to server [3mremote_port[0m[2m=[0m19219
[2m2026-05-06T02:24:56.767468Z[0m [32m INFO[0m [2mbore_cli::client[0m[2m:[0m listening at bore.pub:19219
Error: could not connect to bore.pub:7835

Caused by:
    No route to host (os error 65)
[2m2026-05-06T03:24:38.897373Z[0m [32m INFO[0m [2mbore_cli::client[0m[2m:[0m connected to server [3mremote_port[0m[2m=[0m45331
[2m2026-05-06T03:24:38.897431Z[0m [32m INFO[0m [2mbore_cli::client[0m[2m:[0m listening at bore.pub:45331
[2m2026-05-06T05:26:32.865341Z[0m [32m INFO[0m [1mproxy[0m[1m{[0m[3mid[0m[2m=[0m06ca61c1-7edd-40a3-b81b-b938f8e233a7[1m}[0m[2m:[0m [2mbore_cli::client[0m[2m:[0m new connection
[2m2026-05-06T05:26:33.907924Z[0m [32m INFO[0m [1mproxy[0m[1m{[0m[3mid[0m[2m=[0m06ca61c1-7edd-40a3-b81b-b938f8e233a7[1m}[0m[2m:[0m [2mbore_cli::client[0m[2m:[0m connection exited
[2m2026-05-06T05:26:34.128509Z[0m [32m INFO[0m [1mproxy[0m[1m{[0m[3mid[0m[2m=[0m7e48d355-9328-445f-825e-a9df6b6901d8[1m}[0m[2m:[0m [2mbore_cli::client[0m[2m:[0m new connection
[2m2026-05-06T05:26:35.708034Z[0m [32m INFO[0m [1mproxy[0m[1m{[0m[3mid[0m[2m=[0m7e48d355-9328-445f-825e-a9df6b6901d8[1m}[0m[2m:[0m [2mbore_cli::client[0m[2m:[0m connection exited
[2m2026-05-06T05:26:36.955208Z[0m [32m INFO[0m [1mproxy[0m[1m{[0m[3mid[0m[2m=[0ma96f2b1e-1933-4a6f-bd50-bd80f3a586d3[1m}[0m[2m:[0m [2mbore_cli::client[0m[2m:[0m new connection
[2m2026-05-06T05:26:37.119276Z[0m [32m INFO[0m [1mproxy[0m[1m{[0m[3mid[0m[2m=[0ma96f2b1e-1933-4a6f-bd50-bd80f3a586d3[1m}[0m[2m:[0m [2mbore_cli::client[0m[2m:[0m connection exited
Error: could not connect to bore.pub:7835

Caused by:
    No route to host (os error 65)
[2m2026-05-06T05:38:06.840995Z[0m [32m INFO[0m [2mbore_cli::client[0m[2m:[0m connected to server [3mremote_port[0m[2m=[0m12141
[2m2026-05-06T05:38:06.841088Z[0m [32m INFO[0m [2mbore_cli::client[0m[2m:[0m listening at bore.pub:12141
Error: could not connect to bore.pub:7835

Caused by:
    No route to host (os error 65)
[2m2026-05-06T06:27:22.039805Z[0m [32m INFO[0m [2mbore_cli::client[0m[2m:[0m connected to server [3mremote_port[0m[2m=[0m13951
[2m2026-05-06T06:27:22.039965Z[0m [32m INFO[0m [2mbore_cli::client[0m[2m:[0m listening at bore.pub:13951
[2m2026-05-06T08:08:59.591526Z[0m [32m INFO[0m [1mproxy[0m[1m{[0m[3mid[0m[2m=[0m0d2556fb-c330-4e18-b69b-2422d1ec296b[1m}[0m[2m:[0m [2mbore_cli::client[0m[2m:[0m new connection
[2m2026-05-06T08:08:59.734882Z[0m [33m WARN[0m [1mproxy[0m[1m{[0m[3mid[0m[2m=[0m0d2556fb-c330-4e18-b69b-2422d1ec296b[1m}[0m[2m:[0m [2mbore_cli::client[0m[2m:[0m connection exited with error [3merr[0m[2m=[0mConnection reset by peer (os error 54)
Error: could not connect to bore.pub:7835

Caused by:
    No route to host (os error 65)
[2m2026-05-06T09:17:37.487925Z[0m [32m INFO[0m [2mbore_cli::client[0m[2m:[0m connected to server [3mremote_port[0m[2m=[0m22392
[2m2026-05-06T09:17:37.488043Z[0m [32m INFO[0m [2mbore_cli::client[0m[2m:[0m listening at bore.pub:22392
Error: could not connect to bore.pub:7835

Caused by:
    No route to host (os error 65)
[2m2026-05-06T09:57:41.640113Z[0m [32m INFO[0m [2mbore_cli::client[0m[2m:[0m connected to server [3mremote_port[0m[2m=[0m35239
[2m2026-05-06T09:57:41.640231Z[0m [32m INFO[0m [2mbore_cli::client[0m[2m:[0m listening at bore.pub:35239
Error: could not connect to bore.pub:7835

Caused by:
    No route to host (os error 65)
[2m2026-05-06T10:04:34.555876Z[0m [32m INFO[0m [2mbore_cli::client[0m[2m:[0m connected to server [3mremote_port[0m[2m=[0m30798
[2m2026-05-06T10:04:34.555973Z[0m [32m INFO[0m [2mbore_cli::client[0m[2m:[0m listening at bore.pub:30798
Error: could not connect to bore.pub:7835

Caused by:
    No route to host (os error 65)
[2m2026-05-06T10:05:00.305714Z[0m [32m INFO[0m [2mbore_cli::client[0m[2m:[0m connected to server [3mremote_port[0m[2m=[0m11355
[2m2026-05-06T10:05:00.305806Z[0m [32m INFO[0m [2mbore_cli::client[0m[2m:[0m listening at bore.pub:11355
Error: could not connect to bore.pub:7835

Caused by:
    No route to host (os error 65)
[2m2026-05-06T10:05:28.754485Z[0m [32m INFO[0m [2mbore_cli::client[0m[2m:[0m connected to server [3mremote_port[0m[2m=[0m33613
[2m2026-05-06T10:05:28.754596Z[0m [32m INFO[0m [2mbore_cli::client[0m[2m:[0m listening at bore.pub:33613
Error: could not connect to bore.pub:7835

Caused by:
    No route to host (os error 65)
[2m2026-05-06T10:05:52.398971Z[0m [32m INFO[0m [2mbore_cli::client[0m[2m:[0m connected to server [3mremote_port[0m[2m=[0m43706
[2m2026-05-06T10:05:52.399113Z[0m [32m INFO[0m [2mbore_cli::client[0m[2m:[0m listening at bore.pub:43706
Error: could not connect to bore.pub:7835

Caused by:
    No route to host (os error 65)
[2m2026-05-06T10:07:06.768653Z[0m [32m INFO[0m [2mbore_cli::client[0m[2m:[0m connected to server [3mremote_port[0m[2m=[0m13923
[2m2026-05-06T10:07:06.768788Z[0m [32m INFO[0m [2mbore_cli::client[0m[2m:[0m listening at bore.pub:13923
Error: could not connect to bore.pub:7835

Caused by:
    No route to host (os error 65)
[2m2026-05-06T10:08:39.660004Z[0m [32m INFO[0m [2mbore_cli::client[0m[2m:[0m connected to server [3mremote_port[0m[2m=[0m6686
[2m2026-05-06T10:08:39.660148Z[0m [32m INFO[0m [2mbore_cli::client[0m[2m:[0m listening at bore.pub:6686
Error: could not connect to bore.pub:7835

Caused by:
    No route to host (os error 65)
[2m2026-05-06T10:19:12.720013Z[0m [32m INFO[0m [2mbore_cli::client[0m[2m:[0m connected to server [3mremote_port[0m[2m=[0m48960
[2m2026-05-06T10:19:12.720170Z[0m [32m INFO[0m [2mbore_cli::client[0m[2m:[0m listening at bore.pub:48960
Error: could not connect to bore.pub:7835

Caused by:
    No route to host (os error 65)
[2m2026-05-06T10:41:21.603074Z[0m [32m INFO[0m [2mbore_cli::client[0m[2m:[0m connected to server [3mremote_port[0m[2m=[0m51164
[2m2026-05-06T10:41:21.603190Z[0m [32m INFO[0m [2mbore_cli::client[0m[2m:[0m listening at bore.pub:51164
Error: could not connect to bore.pub:7835

Caused by:
    No route to host (os error 65)
[2m2026-05-06T11:02:39.416599Z[0m [32m INFO[0m [2mbore_cli::client[0m[2m:[0m connected to server [3mremote_port[0m[2m=[0m36964
[2m2026-05-06T11:02:39.416739Z[0m [32m INFO[0m [2mbore_cli::client[0m[2m:[0m listening at bore.pub:36964
Error: could not connect to bore.pub:7835

Caused by:
    No route to host (os error 65)
[2m2026-05-06T11:31:03.960442Z[0m [32m INFO[0m [2mbore_cli::client[0m[2m:[0m connected to server [3mremote_port[0m[2m=[0m17542
[2m2026-05-06T11:31:03.960576Z[0m [32m INFO[0m [2mbore_cli::client[0m[2m:[0m listening at bore.pub:17542
Error: could not connect to bore.pub:7835

Caused by:
    No route to host (os error 65)
[2m2026-05-06T12:05:23.539400Z[0m [32m INFO[0m [2mbore_cli::client[0m[2m:[0m connected to server [3mremote_port[0m[2m=[0m40984
[2m2026-05-06T12:05:23.539528Z[0m [32m INFO[0m [2mbore_cli::client[0m[2m:[0m listening at bore.pub:40984
Error: could not connect to bore.pub:7835

Caused by:
    No route to host (os error 65)
[2m2026-05-06T12:14:57.335182Z[0m [32m INFO[0m [2mbore_cli::client[0m[2m:[0m connected to server [3mremote_port[0m[2m=[0m21037
[2m2026-05-06T12:14:57.335325Z[0m [32m INFO[0m [2mbore_cli::client[0m[2m:[0m listening at bore.pub:21037
Error: could not connect to bore.pub:7835

Caused by:
    No route to host (os error 65)
[2m2026-05-06T12:22:35.525521Z[0m [32m INFO[0m [2mbore_cli::client[0m[2m:[0m connected to server [3mremote_port[0m[2m=[0m28801
[2m2026-05-06T12:22:35.525645Z[0m [32m INFO[0m [2mbore_cli::client[0m[2m:[0m listening at bore.pub:28801
Error: could not connect to bore.pub:7835

Caused by:
    No route to host (os error 65)
[2m2026-05-06T12:27:44.800060Z[0m [32m INFO[0m [2mbore_cli::client[0m[2m:[0m connected to server [3mremote_port[0m[2m=[0m58347
[2m2026-05-06T12:27:44.800217Z[0m [32m INFO[0m [2mbore_cli::client[0m[2m:[0m listening at bore.pub:58347
Error: could not connect to bore.pub:7835

Caused by:
    No route to host (os error 65)
[2m2026-05-06T12:39:00.613116Z[0m [32m INFO[0m [2mbore_cli::client[0m[2m:[0m connected to server [3mremote_port[0m[2m=[0m30357
[2m2026-05-06T12:39:00.613267Z[0m [32m INFO[0m [2mbore_cli::client[0m[2m:[0m listening at bore.pub:30357
Error: could not connect to bore.pub:7835

Caused by:
    No route to host (os error 65)
[2m2026-05-06T12:46:22.130062Z[0m [32m INFO[0m [2mbore_cli::client[0m[2m:[0m connected to server [3mremote_port[0m[2m=[0m59347
[2m2026-05-06T12:46:22.130204Z[0m [32m INFO[0m [2mbore_cli::client[0m[2m:[0m listening at bore.pub:59347
Error: could not connect to bore.pub:7835

Caused by:
    No route to host (os error 65)
[2m2026-05-06T13:05:11.466066Z[0m [32m INFO[0m [2mbore_cli::client[0m[2m:[0m connected to server [3mremote_port[0m[2m=[0m9214
[2m2026-05-06T13:05:11.466191Z[0m [32m INFO[0m [2mbore_cli::client[0m[2m:[0m listening at bore.pub:9214
Error: could not connect to bore.pub:7835

Caused by:
    No route to host (os error 65)
[2m2026-05-06T13:12:42.804510Z[0m [32m INFO[0m [2mbore_cli::client[0m[2m:[0m connected to server [3mremote_port[0m[2m=[0m22473
[2m2026-05-06T13:12:42.804666Z[0m [32m INFO[0m [2mbore_cli::client[0m[2m:[0m listening at bore.pub:22473
Error: could not connect to bore.pub:7835

Caused by:
    No route to host (os error 65)
[2m2026-05-06T13:23:16.930094Z[0m [32m INFO[0m [2mbore_cli::client[0m[2m:[0m connected to server [3mremote_port[0m[2m=[0m45401
[2m2026-05-06T13:23:16.930229Z[0m [32m INFO[0m [2mbore_cli::client[0m[2m:[0m listening at bore.pub:45401
Error: could not connect to bore.pub:7835

Caused by:
    No route to host (os error 65)
[2m2026-05-06T13:34:28.145477Z[0m [32m INFO[0m [2mbore_cli::client[0m[2m:[0m connected to server [3mremote_port[0m[2m=[0m35258
[2m2026-05-06T13:34:28.145638Z[0m [32m INFO[0m [2mbore_cli::client[0m[2m:[0m listening at bore.pub:35258
Error: could not connect to bore.pub:7835

Caused by:
    No route to host (os error 65)
[2m2026-05-06T13:56:08.720241Z[0m [32m INFO[0m [2mbore_cli::client[0m[2m:[0m connected to server [3mremote_port[0m[2m=[0m23461
[2m2026-05-06T13:56:08.720401Z[0m [32m INFO[0m [2mbore_cli::client[0m[2m:[0m listening at bore.pub:23461
Error: could not connect to bore.pub:7835

Caused by:
    No route to host (os error 65)
[2m2026-05-06T14:01:06.021277Z[0m [32m INFO[0m [2mbore_cli::client[0m[2m:[0m connected to server [3mremote_port[0m[2m=[0m3487
[2m2026-05-06T14:01:06.021404Z[0m [32m INFO[0m [2mbore_cli::client[0m[2m:[0m listening at bore.pub:3487
Error: could not connect to bore.pub:7835

Caused by:
    No route to host (os error 65)
[2m2026-05-06T14:10:23.123045Z[0m [32m INFO[0m [2mbore_cli::client[0m[2m:[0m connected to server [3mremote_port[0m[2m=[0m15397
[2m2026-05-06T14:10:23.123185Z[0m [32m INFO[0m [2mbore_cli::client[0m[2m:[0m listening at bore.pub:15397
Error: could not connect to bore.pub:7835

Caused by:
    No route to host (os error 65)
[2m2026-05-06T14:25:25.992370Z[0m [32m INFO[0m [2mbore_cli::client[0m[2m:[0m connected to server [3mremote_port[0m[2m=[0m24409
[2m2026-05-06T14:25:25.992499Z[0m [32m INFO[0m [2mbore_cli::client[0m[2m:[0m listening at bore.pub:24409
Error: could not connect to bore.pub:7835

Caused by:
    No route to host (os error 65)
[2m2026-05-06T14:36:02.166840Z[0m [32m INFO[0m [2mbore_cli::client[0m[2m:[0m connected to server [3mremote_port[0m[2m=[0m56411
[2m2026-05-06T14:36:02.166996Z[0m [32m INFO[0m [2mbore_cli::client[0m[2m:[0m listening at bore.pub:56411
[2m2026-05-06T14:45:55.505347Z[0m [32m INFO[0m [2mbore_cli::client[0m[2m:[0m connected to server [3mremote_port[0m[2m=[0m54047
[2m2026-05-06T14:45:55.505415Z[0m [32m INFO[0m [2mbore_cli::client[0m[2m:[0m listening at bore.pub:54047
Error: could not connect to bore.pub:7835

Caused by:
    No route to host (os error 65)
[2m2026-05-06T14:58:23.762176Z[0m [32m INFO[0m [2mbore_cli::client[0m[2m:[0m connected to server [3mremote_port[0m[2m=[0m2711
[2m2026-05-06T14:58:23.762305Z[0m [32m INFO[0m [2mbore_cli::client[0m[2m:[0m listening at bore.pub:2711
Error: could not connect to bore.pub:7835

Caused by:
    No route to host (os error 65)
[2m2026-05-06T15:19:28.201516Z[0m [32m INFO[0m [2mbore_cli::client[0m[2m:[0m connected to server [3mremote_port[0m[2m=[0m9227
[2m2026-05-06T15:19:28.201687Z[0m [32m INFO[0m [2mbore_cli::client[0m[2m:[0m listening at bore.pub:9227
Error: could not connect to bore.pub:7835

Caused by:
    No route to host (os error 65)
[2m2026-05-06T15:58:50.249364Z[0m [32m INFO[0m [2mbore_cli::client[0m[2m:[0m connected to server [3mremote_port[0m[2m=[0m63595
[2m2026-05-06T15:58:50.249499Z[0m [32m INFO[0m [2mbore_cli::client[0m[2m:[0m listening at bore.pub:63595
Error: could not connect to bore.pub:7835

Caused by:
    No route to host (os error 65)
[2m2026-05-06T16:17:04.401516Z[0m [32m INFO[0m [2mbore_cli::client[0m[2m:[0m connected to server [3mremote_port[0m[2m=[0m55975
[2m2026-05-06T16:17:04.401675Z[0m [32m INFO[0m [2mbore_cli::client[0m[2m:[0m listening at bore.pub:55975
Error: could not connect to bore.pub:7835

Caused by:
    No route to host (os error 65)
[2m2026-05-06T16:35:25.241023Z[0m [32m INFO[0m [2mbore_cli::client[0m[2m:[0m connected to server [3mremote_port[0m[2m=[0m6111
[2m2026-05-06T16:35:25.241151Z[0m [32m INFO[0m [2mbore_cli::client[0m[2m:[0m listening at bore.pub:6111
Error: could not connect to bore.pub:7835

Caused by:
    No route to host (os error 65)
[2m2026-05-06T16:54:49.772725Z[0m [32m INFO[0m [2mbore_cli::client[0m[2m:[0m connected to server [3mremote_port[0m[2m=[0m14148
[2m2026-05-06T16:54:49.772854Z[0m [32m INFO[0m [2mbore_cli::client[0m[2m:[0m listening at bore.pub:14148
Error: could not connect to bore.pub:7835

Caused by:
    No route to host (os error 65)
[2m2026-05-06T17:32:03.876076Z[0m [32m INFO[0m [2mbore_cli::client[0m[2m:[0m connected to server [3mremote_port[0m[2m=[0m18830
[2m2026-05-06T17:32:03.876231Z[0m [32m INFO[0m [2mbore_cli::client[0m[2m:[0m listening at bore.pub:18830
Error: could not connect to bore.pub:7835

Caused by:
    No route to host (os error 65)
[2m2026-05-06T17:52:20.527478Z[0m [32m INFO[0m [2mbore_cli::client[0m[2m:[0m connected to server [3mremote_port[0m[2m=[0m25773
[2m2026-05-06T17:52:20.527592Z[0m [32m INFO[0m [2mbore_cli::client[0m[2m:[0m listening at bore.pub:25773
Error: could not connect to bore.pub:7835

Caused by:
    No route to host (os error 65)
[2m2026-05-06T18:13:27.352853Z[0m [32m INFO[0m [2mbore_cli::client[0m[2m:[0m connected to server [3mremote_port[0m[2m=[0m34607
[2m2026-05-06T18:13:27.352929Z[0m [32m INFO[0m [2mbore_cli::client[0m[2m:[0m listening at bore.pub:34607
Error: could not connect to bore.pub:7835

Caused by:
    No route to host (os error 65)
[2m2026-05-06T18:30:00.464328Z[0m [32m INFO[0m [2mbore_cli::client[0m[2m:[0m connected to server [3mremote_port[0m[2m=[0m20310
[2m2026-05-06T18:30:00.464471Z[0m [32m INFO[0m [2mbore_cli::client[0m[2m:[0m listening at bore.pub:20310
Error: could not connect to bore.pub:7835

Caused by:
    No route to host (os error 65)
[2m2026-05-06T18:47:00.337829Z[0m [32m INFO[0m [2mbore_cli::client[0m[2m:[0m connected to server [3mremote_port[0m[2m=[0m38566
[2m2026-05-06T18:47:00.337900Z[0m [32m INFO[0m [2mbore_cli::client[0m[2m:[0m listening at bore.pub:38566
Error: could not connect to bore.pub:7835

Caused by:
    No route to host (os error 65)
[2m2026-05-06T19:06:31.643862Z[0m [32m INFO[0m [2mbore_cli::client[0m[2m:[0m connected to server [3mremote_port[0m[2m=[0m31240
[2m2026-05-06T19:06:31.644003Z[0m [32m INFO[0m [2mbore_cli::client[0m[2m:[0m listening at bore.pub:31240
Error: could not connect to bore.pub:7835

Caused by:
    No route to host (os error 65)
[2m2026-05-06T19:12:47.049265Z[0m [32m INFO[0m [2mbore_cli::client[0m[2m:[0m connected to server [3mremote_port[0m[2m=[0m15149
[2m2026-05-06T19:12:47.049438Z[0m [32m INFO[0m [2mbore_cli::client[0m[2m:[0m listening at bore.pub:15149
Error: could not connect to bore.pub:7835

Caused by:
    No route to host (os error 65)
[2m2026-05-06T19:27:25.597025Z[0m [32m INFO[0m [2mbore_cli::client[0m[2m:[0m connected to server [3mremote_port[0m[2m=[0m54544
[2m2026-05-06T19:27:25.597104Z[0m [32m INFO[0m [2mbore_cli::client[0m[2m:[0m listening at bore.pub:54544
Error: could not connect to bore.pub:7835

Caused by:
    No route to host (os error 65)
[2m2026-05-06T19:30:56.645473Z[0m [32m INFO[0m [2mbore_cli::client[0m[2m:[0m connected to server [3mremote_port[0m[2m=[0m13029
[2m2026-05-06T19:30:56.645557Z[0m [32m INFO[0m [2mbore_cli::client[0m[2m:[0m listening at bore.pub:13029
Error: could not connect to bore.pub:7835

Caused by:
    No route to host (os error 65)
[2m2026-05-06T19:44:50.994704Z[0m [32m INFO[0m [2mbore_cli::client[0m[2m:[0m connected to server [3mremote_port[0m[2m=[0m33014
[2m2026-05-06T19:44:50.994786Z[0m [32m INFO[0m [2mbore_cli::client[0m[2m:[0m listening at bore.pub:33014
Error: could not connect to bore.pub:7835

Caused by:
    No route to host (os error 65)
[2m2026-05-06T19:50:36.958579Z[0m [32m INFO[0m [2mbore_cli::client[0m[2m:[0m connected to server [3mremote_port[0m[2m=[0m23519
[2m2026-05-06T19:50:36.958736Z[0m [32m INFO[0m [2mbore_cli::client[0m[2m:[0m listening at bore.pub:23519
Error: could not connect to bore.pub:7835

Caused by:
    No route to host (os error 65)
[2m2026-05-06T20:04:05.631768Z[0m [32m INFO[0m [2mbore_cli::client[0m[2m:[0m connected to server [3mremote_port[0m[2m=[0m57741
[2m2026-05-06T20:04:05.631905Z[0m [32m INFO[0m [2mbore_cli::client[0m[2m:[0m listening at bore.pub:57741
Error: could not connect to bore.pub:7835

Caused by:
    No route to host (os error 65)
[2m2026-05-06T20:25:04.810874Z[0m [32m INFO[0m [2mbore_cli::client[0m[2m:[0m connected to server [3mremote_port[0m[2m=[0m62463
[2m2026-05-06T20:25:04.811010Z[0m [32m INFO[0m [2mbore_cli::client[0m[2m:[0m listening at bore.pub:62463
Error: could not connect to bore.pub:7835

Caused by:
    No route to host (os error 65)
[2m2026-05-06T21:19:58.314654Z[0m [32m INFO[0m [2mbore_cli::client[0m[2m:[0m connected to server [3mremote_port[0m[2m=[0m36377
[2m2026-05-06T21:19:58.314730Z[0m [32m INFO[0m [2mbore_cli::client[0m[2m:[0m listening at bore.pub:36377
Error: could not connect to bore.pub:7835

Caused by:
    No route to host (os error 65)
[2m2026-05-06T21:43:01.883034Z[0m [32m INFO[0m [2mbore_cli::client[0m[2m:[0m connected to server [3mremote_port[0m[2m=[0m32361
[2m2026-05-06T21:43:01.883173Z[0m [32m INFO[0m [2mbore_cli::client[0m[2m:[0m listening at bore.pub:32361
Error: could not connect to bore.pub:7835

Caused by:
    No route to host (os error 65)
[2m2026-05-06T21:57:14.057738Z[0m [32m INFO[0m [2mbore_cli::client[0m[2m:[0m connected to server [3mremote_port[0m[2m=[0m57284
[2m2026-05-06T21:57:14.057921Z[0m [32m INFO[0m [2mbore_cli::client[0m[2m:[0m listening at bore.pub:57284
Error: could not connect to bore.pub:7835

Caused by:
    No route to host (os error 65)
[2m2026-05-06T22:02:20.468310Z[0m [32m INFO[0m [2mbore_cli::client[0m[2m:[0m connected to server [3mremote_port[0m[2m=[0m23745
[2m2026-05-06T22:02:20.468374Z[0m [32m INFO[0m [2mbore_cli::client[0m[2m:[0m listening at bore.pub:23745
Error: could not connect to bore.pub:7835

Caused by:
    No route to host (os error 65)
[2m2026-05-06T22:20:52.902304Z[0m [32m INFO[0m [2mbore_cli::client[0m[2m:[0m connected to server [3mremote_port[0m[2m=[0m11209
[2m2026-05-06T22:20:52.902471Z[0m [32m INFO[0m [2mbore_cli::client[0m[2m:[0m listening at bore.pub:11209
Error: could not connect to bore.pub:7835

Caused by:
    No route to host (os error 65)
[2m2026-05-06T22:41:04.268934Z[0m [32m INFO[0m [2mbore_cli::client[0m[2m:[0m connected to server [3mremote_port[0m[2m=[0m11226
[2m2026-05-06T22:41:04.269062Z[0m [32m INFO[0m [2mbore_cli::client[0m[2m:[0m listening at bore.pub:11226
Error: could not connect to bore.pub:7835

Caused by:
    No route to host (os error 65)
[2m2026-05-06T22:56:54.672047Z[0m [32m INFO[0m [2mbore_cli::client[0m[2m:[0m connected to server [3mremote_port[0m[2m=[0m55722
[2m2026-05-06T22:56:54.672149Z[0m [32m INFO[0m [2mbore_cli::client[0m[2m:[0m listening at bore.pub:55722
Error: could not connect to bore.pub:7835

Caused by:
    No route to host (os error 65)
[2m2026-05-06T22:59:06.859429Z[0m [32m INFO[0m [2mbore_cli::client[0m[2m:[0m connected to server [3mremote_port[0m[2m=[0m26182
[2m2026-05-06T22:59:06.859513Z[0m [32m INFO[0m [2mbore_cli::client[0m[2m:[0m listening at bore.pub:26182
Error: could not connect to bore.pub:7835

Caused by:
    No route to host (os error 65)
[2m2026-05-06T23:00:21.218722Z[0m [32m INFO[0m [2mbore_cli::client[0m[2m:[0m connected to server [3mremote_port[0m[2m=[0m4572
[2m2026-05-06T23:00:21.218827Z[0m [32m INFO[0m [2mbore_cli::client[0m[2m:[0m listening at bore.pub:4572
Error: could not connect to bore.pub:7835

Caused by:
    No route to host (os error 65)
[2m2026-05-06T23:19:57.015697Z[0m [32m INFO[0m [2mbore_cli::client[0m[2m:[0m connected to server [3mremote_port[0m[2m=[0m42459
[2m2026-05-06T23:19:57.015855Z[0m [32m INFO[0m [2mbore_cli::client[0m[2m:[0m listening at bore.pub:42459
Error: could not connect to bore.pub:7835

Caused by:
    No route to host (os error 65)
[2m2026-05-06T23:33:08.810012Z[0m [32m INFO[0m [2mbore_cli::client[0m[2m:[0m connected to server [3mremote_port[0m[2m=[0m42772
[2m2026-05-06T23:33:08.810138Z[0m [32m INFO[0m [2mbore_cli::client[0m[2m:[0m listening at bore.pub:42772
Error: could not connect to bore.pub:7835

Caused by:
    No route to host (os error 65)
[2m2026-05-06T23:58:28.831644Z[0m [32m INFO[0m [2mbore_cli::client[0m[2m:[0m connected to server [3mremote_port[0m[2m=[0m29701
[2m2026-05-06T23:58:28.831754Z[0m [32m INFO[0m [2mbore_cli::client[0m[2m:[0m listening at bore.pub:29701
Error: could not connect to bore.pub:7835

Caused by:
    No route to host (os error 65)
[2m2026-05-07T00:20:39.324287Z[0m [32m INFO[0m [2mbore_cli::client[0m[2m:[0m connected to server [3mremote_port[0m[2m=[0m16543
[2m2026-05-07T00:20:39.324420Z[0m [32m INFO[0m [2mbore_cli::client[0m[2m:[0m listening at bore.pub:16543
Error: could not connect to bore.pub:7835

Caused by:
    No route to host (os error 65)
[2m2026-05-07T00:38:59.020569Z[0m [32m INFO[0m [2mbore_cli::client[0m[2m:[0m connected to server [3mremote_port[0m[2m=[0m2156
[2m2026-05-07T00:38:59.020711Z[0m [32m INFO[0m [2mbore_cli::client[0m[2m:[0m listening at bore.pub:2156
Error: could not connect to bore.pub:7835

Caused by:
    No route to host (os error 65)
[2m2026-05-07T01:00:00.106819Z[0m [32m INFO[0m [2mbore_cli::client[0m[2m:[0m connected to server [3mremote_port[0m[2m=[0m33165
[2m2026-05-07T01:00:00.106958Z[0m [32m INFO[0m [2mbore_cli::client[0m[2m:[0m listening at bore.pub:33165
[2m2026-05-07T01:07:43.314145Z[0m [32m INFO[0m [2mbore_cli::client[0m[2m:[0m connected to server [3mremote_port[0m[2m=[0m42763
[2m2026-05-07T01:07:43.315044Z[0m [32m INFO[0m [2mbore_cli::client[0m[2m:[0m listening at bore.pub:42763
Error: could not connect to bore.pub:7835

Caused by:
    No route to host (os error 65)
[2m2026-05-07T01:15:44.917519Z[0m [32m INFO[0m [2mbore_cli::client[0m[2m:[0m connected to server [3mremote_port[0m[2m=[0m61885
[2m2026-05-07T01:15:44.917638Z[0m [32m INFO[0m [2mbore_cli::client[0m[2m:[0m listening at bore.pub:61885
Error: could not connect to bore.pub:7835

Caused by:
    No route to host (os error 65)
[2m2026-05-07T01:17:13.348004Z[0m [32m INFO[0m [2mbore_cli::client[0m[2m:[0m connected to server [3mremote_port[0m[2m=[0m12262
[2m2026-05-07T01:17:13.348123Z[0m [32m INFO[0m [2mbore_cli::client[0m[2m:[0m listening at bore.pub:12262
Error: could not connect to bore.pub:7835

Caused by:
    No route to host (os error 65)
[2m2026-05-07T01:33:53.101449Z[0m [32m INFO[0m [2mbore_cli::client[0m[2m:[0m connected to server [3mremote_port[0m[2m=[0m42942
[2m2026-05-07T01:33:53.101590Z[0m [32m INFO[0m [2mbore_cli::client[0m[2m:[0m listening at bore.pub:42942
Error: could not connect to bore.pub:7835

Caused by:
    No route to host (os error 65)
[2m2026-05-07T01:46:35.574426Z[0m [32m INFO[0m [2mbore_cli::client[0m[2m:[0m connected to server [3mremote_port[0m[2m=[0m48717
[2m2026-05-07T01:46:35.574491Z[0m [32m INFO[0m [2mbore_cli::client[0m[2m:[0m listening at bore.pub:48717
Error: could not connect to bore.pub:7835

Caused by:
    No route to host (os error 65)
[2m2026-05-07T01:58:49.178079Z[0m [32m INFO[0m [2mbore_cli::client[0m[2m:[0m connected to server [3mremote_port[0m[2m=[0m61849
[2m2026-05-07T01:58:49.178235Z[0m [32m INFO[0m [2mbore_cli::client[0m[2m:[0m listening at bore.pub:61849
Error: could not connect to bore.pub:7835

Caused by:
    No route to host (os error 65)
[2m2026-05-07T02:17:19.660914Z[0m [32m INFO[0m [2mbore_cli::client[0m[2m:[0m connected to server [3mremote_port[0m[2m=[0m37500
[2m2026-05-07T02:17:19.661042Z[0m [32m INFO[0m [2mbore_cli::client[0m[2m:[0m listening at bore.pub:37500
Error: could not connect to bore.pub:7835

Caused by:
    No route to host (os error 65)
[2m2026-05-07T02:35:51.192107Z[0m [32m INFO[0m [2mbore_cli::client[0m[2m:[0m connected to server [3mremote_port[0m[2m=[0m17901
[2m2026-05-07T02:35:51.192188Z[0m [32m INFO[0m [2mbore_cli::client[0m[2m:[0m listening at bore.pub:17901
[2m2026-05-07T02:47:10.582493Z[0m [32m INFO[0m [2mbore_cli::client[0m[2m:[0m connected to server [3mremote_port[0m[2m=[0m9572
[2m2026-05-07T02:47:10.582589Z[0m [32m INFO[0m [2mbore_cli::client[0m[2m:[0m listening at bore.pub:9572
Error: could not connect to bore.pub:7835

Caused by:
    No route to host (os error 65)
[2m2026-05-07T02:59:28.000824Z[0m [32m INFO[0m [2mbore_cli::client[0m[2m:[0m connected to server [3mremote_port[0m[2m=[0m32683
[2m2026-05-07T02:59:28.000893Z[0m [32m INFO[0m [2mbore_cli::client[0m[2m:[0m listening at bore.pub:32683
[2m2026-05-07T03:11:51.568876Z[0m [32m INFO[0m [2mbore_cli::client[0m[2m:[0m connected to server [3mremote_port[0m[2m=[0m18809
[2m2026-05-07T03:11:51.570028Z[0m [32m INFO[0m [2mbore_cli::client[0m[2m:[0m listening at bore.pub:18809
Error: could not connect to bore.pub:7835

Caused by:
    No route to host (os error 65)
[2m2026-05-07T03:27:48.684468Z[0m [32m INFO[0m [2mbore_cli::client[0m[2m:[0m connected to server [3mremote_port[0m[2m=[0m59323
[2m2026-05-07T03:27:48.684605Z[0m [32m INFO[0m [2mbore_cli::client[0m[2m:[0m listening at bore.pub:59323
Error: could not connect to bore.pub:7835

Caused by:
    No route to host (os error 65)
[2m2026-05-07T03:46:26.501310Z[0m [32m INFO[0m [2mbore_cli::client[0m[2m:[0m connected to server [3mremote_port[0m[2m=[0m63966
[2m2026-05-07T03:46:26.501481Z[0m [32m INFO[0m [2mbore_cli::client[0m[2m:[0m listening at bore.pub:63966
Error: could not connect to bore.pub:7835

Caused by:
    No route to host (os error 65)
[2m2026-05-07T04:11:38.674291Z[0m [32m INFO[0m [2mbore_cli::client[0m[2m:[0m connected to server [3mremote_port[0m[2m=[0m19862
[2m2026-05-07T04:11:38.674383Z[0m [32m INFO[0m [2mbore_cli::client[0m[2m:[0m listening at bore.pub:19862
Error: could not connect to bore.pub:7835

Caused by:
    No route to host (os error 65)
[2m2026-05-07T04:29:36.157176Z[0m [32m INFO[0m [2mbore_cli::client[0m[2m:[0m connected to server [3mremote_port[0m[2m=[0m35722
[2m2026-05-07T04:29:36.157301Z[0m [32m INFO[0m [2mbore_cli::client[0m[2m:[0m listening at bore.pub:35722
Error: could not connect to bore.pub:7835

Caused by:
    No route to host (os error 65)
[2m2026-05-07T04:42:05.896388Z[0m [32m INFO[0m [2mbore_cli::client[0m[2m:[0m connected to server [3mremote_port[0m[2m=[0m7295
[2m2026-05-07T04:42:05.896492Z[0m [32m INFO[0m [2mbore_cli::client[0m[2m:[0m listening at bore.pub:7295
Error: could not connect to bore.pub:7835

Caused by:
    No route to host (os error 65)
[2m2026-05-07T04:54:09.525787Z[0m [32m INFO[0m [2mbore_cli::client[0m[2m:[0m connected to server [3mremote_port[0m[2m=[0m5176
[2m2026-05-07T04:54:09.525919Z[0m [32m INFO[0m [2mbore_cli::client[0m[2m:[0m listening at bore.pub:5176
Error: could not connect to bore.pub:7835

Caused by:
    No route to host (os error 65)
[2m2026-05-07T05:16:13.698733Z[0m [32m INFO[0m [2mbore_cli::client[0m[2m:[0m connected to server [3mremote_port[0m[2m=[0m5852
[2m2026-05-07T05:16:13.698889Z[0m [32m INFO[0m [2mbore_cli::client[0m[2m:[0m listening at bore.pub:5852
Error: could not connect to bore.pub:7835

Caused by:
    No route to host (os error 65)
[2m2026-05-07T05:32:43.228807Z[0m [32m INFO[0m [2mbore_cli::client[0m[2m:[0m connected to server [3mremote_port[0m[2m=[0m52992
[2m2026-05-07T05:32:43.228943Z[0m [32m INFO[0m [2mbore_cli::client[0m[2m:[0m listening at bore.pub:52992
Error: could not connect to bore.pub:7835

Caused by:
    No route to host (os error 65)
[2m2026-05-07T05:56:21.270251Z[0m [32m INFO[0m [2mbore_cli::client[0m[2m:[0m connected to server [3mremote_port[0m[2m=[0m39500
[2m2026-05-07T05:56:21.270393Z[0m [32m INFO[0m [2mbore_cli::client[0m[2m:[0m listening at bore.pub:39500
Error: could not connect to bore.pub:7835

Caused by:
    No route to host (os error 65)
[2m2026-05-07T06:10:02.784672Z[0m [32m INFO[0m [2mbore_cli::client[0m[2m:[0m connected to server [3mremote_port[0m[2m=[0m9810
[2m2026-05-07T06:10:02.784794Z[0m [32m INFO[0m [2mbore_cli::client[0m[2m:[0m listening at bore.pub:9810
Error: could not connect to bore.pub:7835

Caused by:
    No route to host (os error 65)
[2m2026-05-07T06:20:16.731890Z[0m [32m INFO[0m [2mbore_cli::client[0m[2m:[0m connected to server [3mremote_port[0m[2m=[0m24312
[2m2026-05-07T06:20:16.732014Z[0m [32m INFO[0m [2mbore_cli::client[0m[2m:[0m listening at bore.pub:24312
Error: could not connect to bore.pub:7835

Caused by:
    No route to host (os error 65)
[2m2026-05-07T06:37:34.297887Z[0m [32m INFO[0m [2mbore_cli::client[0m[2m:[0m connected to server [3mremote_port[0m[2m=[0m59663
[2m2026-05-07T06:37:34.298019Z[0m [32m INFO[0m [2mbore_cli::client[0m[2m:[0m listening at bore.pub:59663
Error: could not connect to bore.pub:7835

Caused by:
    No route to host (os error 65)
[2m2026-05-07T06:51:46.881886Z[0m [32m INFO[0m [2mbore_cli::client[0m[2m:[0m connected to server [3mremote_port[0m[2m=[0m64970
[2m2026-05-07T06:51:46.882015Z[0m [32m INFO[0m [2mbore_cli::client[0m[2m:[0m listening at bore.pub:64970
Error: could not connect to bore.pub:7835

Caused by:
    No route to host (os error 65)
[2m2026-05-07T06:58:08.984146Z[0m [32m INFO[0m [2mbore_cli::client[0m[2m:[0m connected to server [3mremote_port[0m[2m=[0m24103
[2m2026-05-07T06:58:08.984291Z[0m [32m INFO[0m [2mbore_cli::client[0m[2m:[0m listening at bore.pub:24103
Error: could not connect to bore.pub:7835

Caused by:
    No route to host (os error 65)
[2m2026-05-07T07:18:03.439475Z[0m [32m INFO[0m [2mbore_cli::client[0m[2m:[0m connected to server [3mremote_port[0m[2m=[0m13920
[2m2026-05-07T07:18:03.439610Z[0m [32m INFO[0m [2mbore_cli::client[0m[2m:[0m listening at bore.pub:13920
Error: could not connect to bore.pub:7835

Caused by:
    No route to host (os error 65)
[2m2026-05-07T07:30:12.715835Z[0m [32m INFO[0m [2mbore_cli::client[0m[2m:[0m connected to server [3mremote_port[0m[2m=[0m16772
[2m2026-05-07T07:30:12.715968Z[0m [32m INFO[0m [2mbore_cli::client[0m[2m:[0m listening at bore.pub:16772
Error: could not connect to bore.pub:7835

Caused by:
    No route to host (os error 65)
[2m2026-05-07T07:45:15.080753Z[0m [32m INFO[0m [2mbore_cli::client[0m[2m:[0m connected to server [3mremote_port[0m[2m=[0m4451
[2m2026-05-07T07:45:15.080908Z[0m [32m INFO[0m [2mbore_cli::client[0m[2m:[0m listening at bore.pub:4451
Error: could not connect to bore.pub:7835

Caused by:
    No route to host (os error 65)
[2m2026-05-07T08:00:40.345398Z[0m [32m INFO[0m [2mbore_cli::client[0m[2m:[0m connected to server [3mremote_port[0m[2m=[0m30272
[2m2026-05-07T08:00:40.345532Z[0m [32m INFO[0m [2mbore_cli::client[0m[2m:[0m listening at bore.pub:30272
Error: could not connect to bore.pub:7835

Caused by:
    No route to host (os error 65)
[2m2026-05-07T08:45:24.437265Z[0m [32m INFO[0m [2mbore_cli::client[0m[2m:[0m connected to server [3mremote_port[0m[2m=[0m4758
[2m2026-05-07T08:45:24.437429Z[0m [32m INFO[0m [2mbore_cli::client[0m[2m:[0m listening at bore.pub:4758
[2m2026-05-07T08:45:35.150274Z[0m [32m INFO[0m [2mbore_cli::client[0m[2m:[0m connected to server [3mremote_port[0m[2m=[0m57559
[2m2026-05-07T08:45:35.150436Z[0m [32m INFO[0m [2mbore_cli::client[0m[2m:[0m listening at bore.pub:57559
[2m2026-05-07T08:45:45.162034Z[0m [32m INFO[0m [2mbore_cli::client[0m[2m:[0m connected to server [3mremote_port[0m[2m=[0m6914
[2m2026-05-07T08:45:45.162167Z[0m [32m INFO[0m [2mbore_cli::client[0m[2m:[0m listening at bore.pub:6914
Error: could not connect to bore.pub:7835

Caused by:
    No route to host (os error 65)
[2m2026-05-07T08:46:10.087901Z[0m [32m INFO[0m [2mbore_cli::client[0m[2m:[0m connected to server [3mremote_port[0m[2m=[0m5246
[2m2026-05-07T08:46:10.088032Z[0m [32m INFO[0m [2mbore_cli::client[0m[2m:[0m listening at bore.pub:5246
[2m2026-05-07T08:46:20.540297Z[0m [32m INFO[0m [2mbore_cli::client[0m[2m:[0m connected to server [3mremote_port[0m[2m=[0m50635
[2m2026-05-07T08:46:20.540440Z[0m [32m INFO[0m [2mbore_cli::client[0m[2m:[0m listening at bore.pub:50635
[2m2026-05-07T08:46:31.422585Z[0m [32m INFO[0m [2mbore_cli::client[0m[2m:[0m connected to server [3mremote_port[0m[2m=[0m38844
[2m2026-05-07T08:46:31.422764Z[0m [32m INFO[0m [2mbore_cli::client[0m[2m:[0m listening at bore.pub:38844
[2m2026-05-07T08:46:42.025323Z[0m [32m INFO[0m [2mbore_cli::client[0m[2m:[0m connected to server [3mremote_port[0m[2m=[0m61273
[2m2026-05-07T08:46:42.025484Z[0m [32m INFO[0m [2mbore_cli::client[0m[2m:[0m listening at bore.pub:61273
[2m2026-05-07T08:46:52.761406Z[0m [32m INFO[0m [2mbore_cli::client[0m[2m:[0m connected to server [3mremote_port[0m[2m=[0m13368
[2m2026-05-07T08:46:52.761568Z[0m [32m INFO[0m [2mbore_cli::client[0m[2m:[0m listening at bore.pub:13368
[2m2026-05-07T08:47:03.478851Z[0m [32m INFO[0m [2mbore_cli::client[0m[2m:[0m connected to server [3mremote_port[0m[2m=[0m9978
[2m2026-05-07T08:47:03.478977Z[0m [32m INFO[0m [2mbore_cli::client[0m[2m:[0m listening at bore.pub:9978
[2m2026-05-07T08:47:14.361303Z[0m [32m INFO[0m [2mbore_cli::client[0m[2m:[0m connected to server [3mremote_port[0m[2m=[0m38972
[2m2026-05-07T08:47:14.361426Z[0m [32m INFO[0m [2mbore_cli::client[0m[2m:[0m listening at bore.pub:38972
[2m2026-05-07T08:47:24.950571Z[0m [32m INFO[0m [2mbore_cli::client[0m[2m:[0m connected to server [3mremote_port[0m[2m=[0m27391
[2m2026-05-07T08:47:24.950756Z[0m [32m INFO[0m [2mbore_cli::client[0m[2m:[0m listening at bore.pub:27391
[2m2026-05-07T08:47:35.756186Z[0m [32m INFO[0m [2mbore_cli::client[0m[2m:[0m connected to server [3mremote_port[0m[2m=[0m4674
[2m2026-05-07T08:47:35.756335Z[0m [32m INFO[0m [2mbore_cli::client[0m[2m:[0m listening at bore.pub:4674
Error: could not connect to bore.pub:7835

Caused by:
    No route to host (os error 65)
[2m2026-05-07T08:47:56.720345Z[0m [32m INFO[0m [2mbore_cli::client[0m[2m:[0m connected to server [3mremote_port[0m[2m=[0m6708
[2m2026-05-07T08:47:56.720478Z[0m [32m INFO[0m [2mbore_cli::client[0m[2m:[0m listening at bore.pub:6708
[2m2026-05-07T08:48:07.460275Z[0m [32m INFO[0m [2mbore_cli::client[0m[2m:[0m connected to server [3mremote_port[0m[2m=[0m18071
[2m2026-05-07T08:48:07.460415Z[0m [32m INFO[0m [2mbore_cli::client[0m[2m:[0m listening at bore.pub:18071
[2m2026-05-07T08:48:18.301019Z[0m [32m INFO[0m [2mbore_cli::client[0m[2m:[0m connected to server [3mremote_port[0m[2m=[0m36488
[2m2026-05-07T08:48:18.301123Z[0m [32m INFO[0m [2mbore_cli::client[0m[2m:[0m listening at bore.pub:36488
[2m2026-05-07T08:48:28.751133Z[0m [32m INFO[0m [2mbore_cli::client[0m[2m:[0m connected to server [3mremote_port[0m[2m=[0m21222
[2m2026-05-07T08:48:28.751287Z[0m [32m INFO[0m [2mbore_cli::client[0m[2m:[0m listening at bore.pub:21222
[2m2026-05-07T08:48:39.315445Z[0m [32m INFO[0m [2mbore_cli::client[0m[2m:[0m connected to server [3mremote_port[0m[2m=[0m65246
[2m2026-05-07T08:48:39.315580Z[0m [32m INFO[0m [2mbore_cli::client[0m[2m:[0m listening at bore.pub:65246
[2m2026-05-07T08:48:49.637979Z[0m [32m INFO[0m [2mbore_cli::client[0m[2m:[0m connected to server [3mremote_port[0m[2m=[0m25564
[2m2026-05-07T08:48:49.638110Z[0m [32m INFO[0m [2mbore_cli::client[0m[2m:[0m listening at bore.pub:25564
Error: could not connect to bore.pub:7835

Caused by:
    No route to host (os error 65)
[2m2026-05-07T08:49:10.705059Z[0m [32m INFO[0m [2mbore_cli::client[0m[2m:[0m connected to server [3mremote_port[0m[2m=[0m25304
[2m2026-05-07T08:49:10.705231Z[0m [32m INFO[0m [2mbore_cli::client[0m[2m:[0m listening at bore.pub:25304
[2m2026-05-07T08:49:20.815356Z[0m [32m INFO[0m [2mbore_cli::client[0m[2m:[0m connected to server [3mremote_port[0m[2m=[0m53373
[2m2026-05-07T08:49:20.815495Z[0m [32m INFO[0m [2mbore_cli::client[0m[2m:[0m listening at bore.pub:53373
[2m2026-05-07T08:49:31.806663Z[0m [32m INFO[0m [2mbore_cli::client[0m[2m:[0m connected to server [3mremote_port[0m[2m=[0m55624
[2m2026-05-07T08:49:31.806795Z[0m [32m INFO[0m [2mbore_cli::client[0m[2m:[0m listening at bore.pub:55624
[2m2026-05-07T08:49:42.620246Z[0m [32m INFO[0m [2mbore_cli::client[0m[2m:[0m connected to server [3mremote_port[0m[2m=[0m55258
[2m2026-05-07T08:49:42.620367Z[0m [32m INFO[0m [2mbore_cli::client[0m[2m:[0m listening at bore.pub:55258
[2m2026-05-07T08:49:53.315071Z[0m [32m INFO[0m [2mbore_cli::client[0m[2m:[0m connected to server [3mremote_port[0m[2m=[0m60665
[2m2026-05-07T08:49:53.315205Z[0m [32m INFO[0m [2mbore_cli::client[0m[2m:[0m listening at bore.pub:60665
[2m2026-05-07T08:50:04.293916Z[0m [32m INFO[0m [2mbore_cli::client[0m[2m:[0m connected to server [3mremote_port[0m[2m=[0m48926
[2m2026-05-07T08:50:04.294068Z[0m [32m INFO[0m [2mbore_cli::client[0m[2m:[0m listening at bore.pub:48926
[2m2026-05-07T08:50:14.899060Z[0m [32m INFO[0m [2mbore_cli::client[0m[2m:[0m connected to server [3mremote_port[0m[2m=[0m48146
[2m2026-05-07T08:50:14.899223Z[0m [32m INFO[0m [2mbore_cli::client[0m[2m:[0m listening at bore.pub:48146
[2m2026-05-07T08:50:25.275453Z[0m [32m INFO[0m [2mbore_cli::client[0m[2m:[0m connected to server [3mremote_port[0m[2m=[0m13313
[2m2026-05-07T08:50:25.275576Z[0m [32m INFO[0m [2mbore_cli::client[0m[2m:[0m listening at bore.pub:13313
[2m2026-05-07T08:50:36.113093Z[0m [32m INFO[0m [2mbore_cli::client[0m[2m:[0m connected to server [3mremote_port[0m[2m=[0m7845
[2m2026-05-07T08:50:36.113224Z[0m [32m INFO[0m [2mbore_cli::client[0m[2m:[0m listening at bore.pub:7845
[2m2026-05-07T08:50:46.720332Z[0m [32m INFO[0m [2mbore_cli::client[0m[2m:[0m connected to server [3mremote_port[0m[2m=[0m30831
[2m2026-05-07T08:50:46.720494Z[0m [32m INFO[0m [2mbore_cli::client[0m[2m:[0m listening at bore.pub:30831
[2m2026-05-07T08:50:57.480586Z[0m [32m INFO[0m [2mbore_cli::client[0m[2m:[0m connected to server [3mremote_port[0m[2m=[0m26679
[2m2026-05-07T08:50:57.480755Z[0m [32m INFO[0m [2mbore_cli::client[0m[2m:[0m listening at bore.pub:26679
[2m2026-05-07T08:51:07.969966Z[0m [32m INFO[0m [2mbore_cli::client[0m[2m:[0m connected to server [3mremote_port[0m[2m=[0m25750
[2m2026-05-07T08:51:07.970073Z[0m [32m INFO[0m [2mbore_cli::client[0m[2m:[0m listening at bore.pub:25750
[2m2026-05-07T08:51:18.233776Z[0m [32m INFO[0m [2mbore_cli::client[0m[2m:[0m connected to server [3mremote_port[0m[2m=[0m11541
[2m2026-05-07T08:51:18.233932Z[0m [32m INFO[0m [2mbore_cli::client[0m[2m:[0m listening at bore.pub:11541
[2m2026-05-07T08:51:28.750322Z[0m [32m INFO[0m [2mbore_cli::client[0m[2m:[0m connected to server [3mremote_port[0m[2m=[0m53229
[2m2026-05-07T08:51:28.750450Z[0m [32m INFO[0m [2mbore_cli::client[0m[2m:[0m listening at bore.pub:53229
[2m2026-05-07T08:51:39.584373Z[0m [32m INFO[0m [2mbore_cli::client[0m[2m:[0m connected to server [3mremote_port[0m[2m=[0m27741
[2m2026-05-07T08:51:39.584533Z[0m [32m INFO[0m [2mbore_cli::client[0m[2m:[0m listening at bore.pub:27741
[2m2026-05-07T08:51:50.480480Z[0m [32m INFO[0m [2mbore_cli::client[0m[2m:[0m connected to server [3mremote_port[0m[2m=[0m5141
[2m2026-05-07T08:51:50.480588Z[0m [32m INFO[0m [2mbore_cli::client[0m[2m:[0m listening at bore.pub:5141
[2m2026-05-07T08:52:01.260948Z[0m [32m INFO[0m [2mbore_cli::client[0m[2m:[0m connected to server [3mremote_port[0m[2m=[0m48576
[2m2026-05-07T08:52:01.261119Z[0m [32m INFO[0m [2mbore_cli::client[0m[2m:[0m listening at bore.pub:48576
[2m2026-05-07T08:52:12.125004Z[0m [32m INFO[0m [2mbore_cli::client[0m[2m:[0m connected to server [3mremote_port[0m[2m=[0m5727
[2m2026-05-07T08:52:12.125131Z[0m [32m INFO[0m [2mbore_cli::client[0m[2m:[0m listening at bore.pub:5727
[2m2026-05-07T08:52:22.735975Z[0m [32m INFO[0m [2mbore_cli::client[0m[2m:[0m connected to server [3mremote_port[0m[2m=[0m26283
[2m2026-05-07T08:52:22.736129Z[0m [32m INFO[0m [2mbore_cli::client[0m[2m:[0m listening at bore.pub:26283
[2m2026-05-07T08:52:32.905471Z[0m [32m INFO[0m [2mbore_cli::client[0m[2m:[0m connected to server [3mremote_port[0m[2m=[0m34740
[2m2026-05-07T08:52:32.905603Z[0m [32m INFO[0m [2mbore_cli::client[0m[2m:[0m listening at bore.pub:34740
[2m2026-05-07T08:52:43.930041Z[0m [32m INFO[0m [2mbore_cli::client[0m[2m:[0m connected to server [3mremote_port[0m[2m=[0m32721
[2m2026-05-07T08:52:43.930180Z[0m [32m INFO[0m [2mbore_cli::client[0m[2m:[0m listening at bore.pub:32721
[2m2026-05-07T08:52:54.210536Z[0m [32m INFO[0m [2mbore_cli::client[0m[2m:[0m connected to server [3mremote_port[0m[2m=[0m19239
[2m2026-05-07T08:52:54.210692Z[0m [32m INFO[0m [2mbore_cli::client[0m[2m:[0m listening at bore.pub:19239
[2m2026-05-07T08:53:04.964527Z[0m [32m INFO[0m [2mbore_cli::client[0m[2m:[0m connected to server [3mremote_port[0m[2m=[0m24880
[2m2026-05-07T08:53:04.964662Z[0m [32m INFO[0m [2mbore_cli::client[0m[2m:[0m listening at bore.pub:24880
[2m2026-05-07T08:53:15.087249Z[0m [32m INFO[0m [2mbore_cli::client[0m[2m:[0m connected to server [3mremote_port[0m[2m=[0m18118
[2m2026-05-07T08:53:15.087375Z[0m [32m INFO[0m [2mbore_cli::client[0m[2m:[0m listening at bore.pub:18118
[2m2026-05-07T08:53:25.511199Z[0m [32m INFO[0m [2mbore_cli::client[0m[2m:[0m connected to server [3mremote_port[0m[2m=[0m64585
[2m2026-05-07T08:53:25.511323Z[0m [32m INFO[0m [2mbore_cli::client[0m[2m:[0m listening at bore.pub:64585
[2m2026-05-07T08:53:35.980441Z[0m [32m INFO[0m [2mbore_cli::client[0m[2m:[0m connected to server [3mremote_port[0m[2m=[0m28220
[2m2026-05-07T08:53:35.980577Z[0m [32m INFO[0m [2mbore_cli::client[0m[2m:[0m listening at bore.pub:28220
[2m2026-05-07T08:53:46.818813Z[0m [32m INFO[0m [2mbore_cli::client[0m[2m:[0m connected to server [3mremote_port[0m[2m=[0m5873
[2m2026-05-07T08:53:46.818942Z[0m [32m INFO[0m [2mbore_cli::client[0m[2m:[0m listening at bore.pub:5873
[2m2026-05-07T08:53:57.366383Z[0m [32m INFO[0m [2mbore_cli::client[0m[2m:[0m connected to server [3mremote_port[0m[2m=[0m11285
[2m2026-05-07T08:53:57.366507Z[0m [32m INFO[0m [2mbore_cli::client[0m[2m:[0m listening at bore.pub:11285
Error: frame error, invalid byte length

Caused by:
    Connection reset by peer (os error 54)
[2m2026-05-07T08:54:17.815469Z[0m [32m INFO[0m [2mbore_cli::client[0m[2m:[0m connected to server [3mremote_port[0m[2m=[0m63647
[2m2026-05-07T08:54:17.815588Z[0m [32m INFO[0m [2mbore_cli::client[0m[2m:[0m listening at bore.pub:63647
[2m2026-05-07T08:54:28.380254Z[0m [32m INFO[0m [2mbore_cli::client[0m[2m:[0m connected to server [3mremote_port[0m[2m=[0m48293
[2m2026-05-07T08:54:28.380394Z[0m [32m INFO[0m [2mbore_cli::client[0m[2m:[0m listening at bore.pub:48293
[2m2026-05-07T08:54:39.375828Z[0m [32m INFO[0m [2mbore_cli::client[0m[2m:[0m connected to server [3mremote_port[0m[2m=[0m7423
[2m2026-05-07T08:54:39.375961Z[0m [32m INFO[0m [2mbore_cli::client[0m[2m:[0m listening at bore.pub:7423
[2m2026-05-07T08:54:49.834219Z[0m [32m INFO[0m [2mbore_cli::client[0m[2m:[0m connected to server [3mremote_port[0m[2m=[0m7236
[2m2026-05-07T08:54:49.834343Z[0m [32m INFO[0m [2mbore_cli::client[0m[2m:[0m listening at bore.pub:7236
[2m2026-05-07T08:55:00.567920Z[0m [32m INFO[0m [2mbore_cli::client[0m[2m:[0m connected to server [3mremote_port[0m[2m=[0m30480
[2m2026-05-07T08:55:00.568115Z[0m [32m INFO[0m [2mbore_cli::client[0m[2m:[0m listening at bore.pub:30480
[2m2026-05-07T08:55:11.102395Z[0m [32m INFO[0m [2mbore_cli::client[0m[2m:[0m connected to server [3mremote_port[0m[2m=[0m30330
[2m2026-05-07T08:55:11.102510Z[0m [32m INFO[0m [2mbore_cli::client[0m[2m:[0m listening at bore.pub:30330
[2m2026-05-07T08:55:21.606133Z[0m [32m INFO[0m [2mbore_cli::client[0m[2m:[0m connected to server [3mremote_port[0m[2m=[0m62124
[2m2026-05-07T08:55:21.606281Z[0m [32m INFO[0m [2mbore_cli::client[0m[2m:[0m listening at bore.pub:62124
[2m2026-05-07T08:55:32.240716Z[0m [32m INFO[0m [2mbore_cli::client[0m[2m:[0m connected to server [3mremote_port[0m[2m=[0m12881
[2m2026-05-07T08:55:32.240844Z[0m [32m INFO[0m [2mbore_cli::client[0m[2m:[0m listening at bore.pub:12881
[2m2026-05-07T08:55:43.080149Z[0m [32m INFO[0m [2mbore_cli::client[0m[2m:[0m connected to server [3mremote_port[0m[2m=[0m31933
[2m2026-05-07T08:55:43.080310Z[0m [32m INFO[0m [2mbore_cli::client[0m[2m:[0m listening at bore.pub:31933
[2m2026-05-07T08:55:53.631542Z[0m [32m INFO[0m [2mbore_cli::client[0m[2m:[0m connected to server [3mremote_port[0m[2m=[0m32708
[2m2026-05-07T08:55:53.631674Z[0m [32m INFO[0m [2mbore_cli::client[0m[2m:[0m listening at bore.pub:32708
[2m2026-05-07T08:56:03.791435Z[0m [32m INFO[0m [2mbore_cli::client[0m[2m:[0m connected to server [3mremote_port[0m[2m=[0m40107
[2m2026-05-07T08:56:03.791572Z[0m [32m INFO[0m [2mbore_cli::client[0m[2m:[0m listening at bore.pub:40107
[2m2026-05-07T08:56:14.535345Z[0m [32m INFO[0m [2mbore_cli::client[0m[2m:[0m connected to server [3mremote_port[0m[2m=[0m21473
[2m2026-05-07T08:56:14.535484Z[0m [32m INFO[0m [2mbore_cli::client[0m[2m:[0m listening at bore.pub:21473
[2m2026-05-07T08:56:25.758916Z[0m [32m INFO[0m [2mbore_cli::client[0m[2m:[0m connected to server [3mremote_port[0m[2m=[0m12333
[2m2026-05-07T08:56:25.759055Z[0m [32m INFO[0m [2mbore_cli::client[0m[2m:[0m listening at bore.pub:12333
[2m2026-05-07T08:56:36.415689Z[0m [32m INFO[0m [2mbore_cli::client[0m[2m:[0m connected to server [3mremote_port[0m[2m=[0m21396
[2m2026-05-07T08:56:36.415819Z[0m [32m INFO[0m [2mbore_cli::client[0m[2m:[0m listening at bore.pub:21396
[2m2026-05-07T08:56:47.020342Z[0m [32m INFO[0m [2mbore_cli::client[0m[2m:[0m connected to server [3mremote_port[0m[2m=[0m33236
[2m2026-05-07T08:56:47.020482Z[0m [32m INFO[0m [2mbore_cli::client[0m[2m:[0m listening at bore.pub:33236
[2m2026-05-07T08:56:57.741166Z[0m [32m INFO[0m [2mbore_cli::client[0m[2m:[0m connected to server [3mremote_port[0m[2m=[0m9941
[2m2026-05-07T08:56:57.741290Z[0m [32m INFO[0m [2mbore_cli::client[0m[2m:[0m listening at bore.pub:9941
[2m2026-05-07T08:57:08.495446Z[0m [32m INFO[0m [2mbore_cli::client[0m[2m:[0m connected to server [3mremote_port[0m[2m=[0m16678
[2m2026-05-07T08:57:08.495578Z[0m [32m INFO[0m [2mbore_cli::client[0m[2m:[0m listening at bore.pub:16678
[2m2026-05-07T08:57:18.999515Z[0m [32m INFO[0m [2mbore_cli::client[0m[2m:[0m connected to server [3mremote_port[0m[2m=[0m24855
[2m2026-05-07T08:57:18.999657Z[0m [32m INFO[0m [2mbore_cli::client[0m[2m:[0m listening at bore.pub:24855
[2m2026-05-07T08:57:29.220311Z[0m [32m INFO[0m [2mbore_cli::client[0m[2m:[0m connected to server [3mremote_port[0m[2m=[0m12594
[2m2026-05-07T08:57:29.220378Z[0m [32m INFO[0m [2mbore_cli::client[0m[2m:[0m listening at bore.pub:12594
[2m2026-05-07T08:57:39.801568Z[0m [32m INFO[0m [2mbore_cli::client[0m[2m:[0m connected to server [3mremote_port[0m[2m=[0m11039
[2m2026-05-07T08:57:39.801695Z[0m [32m INFO[0m [2mbore_cli::client[0m[2m:[0m listening at bore.pub:11039
[2m2026-05-07T08:57:50.038932Z[0m [32m INFO[0m [2mbore_cli::client[0m[2m:[0m connected to server [3mremote_port[0m[2m=[0m32724
[2m2026-05-07T08:57:50.039065Z[0m [32m INFO[0m [2mbore_cli::client[0m[2m:[0m listening at bore.pub:32724
[2m2026-05-07T08:58:00.726461Z[0m [32m INFO[0m [2mbore_cli::client[0m[2m:[0m connected to server [3mremote_port[0m[2m=[0m64527
[2m2026-05-07T08:58:00.726634Z[0m [32m INFO[0m [2mbore_cli::client[0m[2m:[0m listening at bore.pub:64527
[2m2026-05-07T08:58:11.081224Z[0m [32m INFO[0m [2mbore_cli::client[0m[2m:[0m connected to server [3mremote_port[0m[2m=[0m31178
[2m2026-05-07T08:58:11.081386Z[0m [32m INFO[0m [2mbore_cli::client[0m[2m:[0m listening at bore.pub:31178
[2m2026-05-07T08:58:21.623704Z[0m [32m INFO[0m [2mbore_cli::client[0m[2m:[0m connected to server [3mremote_port[0m[2m=[0m38600
[2m2026-05-07T08:58:21.623794Z[0m [32m INFO[0m [2mbore_cli::client[0m[2m:[0m listening at bore.pub:38600
[2m2026-05-07T08:58:31.786672Z[0m [32m INFO[0m [2mbore_cli::client[0m[2m:[0m connected to server [3mremote_port[0m[2m=[0m11904
[2m2026-05-07T08:58:31.786799Z[0m [32m INFO[0m [2mbore_cli::client[0m[2m:[0m listening at bore.pub:11904
[2m2026-05-07T08:58:42.155475Z[0m [32m INFO[0m [2mbore_cli::client[0m[2m:[0m connected to server [3mremote_port[0m[2m=[0m2453
[2m2026-05-07T08:58:42.155623Z[0m [32m INFO[0m [2mbore_cli::client[0m[2m:[0m listening at bore.pub:2453
[2m2026-05-07T08:58:52.812243Z[0m [32m INFO[0m [2mbore_cli::client[0m[2m:[0m connected to server [3mremote_port[0m[2m=[0m20125
[2m2026-05-07T08:58:52.812396Z[0m [32m INFO[0m [2mbore_cli::client[0m[2m:[0m listening at bore.pub:20125
[2m2026-05-07T08:59:03.694421Z[0m [32m INFO[0m [2mbore_cli::client[0m[2m:[0m connected to server [3mremote_port[0m[2m=[0m27455
[2m2026-05-07T08:59:03.694578Z[0m [32m INFO[0m [2mbore_cli::client[0m[2m:[0m listening at bore.pub:27455
[2m2026-05-07T08:59:14.550350Z[0m [32m INFO[0m [2mbore_cli::client[0m[2m:[0m connected to server [3mremote_port[0m[2m=[0m12713
[2m2026-05-07T08:59:14.550489Z[0m [32m INFO[0m [2mbore_cli::client[0m[2m:[0m listening at bore.pub:12713
[2m2026-05-07T08:59:25.186177Z[0m [32m INFO[0m [2mbore_cli::client[0m[2m:[0m connected to server [3mremote_port[0m[2m=[0m41278
[2m2026-05-07T08:59:25.186315Z[0m [32m INFO[0m [2mbore_cli::client[0m[2m:[0m listening at bore.pub:41278
[2m2026-05-07T08:59:35.875614Z[0m [32m INFO[0m [2mbore_cli::client[0m[2m:[0m connected to server [3mremote_port[0m[2m=[0m46579
[2m2026-05-07T08:59:35.875748Z[0m [32m INFO[0m [2mbore_cli::client[0m[2m:[0m listening at bore.pub:46579
[2m2026-05-07T08:59:46.463129Z[0m [32m INFO[0m [2mbore_cli::client[0m[2m:[0m connected to server [3mremote_port[0m[2m=[0m31521
[2m2026-05-07T08:59:46.463264Z[0m [32m INFO[0m [2mbore_cli::client[0m[2m:[0m listening at bore.pub:31521
[2m2026-05-07T08:59:56.505903Z[0m [32m INFO[0m [2mbore_cli::client[0m[2m:[0m connected to server [3mremote_port[0m[2m=[0m5848
[2m2026-05-07T08:59:56.506040Z[0m [32m INFO[0m [2mbore_cli::client[0m[2m:[0m listening at bore.pub:5848
Error: could not connect to bore.pub:7835

Caused by:
    No route to host (os error 65)
[2m2026-05-07T09:00:17.720374Z[0m [32m INFO[0m [2mbore_cli::client[0m[2m:[0m connected to server [3mremote_port[0m[2m=[0m16208
[2m2026-05-07T09:00:17.720511Z[0m [32m INFO[0m [2mbore_cli::client[0m[2m:[0m listening at bore.pub:16208
[2m2026-05-07T09:00:28.452359Z[0m [32m INFO[0m [2mbore_cli::client[0m[2m:[0m connected to server [3mremote_port[0m[2m=[0m37988
[2m2026-05-07T09:00:28.452520Z[0m [32m INFO[0m [2mbore_cli::client[0m[2m:[0m listening at bore.pub:37988
[2m2026-05-07T09:13:53.038317Z[0m [32m INFO[0m [2mbore_cli::client[0m[2m:[0m connected to server [3mremote_port[0m[2m=[0m53101
[2m2026-05-07T09:13:53.038457Z[0m [32m INFO[0m [2mbore_cli::client[0m[2m:[0m listening at bore.pub:53101
Error: could not connect to bore.pub:7835

Caused by:
    No route to host (os error 65)
[2m2026-05-07T09:25:22.226617Z[0m [32m INFO[0m [2mbore_cli::client[0m[2m:[0m connected to server [3mremote_port[0m[2m=[0m11882
[2m2026-05-07T09:25:22.226765Z[0m [32m INFO[0m [2mbore_cli::client[0m[2m:[0m listening at bore.pub:11882
Error: could not connect to bore.pub:7835

Caused by:
    No route to host (os error 65)
[2m2026-05-07T09:33:47.024380Z[0m [32m INFO[0m [2mbore_cli::client[0m[2m:[0m connected to server [3mremote_port[0m[2m=[0m40650
[2m2026-05-07T09:33:47.024526Z[0m [32m INFO[0m [2mbore_cli::client[0m[2m:[0m listening at bore.pub:40650
[2m2026-05-07T09:51:35.794746Z[0m [32m INFO[0m [2mbore_cli::client[0m[2m:[0m connected to server [3mremote_port[0m[2m=[0m34240
[2m2026-05-07T09:51:35.794914Z[0m [32m INFO[0m [2mbore_cli::client[0m[2m:[0m listening at bore.pub:34240
Error: could not connect to bore.pub:7835

Caused by:
    No route to host (os error 65)
[2m2026-05-07T10:10:03.107280Z[0m [32m INFO[0m [2mbore_cli::client[0m[2m:[0m connected to server [3mremote_port[0m[2m=[0m9201
[2m2026-05-07T10:10:03.107480Z[0m [32m INFO[0m [2mbore_cli::client[0m[2m:[0m listening at bore.pub:9201
Error: could not connect to bore.pub:7835

Caused by:
    No route to host (os error 65)
[2m2026-05-07T10:17:54.111570Z[0m [32m INFO[0m [2mbore_cli::client[0m[2m:[0m connected to server [3mremote_port[0m[2m=[0m63463
[2m2026-05-07T10:17:54.111705Z[0m [32m INFO[0m [2mbore_cli::client[0m[2m:[0m listening at bore.pub:63463
[2m2026-05-07T10:18:04.921048Z[0m [32m INFO[0m [2mbore_cli::client[0m[2m:[0m connected to server [3mremote_port[0m[2m=[0m52730
[2m2026-05-07T10:18:04.921208Z[0m [32m INFO[0m [2mbore_cli::client[0m[2m:[0m listening at bore.pub:52730
Error: could not connect to bore.pub:7835

Caused by:
    No route to host (os error 65)
[2m2026-05-07T10:18:26.049363Z[0m [32m INFO[0m [2mbore_cli::client[0m[2m:[0m connected to server [3mremote_port[0m[2m=[0m52394
[2m2026-05-07T10:18:26.049451Z[0m [32m INFO[0m [2mbore_cli::client[0m[2m:[0m listening at bore.pub:52394
Error: could not connect to bore.pub:7835

Caused by:
    No route to host (os error 65)
[2m2026-05-07T10:18:53.753226Z[0m [32m INFO[0m [2mbore_cli::client[0m[2m:[0m connected to server [3mremote_port[0m[2m=[0m4615
[2m2026-05-07T10:18:53.753368Z[0m [32m INFO[0m [2mbore_cli::client[0m[2m:[0m listening at bore.pub:4615
[2m2026-05-07T10:19:03.996207Z[0m [32m INFO[0m [2mbore_cli::client[0m[2m:[0m connected to server [3mremote_port[0m[2m=[0m42435
[2m2026-05-07T10:19:03.996377Z[0m [32m INFO[0m [2mbore_cli::client[0m[2m:[0m listening at bore.pub:42435
Error: could not connect to bore.pub:7835

Caused by:
    No route to host (os error 65)
[2m2026-05-07T10:19:24.853366Z[0m [32m INFO[0m [2mbore_cli::client[0m[2m:[0m connected to server [3mremote_port[0m[2m=[0m57515
[2m2026-05-07T10:19:24.853524Z[0m [32m INFO[0m [2mbore_cli::client[0m[2m:[0m listening at bore.pub:57515
[2m2026-05-07T10:19:35.445334Z[0m [32m INFO[0m [2mbore_cli::client[0m[2m:[0m connected to server [3mremote_port[0m[2m=[0m1312
[2m2026-05-07T10:19:35.445441Z[0m [32m INFO[0m [2mbore_cli::client[0m[2m:[0m listening at bore.pub:1312
Error: could not connect to bore.pub:7835

Caused by:
    No route to host (os error 65)
[2m2026-05-07T10:20:07.250436Z[0m [32m INFO[0m [2mbore_cli::client[0m[2m:[0m connected to server [3mremote_port[0m[2m=[0m20797
[2m2026-05-07T10:20:07.250508Z[0m [32m INFO[0m [2mbore_cli::client[0m[2m:[0m listening at bore.pub:20797
Error: could not connect to bore.pub:7835

Caused by:
    No route to host (os error 65)
[2m2026-05-07T10:20:36.023438Z[0m [32m INFO[0m [2mbore_cli::client[0m[2m:[0m connected to server [3mremote_port[0m[2m=[0m32977
[2m2026-05-07T10:20:36.023602Z[0m [32m INFO[0m [2mbore_cli::client[0m[2m:[0m listening at bore.pub:32977
[2m2026-05-07T10:20:46.199557Z[0m [32m INFO[0m [2mbore_cli::client[0m[2m:[0m connected to server [3mremote_port[0m[2m=[0m43174
[2m2026-05-07T10:20:46.199702Z[0m [32m INFO[0m [2mbore_cli::client[0m[2m:[0m listening at bore.pub:43174
Error: could not connect to bore.pub:7835

Caused by:
    No route to host (os error 65)
[2m2026-05-07T10:21:19.029493Z[0m [32m INFO[0m [2mbore_cli::client[0m[2m:[0m connected to server [3mremote_port[0m[2m=[0m18015
[2m2026-05-07T10:21:19.029637Z[0m [32m INFO[0m [2mbore_cli::client[0m[2m:[0m listening at bore.pub:18015
Error: could not connect to bore.pub:7835

Caused by:
    No route to host (os error 65)
[2m2026-05-07T10:22:23.998834Z[0m [32m INFO[0m [2mbore_cli::client[0m[2m:[0m connected to server [3mremote_port[0m[2m=[0m10666
[2m2026-05-07T10:22:23.998978Z[0m [32m INFO[0m [2mbore_cli::client[0m[2m:[0m listening at bore.pub:10666
Error: could not connect to bore.pub:7835

Caused by:
    No route to host (os error 65)
[2m2026-05-07T10:27:50.274086Z[0m [32m INFO[0m [2mbore_cli::client[0m[2m:[0m connected to server [3mremote_port[0m[2m=[0m1297
[2m2026-05-07T10:27:50.274222Z[0m [32m INFO[0m [2mbore_cli::client[0m[2m:[0m listening at bore.pub:1297
Error: could not connect to bore.pub:7835

Caused by:
    No route to host (os error 65)
[2m2026-05-07T10:31:47.619590Z[0m [32m INFO[0m [2mbore_cli::client[0m[2m:[0m connected to server [3mremote_port[0m[2m=[0m18663
[2m2026-05-07T10:31:47.619724Z[0m [32m INFO[0m [2mbore_cli::client[0m[2m:[0m listening at bore.pub:18663
Error: could not connect to bore.pub:7835

Caused by:
    No route to host (os error 65)
[2m2026-05-07T11:06:41.017860Z[0m [32m INFO[0m [2mbore_cli::client[0m[2m:[0m connected to server [3mremote_port[0m[2m=[0m64914
[2m2026-05-07T11:06:41.018004Z[0m [32m INFO[0m [2mbore_cli::client[0m[2m:[0m listening at bore.pub:64914
Error: could not connect to bore.pub:7835

Caused by:
    No route to host (os error 65)
[2m2026-05-07T11:25:07.265621Z[0m [32m INFO[0m [2mbore_cli::client[0m[2m:[0m connected to server [3mremote_port[0m[2m=[0m12995
[2m2026-05-07T11:25:07.265755Z[0m [32m INFO[0m [2mbore_cli::client[0m[2m:[0m listening at bore.pub:12995
Error: could not connect to bore.pub:7835

Caused by:
    No route to host (os error 65)
[2m2026-05-07T11:45:21.283868Z[0m [32m INFO[0m [2mbore_cli::client[0m[2m:[0m connected to server [3mremote_port[0m[2m=[0m45100
[2m2026-05-07T11:45:21.284033Z[0m [32m INFO[0m [2mbore_cli::client[0m[2m:[0m listening at bore.pub:45100
Error: could not connect to bore.pub:7835

Caused by:
    No route to host (os error 65)
[2m2026-05-07T11:49:52.406296Z[0m [32m INFO[0m [2mbore_cli::client[0m[2m:[0m connected to server [3mremote_port[0m[2m=[0m44283
[2m2026-05-07T11:49:52.406442Z[0m [32m INFO[0m [2mbore_cli::client[0m[2m:[0m listening at bore.pub:44283
Error: could not connect to bore.pub:7835

Caused by:
    No route to host (os error 65)
[2m2026-05-07T12:06:19.819654Z[0m [32m INFO[0m [2mbore_cli::client[0m[2m:[0m connected to server [3mremote_port[0m[2m=[0m48240
[2m2026-05-07T12:06:19.819789Z[0m [32m INFO[0m [2mbore_cli::client[0m[2m:[0m listening at bore.pub:48240
[2m2026-05-07T12:31:10.101545Z[0m [32m INFO[0m [2mbore_cli::client[0m[2m:[0m connected to server [3mremote_port[0m[2m=[0m62772
[2m2026-05-07T12:31:10.101680Z[0m [32m INFO[0m [2mbore_cli::client[0m[2m:[0m listening at bore.pub:62772
Error: could not connect to bore.pub:7835

Caused by:
    No route to host (os error 65)
[2m2026-05-07T12:44:00.710510Z[0m [32m INFO[0m [2mbore_cli::client[0m[2m:[0m connected to server [3mremote_port[0m[2m=[0m30104
[2m2026-05-07T12:44:00.710649Z[0m [32m INFO[0m [2mbore_cli::client[0m[2m:[0m listening at bore.pub:30104
Error: could not connect to bore.pub:7835

Caused by:
    No route to host (os error 65)
[2m2026-05-07T12:55:51.031868Z[0m [32m INFO[0m [2mbore_cli::client[0m[2m:[0m connected to server [3mremote_port[0m[2m=[0m41713
[2m2026-05-07T12:55:51.032017Z[0m [32m INFO[0m [2mbore_cli::client[0m[2m:[0m listening at bore.pub:41713
Error: could not connect to bore.pub:7835

Caused by:
    No route to host (os error 65)
[2m2026-05-07T13:03:41.791547Z[0m [32m INFO[0m [2mbore_cli::client[0m[2m:[0m connected to server [3mremote_port[0m[2m=[0m48658
[2m2026-05-07T13:03:41.791680Z[0m [32m INFO[0m [2mbore_cli::client[0m[2m:[0m listening at bore.pub:48658
[2m2026-05-07T13:09:50.990674Z[0m [32m INFO[0m [1mproxy[0m[1m{[0m[3mid[0m[2m=[0m4b76e22f-3bb3-45bc-a7f1-d33268a1b54d[1m}[0m[2m:[0m [2mbore_cli::client[0m[2m:[0m new connection
[2m2026-05-07T13:09:51.136721Z[0m [33m WARN[0m [1mproxy[0m[1m{[0m[3mid[0m[2m=[0m4b76e22f-3bb3-45bc-a7f1-d33268a1b54d[1m}[0m[2m:[0m [2mbore_cli::client[0m[2m:[0m connection exited with error [3merr[0m[2m=[0mConnection reset by peer (os error 54)
[2m2026-05-07T13:14:10.377761Z[0m [32m INFO[0m [1mproxy[0m[1m{[0m[3mid[0m[2m=[0mdd527370-2597-4e2b-8ead-f9f826fc045b[1m}[0m[2m:[0m [2mbore_cli::client[0m[2m:[0m new connection
[2m2026-05-07T13:14:10.514647Z[0m [32m INFO[0m [1mproxy[0m[1m{[0m[3mid[0m[2m=[0mdd527370-2597-4e2b-8ead-f9f826fc045b[1m}[0m[2m:[0m [2mbore_cli::client[0m[2m:[0m connection exited
Error: could not connect to bore.pub:7835

Caused by:
    No route to host (os error 65)
[2m2026-05-07T13:15:55.301218Z[0m [32m INFO[0m [2mbore_cli::client[0m[2m:[0m connected to server [3mremote_port[0m[2m=[0m17628
[2m2026-05-07T13:15:55.301359Z[0m [32m INFO[0m [2mbore_cli::client[0m[2m:[0m listening at bore.pub:17628
Error: could not connect to bore.pub:7835

Caused by:
    No route to host (os error 65)
[2m2026-05-07T13:20:32.232489Z[0m [32m INFO[0m [2mbore_cli::client[0m[2m:[0m connected to server [3mremote_port[0m[2m=[0m28709
[2m2026-05-07T13:20:32.232644Z[0m [32m INFO[0m [2mbore_cli::client[0m[2m:[0m listening at bore.pub:28709
Error: could not connect to bore.pub:7835

Caused by:
    No route to host (os error 65)
[2m2026-05-07T13:46:00.604418Z[0m [32m INFO[0m [2mbore_cli::client[0m[2m:[0m connected to server [3mremote_port[0m[2m=[0m40349
[2m2026-05-07T13:46:00.604571Z[0m [32m INFO[0m [2mbore_cli::client[0m[2m:[0m listening at bore.pub:40349
Error: could not connect to bore.pub:7835

Caused by:
    No route to host (os error 65)
[2m2026-05-07T13:59:05.000064Z[0m [32m INFO[0m [2mbore_cli::client[0m[2m:[0m connected to server [3mremote_port[0m[2m=[0m28167
[2m2026-05-07T13:59:05.000185Z[0m [32m INFO[0m [2mbore_cli::client[0m[2m:[0m listening at bore.pub:28167
Error: could not connect to bore.pub:7835

Caused by:
    No route to host (os error 65)
[2m2026-05-07T14:23:18.478089Z[0m [32m INFO[0m [2mbore_cli::client[0m[2m:[0m connected to server [3mremote_port[0m[2m=[0m24014
[2m2026-05-07T14:23:18.478221Z[0m [32m INFO[0m [2mbore_cli::client[0m[2m:[0m listening at bore.pub:24014
Error: could not connect to bore.pub:7835

Caused by:
    No route to host (os error 65)
[2m2026-05-07T14:34:59.608791Z[0m [32m INFO[0m [2mbore_cli::client[0m[2m:[0m connected to server [3mremote_port[0m[2m=[0m34248
[2m2026-05-07T14:34:59.608929Z[0m [32m INFO[0m [2mbore_cli::client[0m[2m:[0m listening at bore.pub:34248
Error: could not connect to bore.pub:7835

Caused by:
    No route to host (os error 65)
[2m2026-05-07T15:52:25.524469Z[0m [32m INFO[0m [2mbore_cli::client[0m[2m:[0m connected to server [3mremote_port[0m[2m=[0m2752
[2m2026-05-07T15:52:25.524516Z[0m [32m INFO[0m [2mbore_cli::client[0m[2m:[0m listening at bore.pub:2752
Error: could not connect to bore.pub:7835

Caused by:
    No route to host (os error 65)
[2m2026-05-07T16:20:46.995931Z[0m [32m INFO[0m [2mbore_cli::client[0m[2m:[0m connected to server [3mremote_port[0m[2m=[0m57517
[2m2026-05-07T16:20:46.996111Z[0m [32m INFO[0m [2mbore_cli::client[0m[2m:[0m listening at bore.pub:57517
Error: could not connect to bore.pub:7835

Caused by:
    No route to host (os error 65)
[2m2026-05-07T16:32:12.482591Z[0m [32m INFO[0m [2mbore_cli::client[0m[2m:[0m connected to server [3mremote_port[0m[2m=[0m23284
[2m2026-05-07T16:32:12.482701Z[0m [32m INFO[0m [2mbore_cli::client[0m[2m:[0m listening at bore.pub:23284
Error: could not connect to bore.pub:7835

Caused by:
    No route to host (os error 65)
[2m2026-05-07T16:59:30.673656Z[0m [32m INFO[0m [2mbore_cli::client[0m[2m:[0m connected to server [3mremote_port[0m[2m=[0m51976
[2m2026-05-07T16:59:30.673810Z[0m [32m INFO[0m [2mbore_cli::client[0m[2m:[0m listening at bore.pub:51976
Error: could not connect to bore.pub:7835

Caused by:
    No route to host (os error 65)
[2m2026-05-07T17:44:36.804320Z[0m [32m INFO[0m [2mbore_cli::client[0m[2m:[0m connected to server [3mremote_port[0m[2m=[0m31103
[2m2026-05-07T17:44:36.804451Z[0m [32m INFO[0m [2mbore_cli::client[0m[2m:[0m listening at bore.pub:31103
Error: could not connect to bore.pub:7835

Caused by:
    No route to host (os error 65)
[2m2026-05-07T18:03:20.705467Z[0m [32m INFO[0m [2mbore_cli::client[0m[2m:[0m connected to server [3mremote_port[0m[2m=[0m5709
[2m2026-05-07T18:03:20.705611Z[0m [32m INFO[0m [2mbore_cli::client[0m[2m:[0m listening at bore.pub:5709
Error: could not connect to bore.pub:7835

Caused by:
    No route to host (os error 65)
[2m2026-05-07T18:24:32.334723Z[0m [32m INFO[0m [2mbore_cli::client[0m[2m:[0m connected to server [3mremote_port[0m[2m=[0m19384
[2m2026-05-07T18:24:32.334852Z[0m [32m INFO[0m [2mbore_cli::client[0m[2m:[0m listening at bore.pub:19384
Error: could not connect to bore.pub:7835

Caused by:
    No route to host (os error 65)
[2m2026-05-07T19:20:33.337455Z[0m [32m INFO[0m [2mbore_cli::client[0m[2m:[0m connected to server [3mremote_port[0m[2m=[0m60349
[2m2026-05-07T19:20:33.337584Z[0m [32m INFO[0m [2mbore_cli::client[0m[2m:[0m listening at bore.pub:60349
Error: could not connect to bore.pub:7835

Caused by:
    No route to host (os error 65)
[2m2026-05-07T19:44:49.212430Z[0m [32m INFO[0m [2mbore_cli::client[0m[2m:[0m connected to server [3mremote_port[0m[2m=[0m16029
[2m2026-05-07T19:44:49.212588Z[0m [32m INFO[0m [2mbore_cli::client[0m[2m:[0m listening at bore.pub:16029
Error: could not connect to bore.pub:7835

Caused by:
    No route to host (os error 65)
[2m2026-05-07T21:25:36.677937Z[0m [32m INFO[0m [2mbore_cli::client[0m[2m:[0m connected to server [3mremote_port[0m[2m=[0m10727
[2m2026-05-07T21:25:36.678122Z[0m [32m INFO[0m [2mbore_cli::client[0m[2m:[0m listening at bore.pub:10727
Error: could not connect to bore.pub:7835

Caused by:
    No route to host (os error 65)
[2m2026-05-07T23:04:20.250669Z[0m [32m INFO[0m [2mbore_cli::client[0m[2m:[0m connected to server [3mremote_port[0m[2m=[0m29819
[2m2026-05-07T23:04:20.250802Z[0m [32m INFO[0m [2mbore_cli::client[0m[2m:[0m listening at bore.pub:29819
Error: could not connect to bore.pub:7835

Caused by:
    No route to host (os error 65)
[2m2026-05-08T00:05:00.901821Z[0m [32m INFO[0m [2mbore_cli::client[0m[2m:[0m connected to server [3mremote_port[0m[2m=[0m54244
[2m2026-05-08T00:05:00.901939Z[0m [32m INFO[0m [2mbore_cli::client[0m[2m:[0m listening at bore.pub:54244
Error: could not connect to bore.pub:7835

Caused by:
    No route to host (os error 65)
[2m2026-05-08T01:08:47.968228Z[0m [32m INFO[0m [2mbore_cli::client[0m[2m:[0m connected to server [3mremote_port[0m[2m=[0m7068
[2m2026-05-08T01:08:47.968368Z[0m [32m INFO[0m [2mbore_cli::client[0m[2m:[0m listening at bore.pub:7068
Error: could not connect to bore.pub:7835

Caused by:
    No route to host (os error 65)
[2m2026-05-08T02:57:01.744586Z[0m [32m INFO[0m [2mbore_cli::client[0m[2m:[0m connected to server [3mremote_port[0m[2m=[0m44044
[2m2026-05-08T02:57:01.744730Z[0m [32m INFO[0m [2mbore_cli::client[0m[2m:[0m listening at bore.pub:44044
Error: could not connect to bore.pub:7835

Caused by:
    No route to host (os error 65)
[2m2026-05-08T03:59:55.030363Z[0m [32m INFO[0m [2mbore_cli::client[0m[2m:[0m connected to server [3mremote_port[0m[2m=[0m30441
[2m2026-05-08T03:59:55.030464Z[0m [32m INFO[0m [2mbore_cli::client[0m[2m:[0m listening at bore.pub:30441
Error: could not connect to bore.pub:7835

Caused by:
    No route to host (os error 65)
[2m2026-05-08T05:46:51.334467Z[0m [32m INFO[0m [2mbore_cli::client[0m[2m:[0m connected to server [3mremote_port[0m[2m=[0m65323
[2m2026-05-08T05:46:51.334622Z[0m [32m INFO[0m [2mbore_cli::client[0m[2m:[0m listening at bore.pub:65323
[2m2026-05-08T05:47:02.211009Z[0m [32m INFO[0m [2mbore_cli::client[0m[2m:[0m connected to server [3mremote_port[0m[2m=[0m31181
[2m2026-05-08T05:47:02.211173Z[0m [32m INFO[0m [2mbore_cli::client[0m[2m:[0m listening at bore.pub:31181
[2m2026-05-08T05:47:12.403760Z[0m [32m INFO[0m [2mbore_cli::client[0m[2m:[0m connected to server [3mremote_port[0m[2m=[0m23564
[2m2026-05-08T05:47:12.403885Z[0m [32m INFO[0m [2mbore_cli::client[0m[2m:[0m listening at bore.pub:23564
[2m2026-05-08T05:47:24.102292Z[0m [32m INFO[0m [2mbore_cli::client[0m[2m:[0m connected to server [3mremote_port[0m[2m=[0m20933
[2m2026-05-08T05:47:24.102426Z[0m [32m INFO[0m [2mbore_cli::client[0m[2m:[0m listening at bore.pub:20933
[2m2026-05-08T05:47:33.116512Z[0m [32m INFO[0m [2mbore_cli::client[0m[2m:[0m connected to server [3mremote_port[0m[2m=[0m25895
[2m2026-05-08T05:47:33.116642Z[0m [32m INFO[0m [2mbore_cli::client[0m[2m:[0m listening at bore.pub:25895
[2m2026-05-08T05:47:43.563246Z[0m [32m INFO[0m [2mbore_cli::client[0m[2m:[0m connected to server [3mremote_port[0m[2m=[0m11043
[2m2026-05-08T05:47:43.563366Z[0m [32m INFO[0m [2mbore_cli::client[0m[2m:[0m listening at bore.pub:11043
[2m2026-05-08T05:47:54.419105Z[0m [32m INFO[0m [2mbore_cli::client[0m[2m:[0m connected to server [3mremote_port[0m[2m=[0m16860
[2m2026-05-08T05:47:54.419258Z[0m [32m INFO[0m [2mbore_cli::client[0m[2m:[0m listening at bore.pub:16860
Error: frame error, invalid byte length

Caused by:
    Connection reset by peer (os error 54)
[2m2026-05-08T05:48:14.923443Z[0m [32m INFO[0m [2mbore_cli::client[0m[2m:[0m connected to server [3mremote_port[0m[2m=[0m27553
[2m2026-05-08T05:48:14.923575Z[0m [32m INFO[0m [2mbore_cli::client[0m[2m:[0m listening at bore.pub:27553
[2m2026-05-08T05:48:25.796322Z[0m [32m INFO[0m [2mbore_cli::client[0m[2m:[0m connected to server [3mremote_port[0m[2m=[0m62304
[2m2026-05-08T05:48:25.796518Z[0m [32m INFO[0m [2mbore_cli::client[0m[2m:[0m listening at bore.pub:62304
[2m2026-05-08T05:48:36.613652Z[0m [32m INFO[0m [2mbore_cli::client[0m[2m:[0m connected to server [3mremote_port[0m[2m=[0m9263
[2m2026-05-08T05:48:36.613723Z[0m [32m INFO[0m [2mbore_cli::client[0m[2m:[0m listening at bore.pub:9263
[2m2026-05-08T05:48:47.487495Z[0m [32m INFO[0m [2mbore_cli::client[0m[2m:[0m connected to server [3mremote_port[0m[2m=[0m62703
[2m2026-05-08T05:48:47.487572Z[0m [32m INFO[0m [2mbore_cli::client[0m[2m:[0m listening at bore.pub:62703
[2m2026-05-08T05:48:58.054737Z[0m [32m INFO[0m [2mbore_cli::client[0m[2m:[0m connected to server [3mremote_port[0m[2m=[0m4828
[2m2026-05-08T05:48:58.054869Z[0m [32m INFO[0m [2mbore_cli::client[0m[2m:[0m listening at bore.pub:4828
[2m2026-05-08T05:49:08.167144Z[0m [32m INFO[0m [2mbore_cli::client[0m[2m:[0m connected to server [3mremote_port[0m[2m=[0m26676
[2m2026-05-08T05:49:08.167307Z[0m [32m INFO[0m [2mbore_cli::client[0m[2m:[0m listening at bore.pub:26676
[2m2026-05-08T05:49:19.126290Z[0m [32m INFO[0m [2mbore_cli::client[0m[2m:[0m connected to server [3mremote_port[0m[2m=[0m39656
[2m2026-05-08T05:49:19.126464Z[0m [32m INFO[0m [2mbore_cli::client[0m[2m:[0m listening at bore.pub:39656
[2m2026-05-08T05:49:29.341309Z[0m [32m INFO[0m [2mbore_cli::client[0m[2m:[0m connected to server [3mremote_port[0m[2m=[0m23919
[2m2026-05-08T05:49:29.341439Z[0m [32m INFO[0m [2mbore_cli::client[0m[2m:[0m listening at bore.pub:23919
[2m2026-05-08T05:49:40.303132Z[0m [32m INFO[0m [2mbore_cli::client[0m[2m:[0m connected to server [3mremote_port[0m[2m=[0m44412
[2m2026-05-08T05:49:40.303267Z[0m [32m INFO[0m [2mbore_cli::client[0m[2m:[0m listening at bore.pub:44412
[2m2026-05-08T05:49:50.812415Z[0m [32m INFO[0m [2mbore_cli::client[0m[2m:[0m connected to server [3mremote_port[0m[2m=[0m12427
[2m2026-05-08T05:49:50.812500Z[0m [32m INFO[0m [2mbore_cli::client[0m[2m:[0m listening at bore.pub:12427
[2m2026-05-08T05:50:01.504103Z[0m [32m INFO[0m [2mbore_cli::client[0m[2m:[0m connected to server [3mremote_port[0m[2m=[0m13292
[2m2026-05-08T05:50:01.504226Z[0m [32m INFO[0m [2mbore_cli::client[0m[2m:[0m listening at bore.pub:13292
[2m2026-05-08T05:50:12.129708Z[0m [32m INFO[0m [2mbore_cli::client[0m[2m:[0m connected to server [3mremote_port[0m[2m=[0m23562
[2m2026-05-08T05:50:12.129837Z[0m [32m INFO[0m [2mbore_cli::client[0m[2m:[0m listening at bore.pub:23562
[2m2026-05-08T05:50:22.493176Z[0m [32m INFO[0m [2mbore_cli::client[0m[2m:[0m connected to server [3mremote_port[0m[2m=[0m11325
[2m2026-05-08T05:50:22.493329Z[0m [32m INFO[0m [2mbore_cli::client[0m[2m:[0m listening at bore.pub:11325
[2m2026-05-08T05:50:33.219628Z[0m [32m INFO[0m [2mbore_cli::client[0m[2m:[0m connected to server [3mremote_port[0m[2m=[0m22162
[2m2026-05-08T05:50:33.219758Z[0m [32m INFO[0m [2mbore_cli::client[0m[2m:[0m listening at bore.pub:22162
[2m2026-05-08T05:50:43.997759Z[0m [32m INFO[0m [2mbore_cli::client[0m[2m:[0m connected to server [3mremote_port[0m[2m=[0m23272
[2m2026-05-08T05:50:43.997912Z[0m [32m INFO[0m [2mbore_cli::client[0m[2m:[0m listening at bore.pub:23272
[2m2026-05-08T05:50:54.528504Z[0m [32m INFO[0m [2mbore_cli::client[0m[2m:[0m connected to server [3mremote_port[0m[2m=[0m2624
[2m2026-05-08T05:50:54.528638Z[0m [32m INFO[0m [2mbore_cli::client[0m[2m:[0m listening at bore.pub:2624
[2m2026-05-08T05:51:05.180604Z[0m [32m INFO[0m [2mbore_cli::client[0m[2m:[0m connected to server [3mremote_port[0m[2m=[0m33082
[2m2026-05-08T05:51:05.180751Z[0m [32m INFO[0m [2mbore_cli::client[0m[2m:[0m listening at bore.pub:33082
[2m2026-05-08T05:51:15.593658Z[0m [32m INFO[0m [2mbore_cli::client[0m[2m:[0m connected to server [3mremote_port[0m[2m=[0m43140
[2m2026-05-08T05:51:15.593786Z[0m [32m INFO[0m [2mbore_cli::client[0m[2m:[0m listening at bore.pub:43140
[2m2026-05-08T05:51:26.566180Z[0m [32m INFO[0m [2mbore_cli::client[0m[2m:[0m connected to server [3mremote_port[0m[2m=[0m38200
[2m2026-05-08T05:51:26.566327Z[0m [32m INFO[0m [2mbore_cli::client[0m[2m:[0m listening at bore.pub:38200
[2m2026-05-08T05:51:37.238970Z[0m [32m INFO[0m [2mbore_cli::client[0m[2m:[0m connected to server [3mremote_port[0m[2m=[0m4256
[2m2026-05-08T05:51:37.239106Z[0m [32m INFO[0m [2mbore_cli::client[0m[2m:[0m listening at bore.pub:4256
[2m2026-05-08T05:51:47.744071Z[0m [32m INFO[0m [2mbore_cli::client[0m[2m:[0m connected to server [3mremote_port[0m[2m=[0m8182
[2m2026-05-08T05:51:47.744210Z[0m [32m INFO[0m [2mbore_cli::client[0m[2m:[0m listening at bore.pub:8182
[2m2026-05-08T05:51:58.211783Z[0m [32m INFO[0m [2mbore_cli::client[0m[2m:[0m connected to server [3mremote_port[0m[2m=[0m14221
[2m2026-05-08T05:51:58.211921Z[0m [32m INFO[0m [2mbore_cli::client[0m[2m:[0m listening at bore.pub:14221
[2m2026-05-08T05:52:08.540547Z[0m [32m INFO[0m [2mbore_cli::client[0m[2m:[0m connected to server [3mremote_port[0m[2m=[0m51676
[2m2026-05-08T05:52:08.540660Z[0m [32m INFO[0m [2mbore_cli::client[0m[2m:[0m listening at bore.pub:51676
[2m2026-05-08T05:52:19.062493Z[0m [32m INFO[0m [2mbore_cli::client[0m[2m:[0m connected to server [3mremote_port[0m[2m=[0m56968
[2m2026-05-08T05:52:19.062568Z[0m [32m INFO[0m [2mbore_cli::client[0m[2m:[0m listening at bore.pub:56968
[2m2026-05-08T05:52:29.321261Z[0m [32m INFO[0m [2mbore_cli::client[0m[2m:[0m connected to server [3mremote_port[0m[2m=[0m44938
[2m2026-05-08T05:52:29.321414Z[0m [32m INFO[0m [2mbore_cli::client[0m[2m:[0m listening at bore.pub:44938
[2m2026-05-08T05:52:40.281069Z[0m [32m INFO[0m [2mbore_cli::client[0m[2m:[0m connected to server [3mremote_port[0m[2m=[0m36557
[2m2026-05-08T05:52:40.281204Z[0m [32m INFO[0m [2mbore_cli::client[0m[2m:[0m listening at bore.pub:36557
[2m2026-05-08T05:52:50.791308Z[0m [32m INFO[0m [2mbore_cli::client[0m[2m:[0m connected to server [3mremote_port[0m[2m=[0m33077
[2m2026-05-08T05:52:50.791464Z[0m [32m INFO[0m [2mbore_cli::client[0m[2m:[0m listening at bore.pub:33077
Error: could not connect to bore.pub:7835

Caused by:
    No route to host (os error 65)
[2m2026-05-08T05:53:11.358590Z[0m [32m INFO[0m [2mbore_cli::client[0m[2m:[0m connected to server [3mremote_port[0m[2m=[0m3713
[2m2026-05-08T05:53:11.358709Z[0m [32m INFO[0m [2mbore_cli::client[0m[2m:[0m listening at bore.pub:3713
[2m2026-05-08T05:53:21.537459Z[0m [32m INFO[0m [2mbore_cli::client[0m[2m:[0m connected to server [3mremote_port[0m[2m=[0m28860
[2m2026-05-08T05:53:21.537535Z[0m [32m INFO[0m [2mbore_cli::client[0m[2m:[0m listening at bore.pub:28860
[2m2026-05-08T05:53:32.166344Z[0m [32m INFO[0m [2mbore_cli::client[0m[2m:[0m connected to server [3mremote_port[0m[2m=[0m38253
[2m2026-05-08T05:53:32.166511Z[0m [32m INFO[0m [2mbore_cli::client[0m[2m:[0m listening at bore.pub:38253
[2m2026-05-08T05:53:42.736594Z[0m [32m INFO[0m [2mbore_cli::client[0m[2m:[0m connected to server [3mremote_port[0m[2m=[0m9783
[2m2026-05-08T05:53:42.736793Z[0m [32m INFO[0m [2mbore_cli::client[0m[2m:[0m listening at bore.pub:9783
[2m2026-05-08T05:53:53.038123Z[0m [32m INFO[0m [2mbore_cli::client[0m[2m:[0m connected to server [3mremote_port[0m[2m=[0m27258
[2m2026-05-08T05:53:53.038252Z[0m [32m INFO[0m [2mbore_cli::client[0m[2m:[0m listening at bore.pub:27258
[2m2026-05-08T05:54:03.216815Z[0m [32m INFO[0m [2mbore_cli::client[0m[2m:[0m connected to server [3mremote_port[0m[2m=[0m20722
[2m2026-05-08T05:54:03.216948Z[0m [32m INFO[0m [2mbore_cli::client[0m[2m:[0m listening at bore.pub:20722
[2m2026-05-08T05:54:13.388435Z[0m [32m INFO[0m [2mbore_cli::client[0m[2m:[0m connected to server [3mremote_port[0m[2m=[0m5100
[2m2026-05-08T05:54:13.388578Z[0m [32m INFO[0m [2mbore_cli::client[0m[2m:[0m listening at bore.pub:5100
Error: could not connect to bore.pub:7835

Caused by:
    No route to host (os error 65)
[2m2026-05-08T05:54:33.798991Z[0m [32m INFO[0m [2mbore_cli::client[0m[2m:[0m connected to server [3mremote_port[0m[2m=[0m60730
[2m2026-05-08T05:54:33.799105Z[0m [32m INFO[0m [2mbore_cli::client[0m[2m:[0m listening at bore.pub:60730
Error: could not connect to bore.pub:7835

Caused by:
    No route to host (os error 65)
[2m2026-05-08T05:54:54.549349Z[0m [32m INFO[0m [2mbore_cli::client[0m[2m:[0m connected to server [3mremote_port[0m[2m=[0m3529
[2m2026-05-08T05:54:54.549485Z[0m [32m INFO[0m [2mbore_cli::client[0m[2m:[0m listening at bore.pub:3529
Error: frame error, invalid byte length

Caused by:
    Connection reset by peer (os error 54)
[2m2026-05-08T05:55:15.073491Z[0m [32m INFO[0m [2mbore_cli::client[0m[2m:[0m connected to server [3mremote_port[0m[2m=[0m42764
[2m2026-05-08T05:55:15.073618Z[0m [32m INFO[0m [2mbore_cli::client[0m[2m:[0m listening at bore.pub:42764
[2m2026-05-08T05:55:26.017623Z[0m [32m INFO[0m [2mbore_cli::client[0m[2m:[0m connected to server [3mremote_port[0m[2m=[0m29375
[2m2026-05-08T05:55:26.017754Z[0m [32m INFO[0m [2mbore_cli::client[0m[2m:[0m listening at bore.pub:29375
[2m2026-05-08T05:55:36.338476Z[0m [32m INFO[0m [2mbore_cli::client[0m[2m:[0m connected to server [3mremote_port[0m[2m=[0m48125
[2m2026-05-08T05:55:36.338608Z[0m [32m INFO[0m [2mbore_cli::client[0m[2m:[0m listening at bore.pub:48125
[2m2026-05-08T05:55:47.157229Z[0m [32m INFO[0m [2mbore_cli::client[0m[2m:[0m connected to server [3mremote_port[0m[2m=[0m52070
[2m2026-05-08T05:55:47.157360Z[0m [32m INFO[0m [2mbore_cli::client[0m[2m:[0m listening at bore.pub:52070
[2m2026-05-08T05:55:57.652842Z[0m [32m INFO[0m [2mbore_cli::client[0m[2m:[0m connected to server [3mremote_port[0m[2m=[0m15067
[2m2026-05-08T05:55:57.652980Z[0m [32m INFO[0m [2mbore_cli::client[0m[2m:[0m listening at bore.pub:15067
[2m2026-05-08T05:56:07.819398Z[0m [32m INFO[0m [2mbore_cli::client[0m[2m:[0m connected to server [3mremote_port[0m[2m=[0m52243
[2m2026-05-08T05:56:07.819561Z[0m [32m INFO[0m [2mbore_cli::client[0m[2m:[0m listening at bore.pub:52243
[2m2026-05-08T05:56:18.418218Z[0m [32m INFO[0m [2mbore_cli::client[0m[2m:[0m connected to server [3mremote_port[0m[2m=[0m17777
[2m2026-05-08T05:56:18.418348Z[0m [32m INFO[0m [2mbore_cli::client[0m[2m:[0m listening at bore.pub:17777
[2m2026-05-08T05:56:29.007849Z[0m [32m INFO[0m [2mbore_cli::client[0m[2m:[0m connected to server [3mremote_port[0m[2m=[0m26924
[2m2026-05-08T05:56:29.007989Z[0m [32m INFO[0m [2mbore_cli::client[0m[2m:[0m listening at bore.pub:26924
[2m2026-05-08T05:56:39.320968Z[0m [32m INFO[0m [2mbore_cli::client[0m[2m:[0m connected to server [3mremote_port[0m[2m=[0m60061
[2m2026-05-08T05:56:39.321098Z[0m [32m INFO[0m [2mbore_cli::client[0m[2m:[0m listening at bore.pub:60061
Error: frame error, invalid byte length

Caused by:
    Connection reset by peer (os error 54)
[2m2026-05-08T05:57:00.177916Z[0m [32m INFO[0m [2mbore_cli::client[0m[2m:[0m connected to server [3mremote_port[0m[2m=[0m45674
[2m2026-05-08T05:57:00.177984Z[0m [32m INFO[0m [2mbore_cli::client[0m[2m:[0m listening at bore.pub:45674
[2m2026-05-08T05:57:10.902951Z[0m [32m INFO[0m [2mbore_cli::client[0m[2m:[0m connected to server [3mremote_port[0m[2m=[0m6958
[2m2026-05-08T05:57:10.903114Z[0m [32m INFO[0m [2mbore_cli::client[0m[2m:[0m listening at bore.pub:6958
[2m2026-05-08T05:57:21.605803Z[0m [32m INFO[0m [2mbore_cli::client[0m[2m:[0m connected to server [3mremote_port[0m[2m=[0m29779
[2m2026-05-08T05:57:21.605942Z[0m [32m INFO[0m [2mbore_cli::client[0m[2m:[0m listening at bore.pub:29779
[2m2026-05-08T05:57:32.546696Z[0m [32m INFO[0m [2mbore_cli::client[0m[2m:[0m connected to server [3mremote_port[0m[2m=[0m22407
[2m2026-05-08T05:57:32.546844Z[0m [32m INFO[0m [2mbore_cli::client[0m[2m:[0m listening at bore.pub:22407
[2m2026-05-08T05:57:43.017327Z[0m [32m INFO[0m [2mbore_cli::client[0m[2m:[0m connected to server [3mremote_port[0m[2m=[0m26529
[2m2026-05-08T05:57:43.017458Z[0m [32m INFO[0m [2mbore_cli::client[0m[2m:[0m listening at bore.pub:26529
[2m2026-05-08T05:57:53.555788Z[0m [32m INFO[0m [2mbore_cli::client[0m[2m:[0m connected to server [3mremote_port[0m[2m=[0m26271
[2m2026-05-08T05:57:53.555938Z[0m [32m INFO[0m [2mbore_cli::client[0m[2m:[0m listening at bore.pub:26271
[2m2026-05-08T05:58:03.959329Z[0m [32m INFO[0m [2mbore_cli::client[0m[2m:[0m connected to server [3mremote_port[0m[2m=[0m28752
[2m2026-05-08T05:58:03.959445Z[0m [32m INFO[0m [2mbore_cli::client[0m[2m:[0m listening at bore.pub:28752
[2m2026-05-08T05:58:14.217810Z[0m [32m INFO[0m [2mbore_cli::client[0m[2m:[0m connected to server [3mremote_port[0m[2m=[0m15526
[2m2026-05-08T05:58:14.217934Z[0m [32m INFO[0m [2mbore_cli::client[0m[2m:[0m listening at bore.pub:15526
[2m2026-05-08T05:58:24.762501Z[0m [32m INFO[0m [2mbore_cli::client[0m[2m:[0m connected to server [3mremote_port[0m[2m=[0m43845
[2m2026-05-08T05:58:24.762630Z[0m [32m INFO[0m [2mbore_cli::client[0m[2m:[0m listening at bore.pub:43845
[2m2026-05-08T05:58:35.521453Z[0m [32m INFO[0m [2mbore_cli::client[0m[2m:[0m connected to server [3mremote_port[0m[2m=[0m22131
[2m2026-05-08T05:58:35.521557Z[0m [32m INFO[0m [2mbore_cli::client[0m[2m:[0m listening at bore.pub:22131
Error: could not connect to bore.pub:7835

Caused by:
    No route to host (os error 65)
[2m2026-05-08T05:58:56.204528Z[0m [32m INFO[0m [2mbore_cli::client[0m[2m:[0m connected to server [3mremote_port[0m[2m=[0m64336
[2m2026-05-08T05:58:56.204697Z[0m [32m INFO[0m [2mbore_cli::client[0m[2m:[0m listening at bore.pub:64336
[2m2026-05-08T05:59:06.718908Z[0m [32m INFO[0m [2mbore_cli::client[0m[2m:[0m connected to server [3mremote_port[0m[2m=[0m2747
[2m2026-05-08T05:59:06.719013Z[0m [32m INFO[0m [2mbore_cli::client[0m[2m:[0m listening at bore.pub:2747
[2m2026-05-08T05:59:17.076118Z[0m [32m INFO[0m [2mbore_cli::client[0m[2m:[0m connected to server [3mremote_port[0m[2m=[0m11889
[2m2026-05-08T05:59:17.076241Z[0m [32m INFO[0m [2mbore_cli::client[0m[2m:[0m listening at bore.pub:11889
[2m2026-05-08T05:59:27.085589Z[0m [32m INFO[0m [2mbore_cli::client[0m[2m:[0m connected to server [3mremote_port[0m[2m=[0m8045
[2m2026-05-08T05:59:27.085661Z[0m [32m INFO[0m [2mbore_cli::client[0m[2m:[0m listening at bore.pub:8045
[2m2026-05-08T05:59:37.119236Z[0m [32m INFO[0m [2mbore_cli::client[0m[2m:[0m connected to server [3mremote_port[0m[2m=[0m1258
[2m2026-05-08T05:59:37.119373Z[0m [32m INFO[0m [2mbore_cli::client[0m[2m:[0m listening at bore.pub:1258
[2m2026-05-08T05:59:47.717684Z[0m [32m INFO[0m [2mbore_cli::client[0m[2m:[0m connected to server [3mremote_port[0m[2m=[0m6431
[2m2026-05-08T05:59:47.717821Z[0m [32m INFO[0m [2mbore_cli::client[0m[2m:[0m listening at bore.pub:6431
[2m2026-05-08T05:59:58.198050Z[0m [32m INFO[0m [2mbore_cli::client[0m[2m:[0m connected to server [3mremote_port[0m[2m=[0m14392
[2m2026-05-08T05:59:58.198195Z[0m [32m INFO[0m [2mbore_cli::client[0m[2m:[0m listening at bore.pub:14392
[2m2026-05-08T06:00:08.965669Z[0m [32m INFO[0m [2mbore_cli::client[0m[2m:[0m connected to server [3mremote_port[0m[2m=[0m26157
[2m2026-05-08T06:00:08.965832Z[0m [32m INFO[0m [2mbore_cli::client[0m[2m:[0m listening at bore.pub:26157
[2m2026-05-08T06:00:19.637465Z[0m [32m INFO[0m [2mbore_cli::client[0m[2m:[0m connected to server [3mremote_port[0m[2m=[0m36864
[2m2026-05-08T06:00:19.637602Z[0m [32m INFO[0m [2mbore_cli::client[0m[2m:[0m listening at bore.pub:36864
[2m2026-05-08T06:00:30.402778Z[0m [32m INFO[0m [2mbore_cli::client[0m[2m:[0m connected to server [3mremote_port[0m[2m=[0m34395
[2m2026-05-08T06:00:30.402918Z[0m [32m INFO[0m [2mbore_cli::client[0m[2m:[0m listening at bore.pub:34395
[2m2026-05-08T06:00:40.890619Z[0m [32m INFO[0m [2mbore_cli::client[0m[2m:[0m connected to server [3mremote_port[0m[2m=[0m7519
[2m2026-05-08T06:00:40.890747Z[0m [32m INFO[0m [2mbore_cli::client[0m[2m:[0m listening at bore.pub:7519
[2m2026-05-08T06:00:51.567293Z[0m [32m INFO[0m [2mbore_cli::client[0m[2m:[0m connected to server [3mremote_port[0m[2m=[0m53992
[2m2026-05-08T06:00:51.567452Z[0m [32m INFO[0m [2mbore_cli::client[0m[2m:[0m listening at bore.pub:53992
[2m2026-05-08T06:01:01.973754Z[0m [32m INFO[0m [2mbore_cli::client[0m[2m:[0m connected to server [3mremote_port[0m[2m=[0m4879
[2m2026-05-08T06:01:01.973887Z[0m [32m INFO[0m [2mbore_cli::client[0m[2m:[0m listening at bore.pub:4879
[2m2026-05-08T06:01:12.372369Z[0m [32m INFO[0m [2mbore_cli::client[0m[2m:[0m connected to server [3mremote_port[0m[2m=[0m57303
[2m2026-05-08T06:01:12.372528Z[0m [32m INFO[0m [2mbore_cli::client[0m[2m:[0m listening at bore.pub:57303
[2m2026-05-08T06:01:22.719721Z[0m [32m INFO[0m [2mbore_cli::client[0m[2m:[0m connected to server [3mremote_port[0m[2m=[0m37622
[2m2026-05-08T06:01:22.719767Z[0m [32m INFO[0m [2mbore_cli::client[0m[2m:[0m listening at bore.pub:37622
[2m2026-05-08T06:01:33.418668Z[0m [32m INFO[0m [2mbore_cli::client[0m[2m:[0m connected to server [3mremote_port[0m[2m=[0m41035
[2m2026-05-08T06:01:33.418807Z[0m [32m INFO[0m [2mbore_cli::client[0m[2m:[0m listening at bore.pub:41035
[2m2026-05-08T06:01:43.462425Z[0m [32m INFO[0m [2mbore_cli::client[0m[2m:[0m connected to server [3mremote_port[0m[2m=[0m19931
[2m2026-05-08T06:01:43.462537Z[0m [32m INFO[0m [2mbore_cli::client[0m[2m:[0m listening at bore.pub:19931
[2m2026-05-08T06:01:54.084705Z[0m [32m INFO[0m [2mbore_cli::client[0m[2m:[0m connected to server [3mremote_port[0m[2m=[0m17299
[2m2026-05-08T06:01:54.084846Z[0m [32m INFO[0m [2mbore_cli::client[0m[2m:[0m listening at bore.pub:17299
[2m2026-05-08T06:02:04.550314Z[0m [32m INFO[0m [2mbore_cli::client[0m[2m:[0m connected to server [3mremote_port[0m[2m=[0m37432
[2m2026-05-08T06:02:04.550442Z[0m [32m INFO[0m [2mbore_cli::client[0m[2m:[0m listening at bore.pub:37432
[2m2026-05-08T06:02:15.337173Z[0m [32m INFO[0m [2mbore_cli::client[0m[2m:[0m connected to server [3mremote_port[0m[2m=[0m49804
[2m2026-05-08T06:02:15.337308Z[0m [32m INFO[0m [2mbore_cli::client[0m[2m:[0m listening at bore.pub:49804
[2m2026-05-08T06:02:26.110086Z[0m [32m INFO[0m [2mbore_cli::client[0m[2m:[0m connected to server [3mremote_port[0m[2m=[0m61169
[2m2026-05-08T06:02:26.110232Z[0m [32m INFO[0m [2mbore_cli::client[0m[2m:[0m listening at bore.pub:61169
[2m2026-05-08T06:02:36.672434Z[0m [32m INFO[0m [2mbore_cli::client[0m[2m:[0m connected to server [3mremote_port[0m[2m=[0m43612
[2m2026-05-08T06:02:36.672528Z[0m [32m INFO[0m [2mbore_cli::client[0m[2m:[0m listening at bore.pub:43612
[2m2026-05-08T06:02:47.053407Z[0m [32m INFO[0m [2mbore_cli::client[0m[2m:[0m connected to server [3mremote_port[0m[2m=[0m57524
[2m2026-05-08T06:02:47.053502Z[0m [32m INFO[0m [2mbore_cli::client[0m[2m:[0m listening at bore.pub:57524
[2m2026-05-08T06:02:57.755780Z[0m [32m INFO[0m [2mbore_cli::client[0m[2m:[0m connected to server [3mremote_port[0m[2m=[0m36289
[2m2026-05-08T06:02:57.755922Z[0m [32m INFO[0m [2mbore_cli::client[0m[2m:[0m listening at bore.pub:36289
[2m2026-05-08T06:03:08.411981Z[0m [32m INFO[0m [2mbore_cli::client[0m[2m:[0m connected to server [3mremote_port[0m[2m=[0m14619
[2m2026-05-08T06:03:08.412112Z[0m [32m INFO[0m [2mbore_cli::client[0m[2m:[0m listening at bore.pub:14619
[2m2026-05-08T06:03:19.250252Z[0m [32m INFO[0m [2mbore_cli::client[0m[2m:[0m connected to server [3mremote_port[0m[2m=[0m11653
[2m2026-05-08T06:03:19.250394Z[0m [32m INFO[0m [2mbore_cli::client[0m[2m:[0m listening at bore.pub:11653
Error: could not connect to bore.pub:7835

Caused by:
    No route to host (os error 65)
[2m2026-05-08T06:03:43.282954Z[0m [32m INFO[0m [2mbore_cli::client[0m[2m:[0m connected to server [3mremote_port[0m[2m=[0m12926
[2m2026-05-08T06:03:43.283060Z[0m [32m INFO[0m [2mbore_cli::client[0m[2m:[0m listening at bore.pub:12926
[2m2026-05-08T06:03:53.743586Z[0m [32m INFO[0m [2mbore_cli::client[0m[2m:[0m connected to server [3mremote_port[0m[2m=[0m13331
[2m2026-05-08T06:03:53.743684Z[0m [32m INFO[0m [2mbore_cli::client[0m[2m:[0m listening at bore.pub:13331
[2m2026-05-08T06:04:04.505621Z[0m [32m INFO[0m [2mbore_cli::client[0m[2m:[0m connected to server [3mremote_port[0m[2m=[0m7622
[2m2026-05-08T06:04:04.505762Z[0m [32m INFO[0m [2mbore_cli::client[0m[2m:[0m listening at bore.pub:7622
Error: could not connect to bore.pub:7835

Caused by:
    No route to host (os error 65)
[2m2026-05-08T07:45:54.103587Z[0m [32m INFO[0m [2mbore_cli::client[0m[2m:[0m connected to server [3mremote_port[0m[2m=[0m22145
[2m2026-05-08T07:45:54.103708Z[0m [32m INFO[0m [2mbore_cli::client[0m[2m:[0m listening at bore.pub:22145
Error: could not connect to bore.pub:7835

Caused by:
    No route to host (os error 65)
[2m2026-05-08T09:11:37.440247Z[0m [32m INFO[0m [2mbore_cli::client[0m[2m:[0m connected to server [3mremote_port[0m[2m=[0m30800
[2m2026-05-08T09:11:37.440414Z[0m [32m INFO[0m [2mbore_cli::client[0m[2m:[0m listening at bore.pub:30800
Error: could not connect to bore.pub:7835

Caused by:
    No route to host (os error 65)
[2m2026-05-08T11:11:56.009162Z[0m [32m INFO[0m [2mbore_cli::client[0m[2m:[0m connected to server [3mremote_port[0m[2m=[0m52274
[2m2026-05-08T11:11:56.009292Z[0m [32m INFO[0m [2mbore_cli::client[0m[2m:[0m listening at bore.pub:52274
Error: could not connect to bore.pub:7835

Caused by:
    No route to host (os error 65)
[2m2026-05-08T12:50:32.504315Z[0m [32m INFO[0m [2mbore_cli::client[0m[2m:[0m connected to server [3mremote_port[0m[2m=[0m38451
[2m2026-05-08T12:50:32.504386Z[0m [32m INFO[0m [2mbore_cli::client[0m[2m:[0m listening at bore.pub:38451
Error: could not connect to bore.pub:7835

Caused by:
    No route to host (os error 65)
[2m2026-05-08T14:12:20.216998Z[0m [32m INFO[0m [2mbore_cli::client[0m[2m:[0m connected to server [3mremote_port[0m[2m=[0m12271
[2m2026-05-08T14:12:20.217123Z[0m [32m INFO[0m [2mbore_cli::client[0m[2m:[0m listening at bore.pub:12271
Error: could not connect to bore.pub:7835

Caused by:
    No route to host (os error 65)
[2m2026-05-08T15:56:40.479783Z[0m [32m INFO[0m [2mbore_cli::client[0m[2m:[0m connected to server [3mremote_port[0m[2m=[0m45527
[2m2026-05-08T15:56:40.479923Z[0m [32m INFO[0m [2mbore_cli::client[0m[2m:[0m listening at bore.pub:45527
Error: could not connect to bore.pub:7835

Caused by:
    No route to host (os error 65)
[2m2026-05-08T17:26:54.854394Z[0m [32m INFO[0m [2mbore_cli::client[0m[2m:[0m connected to server [3mremote_port[0m[2m=[0m13266
[2m2026-05-08T17:26:54.854525Z[0m [32m INFO[0m [2mbore_cli::client[0m[2m:[0m listening at bore.pub:13266
Error: could not connect to bore.pub:7835

Caused by:
    No route to host (os error 65)
[2m2026-05-08T19:04:26.441709Z[0m [32m INFO[0m [2mbore_cli::client[0m[2m:[0m connected to server [3mremote_port[0m[2m=[0m18251
[2m2026-05-08T19:04:26.441842Z[0m [32m INFO[0m [2mbore_cli::client[0m[2m:[0m listening at bore.pub:18251
Error: could not connect to bore.pub:7835

Caused by:
    No route to host (os error 65)
[2m2026-05-08T19:32:12.192703Z[0m [32m INFO[0m [2mbore_cli::client[0m[2m:[0m connected to server [3mremote_port[0m[2m=[0m29536
[2m2026-05-08T19:32:12.192830Z[0m [32m INFO[0m [2mbore_cli::client[0m[2m:[0m listening at bore.pub:29536
Error: could not connect to bore.pub:7835

Caused by:
    No route to host (os error 65)
[2m2026-05-08T21:02:46.023742Z[0m [32m INFO[0m [2mbore_cli::client[0m[2m:[0m connected to server [3mremote_port[0m[2m=[0m19024
[2m2026-05-08T21:02:46.023878Z[0m [32m INFO[0m [2mbore_cli::client[0m[2m:[0m listening at bore.pub:19024
Error: could not connect to bore.pub:7835

Caused by:
    No route to host (os error 65)
[2m2026-05-08T21:40:28.886720Z[0m [32m INFO[0m [2mbore_cli::client[0m[2m:[0m connected to server [3mremote_port[0m[2m=[0m28581
[2m2026-05-08T21:40:28.886859Z[0m [32m INFO[0m [2mbore_cli::client[0m[2m:[0m listening at bore.pub:28581
Error: could not connect to bore.pub:7835

Caused by:
    No route to host (os error 65)
[2m2026-05-09T00:50:59.925238Z[0m [32m INFO[0m [2mbore_cli::client[0m[2m:[0m connected to server [3mremote_port[0m[2m=[0m20988
[2m2026-05-09T00:50:59.925379Z[0m [32m INFO[0m [2mbore_cli::client[0m[2m:[0m listening at bore.pub:20988
Error: could not connect to bore.pub:7835

Caused by:
    No route to host (os error 65)
[2m2026-05-09T02:08:48.406117Z[0m [32m INFO[0m [2mbore_cli::client[0m[2m:[0m connected to server [3mremote_port[0m[2m=[0m54706
[2m2026-05-09T02:08:48.406252Z[0m [32m INFO[0m [2mbore_cli::client[0m[2m:[0m listening at bore.pub:54706
Error: could not connect to bore.pub:7835

Caused by:
    No route to host (os error 65)
[2m2026-05-09T02:58:27.100338Z[0m [32m INFO[0m [2mbore_cli::client[0m[2m:[0m connected to server [3mremote_port[0m[2m=[0m45897
[2m2026-05-09T02:58:27.100464Z[0m [32m INFO[0m [2mbore_cli::client[0m[2m:[0m listening at bore.pub:45897
Error: could not connect to bore.pub:7835

Caused by:
    No route to host (os error 65)
[2m2026-05-09T04:20:41.787970Z[0m [32m INFO[0m [2mbore_cli::client[0m[2m:[0m connected to server [3mremote_port[0m[2m=[0m21424
[2m2026-05-09T04:20:41.788106Z[0m [32m INFO[0m [2mbore_cli::client[0m[2m:[0m listening at bore.pub:21424
Error: could not connect to bore.pub:7835

Caused by:
    No route to host (os error 65)
[2m2026-05-09T05:23:50.725036Z[0m [32m INFO[0m [2mbore_cli::client[0m[2m:[0m connected to server [3mremote_port[0m[2m=[0m37285
[2m2026-05-09T05:23:50.725095Z[0m [32m INFO[0m [2mbore_cli::client[0m[2m:[0m listening at bore.pub:37285
Error: could not connect to bore.pub:7835

Caused by:
    No route to host (os error 65)
[2m2026-05-09T05:52:23.819870Z[0m [32m INFO[0m [2mbore_cli::client[0m[2m:[0m connected to server [3mremote_port[0m[2m=[0m28757
[2m2026-05-09T05:52:23.820021Z[0m [32m INFO[0m [2mbore_cli::client[0m[2m:[0m listening at bore.pub:28757
Error: could not connect to bore.pub:7835

Caused by:
    No route to host (os error 65)
[2m2026-05-09T06:06:57.153337Z[0m [32m INFO[0m [2mbore_cli::client[0m[2m:[0m connected to server [3mremote_port[0m[2m=[0m30833
[2m2026-05-09T06:06:57.153472Z[0m [32m INFO[0m [2mbore_cli::client[0m[2m:[0m listening at bore.pub:30833
Error: could not connect to bore.pub:7835

Caused by:
    No route to host (os error 65)
[2m2026-05-09T06:54:24.215826Z[0m [32m INFO[0m [2mbore_cli::client[0m[2m:[0m connected to server [3mremote_port[0m[2m=[0m48072
[2m2026-05-09T06:54:24.215956Z[0m [32m INFO[0m [2mbore_cli::client[0m[2m:[0m listening at bore.pub:48072
Error: could not connect to bore.pub:7835

Caused by:
    No route to host (os error 65)
[2m2026-05-09T07:22:37.021858Z[0m [32m INFO[0m [2mbore_cli::client[0m[2m:[0m connected to server [3mremote_port[0m[2m=[0m22433
[2m2026-05-09T07:22:37.021979Z[0m [32m INFO[0m [2mbore_cli::client[0m[2m:[0m listening at bore.pub:22433
Error: could not connect to bore.pub:7835

Caused by:
    No route to host (os error 65)
[2m2026-05-09T08:33:11.951634Z[0m [32m INFO[0m [2mbore_cli::client[0m[2m:[0m connected to server [3mremote_port[0m[2m=[0m51338
[2m2026-05-09T08:33:11.951768Z[0m [32m INFO[0m [2mbore_cli::client[0m[2m:[0m listening at bore.pub:51338
Error: could not connect to bore.pub:7835

Caused by:
    No route to host (os error 65)
[2m2026-05-09T09:05:51.025679Z[0m [32m INFO[0m [2mbore_cli::client[0m[2m:[0m connected to server [3mremote_port[0m[2m=[0m57882
[2m2026-05-09T09:05:51.025835Z[0m [32m INFO[0m [2mbore_cli::client[0m[2m:[0m listening at bore.pub:57882
Error: could not connect to bore.pub:7835

Caused by:
    No route to host (os error 65)
[2m2026-05-09T09:57:52.522071Z[0m [32m INFO[0m [2mbore_cli::client[0m[2m:[0m connected to server [3mremote_port[0m[2m=[0m19542
[2m2026-05-09T09:57:52.522207Z[0m [32m INFO[0m [2mbore_cli::client[0m[2m:[0m listening at bore.pub:19542
Error: could not connect to bore.pub:7835

Caused by:
    No route to host (os error 65)
[2m2026-05-09T10:10:55.608066Z[0m [32m INFO[0m [2mbore_cli::client[0m[2m:[0m connected to server [3mremote_port[0m[2m=[0m52218
[2m2026-05-09T10:10:55.608199Z[0m [32m INFO[0m [2mbore_cli::client[0m[2m:[0m listening at bore.pub:52218
Error: could not connect to bore.pub:7835

Caused by:
    No route to host (os error 65)
[2m2026-05-09T10:29:34.398025Z[0m [32m INFO[0m [2mbore_cli::client[0m[2m:[0m connected to server [3mremote_port[0m[2m=[0m3524
[2m2026-05-09T10:29:34.398158Z[0m [32m INFO[0m [2mbore_cli::client[0m[2m:[0m listening at bore.pub:3524
Error: could not connect to bore.pub:7835

Caused by:
    No route to host (os error 65)
[2m2026-05-09T10:30:12.017876Z[0m [32m INFO[0m [2mbore_cli::client[0m[2m:[0m connected to server [3mremote_port[0m[2m=[0m30623
[2m2026-05-09T10:30:12.017957Z[0m [32m INFO[0m [2mbore_cli::client[0m[2m:[0m listening at bore.pub:30623
Error: could not connect to bore.pub:7835

Caused by:
    No route to host (os error 65)
[2m2026-05-09T10:30:40.123875Z[0m [32m INFO[0m [2mbore_cli::client[0m[2m:[0m connected to server [3mremote_port[0m[2m=[0m19554
[2m2026-05-09T10:30:40.124005Z[0m [32m INFO[0m [2mbore_cli::client[0m[2m:[0m listening at bore.pub:19554
Error: could not connect to bore.pub:7835

Caused by:
    No route to host (os error 65)
[2m2026-05-09T10:31:06.566598Z[0m [32m INFO[0m [2mbore_cli::client[0m[2m:[0m connected to server [3mremote_port[0m[2m=[0m28515
[2m2026-05-09T10:31:06.566758Z[0m [32m INFO[0m [2mbore_cli::client[0m[2m:[0m listening at bore.pub:28515
Error: could not connect to bore.pub:7835

Caused by:
    No route to host (os error 65)
[2m2026-05-09T10:31:31.050517Z[0m [32m INFO[0m [2mbore_cli::client[0m[2m:[0m connected to server [3mremote_port[0m[2m=[0m4496
[2m2026-05-09T10:31:31.050646Z[0m [32m INFO[0m [2mbore_cli::client[0m[2m:[0m listening at bore.pub:4496
Error: could not connect to bore.pub:7835

Caused by:
    No route to host (os error 65)
[2m2026-05-09T10:31:54.478050Z[0m [32m INFO[0m [2mbore_cli::client[0m[2m:[0m connected to server [3mremote_port[0m[2m=[0m59839
[2m2026-05-09T10:31:54.478187Z[0m [32m INFO[0m [2mbore_cli::client[0m[2m:[0m listening at bore.pub:59839
[2m2026-05-09T10:32:04.538600Z[0m [32m INFO[0m [2mbore_cli::client[0m[2m:[0m connected to server [3mremote_port[0m[2m=[0m33506
[2m2026-05-09T10:32:04.538729Z[0m [32m INFO[0m [2mbore_cli::client[0m[2m:[0m listening at bore.pub:33506
Error: could not connect to bore.pub:7835

Caused by:
    No route to host (os error 65)
[2m2026-05-09T10:32:43.966094Z[0m [32m INFO[0m [2mbore_cli::client[0m[2m:[0m connected to server [3mremote_port[0m[2m=[0m41181
[2m2026-05-09T10:32:43.966215Z[0m [32m INFO[0m [2mbore_cli::client[0m[2m:[0m listening at bore.pub:41181
[2m2026-05-09T10:32:54.287764Z[0m [32m INFO[0m [2mbore_cli::client[0m[2m:[0m connected to server [3mremote_port[0m[2m=[0m49459
[2m2026-05-09T10:32:54.287892Z[0m [32m INFO[0m [2mbore_cli::client[0m[2m:[0m listening at bore.pub:49459
Error: could not connect to bore.pub:7835

Caused by:
    No route to host (os error 65)
[2m2026-05-09T10:33:33.138759Z[0m [32m INFO[0m [2mbore_cli::client[0m[2m:[0m connected to server [3mremote_port[0m[2m=[0m45545
[2m2026-05-09T10:33:33.138865Z[0m [32m INFO[0m [2mbore_cli::client[0m[2m:[0m listening at bore.pub:45545
Error: could not connect to bore.pub:7835

Caused by:
    No route to host (os error 65)
[2m2026-05-09T10:34:11.434866Z[0m [32m INFO[0m [2mbore_cli::client[0m[2m:[0m connected to server [3mremote_port[0m[2m=[0m16882
[2m2026-05-09T10:34:11.434991Z[0m [32m INFO[0m [2mbore_cli::client[0m[2m:[0m listening at bore.pub:16882
[2m2026-05-09T10:34:28.021564Z[0m [32m INFO[0m [2mbore_cli::client[0m[2m:[0m connected to server [3mremote_port[0m[2m=[0m26530
[2m2026-05-09T10:34:28.021693Z[0m [32m INFO[0m [2mbore_cli::client[0m[2m:[0m listening at bore.pub:26530
Error: could not connect to bore.pub:7835

Caused by:
    No route to host (os error 65)
[2m2026-05-09T10:35:05.267477Z[0m [32m INFO[0m [2mbore_cli::client[0m[2m:[0m connected to server [3mremote_port[0m[2m=[0m31870
[2m2026-05-09T10:35:05.267598Z[0m [32m INFO[0m [2mbore_cli::client[0m[2m:[0m listening at bore.pub:31870
Error: could not connect to bore.pub:7835

Caused by:
    No route to host (os error 65)
[2m2026-05-09T10:35:42.728542Z[0m [32m INFO[0m [2mbore_cli::client[0m[2m:[0m connected to server [3mremote_port[0m[2m=[0m63623
[2m2026-05-09T10:35:42.728686Z[0m [32m INFO[0m [2mbore_cli::client[0m[2m:[0m listening at bore.pub:63623
Error: could not connect to bore.pub:7835

Caused by:
    No route to host (os error 65)
[2m2026-05-09T10:36:17.914600Z[0m [32m INFO[0m [2mbore_cli::client[0m[2m:[0m connected to server [3mremote_port[0m[2m=[0m47338
[2m2026-05-09T10:36:17.914733Z[0m [32m INFO[0m [2mbore_cli::client[0m[2m:[0m listening at bore.pub:47338
[2m2026-05-09T10:36:38.584746Z[0m [32m INFO[0m [2mbore_cli::client[0m[2m:[0m connected to server [3mremote_port[0m[2m=[0m8237
[2m2026-05-09T10:36:38.584892Z[0m [32m INFO[0m [2mbore_cli::client[0m[2m:[0m listening at bore.pub:8237
Error: could not connect to bore.pub:7835

Caused by:
    No route to host (os error 65)
[2m2026-05-09T10:37:25.382810Z[0m [32m INFO[0m [2mbore_cli::client[0m[2m:[0m connected to server [3mremote_port[0m[2m=[0m5717
[2m2026-05-09T10:37:25.382979Z[0m [32m INFO[0m [2mbore_cli::client[0m[2m:[0m listening at bore.pub:5717
Error: could not connect to bore.pub:7835

Caused by:
    No route to host (os error 65)
[2m2026-05-09T10:37:50.942372Z[0m [32m INFO[0m [2mbore_cli::client[0m[2m:[0m connected to server [3mremote_port[0m[2m=[0m32156
[2m2026-05-09T10:37:50.942498Z[0m [32m INFO[0m [2mbore_cli::client[0m[2m:[0m listening at bore.pub:32156
Error: could not connect to bore.pub:7835

Caused by:
    No route to host (os error 65)
[2m2026-05-09T10:38:42.745848Z[0m [32m INFO[0m [2mbore_cli::client[0m[2m:[0m connected to server [3mremote_port[0m[2m=[0m3587
[2m2026-05-09T10:38:42.745993Z[0m [32m INFO[0m [2mbore_cli::client[0m[2m:[0m listening at bore.pub:3587
[2m2026-05-09T10:39:03.553807Z[0m [32m INFO[0m [2mbore_cli::client[0m[2m:[0m connected to server [3mremote_port[0m[2m=[0m34137
[2m2026-05-09T10:39:03.553942Z[0m [32m INFO[0m [2mbore_cli::client[0m[2m:[0m listening at bore.pub:34137
Error: could not connect to bore.pub:7835

Caused by:
    No route to host (os error 65)
[2m2026-05-09T10:39:54.998147Z[0m [32m INFO[0m [2mbore_cli::client[0m[2m:[0m connected to server [3mremote_port[0m[2m=[0m2716
[2m2026-05-09T10:39:54.998281Z[0m [32m INFO[0m [2mbore_cli::client[0m[2m:[0m listening at bore.pub:2716
Error: could not connect to bore.pub:7835

Caused by:
    No route to host (os error 65)
[2m2026-05-09T10:40:46.882997Z[0m [32m INFO[0m [2mbore_cli::client[0m[2m:[0m connected to server [3mremote_port[0m[2m=[0m31510
[2m2026-05-09T10:40:46.883121Z[0m [32m INFO[0m [2mbore_cli::client[0m[2m:[0m listening at bore.pub:31510
Error: could not connect to bore.pub:7835

Caused by:
    No route to host (os error 65)
[2m2026-05-09T10:41:23.887753Z[0m [32m INFO[0m [2mbore_cli::client[0m[2m:[0m connected to server [3mremote_port[0m[2m=[0m37606
[2m2026-05-09T10:41:23.887885Z[0m [32m INFO[0m [2mbore_cli::client[0m[2m:[0m listening at bore.pub:37606
Error: could not connect to bore.pub:7835

Caused by:
    No route to host (os error 65)
[2m2026-05-09T10:41:58.437306Z[0m [32m INFO[0m [2mbore_cli::client[0m[2m:[0m connected to server [3mremote_port[0m[2m=[0m3092
[2m2026-05-09T10:41:58.437419Z[0m [32m INFO[0m [2mbore_cli::client[0m[2m:[0m listening at bore.pub:3092
Error: could not connect to bore.pub:7835

Caused by:
    No route to host (os error 65)
[2m2026-05-09T10:42:38.376745Z[0m [32m INFO[0m [2mbore_cli::client[0m[2m:[0m connected to server [3mremote_port[0m[2m=[0m41541
[2m2026-05-09T10:42:38.376876Z[0m [32m INFO[0m [2mbore_cli::client[0m[2m:[0m listening at bore.pub:41541
Error: could not connect to bore.pub:7835

Caused by:
    No route to host (os error 65)
[2m2026-05-09T10:43:25.276250Z[0m [32m INFO[0m [2mbore_cli::client[0m[2m:[0m connected to server [3mremote_port[0m[2m=[0m7927
[2m2026-05-09T10:43:25.276378Z[0m [32m INFO[0m [2mbore_cli::client[0m[2m:[0m listening at bore.pub:7927
Error: could not connect to bore.pub:7835

Caused by:
    No route to host (os error 65)
[2m2026-05-09T10:44:11.437290Z[0m [32m INFO[0m [2mbore_cli::client[0m[2m:[0m connected to server [3mremote_port[0m[2m=[0m63311
[2m2026-05-09T10:44:11.437433Z[0m [32m INFO[0m [2mbore_cli::client[0m[2m:[0m listening at bore.pub:63311
Error: could not connect to bore.pub:7835

Caused by:
    No route to host (os error 65)
[2m2026-05-09T10:44:43.836482Z[0m [32m INFO[0m [2mbore_cli::client[0m[2m:[0m connected to server [3mremote_port[0m[2m=[0m39964
[2m2026-05-09T10:44:43.836624Z[0m [32m INFO[0m [2mbore_cli::client[0m[2m:[0m listening at bore.pub:39964
Error: could not connect to bore.pub:7835

Caused by:
    No route to host (os error 65)
[2m2026-05-09T10:45:09.877260Z[0m [32m INFO[0m [2mbore_cli::client[0m[2m:[0m connected to server [3mremote_port[0m[2m=[0m25200
[2m2026-05-09T10:45:09.877390Z[0m [32m INFO[0m [2mbore_cli::client[0m[2m:[0m listening at bore.pub:25200
Error: could not connect to bore.pub:7835

Caused by:
    No route to host (os error 65)
[2m2026-05-09T10:45:34.075361Z[0m [32m INFO[0m [2mbore_cli::client[0m[2m:[0m connected to server [3mremote_port[0m[2m=[0m59648
[2m2026-05-09T10:45:34.075494Z[0m [32m INFO[0m [2mbore_cli::client[0m[2m:[0m listening at bore.pub:59648
Error: could not connect to bore.pub:7835

Caused by:
    No route to host (os error 65)
[2m2026-05-09T10:46:23.569864Z[0m [32m INFO[0m [2mbore_cli::client[0m[2m:[0m connected to server [3mremote_port[0m[2m=[0m63890
[2m2026-05-09T10:46:23.569981Z[0m [32m INFO[0m [2mbore_cli::client[0m[2m:[0m listening at bore.pub:63890
Error: could not connect to bore.pub:7835

Caused by:
    No route to host (os error 65)
[2m2026-05-09T10:47:14.054446Z[0m [32m INFO[0m [2mbore_cli::client[0m[2m:[0m connected to server [3mremote_port[0m[2m=[0m7904
[2m2026-05-09T10:47:14.054583Z[0m [32m INFO[0m [2mbore_cli::client[0m[2m:[0m listening at bore.pub:7904
Error: could not connect to bore.pub:7835

Caused by:
    No route to host (os error 65)
[2m2026-05-09T10:47:47.155964Z[0m [32m INFO[0m [2mbore_cli::client[0m[2m:[0m connected to server [3mremote_port[0m[2m=[0m53561
[2m2026-05-09T10:47:47.156114Z[0m [32m INFO[0m [2mbore_cli::client[0m[2m:[0m listening at bore.pub:53561
[2m2026-05-09T10:48:45.507740Z[0m [32m INFO[0m [2mbore_cli::client[0m[2m:[0m connected to server [3mremote_port[0m[2m=[0m63103
[2m2026-05-09T10:48:45.507884Z[0m [32m INFO[0m [2mbore_cli::client[0m[2m:[0m listening at bore.pub:63103
Error: could not connect to bore.pub:7835

Caused by:
    No route to host (os error 65)
[2m2026-05-09T10:49:28.584238Z[0m [32m INFO[0m [2mbore_cli::client[0m[2m:[0m connected to server [3mremote_port[0m[2m=[0m28557
[2m2026-05-09T10:49:28.584310Z[0m [32m INFO[0m [2mbore_cli::client[0m[2m:[0m listening at bore.pub:28557
Error: could not connect to bore.pub:7835

Caused by:
    No route to host (os error 65)
[2m2026-05-09T10:50:24.497766Z[0m [32m INFO[0m [2mbore_cli::client[0m[2m:[0m connected to server [3mremote_port[0m[2m=[0m15391
[2m2026-05-09T10:50:24.497903Z[0m [32m INFO[0m [2mbore_cli::client[0m[2m:[0m listening at bore.pub:15391
Error: could not connect to bore.pub:7835

Caused by:
    No route to host (os error 65)
[2m2026-05-09T10:51:19.584048Z[0m [32m INFO[0m [2mbore_cli::client[0m[2m:[0m connected to server [3mremote_port[0m[2m=[0m8192
[2m2026-05-09T10:51:19.584178Z[0m [32m INFO[0m [2mbore_cli::client[0m[2m:[0m listening at bore.pub:8192
Error: could not connect to bore.pub:7835

Caused by:
    No route to host (os error 65)
[2m2026-05-09T10:51:45.174467Z[0m [32m INFO[0m [2mbore_cli::client[0m[2m:[0m connected to server [3mremote_port[0m[2m=[0m21580
[2m2026-05-09T10:51:45.174615Z[0m [32m INFO[0m [2mbore_cli::client[0m[2m:[0m listening at bore.pub:21580
Error: could not connect to bore.pub:7835

Caused by:
    No route to host (os error 65)
[2m2026-05-09T10:52:12.013929Z[0m [32m INFO[0m [2mbore_cli::client[0m[2m:[0m connected to server [3mremote_port[0m[2m=[0m8012
[2m2026-05-09T10:52:12.014057Z[0m [32m INFO[0m [2mbore_cli::client[0m[2m:[0m listening at bore.pub:8012
Error: could not connect to bore.pub:7835

Caused by:
    No route to host (os error 65)
[2m2026-05-09T10:52:39.361320Z[0m [32m INFO[0m [2mbore_cli::client[0m[2m:[0m connected to server [3mremote_port[0m[2m=[0m25903
[2m2026-05-09T10:52:39.361441Z[0m [32m INFO[0m [2mbore_cli::client[0m[2m:[0m listening at bore.pub:25903
Error: could not connect to bore.pub:7835

Caused by:
    No route to host (os error 65)
[2m2026-05-09T10:53:18.144086Z[0m [32m INFO[0m [2mbore_cli::client[0m[2m:[0m connected to server [3mremote_port[0m[2m=[0m13271
[2m2026-05-09T10:53:18.144225Z[0m [32m INFO[0m [2mbore_cli::client[0m[2m:[0m listening at bore.pub:13271
Error: could not connect to bore.pub:7835

Caused by:
    No route to host (os error 65)
[2m2026-05-09T10:53:55.897829Z[0m [32m INFO[0m [2mbore_cli::client[0m[2m:[0m connected to server [3mremote_port[0m[2m=[0m37781
[2m2026-05-09T10:53:55.897964Z[0m [32m INFO[0m [2mbore_cli::client[0m[2m:[0m listening at bore.pub:37781
Error: could not connect to bore.pub:7835

Caused by:
    No route to host (os error 65)
[2m2026-05-09T10:54:55.217022Z[0m [32m INFO[0m [2mbore_cli::client[0m[2m:[0m connected to server [3mremote_port[0m[2m=[0m8635
[2m2026-05-09T10:54:55.217111Z[0m [32m INFO[0m [2mbore_cli::client[0m[2m:[0m listening at bore.pub:8635
Error: could not connect to bore.pub:7835

Caused by:
    No route to host (os error 65)
[2m2026-05-09T10:55:28.306645Z[0m [32m INFO[0m [2mbore_cli::client[0m[2m:[0m connected to server [3mremote_port[0m[2m=[0m55112
[2m2026-05-09T10:55:28.306690Z[0m [32m INFO[0m [2mbore_cli::client[0m[2m:[0m listening at bore.pub:55112
Error: could not connect to bore.pub:7835

Caused by:
    No route to host (os error 65)
[2m2026-05-09T10:56:17.531621Z[0m [32m INFO[0m [2mbore_cli::client[0m[2m:[0m connected to server [3mremote_port[0m[2m=[0m61045
[2m2026-05-09T10:56:17.531752Z[0m [32m INFO[0m [2mbore_cli::client[0m[2m:[0m listening at bore.pub:61045
Error: could not connect to bore.pub:7835

Caused by:
    No route to host (os error 65)
[2m2026-05-09T10:56:56.292141Z[0m [32m INFO[0m [2mbore_cli::client[0m[2m:[0m connected to server [3mremote_port[0m[2m=[0m60377
[2m2026-05-09T10:56:56.292282Z[0m [32m INFO[0m [2mbore_cli::client[0m[2m:[0m listening at bore.pub:60377
Error: could not connect to bore.pub:7835

Caused by:
    No route to host (os error 65)
[2m2026-05-09T10:57:32.567753Z[0m [32m INFO[0m [2mbore_cli::client[0m[2m:[0m connected to server [3mremote_port[0m[2m=[0m51908
[2m2026-05-09T10:57:32.567883Z[0m [32m INFO[0m [2mbore_cli::client[0m[2m:[0m listening at bore.pub:51908
Error: could not connect to bore.pub:7835

Caused by:
    No route to host (os error 65)
[2m2026-05-09T10:58:07.213571Z[0m [32m INFO[0m [2mbore_cli::client[0m[2m:[0m connected to server [3mremote_port[0m[2m=[0m43543
[2m2026-05-09T10:58:07.213691Z[0m [32m INFO[0m [2mbore_cli::client[0m[2m:[0m listening at bore.pub:43543
Error: could not connect to bore.pub:7835

Caused by:
    No route to host (os error 65)
[2m2026-05-09T10:58:36.316444Z[0m [32m INFO[0m [2mbore_cli::client[0m[2m:[0m connected to server [3mremote_port[0m[2m=[0m22035
[2m2026-05-09T10:58:36.316585Z[0m [32m INFO[0m [2mbore_cli::client[0m[2m:[0m listening at bore.pub:22035
Error: could not connect to bore.pub:7835

Caused by:
    No route to host (os error 65)
[2m2026-05-09T10:59:10.160772Z[0m [32m INFO[0m [2mbore_cli::client[0m[2m:[0m connected to server [3mremote_port[0m[2m=[0m8768
[2m2026-05-09T10:59:10.160937Z[0m [32m INFO[0m [2mbore_cli::client[0m[2m:[0m listening at bore.pub:8768
Error: could not connect to bore.pub:7835

Caused by:
    No route to host (os error 65)
[2m2026-05-09T10:59:54.782997Z[0m [32m INFO[0m [2mbore_cli::client[0m[2m:[0m connected to server [3mremote_port[0m[2m=[0m55329
[2m2026-05-09T10:59:54.783125Z[0m [32m INFO[0m [2mbore_cli::client[0m[2m:[0m listening at bore.pub:55329
Error: could not connect to bore.pub:7835

Caused by:
    No route to host (os error 65)
[2m2026-05-09T11:00:30.541541Z[0m [32m INFO[0m [2mbore_cli::client[0m[2m:[0m connected to server [3mremote_port[0m[2m=[0m63711
[2m2026-05-09T11:00:30.541697Z[0m [32m INFO[0m [2mbore_cli::client[0m[2m:[0m listening at bore.pub:63711
Error: could not connect to bore.pub:7835

Caused by:
    No route to host (os error 65)
[2m2026-05-09T11:01:15.080311Z[0m [32m INFO[0m [2mbore_cli::client[0m[2m:[0m connected to server [3mremote_port[0m[2m=[0m34014
[2m2026-05-09T11:01:15.080458Z[0m [32m INFO[0m [2mbore_cli::client[0m[2m:[0m listening at bore.pub:34014
Error: could not connect to bore.pub:7835

Caused by:
    No route to host (os error 65)
[2m2026-05-09T11:02:15.206176Z[0m [32m INFO[0m [2mbore_cli::client[0m[2m:[0m connected to server [3mremote_port[0m[2m=[0m45057
[2m2026-05-09T11:02:15.206308Z[0m [32m INFO[0m [2mbore_cli::client[0m[2m:[0m listening at bore.pub:45057
Error: could not connect to bore.pub:7835

Caused by:
    No route to host (os error 65)
[2m2026-05-09T11:03:03.057260Z[0m [32m INFO[0m [2mbore_cli::client[0m[2m:[0m connected to server [3mremote_port[0m[2m=[0m57669
[2m2026-05-09T11:03:03.057390Z[0m [32m INFO[0m [2mbore_cli::client[0m[2m:[0m listening at bore.pub:57669
Error: could not connect to bore.pub:7835

Caused by:
    No route to host (os error 65)
[2m2026-05-09T11:03:53.946624Z[0m [32m INFO[0m [2mbore_cli::client[0m[2m:[0m connected to server [3mremote_port[0m[2m=[0m64068
[2m2026-05-09T11:03:53.946697Z[0m [32m INFO[0m [2mbore_cli::client[0m[2m:[0m listening at bore.pub:64068
Error: could not connect to bore.pub:7835

Caused by:
    No route to host (os error 65)
[2m2026-05-09T11:04:34.281198Z[0m [32m INFO[0m [2mbore_cli::client[0m[2m:[0m connected to server [3mremote_port[0m[2m=[0m5591
[2m2026-05-09T11:04:34.281312Z[0m [32m INFO[0m [2mbore_cli::client[0m[2m:[0m listening at bore.pub:5591
Error: could not connect to bore.pub:7835

Caused by:
    No route to host (os error 65)
[2m2026-05-09T11:05:27.036655Z[0m [32m INFO[0m [2mbore_cli::client[0m[2m:[0m connected to server [3mremote_port[0m[2m=[0m21022
[2m2026-05-09T11:05:27.036756Z[0m [32m INFO[0m [2mbore_cli::client[0m[2m:[0m listening at bore.pub:21022
Error: could not connect to bore.pub:7835

Caused by:
    No route to host (os error 65)
[2m2026-05-09T11:05:52.298948Z[0m [32m INFO[0m [2mbore_cli::client[0m[2m:[0m connected to server [3mremote_port[0m[2m=[0m50163
[2m2026-05-09T11:05:52.299009Z[0m [32m INFO[0m [2mbore_cli::client[0m[2m:[0m listening at bore.pub:50163
Error: could not connect to bore.pub:7835

Caused by:
    No route to host (os error 65)
[2m2026-05-09T11:06:33.312838Z[0m [32m INFO[0m [2mbore_cli::client[0m[2m:[0m connected to server [3mremote_port[0m[2m=[0m44993
[2m2026-05-09T11:06:33.312988Z[0m [32m INFO[0m [2mbore_cli::client[0m[2m:[0m listening at bore.pub:44993
Error: could not connect to bore.pub:7835

Caused by:
    No route to host (os error 65)
[2m2026-05-09T11:07:03.056271Z[0m [32m INFO[0m [2mbore_cli::client[0m[2m:[0m connected to server [3mremote_port[0m[2m=[0m59007
[2m2026-05-09T11:07:03.056404Z[0m [32m INFO[0m [2mbore_cli::client[0m[2m:[0m listening at bore.pub:59007
Error: could not connect to bore.pub:7835

Caused by:
    No route to host (os error 65)
[2m2026-05-09T11:07:28.342625Z[0m [32m INFO[0m [2mbore_cli::client[0m[2m:[0m connected to server [3mremote_port[0m[2m=[0m15615
[2m2026-05-09T11:07:28.342755Z[0m [32m INFO[0m [2mbore_cli::client[0m[2m:[0m listening at bore.pub:15615
[2m2026-05-09T11:07:38.370558Z[0m [32m INFO[0m [2mbore_cli::client[0m[2m:[0m connected to server [3mremote_port[0m[2m=[0m19474
[2m2026-05-09T11:07:38.370703Z[0m [32m INFO[0m [2mbore_cli::client[0m[2m:[0m listening at bore.pub:19474
[2m2026-05-09T11:07:48.479625Z[0m [32m INFO[0m [2mbore_cli::client[0m[2m:[0m connected to server [3mremote_port[0m[2m=[0m32907
[2m2026-05-09T11:07:48.479706Z[0m [32m INFO[0m [2mbore_cli::client[0m[2m:[0m listening at bore.pub:32907
Error: could not connect to bore.pub:7835

Caused by:
    No route to host (os error 65)
[2m2026-05-09T11:08:13.826597Z[0m [32m INFO[0m [2mbore_cli::client[0m[2m:[0m connected to server [3mremote_port[0m[2m=[0m38241
[2m2026-05-09T11:08:13.826776Z[0m [32m INFO[0m [2mbore_cli::client[0m[2m:[0m listening at bore.pub:38241
Error: could not connect to bore.pub:7835

Caused by:
    No route to host (os error 65)
[2m2026-05-09T11:08:49.180719Z[0m [32m INFO[0m [2mbore_cli::client[0m[2m:[0m connected to server [3mremote_port[0m[2m=[0m14069
[2m2026-05-09T11:08:49.180866Z[0m [32m INFO[0m [2mbore_cli::client[0m[2m:[0m listening at bore.pub:14069
Error: could not connect to bore.pub:7835

Caused by:
    No route to host (os error 65)
[2m2026-05-09T11:09:26.985853Z[0m [32m INFO[0m [2mbore_cli::client[0m[2m:[0m connected to server [3mremote_port[0m[2m=[0m55706
[2m2026-05-09T11:09:26.985992Z[0m [32m INFO[0m [2mbore_cli::client[0m[2m:[0m listening at bore.pub:55706
Error: could not connect to bore.pub:7835

Caused by:
    No route to host (os error 65)
[2m2026-05-09T11:10:14.188607Z[0m [32m INFO[0m [2mbore_cli::client[0m[2m:[0m connected to server [3mremote_port[0m[2m=[0m46335
[2m2026-05-09T11:10:14.188780Z[0m [32m INFO[0m [2mbore_cli::client[0m[2m:[0m listening at bore.pub:46335
[2m2026-05-09T11:10:24.840926Z[0m [32m INFO[0m [2mbore_cli::client[0m[2m:[0m connected to server [3mremote_port[0m[2m=[0m31484
[2m2026-05-09T11:10:24.841058Z[0m [32m INFO[0m [2mbore_cli::client[0m[2m:[0m listening at bore.pub:31484
Error: could not connect to bore.pub:7835

Caused by:
    No route to host (os error 65)
[2m2026-05-09T11:11:02.835595Z[0m [32m INFO[0m [2mbore_cli::client[0m[2m:[0m connected to server [3mremote_port[0m[2m=[0m30723
[2m2026-05-09T11:11:02.835720Z[0m [32m INFO[0m [2mbore_cli::client[0m[2m:[0m listening at bore.pub:30723
[2m2026-05-09T11:11:13.505083Z[0m [32m INFO[0m [2mbore_cli::client[0m[2m:[0m connected to server [3mremote_port[0m[2m=[0m61012
[2m2026-05-09T11:11:13.505148Z[0m [32m INFO[0m [2mbore_cli::client[0m[2m:[0m listening at bore.pub:61012
Error: could not connect to bore.pub:7835

Caused by:
    No route to host (os error 65)
[2m2026-05-09T11:11:48.820751Z[0m [32m INFO[0m [2mbore_cli::client[0m[2m:[0m connected to server [3mremote_port[0m[2m=[0m49575
[2m2026-05-09T11:11:48.820853Z[0m [32m INFO[0m [2mbore_cli::client[0m[2m:[0m listening at bore.pub:49575
Error: could not connect to bore.pub:7835

Caused by:
    No route to host (os error 65)
[2m2026-05-09T11:12:09.805770Z[0m [32m INFO[0m [2mbore_cli::client[0m[2m:[0m connected to server [3mremote_port[0m[2m=[0m7045
[2m2026-05-09T11:12:09.805888Z[0m [32m INFO[0m [2mbore_cli::client[0m[2m:[0m listening at bore.pub:7045
[2m2026-05-09T11:12:19.886711Z[0m [32m INFO[0m [2mbore_cli::client[0m[2m:[0m connected to server [3mremote_port[0m[2m=[0m1834
[2m2026-05-09T11:12:19.886804Z[0m [32m INFO[0m [2mbore_cli::client[0m[2m:[0m listening at bore.pub:1834
Error: could not connect to bore.pub:7835

Caused by:
    No route to host (os error 65)
[2m2026-05-09T11:12:44.255660Z[0m [32m INFO[0m [2mbore_cli::client[0m[2m:[0m connected to server [3mremote_port[0m[2m=[0m32487
[2m2026-05-09T11:12:44.255793Z[0m [32m INFO[0m [2mbore_cli::client[0m[2m:[0m listening at bore.pub:32487
[2m2026-05-09T11:12:54.757147Z[0m [32m INFO[0m [2mbore_cli::client[0m[2m:[0m connected to server [3mremote_port[0m[2m=[0m4143
[2m2026-05-09T11:12:54.757278Z[0m [32m INFO[0m [2mbore_cli::client[0m[2m:[0m listening at bore.pub:4143
Error: could not connect to bore.pub:7835

Caused by:
    No route to host (os error 65)
[2m2026-05-09T11:13:34.296507Z[0m [32m INFO[0m [2mbore_cli::client[0m[2m:[0m connected to server [3mremote_port[0m[2m=[0m12662
[2m2026-05-09T11:13:34.296635Z[0m [32m INFO[0m [2mbore_cli::client[0m[2m:[0m listening at bore.pub:12662
Error: could not connect to bore.pub:7835

Caused by:
    No route to host (os error 65)
[2m2026-05-09T11:14:18.380360Z[0m [32m INFO[0m [2mbore_cli::client[0m[2m:[0m connected to server [3mremote_port[0m[2m=[0m5850
[2m2026-05-09T11:14:18.380486Z[0m [32m INFO[0m [2mbore_cli::client[0m[2m:[0m listening at bore.pub:5850
Error: could not connect to bore.pub:7835

Caused by:
    No route to host (os error 65)
[2m2026-05-09T11:14:54.344632Z[0m [32m INFO[0m [2mbore_cli::client[0m[2m:[0m connected to server [3mremote_port[0m[2m=[0m56812
[2m2026-05-09T11:14:54.344772Z[0m [32m INFO[0m [2mbore_cli::client[0m[2m:[0m listening at bore.pub:56812
Error: could not connect to bore.pub:7835

Caused by:
    No route to host (os error 65)
[2m2026-05-09T11:15:16.162752Z[0m [32m INFO[0m [2mbore_cli::client[0m[2m:[0m connected to server [3mremote_port[0m[2m=[0m11613
[2m2026-05-09T11:15:16.162876Z[0m [32m INFO[0m [2mbore_cli::client[0m[2m:[0m listening at bore.pub:11613
Error: could not connect to bore.pub:7835

Caused by:
    No route to host (os error 65)
[2m2026-05-09T11:15:51.590361Z[0m [32m INFO[0m [2mbore_cli::client[0m[2m:[0m connected to server [3mremote_port[0m[2m=[0m59859
[2m2026-05-09T11:15:51.590501Z[0m [32m INFO[0m [2mbore_cli::client[0m[2m:[0m listening at bore.pub:59859
Error: could not connect to bore.pub:7835

Caused by:
    No route to host (os error 65)
[2m2026-05-09T11:16:43.525054Z[0m [32m INFO[0m [2mbore_cli::client[0m[2m:[0m connected to server [3mremote_port[0m[2m=[0m58463
[2m2026-05-09T11:16:43.525187Z[0m [32m INFO[0m [2mbore_cli::client[0m[2m:[0m listening at bore.pub:58463
Error: could not connect to bore.pub:7835

Caused by:
    No route to host (os error 65)
[2m2026-05-09T11:17:10.897836Z[0m [32m INFO[0m [2mbore_cli::client[0m[2m:[0m connected to server [3mremote_port[0m[2m=[0m5540
[2m2026-05-09T11:17:10.897972Z[0m [32m INFO[0m [2mbore_cli::client[0m[2m:[0m listening at bore.pub:5540
[2m2026-05-09T11:17:21.418375Z[0m [32m INFO[0m [2mbore_cli::client[0m[2m:[0m connected to server [3mremote_port[0m[2m=[0m50523
[2m2026-05-09T11:17:21.418509Z[0m [32m INFO[0m [2mbore_cli::client[0m[2m:[0m listening at bore.pub:50523
Error: could not connect to bore.pub:7835

Caused by:
    No route to host (os error 65)
[2m2026-05-09T11:18:00.204767Z[0m [32m INFO[0m [2mbore_cli::client[0m[2m:[0m connected to server [3mremote_port[0m[2m=[0m32669
[2m2026-05-09T11:18:00.204921Z[0m [32m INFO[0m [2mbore_cli::client[0m[2m:[0m listening at bore.pub:32669
Error: could not connect to bore.pub:7835

Caused by:
    No route to host (os error 65)
[2m2026-05-09T11:18:27.921676Z[0m [32m INFO[0m [2mbore_cli::client[0m[2m:[0m connected to server [3mremote_port[0m[2m=[0m49479
[2m2026-05-09T11:18:27.921813Z[0m [32m INFO[0m [2mbore_cli::client[0m[2m:[0m listening at bore.pub:49479
Error: could not connect to bore.pub:7835

Caused by:
    No route to host (os error 65)
[2m2026-05-09T11:19:08.619287Z[0m [32m INFO[0m [2mbore_cli::client[0m[2m:[0m connected to server [3mremote_port[0m[2m=[0m54836
[2m2026-05-09T11:19:08.619410Z[0m [32m INFO[0m [2mbore_cli::client[0m[2m:[0m listening at bore.pub:54836
Error: could not connect to bore.pub:7835

Caused by:
    No route to host (os error 65)
[2m2026-05-09T11:20:05.276509Z[0m [32m INFO[0m [2mbore_cli::client[0m[2m:[0m connected to server [3mremote_port[0m[2m=[0m51931
[2m2026-05-09T11:20:05.276636Z[0m [32m INFO[0m [2mbore_cli::client[0m[2m:[0m listening at bore.pub:51931
Error: could not connect to bore.pub:7835

Caused by:
    No route to host (os error 65)
[2m2026-05-09T11:20:32.267784Z[0m [32m INFO[0m [2mbore_cli::client[0m[2m:[0m connected to server [3mremote_port[0m[2m=[0m58694
[2m2026-05-09T11:20:32.267884Z[0m [32m INFO[0m [2mbore_cli::client[0m[2m:[0m listening at bore.pub:58694
Error: could not connect to bore.pub:7835

Caused by:
    No route to host (os error 65)
[2m2026-05-09T11:20:54.098287Z[0m [32m INFO[0m [2mbore_cli::client[0m[2m:[0m connected to server [3mremote_port[0m[2m=[0m31639
[2m2026-05-09T11:20:54.098475Z[0m [32m INFO[0m [2mbore_cli::client[0m[2m:[0m listening at bore.pub:31639
[2m2026-05-09T11:21:04.578282Z[0m [32m INFO[0m [2mbore_cli::client[0m[2m:[0m connected to server [3mremote_port[0m[2m=[0m15812
[2m2026-05-09T11:21:04.578388Z[0m [32m INFO[0m [2mbore_cli::client[0m[2m:[0m listening at bore.pub:15812
Error: could not connect to bore.pub:7835

Caused by:
    No route to host (os error 65)
[2m2026-05-09T11:21:56.201289Z[0m [32m INFO[0m [2mbore_cli::client[0m[2m:[0m connected to server [3mremote_port[0m[2m=[0m20053
[2m2026-05-09T11:21:56.201359Z[0m [32m INFO[0m [2mbore_cli::client[0m[2m:[0m listening at bore.pub:20053
Error: could not connect to bore.pub:7835

Caused by:
    No route to host (os error 65)
[2m2026-05-09T11:22:27.775436Z[0m [32m INFO[0m [2mbore_cli::client[0m[2m:[0m connected to server [3mremote_port[0m[2m=[0m29192
[2m2026-05-09T11:22:27.775566Z[0m [32m INFO[0m [2mbore_cli::client[0m[2m:[0m listening at bore.pub:29192
Error: could not connect to bore.pub:7835

Caused by:
    No route to host (os error 65)
[2m2026-05-09T11:22:48.480417Z[0m [32m INFO[0m [2mbore_cli::client[0m[2m:[0m connected to server [3mremote_port[0m[2m=[0m4215
[2m2026-05-09T11:22:48.480562Z[0m [32m INFO[0m [2mbore_cli::client[0m[2m:[0m listening at bore.pub:4215
Error: could not connect to bore.pub:7835

Caused by:
    No route to host (os error 65)
[2m2026-05-09T11:23:13.397448Z[0m [32m INFO[0m [2mbore_cli::client[0m[2m:[0m connected to server [3mremote_port[0m[2m=[0m17989
[2m2026-05-09T11:23:13.397583Z[0m [32m INFO[0m [2mbore_cli::client[0m[2m:[0m listening at bore.pub:17989
Error: could not connect to bore.pub:7835

Caused by:
    No route to host (os error 65)
[2m2026-05-09T11:24:01.524072Z[0m [32m INFO[0m [2mbore_cli::client[0m[2m:[0m connected to server [3mremote_port[0m[2m=[0m30190
[2m2026-05-09T11:24:01.524236Z[0m [32m INFO[0m [2mbore_cli::client[0m[2m:[0m listening at bore.pub:30190
Error: could not connect to bore.pub:7835

Caused by:
    No route to host (os error 65)
[2m2026-05-09T11:24:31.886920Z[0m [32m INFO[0m [2mbore_cli::client[0m[2m:[0m connected to server [3mremote_port[0m[2m=[0m22648
[2m2026-05-09T11:24:31.887058Z[0m [32m INFO[0m [2mbore_cli::client[0m[2m:[0m listening at bore.pub:22648
Error: could not connect to bore.pub:7835

Caused by:
    No route to host (os error 65)
[2m2026-05-09T11:25:07.091534Z[0m [32m INFO[0m [2mbore_cli::client[0m[2m:[0m connected to server [3mremote_port[0m[2m=[0m60091
[2m2026-05-09T11:25:07.091671Z[0m [32m INFO[0m [2mbore_cli::client[0m[2m:[0m listening at bore.pub:60091
Error: could not connect to bore.pub:7835

Caused by:
    No route to host (os error 65)
[2m2026-05-09T11:25:47.077996Z[0m [32m INFO[0m [2mbore_cli::client[0m[2m:[0m connected to server [3mremote_port[0m[2m=[0m34200
[2m2026-05-09T11:25:47.078127Z[0m [32m INFO[0m [2mbore_cli::client[0m[2m:[0m listening at bore.pub:34200
Error: could not connect to bore.pub:7835

Caused by:
    No route to host (os error 65)
[2m2026-05-09T11:26:39.519980Z[0m [32m INFO[0m [2mbore_cli::client[0m[2m:[0m connected to server [3mremote_port[0m[2m=[0m44440
[2m2026-05-09T11:26:39.520115Z[0m [32m INFO[0m [2mbore_cli::client[0m[2m:[0m listening at bore.pub:44440
Error: could not connect to bore.pub:7835

Caused by:
    No route to host (os error 65)
[2m2026-05-09T11:27:28.338570Z[0m [32m INFO[0m [2mbore_cli::client[0m[2m:[0m connected to server [3mremote_port[0m[2m=[0m51372
[2m2026-05-09T11:27:28.338681Z[0m [32m INFO[0m [2mbore_cli::client[0m[2m:[0m listening at bore.pub:51372
Error: could not connect to bore.pub:7835

Caused by:
    No route to host (os error 65)
[2m2026-05-09T11:28:20.303988Z[0m [32m INFO[0m [2mbore_cli::client[0m[2m:[0m connected to server [3mremote_port[0m[2m=[0m29100
[2m2026-05-09T11:28:20.304131Z[0m [32m INFO[0m [2mbore_cli::client[0m[2m:[0m listening at bore.pub:29100
[2m2026-05-09T11:28:30.429990Z[0m [32m INFO[0m [2mbore_cli::client[0m[2m:[0m connected to server [3mremote_port[0m[2m=[0m15499
[2m2026-05-09T11:28:30.430126Z[0m [32m INFO[0m [2mbore_cli::client[0m[2m:[0m listening at bore.pub:15499
Error: could not connect to bore.pub:7835

Caused by:
    No route to host (os error 65)
[2m2026-05-09T11:29:37.242682Z[0m [32m INFO[0m [2mbore_cli::client[0m[2m:[0m connected to server [3mremote_port[0m[2m=[0m15192
[2m2026-05-09T11:29:37.242809Z[0m [32m INFO[0m [2mbore_cli::client[0m[2m:[0m listening at bore.pub:15192
Error: could not connect to bore.pub:7835

Caused by:
    No route to host (os error 65)
[2m2026-05-09T11:30:40.464027Z[0m [32m INFO[0m [2mbore_cli::client[0m[2m:[0m connected to server [3mremote_port[0m[2m=[0m26574
[2m2026-05-09T11:30:40.464166Z[0m [32m INFO[0m [2mbore_cli::client[0m[2m:[0m listening at bore.pub:26574
Error: could not connect to bore.pub:7835

Caused by:
    No route to host (os error 65)
[2m2026-05-09T11:31:19.015006Z[0m [32m INFO[0m [2mbore_cli::client[0m[2m:[0m connected to server [3mremote_port[0m[2m=[0m26734
[2m2026-05-09T11:31:19.015144Z[0m [32m INFO[0m [2mbore_cli::client[0m[2m:[0m listening at bore.pub:26734
Error: could not connect to bore.pub:7835

Caused by:
    No route to host (os error 65)
[2m2026-05-09T11:32:01.758705Z[0m [32m INFO[0m [2mbore_cli::client[0m[2m:[0m connected to server [3mremote_port[0m[2m=[0m59004
[2m2026-05-09T11:32:01.758828Z[0m [32m INFO[0m [2mbore_cli::client[0m[2m:[0m listening at bore.pub:59004
Error: could not connect to bore.pub:7835

Caused by:
    No route to host (os error 65)
[2m2026-05-09T11:32:42.643164Z[0m [32m INFO[0m [2mbore_cli::client[0m[2m:[0m connected to server [3mremote_port[0m[2m=[0m45345
[2m2026-05-09T11:32:42.643307Z[0m [32m INFO[0m [2mbore_cli::client[0m[2m:[0m listening at bore.pub:45345
Error: could not connect to bore.pub:7835

Caused by:
    No route to host (os error 65)
[2m2026-05-09T11:33:27.738503Z[0m [32m INFO[0m [2mbore_cli::client[0m[2m:[0m connected to server [3mremote_port[0m[2m=[0m7860
[2m2026-05-09T11:33:27.738628Z[0m [32m INFO[0m [2mbore_cli::client[0m[2m:[0m listening at bore.pub:7860
Error: could not connect to bore.pub:7835

Caused by:
    No route to host (os error 65)
[2m2026-05-09T11:33:58.117724Z[0m [32m INFO[0m [2mbore_cli::client[0m[2m:[0m connected to server [3mremote_port[0m[2m=[0m5437
[2m2026-05-09T11:33:58.117846Z[0m [32m INFO[0m [2mbore_cli::client[0m[2m:[0m listening at bore.pub:5437
Error: could not connect to bore.pub:7835

Caused by:
    No route to host (os error 65)
[2m2026-05-09T11:34:37.537531Z[0m [32m INFO[0m [2mbore_cli::client[0m[2m:[0m connected to server [3mremote_port[0m[2m=[0m58086
[2m2026-05-09T11:34:37.537676Z[0m [32m INFO[0m [2mbore_cli::client[0m[2m:[0m listening at bore.pub:58086
Error: could not connect to bore.pub:7835

Caused by:
    No route to host (os error 65)
[2m2026-05-09T11:35:24.317790Z[0m [32m INFO[0m [2mbore_cli::client[0m[2m:[0m connected to server [3mremote_port[0m[2m=[0m46279
[2m2026-05-09T11:35:24.317923Z[0m [32m INFO[0m [2mbore_cli::client[0m[2m:[0m listening at bore.pub:46279
Error: could not connect to bore.pub:7835

Caused by:
    No route to host (os error 65)
[2m2026-05-09T11:36:17.920106Z[0m [32m INFO[0m [2mbore_cli::client[0m[2m:[0m connected to server [3mremote_port[0m[2m=[0m24818
[2m2026-05-09T11:36:17.920240Z[0m [32m INFO[0m [2mbore_cli::client[0m[2m:[0m listening at bore.pub:24818
Error: could not connect to bore.pub:7835

Caused by:
    No route to host (os error 65)
[2m2026-05-09T11:36:42.320964Z[0m [32m INFO[0m [2mbore_cli::client[0m[2m:[0m connected to server [3mremote_port[0m[2m=[0m57317
[2m2026-05-09T11:36:42.321084Z[0m [32m INFO[0m [2mbore_cli::client[0m[2m:[0m listening at bore.pub:57317
Error: could not connect to bore.pub:7835

Caused by:
    No route to host (os error 65)
[2m2026-05-09T11:37:36.099815Z[0m [32m INFO[0m [2mbore_cli::client[0m[2m:[0m connected to server [3mremote_port[0m[2m=[0m22932
[2m2026-05-09T11:37:36.099961Z[0m [32m INFO[0m [2mbore_cli::client[0m[2m:[0m listening at bore.pub:22932
Error: could not connect to bore.pub:7835

Caused by:
    No route to host (os error 65)
[2m2026-05-09T11:38:20.918148Z[0m [32m INFO[0m [2mbore_cli::client[0m[2m:[0m connected to server [3mremote_port[0m[2m=[0m37253
[2m2026-05-09T11:38:20.918277Z[0m [32m INFO[0m [2mbore_cli::client[0m[2m:[0m listening at bore.pub:37253
Error: could not connect to bore.pub:7835

Caused by:
    No route to host (os error 65)
[2m2026-05-09T11:39:04.681035Z[0m [32m INFO[0m [2mbore_cli::client[0m[2m:[0m connected to server [3mremote_port[0m[2m=[0m10515
[2m2026-05-09T11:39:04.681198Z[0m [32m INFO[0m [2mbore_cli::client[0m[2m:[0m listening at bore.pub:10515
Error: could not connect to bore.pub:7835

Caused by:
    No route to host (os error 65)
[2m2026-05-09T11:39:40.561069Z[0m [32m INFO[0m [2mbore_cli::client[0m[2m:[0m connected to server [3mremote_port[0m[2m=[0m54542
[2m2026-05-09T11:39:40.561197Z[0m [32m INFO[0m [2mbore_cli::client[0m[2m:[0m listening at bore.pub:54542
Error: could not connect to bore.pub:7835

Caused by:
    No route to host (os error 65)
[2m2026-05-09T11:40:32.593284Z[0m [32m INFO[0m [2mbore_cli::client[0m[2m:[0m connected to server [3mremote_port[0m[2m=[0m19595
[2m2026-05-09T11:40:32.593392Z[0m [32m INFO[0m [2mbore_cli::client[0m[2m:[0m listening at bore.pub:19595
Error: could not connect to bore.pub:7835

Caused by:
    No route to host (os error 65)
[2m2026-05-09T11:41:09.228042Z[0m [32m INFO[0m [2mbore_cli::client[0m[2m:[0m connected to server [3mremote_port[0m[2m=[0m8249
[2m2026-05-09T11:41:09.228174Z[0m [32m INFO[0m [2mbore_cli::client[0m[2m:[0m listening at bore.pub:8249
Error: could not connect to bore.pub:7835

Caused by:
    No route to host (os error 65)
[2m2026-05-09T11:41:57.766297Z[0m [32m INFO[0m [2mbore_cli::client[0m[2m:[0m connected to server [3mremote_port[0m[2m=[0m12234
[2m2026-05-09T11:41:57.766424Z[0m [32m INFO[0m [2mbore_cli::client[0m[2m:[0m listening at bore.pub:12234
Error: could not connect to bore.pub:7835

Caused by:
    No route to host (os error 65)
[2m2026-05-09T11:42:24.486568Z[0m [32m INFO[0m [2mbore_cli::client[0m[2m:[0m connected to server [3mremote_port[0m[2m=[0m21627
[2m2026-05-09T11:42:24.486703Z[0m [32m INFO[0m [2mbore_cli::client[0m[2m:[0m listening at bore.pub:21627
Error: could not connect to bore.pub:7835

Caused by:
    No route to host (os error 65)
[2m2026-05-09T11:43:42.847907Z[0m [32m INFO[0m [2mbore_cli::client[0m[2m:[0m connected to server [3mremote_port[0m[2m=[0m24408
[2m2026-05-09T11:43:42.848038Z[0m [32m INFO[0m [2mbore_cli::client[0m[2m:[0m listening at bore.pub:24408
Error: could not connect to bore.pub:7835

Caused by:
    No route to host (os error 65)
[2m2026-05-09T11:44:39.345447Z[0m [32m INFO[0m [2mbore_cli::client[0m[2m:[0m connected to server [3mremote_port[0m[2m=[0m42696
[2m2026-05-09T11:44:39.345546Z[0m [32m INFO[0m [2mbore_cli::client[0m[2m:[0m listening at bore.pub:42696
[2m2026-05-09T11:44:51.022528Z[0m [32m INFO[0m [2mbore_cli::client[0m[2m:[0m connected to server [3mremote_port[0m[2m=[0m28202
[2m2026-05-09T11:44:51.022660Z[0m [32m INFO[0m [2mbore_cli::client[0m[2m:[0m listening at bore.pub:28202
Error: could not connect to bore.pub:7835

Caused by:
    No route to host (os error 65)
[2m2026-05-09T11:45:35.282974Z[0m [32m INFO[0m [2mbore_cli::client[0m[2m:[0m connected to server [3mremote_port[0m[2m=[0m64978
[2m2026-05-09T11:45:35.283111Z[0m [32m INFO[0m [2mbore_cli::client[0m[2m:[0m listening at bore.pub:64978
Error: could not connect to bore.pub:7835

Caused by:
    No route to host (os error 65)
[2m2026-05-09T11:45:59.427129Z[0m [32m INFO[0m [2mbore_cli::client[0m[2m:[0m connected to server [3mremote_port[0m[2m=[0m64650
[2m2026-05-09T11:45:59.427257Z[0m [32m INFO[0m [2mbore_cli::client[0m[2m:[0m listening at bore.pub:64650
[2m2026-05-09T11:46:09.449391Z[0m [32m INFO[0m [2mbore_cli::client[0m[2m:[0m connected to server [3mremote_port[0m[2m=[0m36186
[2m2026-05-09T11:46:09.449526Z[0m [32m INFO[0m [2mbore_cli::client[0m[2m:[0m listening at bore.pub:36186
Error: could not connect to bore.pub:7835

Caused by:
    No route to host (os error 65)
[2m2026-05-09T11:46:33.365253Z[0m [32m INFO[0m [2mbore_cli::client[0m[2m:[0m connected to server [3mremote_port[0m[2m=[0m59519
[2m2026-05-09T11:46:33.365333Z[0m [32m INFO[0m [2mbore_cli::client[0m[2m:[0m listening at bore.pub:59519
Error: could not connect to bore.pub:7835

Caused by:
    No route to host (os error 65)
[2m2026-05-09T11:47:08.248327Z[0m [32m INFO[0m [2mbore_cli::client[0m[2m:[0m connected to server [3mremote_port[0m[2m=[0m24868
[2m2026-05-09T11:47:08.248437Z[0m [32m INFO[0m [2mbore_cli::client[0m[2m:[0m listening at bore.pub:24868
Error: could not connect to bore.pub:7835

Caused by:
    No route to host (os error 65)
[2m2026-05-09T11:47:42.200037Z[0m [32m INFO[0m [2mbore_cli::client[0m[2m:[0m connected to server [3mremote_port[0m[2m=[0m43125
[2m2026-05-09T11:47:42.200102Z[0m [32m INFO[0m [2mbore_cli::client[0m[2m:[0m listening at bore.pub:43125
Error: could not connect to bore.pub:7835

Caused by:
    No route to host (os error 65)
[2m2026-05-09T11:48:11.173944Z[0m [32m INFO[0m [2mbore_cli::client[0m[2m:[0m connected to server [3mremote_port[0m[2m=[0m53050
[2m2026-05-09T11:48:11.174069Z[0m [32m INFO[0m [2mbore_cli::client[0m[2m:[0m listening at bore.pub:53050
Error: could not connect to bore.pub:7835

Caused by:
    No route to host (os error 65)
[2m2026-05-09T11:48:36.349120Z[0m [32m INFO[0m [2mbore_cli::client[0m[2m:[0m connected to server [3mremote_port[0m[2m=[0m8069
[2m2026-05-09T11:48:36.349251Z[0m [32m INFO[0m [2mbore_cli::client[0m[2m:[0m listening at bore.pub:8069
[2m2026-05-09T11:48:46.707454Z[0m [32m INFO[0m [2mbore_cli::client[0m[2m:[0m connected to server [3mremote_port[0m[2m=[0m23926
[2m2026-05-09T11:48:46.707592Z[0m [32m INFO[0m [2mbore_cli::client[0m[2m:[0m listening at bore.pub:23926
Error: could not connect to bore.pub:7835

Caused by:
    No route to host (os error 65)
[2m2026-05-09T11:49:15.163878Z[0m [32m INFO[0m [2mbore_cli::client[0m[2m:[0m connected to server [3mremote_port[0m[2m=[0m47914
[2m2026-05-09T11:49:15.164011Z[0m [32m INFO[0m [2mbore_cli::client[0m[2m:[0m listening at bore.pub:47914
Error: could not connect to bore.pub:7835

Caused by:
    No route to host (os error 65)
[2m2026-05-09T11:49:39.183151Z[0m [32m INFO[0m [2mbore_cli::client[0m[2m:[0m connected to server [3mremote_port[0m[2m=[0m27697
[2m2026-05-09T11:49:39.183246Z[0m [32m INFO[0m [2mbore_cli::client[0m[2m:[0m listening at bore.pub:27697
[2m2026-05-09T11:49:49.635976Z[0m [32m INFO[0m [2mbore_cli::client[0m[2m:[0m connected to server [3mremote_port[0m[2m=[0m56467
[2m2026-05-09T11:49:49.636106Z[0m [32m INFO[0m [2mbore_cli::client[0m[2m:[0m listening at bore.pub:56467
Error: could not connect to bore.pub:7835

Caused by:
    No route to host (os error 65)
[2m2026-05-09T11:50:34.160849Z[0m [32m INFO[0m [2mbore_cli::client[0m[2m:[0m connected to server [3mremote_port[0m[2m=[0m4008
[2m2026-05-09T11:50:34.160971Z[0m [32m INFO[0m [2mbore_cli::client[0m[2m:[0m listening at bore.pub:4008
Error: could not connect to bore.pub:7835

Caused by:
    No route to host (os error 65)
[2m2026-05-09T11:50:55.894119Z[0m [32m INFO[0m [2mbore_cli::client[0m[2m:[0m connected to server [3mremote_port[0m[2m=[0m37614
[2m2026-05-09T11:50:55.894172Z[0m [32m INFO[0m [2mbore_cli::client[0m[2m:[0m listening at bore.pub:37614
Error: could not connect to bore.pub:7835

Caused by:
    No route to host (os error 65)
[2m2026-05-09T11:51:20.832767Z[0m [32m INFO[0m [2mbore_cli::client[0m[2m:[0m connected to server [3mremote_port[0m[2m=[0m15710
[2m2026-05-09T11:51:20.832898Z[0m [32m INFO[0m [2mbore_cli::client[0m[2m:[0m listening at bore.pub:15710
[2m2026-05-09T11:51:30.893086Z[0m [32m INFO[0m [2mbore_cli::client[0m[2m:[0m connected to server [3mremote_port[0m[2m=[0m29491
[2m2026-05-09T11:51:30.893207Z[0m [32m INFO[0m [2mbore_cli::client[0m[2m:[0m listening at bore.pub:29491
Error: could not connect to bore.pub:7835

Caused by:
    No route to host (os error 65)
[2m2026-05-09T11:51:56.076183Z[0m [32m INFO[0m [2mbore_cli::client[0m[2m:[0m connected to server [3mremote_port[0m[2m=[0m41426
[2m2026-05-09T11:51:56.076318Z[0m [32m INFO[0m [2mbore_cli::client[0m[2m:[0m listening at bore.pub:41426
[2m2026-05-09T11:52:06.769434Z[0m [32m INFO[0m [2mbore_cli::client[0m[2m:[0m connected to server [3mremote_port[0m[2m=[0m49138
[2m2026-05-09T11:52:06.769554Z[0m [32m INFO[0m [2mbore_cli::client[0m[2m:[0m listening at bore.pub:49138
Error: could not connect to bore.pub:7835

Caused by:
    No route to host (os error 65)
[2m2026-05-09T11:52:50.897687Z[0m [32m INFO[0m [2mbore_cli::client[0m[2m:[0m connected to server [3mremote_port[0m[2m=[0m31424
[2m2026-05-09T11:52:50.897815Z[0m [32m INFO[0m [2mbore_cli::client[0m[2m:[0m listening at bore.pub:31424
Error: could not connect to bore.pub:7835

Caused by:
    No route to host (os error 65)
[2m2026-05-09T11:53:20.107915Z[0m [32m INFO[0m [2mbore_cli::client[0m[2m:[0m connected to server [3mremote_port[0m[2m=[0m16563
[2m2026-05-09T11:53:20.108052Z[0m [32m INFO[0m [2mbore_cli::client[0m[2m:[0m listening at bore.pub:16563
[2m2026-05-09T11:53:30.254004Z[0m [32m INFO[0m [2mbore_cli::client[0m[2m:[0m connected to server [3mremote_port[0m[2m=[0m43071
[2m2026-05-09T11:53:30.254065Z[0m [32m INFO[0m [2mbore_cli::client[0m[2m:[0m listening at bore.pub:43071
Error: could not connect to bore.pub:7835

Caused by:
    No route to host (os error 65)
[2m2026-05-09T11:53:56.463412Z[0m [32m INFO[0m [2mbore_cli::client[0m[2m:[0m connected to server [3mremote_port[0m[2m=[0m60949
[2m2026-05-09T11:53:56.463543Z[0m [32m INFO[0m [2mbore_cli::client[0m[2m:[0m listening at bore.pub:60949
[2m2026-05-09T11:54:06.718056Z[0m [32m INFO[0m [2mbore_cli::client[0m[2m:[0m connected to server [3mremote_port[0m[2m=[0m30899
[2m2026-05-09T11:54:06.718185Z[0m [32m INFO[0m [2mbore_cli::client[0m[2m:[0m listening at bore.pub:30899
[2m2026-05-09T11:54:17.618026Z[0m [32m INFO[0m [2mbore_cli::client[0m[2m:[0m connected to server [3mremote_port[0m[2m=[0m12445
[2m2026-05-09T11:54:17.618175Z[0m [32m INFO[0m [2mbore_cli::client[0m[2m:[0m listening at bore.pub:12445
Error: could not connect to bore.pub:7835

Caused by:
    No route to host (os error 65)
[2m2026-05-09T11:55:12.221898Z[0m [32m INFO[0m [2mbore_cli::client[0m[2m:[0m connected to server [3mremote_port[0m[2m=[0m28076
[2m2026-05-09T11:55:12.222042Z[0m [32m INFO[0m [2mbore_cli::client[0m[2m:[0m listening at bore.pub:28076
Error: could not connect to bore.pub:7835

Caused by:
    No route to host (os error 65)
[2m2026-05-09T11:55:40.823661Z[0m [32m INFO[0m [2mbore_cli::client[0m[2m:[0m connected to server [3mremote_port[0m[2m=[0m61082
[2m2026-05-09T11:55:40.823811Z[0m [32m INFO[0m [2mbore_cli::client[0m[2m:[0m listening at bore.pub:61082
Error: could not connect to bore.pub:7835

Caused by:
    No route to host (os error 65)
[2m2026-05-09T13:12:08.072389Z[0m [32m INFO[0m [2mbore_cli::client[0m[2m:[0m connected to server [3mremote_port[0m[2m=[0m6979
[2m2026-05-09T13:12:08.072522Z[0m [32m INFO[0m [2mbore_cli::client[0m[2m:[0m listening at bore.pub:6979
Error: could not connect to bore.pub:7835

Caused by:
    No route to host (os error 65)
[2m2026-05-09T14:18:53.347419Z[0m [32m INFO[0m [2mbore_cli::client[0m[2m:[0m connected to server [3mremote_port[0m[2m=[0m40222
[2m2026-05-09T14:18:53.347547Z[0m [32m INFO[0m [2mbore_cli::client[0m[2m:[0m listening at bore.pub:40222
Error: could not connect to bore.pub:7835

Caused by:
    No route to host (os error 65)
[2m2026-05-09T15:27:56.843252Z[0m [32m INFO[0m [2mbore_cli::client[0m[2m:[0m connected to server [3mremote_port[0m[2m=[0m8713
[2m2026-05-09T15:27:56.843383Z[0m [32m INFO[0m [2mbore_cli::client[0m[2m:[0m listening at bore.pub:8713
[2m2026-05-09T16:15:34.043121Z[0m [32m INFO[0m [2mbore_cli::client[0m[2m:[0m connected to server [3mremote_port[0m[2m=[0m44855
[2m2026-05-09T16:15:34.043259Z[0m [32m INFO[0m [2mbore_cli::client[0m[2m:[0m listening at bore.pub:44855
[2m2026-05-09T17:38:47.285043Z[0m [32m INFO[0m [2mbore_cli::client[0m[2m:[0m connected to server [3mremote_port[0m[2m=[0m41491
[2m2026-05-09T17:38:47.285174Z[0m [32m INFO[0m [2mbore_cli::client[0m[2m:[0m listening at bore.pub:41491
Error: could not connect to bore.pub:7835

Caused by:
    No route to host (os error 65)
[2m2026-05-09T18:45:45.783981Z[0m [32m INFO[0m [2mbore_cli::client[0m[2m:[0m connected to server [3mremote_port[0m[2m=[0m21732
[2m2026-05-09T18:45:45.784051Z[0m [32m INFO[0m [2mbore_cli::client[0m[2m:[0m listening at bore.pub:21732
Error: could not connect to bore.pub:7835

Caused by:
    No route to host (os error 65)
[2m2026-05-09T20:20:37.210589Z[0m [32m INFO[0m [2mbore_cli::client[0m[2m:[0m connected to server [3mremote_port[0m[2m=[0m57172
[2m2026-05-09T20:20:37.210663Z[0m [32m INFO[0m [2mbore_cli::client[0m[2m:[0m listening at bore.pub:57172
Error: could not connect to bore.pub:7835

Caused by:
    No route to host (os error 65)
[2m2026-05-09T20:26:44.631900Z[0m [32m INFO[0m [2mbore_cli::client[0m[2m:[0m connected to server [3mremote_port[0m[2m=[0m57427
[2m2026-05-09T20:26:44.632031Z[0m [32m INFO[0m [2mbore_cli::client[0m[2m:[0m listening at bore.pub:57427
[2m2026-05-09T20:26:54.823695Z[0m [32m INFO[0m [2mbore_cli::client[0m[2m:[0m connected to server [3mremote_port[0m[2m=[0m21067
[2m2026-05-09T20:26:54.823843Z[0m [32m INFO[0m [2mbore_cli::client[0m[2m:[0m listening at bore.pub:21067
Error: could not connect to bore.pub:7835

Caused by:
    No route to host (os error 65)
[2m2026-05-09T20:27:22.283398Z[0m [32m INFO[0m [2mbore_cli::client[0m[2m:[0m connected to server [3mremote_port[0m[2m=[0m5750
[2m2026-05-09T20:27:22.283541Z[0m [32m INFO[0m [2mbore_cli::client[0m[2m:[0m listening at bore.pub:5750
[2m2026-05-09T20:27:32.995203Z[0m [32m INFO[0m [2mbore_cli::client[0m[2m:[0m connected to server [3mremote_port[0m[2m=[0m60196
[2m2026-05-09T20:27:32.995333Z[0m [32m INFO[0m [2mbore_cli::client[0m[2m:[0m listening at bore.pub:60196
[2m2026-05-09T20:27:43.597978Z[0m [32m INFO[0m [2mbore_cli::client[0m[2m:[0m connected to server [3mremote_port[0m[2m=[0m12723
[2m2026-05-09T20:27:43.598101Z[0m [32m INFO[0m [2mbore_cli::client[0m[2m:[0m listening at bore.pub:12723
Error: could not connect to bore.pub:7835

Caused by:
    No route to host (os error 65)
[2m2026-05-09T20:28:04.312156Z[0m [32m INFO[0m [2mbore_cli::client[0m[2m:[0m connected to server [3mremote_port[0m[2m=[0m15609
[2m2026-05-09T20:28:04.312274Z[0m [32m INFO[0m [2mbore_cli::client[0m[2m:[0m listening at bore.pub:15609
[2m2026-05-09T20:28:14.953252Z[0m [32m INFO[0m [2mbore_cli::client[0m[2m:[0m connected to server [3mremote_port[0m[2m=[0m43418
[2m2026-05-09T20:28:14.953379Z[0m [32m INFO[0m [2mbore_cli::client[0m[2m:[0m listening at bore.pub:43418
Error: could not connect to bore.pub:7835

Caused by:
    No route to host (os error 65)
[2m2026-05-09T20:28:52.740261Z[0m [32m INFO[0m [2mbore_cli::client[0m[2m:[0m connected to server [3mremote_port[0m[2m=[0m11412
[2m2026-05-09T20:28:52.740400Z[0m [32m INFO[0m [2mbore_cli::client[0m[2m:[0m listening at bore.pub:11412
Error: could not connect to bore.pub:7835

Caused by:
    No route to host (os error 65)
[2m2026-05-09T20:29:16.902499Z[0m [32m INFO[0m [2mbore_cli::client[0m[2m:[0m connected to server [3mremote_port[0m[2m=[0m39503
[2m2026-05-09T20:29:16.902608Z[0m [32m INFO[0m [2mbore_cli::client[0m[2m:[0m listening at bore.pub:39503
[2m2026-05-09T20:29:27.528251Z[0m [32m INFO[0m [2mbore_cli::client[0m[2m:[0m connected to server [3mremote_port[0m[2m=[0m61031
[2m2026-05-09T20:29:27.528378Z[0m [32m INFO[0m [2mbore_cli::client[0m[2m:[0m listening at bore.pub:61031
Error: could not connect to bore.pub:7835

Caused by:
    No route to host (os error 65)
[2m2026-05-09T20:30:06.296768Z[0m [32m INFO[0m [2mbore_cli::client[0m[2m:[0m connected to server [3mremote_port[0m[2m=[0m13718
[2m2026-05-09T20:30:06.296901Z[0m [32m INFO[0m [2mbore_cli::client[0m[2m:[0m listening at bore.pub:13718
Error: could not connect to bore.pub:7835

Caused by:
    No route to host (os error 65)
[2m2026-05-09T20:30:34.014373Z[0m [32m INFO[0m [2mbore_cli::client[0m[2m:[0m connected to server [3mremote_port[0m[2m=[0m16888
[2m2026-05-09T20:30:34.014502Z[0m [32m INFO[0m [2mbore_cli::client[0m[2m:[0m listening at bore.pub:16888
[2m2026-05-09T20:30:44.150240Z[0m [32m INFO[0m [2mbore_cli::client[0m[2m:[0m connected to server [3mremote_port[0m[2m=[0m32512
[2m2026-05-09T20:30:44.150363Z[0m [32m INFO[0m [2mbore_cli::client[0m[2m:[0m listening at bore.pub:32512
[2m2026-05-09T20:30:54.897516Z[0m [32m INFO[0m [2mbore_cli::client[0m[2m:[0m connected to server [3mremote_port[0m[2m=[0m50570
[2m2026-05-09T20:30:54.897646Z[0m [32m INFO[0m [2mbore_cli::client[0m[2m:[0m listening at bore.pub:50570
Error: could not connect to bore.pub:7835

Caused by:
    No route to host (os error 65)
[2m2026-05-09T20:31:16.519876Z[0m [32m INFO[0m [2mbore_cli::client[0m[2m:[0m connected to server [3mremote_port[0m[2m=[0m14404
[2m2026-05-09T20:31:16.520010Z[0m [32m INFO[0m [2mbore_cli::client[0m[2m:[0m listening at bore.pub:14404
[2m2026-05-09T20:31:27.052293Z[0m [32m INFO[0m [2mbore_cli::client[0m[2m:[0m connected to server [3mremote_port[0m[2m=[0m15000
[2m2026-05-09T20:31:27.052422Z[0m [32m INFO[0m [2mbore_cli::client[0m[2m:[0m listening at bore.pub:15000
Error: could not connect to bore.pub:7835

Caused by:
    No route to host (os error 65)
[2m2026-05-09T20:31:52.447371Z[0m [32m INFO[0m [2mbore_cli::client[0m[2m:[0m connected to server [3mremote_port[0m[2m=[0m16540
[2m2026-05-09T20:31:52.447505Z[0m [32m INFO[0m [2mbore_cli::client[0m[2m:[0m listening at bore.pub:16540
Error: could not connect to bore.pub:7835

Caused by:
    No route to host (os error 65)
[2m2026-05-09T20:32:24.883025Z[0m [32m INFO[0m [2mbore_cli::client[0m[2m:[0m connected to server [3mremote_port[0m[2m=[0m8069
[2m2026-05-09T20:32:24.883172Z[0m [32m INFO[0m [2mbore_cli::client[0m[2m:[0m listening at bore.pub:8069
Error: could not connect to bore.pub:7835

Caused by:
    No route to host (os error 65)
[2m2026-05-09T20:32:55.065731Z[0m [32m INFO[0m [2mbore_cli::client[0m[2m:[0m connected to server [3mremote_port[0m[2m=[0m23407
[2m2026-05-09T20:32:55.065856Z[0m [32m INFO[0m [2mbore_cli::client[0m[2m:[0m listening at bore.pub:23407
Error: could not connect to bore.pub:7835

Caused by:
    No route to host (os error 65)
[2m2026-05-09T20:33:30.303495Z[0m [32m INFO[0m [2mbore_cli::client[0m[2m:[0m connected to server [3mremote_port[0m[2m=[0m10658
[2m2026-05-09T20:33:30.303603Z[0m [32m INFO[0m [2mbore_cli::client[0m[2m:[0m listening at bore.pub:10658
[2m2026-05-09T20:33:40.711056Z[0m [32m INFO[0m [2mbore_cli::client[0m[2m:[0m connected to server [3mremote_port[0m[2m=[0m16391
[2m2026-05-09T20:33:40.711187Z[0m [32m INFO[0m [2mbore_cli::client[0m[2m:[0m listening at bore.pub:16391
Error: could not connect to bore.pub:7835

Caused by:
    No route to host (os error 65)
[2m2026-05-09T20:34:03.713476Z[0m [32m INFO[0m [2mbore_cli::client[0m[2m:[0m connected to server [3mremote_port[0m[2m=[0m46488
[2m2026-05-09T20:34:03.713628Z[0m [32m INFO[0m [2mbore_cli::client[0m[2m:[0m listening at bore.pub:46488
[2m2026-05-09T20:34:14.695339Z[0m [32m INFO[0m [2mbore_cli::client[0m[2m:[0m connected to server [3mremote_port[0m[2m=[0m6901
[2m2026-05-09T20:34:14.695467Z[0m [32m INFO[0m [2mbore_cli::client[0m[2m:[0m listening at bore.pub:6901
[2m2026-05-09T20:34:24.785082Z[0m [32m INFO[0m [2mbore_cli::client[0m[2m:[0m connected to server [3mremote_port[0m[2m=[0m29513
[2m2026-05-09T20:34:24.785206Z[0m [32m INFO[0m [2mbore_cli::client[0m[2m:[0m listening at bore.pub:29513
Error: could not connect to bore.pub:7835

Caused by:
    No route to host (os error 65)
[2m2026-05-09T20:35:00.977590Z[0m [32m INFO[0m [2mbore_cli::client[0m[2m:[0m connected to server [3mremote_port[0m[2m=[0m57543
[2m2026-05-09T20:35:00.977707Z[0m [32m INFO[0m [2mbore_cli::client[0m[2m:[0m listening at bore.pub:57543
Error: could not connect to bore.pub:7835

Caused by:
    No route to host (os error 65)
[2m2026-05-09T20:35:36.262804Z[0m [32m INFO[0m [2mbore_cli::client[0m[2m:[0m connected to server [3mremote_port[0m[2m=[0m21066
[2m2026-05-09T20:35:36.262871Z[0m [32m INFO[0m [2mbore_cli::client[0m[2m:[0m listening at bore.pub:21066
Error: could not connect to bore.pub:7835

Caused by:
    No route to host (os error 65)
[2m2026-05-09T20:36:01.209645Z[0m [32m INFO[0m [2mbore_cli::client[0m[2m:[0m connected to server [3mremote_port[0m[2m=[0m31111
[2m2026-05-09T20:36:01.209801Z[0m [32m INFO[0m [2mbore_cli::client[0m[2m:[0m listening at bore.pub:31111
[2m2026-05-09T20:36:11.860271Z[0m [32m INFO[0m [2mbore_cli::client[0m[2m:[0m connected to server [3mremote_port[0m[2m=[0m63109
[2m2026-05-09T20:36:11.860423Z[0m [32m INFO[0m [2mbore_cli::client[0m[2m:[0m listening at bore.pub:63109
[2m2026-05-09T20:36:22.238483Z[0m [32m INFO[0m [2mbore_cli::client[0m[2m:[0m connected to server [3mremote_port[0m[2m=[0m64190
[2m2026-05-09T20:36:22.238625Z[0m [32m INFO[0m [2mbore_cli::client[0m[2m:[0m listening at bore.pub:64190
[2m2026-05-09T20:36:33.275640Z[0m [32m INFO[0m [2mbore_cli::client[0m[2m:[0m connected to server [3mremote_port[0m[2m=[0m49164
[2m2026-05-09T20:36:33.275753Z[0m [32m INFO[0m [2mbore_cli::client[0m[2m:[0m listening at bore.pub:49164
Error: could not connect to bore.pub:7835

Caused by:
    No route to host (os error 65)
[2m2026-05-09T20:37:17.255392Z[0m [32m INFO[0m [2mbore_cli::client[0m[2m:[0m connected to server [3mremote_port[0m[2m=[0m24180
[2m2026-05-09T20:37:17.255508Z[0m [32m INFO[0m [2mbore_cli::client[0m[2m:[0m listening at bore.pub:24180
Error: could not connect to bore.pub:7835

Caused by:
    No route to host (os error 65)
[2m2026-05-09T20:37:37.568719Z[0m [32m INFO[0m [2mbore_cli::client[0m[2m:[0m connected to server [3mremote_port[0m[2m=[0m25663
[2m2026-05-09T20:37:37.568844Z[0m [32m INFO[0m [2mbore_cli::client[0m[2m:[0m listening at bore.pub:25663
[2m2026-05-09T20:37:47.847105Z[0m [32m INFO[0m [2mbore_cli::client[0m[2m:[0m connected to server [3mremote_port[0m[2m=[0m11840
[2m2026-05-09T20:37:47.847257Z[0m [32m INFO[0m [2mbore_cli::client[0m[2m:[0m listening at bore.pub:11840
Error: could not connect to bore.pub:7835

Caused by:
    No route to host (os error 65)
[2m2026-05-09T20:38:46.502760Z[0m [32m INFO[0m [2mbore_cli::client[0m[2m:[0m connected to server [3mremote_port[0m[2m=[0m31572
[2m2026-05-09T20:38:46.502891Z[0m [32m INFO[0m [2mbore_cli::client[0m[2m:[0m listening at bore.pub:31572
[2m2026-05-09T20:38:59.771741Z[0m [32m INFO[0m [2mbore_cli::client[0m[2m:[0m connected to server [3mremote_port[0m[2m=[0m2711
[2m2026-05-09T20:38:59.771880Z[0m [32m INFO[0m [2mbore_cli::client[0m[2m:[0m listening at bore.pub:2711
[2m2026-05-09T20:39:28.119213Z[0m [32m INFO[0m [2mbore_cli::client[0m[2m:[0m connected to server [3mremote_port[0m[2m=[0m32793
[2m2026-05-09T20:39:28.119345Z[0m [32m INFO[0m [2mbore_cli::client[0m[2m:[0m listening at bore.pub:32793
Error: could not connect to bore.pub:7835

Caused by:
    No route to host (os error 65)
[2m2026-05-09T20:40:27.470270Z[0m [32m INFO[0m [2mbore_cli::client[0m[2m:[0m connected to server [3mremote_port[0m[2m=[0m18484
[2m2026-05-09T20:40:27.470393Z[0m [32m INFO[0m [2mbore_cli::client[0m[2m:[0m listening at bore.pub:18484
Error: could not connect to bore.pub:7835

Caused by:
    No route to host (os error 65)
[2m2026-05-09T20:41:21.257396Z[0m [32m INFO[0m [2mbore_cli::client[0m[2m:[0m connected to server [3mremote_port[0m[2m=[0m19415
[2m2026-05-09T20:41:21.257552Z[0m [32m INFO[0m [2mbore_cli::client[0m[2m:[0m listening at bore.pub:19415
Error: could not connect to bore.pub:7835

Caused by:
    No route to host (os error 65)
[2m2026-05-09T20:42:04.395426Z[0m [32m INFO[0m [2mbore_cli::client[0m[2m:[0m connected to server [3mremote_port[0m[2m=[0m50126
[2m2026-05-09T20:42:04.395548Z[0m [32m INFO[0m [2mbore_cli::client[0m[2m:[0m listening at bore.pub:50126
Error: could not connect to bore.pub:7835

Caused by:
    No route to host (os error 65)
[2m2026-05-09T20:42:26.001298Z[0m [32m INFO[0m [2mbore_cli::client[0m[2m:[0m connected to server [3mremote_port[0m[2m=[0m61540
[2m2026-05-09T20:42:26.001480Z[0m [32m INFO[0m [2mbore_cli::client[0m[2m:[0m listening at bore.pub:61540
[2m2026-05-09T20:42:36.625384Z[0m [32m INFO[0m [2mbore_cli::client[0m[2m:[0m connected to server [3mremote_port[0m[2m=[0m16708
[2m2026-05-09T20:42:36.625516Z[0m [32m INFO[0m [2mbore_cli::client[0m[2m:[0m listening at bore.pub:16708
Error: could not connect to bore.pub:7835

Caused by:
    No route to host (os error 65)
[2m2026-05-09T20:43:16.587149Z[0m [32m INFO[0m [2mbore_cli::client[0m[2m:[0m connected to server [3mremote_port[0m[2m=[0m30061
[2m2026-05-09T20:43:16.587278Z[0m [32m INFO[0m [2mbore_cli::client[0m[2m:[0m listening at bore.pub:30061
Error: could not connect to bore.pub:7835

Caused by:
    No route to host (os error 65)
[2m2026-05-09T20:43:43.585135Z[0m [32m INFO[0m [2mbore_cli::client[0m[2m:[0m connected to server [3mremote_port[0m[2m=[0m7787
[2m2026-05-09T20:43:43.585270Z[0m [32m INFO[0m [2mbore_cli::client[0m[2m:[0m listening at bore.pub:7787
Error: could not connect to bore.pub:7835

Caused by:
    No route to host (os error 65)
[2m2026-05-09T20:44:22.899321Z[0m [32m INFO[0m [2mbore_cli::client[0m[2m:[0m connected to server [3mremote_port[0m[2m=[0m58838
[2m2026-05-09T20:44:22.899445Z[0m [32m INFO[0m [2mbore_cli::client[0m[2m:[0m listening at bore.pub:58838
Error: could not connect to bore.pub:7835

Caused by:
    No route to host (os error 65)
[2m2026-05-09T20:44:50.977728Z[0m [32m INFO[0m [2mbore_cli::client[0m[2m:[0m connected to server [3mremote_port[0m[2m=[0m26110
[2m2026-05-09T20:44:50.977800Z[0m [32m INFO[0m [2mbore_cli::client[0m[2m:[0m listening at bore.pub:26110
[2m2026-05-09T20:45:01.508365Z[0m [32m INFO[0m [2mbore_cli::client[0m[2m:[0m connected to server [3mremote_port[0m[2m=[0m14466
[2m2026-05-09T20:45:01.508514Z[0m [32m INFO[0m [2mbore_cli::client[0m[2m:[0m listening at bore.pub:14466
Error: could not connect to bore.pub:7835

Caused by:
    No route to host (os error 65)
[2m2026-05-09T20:45:36.985952Z[0m [32m INFO[0m [2mbore_cli::client[0m[2m:[0m connected to server [3mremote_port[0m[2m=[0m53138
[2m2026-05-09T20:45:36.986077Z[0m [32m INFO[0m [2mbore_cli::client[0m[2m:[0m listening at bore.pub:53138
Error: could not connect to bore.pub:7835

Caused by:
    No route to host (os error 65)
[2m2026-05-09T20:46:33.383755Z[0m [32m INFO[0m [2mbore_cli::client[0m[2m:[0m connected to server [3mremote_port[0m[2m=[0m19391
[2m2026-05-09T20:46:33.383925Z[0m [32m INFO[0m [2mbore_cli::client[0m[2m:[0m listening at bore.pub:19391
Error: could not connect to bore.pub:7835

Caused by:
    No route to host (os error 65)
[2m2026-05-09T20:47:04.250500Z[0m [32m INFO[0m [2mbore_cli::client[0m[2m:[0m connected to server [3mremote_port[0m[2m=[0m6385
[2m2026-05-09T20:47:04.250638Z[0m [32m INFO[0m [2mbore_cli::client[0m[2m:[0m listening at bore.pub:6385
[2m2026-05-09T20:47:15.033325Z[0m [32m INFO[0m [2mbore_cli::client[0m[2m:[0m connected to server [3mremote_port[0m[2m=[0m22176
[2m2026-05-09T20:47:15.033477Z[0m [32m INFO[0m [2mbore_cli::client[0m[2m:[0m listening at bore.pub:22176
Error: could not connect to bore.pub:7835

Caused by:
    No route to host (os error 65)
[2m2026-05-09T20:48:00.303765Z[0m [32m INFO[0m [2mbore_cli::client[0m[2m:[0m connected to server [3mremote_port[0m[2m=[0m58871
[2m2026-05-09T20:48:00.303898Z[0m [32m INFO[0m [2mbore_cli::client[0m[2m:[0m listening at bore.pub:58871
Error: could not connect to bore.pub:7835

Caused by:
    No route to host (os error 65)
[2m2026-05-09T20:48:33.410433Z[0m [32m INFO[0m [2mbore_cli::client[0m[2m:[0m connected to server [3mremote_port[0m[2m=[0m46791
[2m2026-05-09T20:48:33.410556Z[0m [32m INFO[0m [2mbore_cli::client[0m[2m:[0m listening at bore.pub:46791
[2m2026-05-09T20:48:44.394003Z[0m [32m INFO[0m [2mbore_cli::client[0m[2m:[0m connected to server [3mremote_port[0m[2m=[0m59205
[2m2026-05-09T20:48:44.394145Z[0m [32m INFO[0m [2mbore_cli::client[0m[2m:[0m listening at bore.pub:59205
Error: could not connect to bore.pub:7835

Caused by:
    No route to host (os error 65)
[2m2026-05-09T20:49:09.272907Z[0m [32m INFO[0m [2mbore_cli::client[0m[2m:[0m connected to server [3mremote_port[0m[2m=[0m25712
[2m2026-05-09T20:49:09.273052Z[0m [32m INFO[0m [2mbore_cli::client[0m[2m:[0m listening at bore.pub:25712
[2m2026-05-09T20:49:19.550145Z[0m [32m INFO[0m [2mbore_cli::client[0m[2m:[0m connected to server [3mremote_port[0m[2m=[0m54052
[2m2026-05-09T20:49:19.550275Z[0m [32m INFO[0m [2mbore_cli::client[0m[2m:[0m listening at bore.pub:54052
[2m2026-05-09T20:49:30.403992Z[0m [32m INFO[0m [2mbore_cli::client[0m[2m:[0m connected to server [3mremote_port[0m[2m=[0m4213
[2m2026-05-09T20:49:30.404123Z[0m [32m INFO[0m [2mbore_cli::client[0m[2m:[0m listening at bore.pub:4213
Error: could not connect to bore.pub:7835

Caused by:
    No route to host (os error 65)
[2m2026-05-09T20:50:12.090467Z[0m [32m INFO[0m [2mbore_cli::client[0m[2m:[0m connected to server [3mremote_port[0m[2m=[0m10329
[2m2026-05-09T20:50:12.090598Z[0m [32m INFO[0m [2mbore_cli::client[0m[2m:[0m listening at bore.pub:10329
Error: could not connect to bore.pub:7835

Caused by:
    No route to host (os error 65)
[2m2026-05-09T20:51:12.988532Z[0m [32m INFO[0m [2mbore_cli::client[0m[2m:[0m connected to server [3mremote_port[0m[2m=[0m57343
[2m2026-05-09T20:51:12.988659Z[0m [32m INFO[0m [2mbore_cli::client[0m[2m:[0m listening at bore.pub:57343
Error: could not connect to bore.pub:7835

Caused by:
    No route to host (os error 65)
[2m2026-05-09T20:51:44.910602Z[0m [32m INFO[0m [2mbore_cli::client[0m[2m:[0m connected to server [3mremote_port[0m[2m=[0m33361
[2m2026-05-09T20:51:44.910767Z[0m [32m INFO[0m [2mbore_cli::client[0m[2m:[0m listening at bore.pub:33361
[2m2026-05-09T20:51:55.546101Z[0m [32m INFO[0m [2mbore_cli::client[0m[2m:[0m connected to server [3mremote_port[0m[2m=[0m35967
[2m2026-05-09T20:51:55.546217Z[0m [32m INFO[0m [2mbore_cli::client[0m[2m:[0m listening at bore.pub:35967
Error: could not connect to bore.pub:7835

Caused by:
    No route to host (os error 65)
[2m2026-05-09T20:52:26.778678Z[0m [32m INFO[0m [2mbore_cli::client[0m[2m:[0m connected to server [3mremote_port[0m[2m=[0m38840
[2m2026-05-09T20:52:26.778837Z[0m [32m INFO[0m [2mbore_cli::client[0m[2m:[0m listening at bore.pub:38840
[2m2026-05-09T20:52:37.081700Z[0m [32m INFO[0m [2mbore_cli::client[0m[2m:[0m connected to server [3mremote_port[0m[2m=[0m9596
[2m2026-05-09T20:52:37.081835Z[0m [32m INFO[0m [2mbore_cli::client[0m[2m:[0m listening at bore.pub:9596
Error: could not connect to bore.pub:7835

Caused by:
    No route to host (os error 65)
[2m2026-05-09T20:53:00.471123Z[0m [32m INFO[0m [2mbore_cli::client[0m[2m:[0m connected to server [3mremote_port[0m[2m=[0m42733
[2m2026-05-09T20:53:00.471191Z[0m [32m INFO[0m [2mbore_cli::client[0m[2m:[0m listening at bore.pub:42733
[2m2026-05-09T20:53:11.361681Z[0m [32m INFO[0m [2mbore_cli::client[0m[2m:[0m connected to server [3mremote_port[0m[2m=[0m20606
[2m2026-05-09T20:53:11.361810Z[0m [32m INFO[0m [2mbore_cli::client[0m[2m:[0m listening at bore.pub:20606
Error: could not connect to bore.pub:7835

Caused by:
    No route to host (os error 65)
[2m2026-05-09T20:53:41.732829Z[0m [32m INFO[0m [2mbore_cli::client[0m[2m:[0m connected to server [3mremote_port[0m[2m=[0m63364
[2m2026-05-09T20:53:41.732929Z[0m [32m INFO[0m [2mbore_cli::client[0m[2m:[0m listening at bore.pub:63364
[2m2026-05-09T20:53:52.307541Z[0m [32m INFO[0m [2mbore_cli::client[0m[2m:[0m connected to server [3mremote_port[0m[2m=[0m38909
[2m2026-05-09T20:53:52.307682Z[0m [32m INFO[0m [2mbore_cli::client[0m[2m:[0m listening at bore.pub:38909
Error: could not connect to bore.pub:7835

Caused by:
    No route to host (os error 65)
[2m2026-05-09T20:54:17.325352Z[0m [32m INFO[0m [2mbore_cli::client[0m[2m:[0m connected to server [3mremote_port[0m[2m=[0m54858
[2m2026-05-09T20:54:17.325475Z[0m [32m INFO[0m [2mbore_cli::client[0m[2m:[0m listening at bore.pub:54858
Error: could not connect to bore.pub:7835

Caused by:
    No route to host (os error 65)
[2m2026-05-09T20:54:40.465501Z[0m [32m INFO[0m [2mbore_cli::client[0m[2m:[0m connected to server [3mremote_port[0m[2m=[0m11846
[2m2026-05-09T20:54:40.465629Z[0m [32m INFO[0m [2mbore_cli::client[0m[2m:[0m listening at bore.pub:11846
Error: could not connect to bore.pub:7835

Caused by:
    No route to host (os error 65)
[2m2026-05-09T20:55:13.353889Z[0m [32m INFO[0m [2mbore_cli::client[0m[2m:[0m connected to server [3mremote_port[0m[2m=[0m37113
[2m2026-05-09T20:55:13.354074Z[0m [32m INFO[0m [2mbore_cli::client[0m[2m:[0m listening at bore.pub:37113
[2m2026-05-09T20:55:23.751027Z[0m [32m INFO[0m [2mbore_cli::client[0m[2m:[0m connected to server [3mremote_port[0m[2m=[0m20574
[2m2026-05-09T20:55:23.751146Z[0m [32m INFO[0m [2mbore_cli::client[0m[2m:[0m listening at bore.pub:20574
[2m2026-05-09T20:55:39.529048Z[0m [32m INFO[0m [2mbore_cli::client[0m[2m:[0m connected to server [3mremote_port[0m[2m=[0m14081
[2m2026-05-09T20:55:39.529176Z[0m [32m INFO[0m [2mbore_cli::client[0m[2m:[0m listening at bore.pub:14081
Error: could not connect to bore.pub:7835

Caused by:
    No route to host (os error 65)
[2m2026-05-09T20:56:33.127220Z[0m [32m INFO[0m [2mbore_cli::client[0m[2m:[0m connected to server [3mremote_port[0m[2m=[0m52444
[2m2026-05-09T20:56:33.127369Z[0m [32m INFO[0m [2mbore_cli::client[0m[2m:[0m listening at bore.pub:52444
Error: could not connect to bore.pub:7835

Caused by:
    No route to host (os error 65)
[2m2026-05-09T20:57:07.041880Z[0m [32m INFO[0m [2mbore_cli::client[0m[2m:[0m connected to server [3mremote_port[0m[2m=[0m3691
[2m2026-05-09T20:57:07.042014Z[0m [32m INFO[0m [2mbore_cli::client[0m[2m:[0m listening at bore.pub:3691
Error: could not connect to bore.pub:7835

Caused by:
    No route to host (os error 65)
[2m2026-05-09T20:57:37.755398Z[0m [32m INFO[0m [2mbore_cli::client[0m[2m:[0m connected to server [3mremote_port[0m[2m=[0m60422
[2m2026-05-09T20:57:37.755520Z[0m [32m INFO[0m [2mbore_cli::client[0m[2m:[0m listening at bore.pub:60422
[2m2026-05-09T20:57:48.496824Z[0m [32m INFO[0m [2mbore_cli::client[0m[2m:[0m connected to server [3mremote_port[0m[2m=[0m63266
[2m2026-05-09T20:57:48.496982Z[0m [32m INFO[0m [2mbore_cli::client[0m[2m:[0m listening at bore.pub:63266
Error: could not connect to bore.pub:7835

Caused by:
    No route to host (os error 65)
[2m2026-05-09T20:58:29.620992Z[0m [32m INFO[0m [2mbore_cli::client[0m[2m:[0m connected to server [3mremote_port[0m[2m=[0m18800
[2m2026-05-09T20:58:29.621132Z[0m [32m INFO[0m [2mbore_cli::client[0m[2m:[0m listening at bore.pub:18800
[2m2026-05-09T20:58:40.500056Z[0m [32m INFO[0m [2mbore_cli::client[0m[2m:[0m connected to server [3mremote_port[0m[2m=[0m30819
[2m2026-05-09T20:58:40.500178Z[0m [32m INFO[0m [2mbore_cli::client[0m[2m:[0m listening at bore.pub:30819
Error: could not connect to bore.pub:7835

Caused by:
    No route to host (os error 65)
[2m2026-05-09T20:59:20.370773Z[0m [32m INFO[0m [2mbore_cli::client[0m[2m:[0m connected to server [3mremote_port[0m[2m=[0m18207
[2m2026-05-09T20:59:20.370873Z[0m [32m INFO[0m [2mbore_cli::client[0m[2m:[0m listening at bore.pub:18207
Error: could not connect to bore.pub:7835

Caused by:
    No route to host (os error 65)
[2m2026-05-09T21:00:06.790719Z[0m [32m INFO[0m [2mbore_cli::client[0m[2m:[0m connected to server [3mremote_port[0m[2m=[0m17877
[2m2026-05-09T21:00:06.790842Z[0m [32m INFO[0m [2mbore_cli::client[0m[2m:[0m listening at bore.pub:17877
Error: could not connect to bore.pub:7835

Caused by:
    No route to host (os error 65)
[2m2026-05-09T21:00:45.545493Z[0m [32m INFO[0m [2mbore_cli::client[0m[2m:[0m connected to server [3mremote_port[0m[2m=[0m36263
[2m2026-05-09T21:00:45.545628Z[0m [32m INFO[0m [2mbore_cli::client[0m[2m:[0m listening at bore.pub:36263
Error: could not connect to bore.pub:7835

Caused by:
    No route to host (os error 65)
[2m2026-05-09T21:01:11.921080Z[0m [32m INFO[0m [2mbore_cli::client[0m[2m:[0m connected to server [3mremote_port[0m[2m=[0m6320
[2m2026-05-09T21:01:11.921219Z[0m [32m INFO[0m [2mbore_cli::client[0m[2m:[0m listening at bore.pub:6320
Error: could not connect to bore.pub:7835

Caused by:
    No route to host (os error 65)
[2m2026-05-09T21:01:36.727851Z[0m [32m INFO[0m [2mbore_cli::client[0m[2m:[0m connected to server [3mremote_port[0m[2m=[0m59226
[2m2026-05-09T21:01:36.727995Z[0m [32m INFO[0m [2mbore_cli::client[0m[2m:[0m listening at bore.pub:59226
[2m2026-05-09T21:01:47.076608Z[0m [32m INFO[0m [2mbore_cli::client[0m[2m:[0m connected to server [3mremote_port[0m[2m=[0m52668
[2m2026-05-09T21:01:47.076731Z[0m [32m INFO[0m [2mbore_cli::client[0m[2m:[0m listening at bore.pub:52668
[2m2026-05-09T21:01:57.311700Z[0m [32m INFO[0m [2mbore_cli::client[0m[2m:[0m connected to server [3mremote_port[0m[2m=[0m59887
[2m2026-05-09T21:01:57.311839Z[0m [32m INFO[0m [2mbore_cli::client[0m[2m:[0m listening at bore.pub:59887
[2m2026-05-09T21:02:07.569028Z[0m [32m INFO[0m [2mbore_cli::client[0m[2m:[0m connected to server [3mremote_port[0m[2m=[0m9715
[2m2026-05-09T21:02:07.569217Z[0m [32m INFO[0m [2mbore_cli::client[0m[2m:[0m listening at bore.pub:9715
[2m2026-05-09T21:02:18.160962Z[0m [32m INFO[0m [2mbore_cli::client[0m[2m:[0m connected to server [3mremote_port[0m[2m=[0m40531
[2m2026-05-09T21:02:18.161118Z[0m [32m INFO[0m [2mbore_cli::client[0m[2m:[0m listening at bore.pub:40531
[2m2026-05-09T21:02:28.738398Z[0m [32m INFO[0m [2mbore_cli::client[0m[2m:[0m connected to server [3mremote_port[0m[2m=[0m6903
[2m2026-05-09T21:02:28.738547Z[0m [32m INFO[0m [2mbore_cli::client[0m[2m:[0m listening at bore.pub:6903
[2m2026-05-09T21:02:39.026351Z[0m [32m INFO[0m [2mbore_cli::client[0m[2m:[0m connected to server [3mremote_port[0m[2m=[0m52454
[2m2026-05-09T21:02:39.026506Z[0m [32m INFO[0m [2mbore_cli::client[0m[2m:[0m listening at bore.pub:52454
[2m2026-05-09T21:02:49.818663Z[0m [32m INFO[0m [2mbore_cli::client[0m[2m:[0m connected to server [3mremote_port[0m[2m=[0m42437
[2m2026-05-09T21:02:49.818816Z[0m [32m INFO[0m [2mbore_cli::client[0m[2m:[0m listening at bore.pub:42437
[2m2026-05-09T21:03:00.353320Z[0m [32m INFO[0m [2mbore_cli::client[0m[2m:[0m connected to server [3mremote_port[0m[2m=[0m47855
[2m2026-05-09T21:03:00.353475Z[0m [32m INFO[0m [2mbore_cli::client[0m[2m:[0m listening at bore.pub:47855
[2m2026-05-09T21:03:11.021089Z[0m [32m INFO[0m [2mbore_cli::client[0m[2m:[0m connected to server [3mremote_port[0m[2m=[0m8562
[2m2026-05-09T21:03:11.021219Z[0m [32m INFO[0m [2mbore_cli::client[0m[2m:[0m listening at bore.pub:8562
Error: could not connect to bore.pub:7835

Caused by:
    No route to host (os error 65)
[2m2026-05-09T21:03:39.151539Z[0m [32m INFO[0m [2mbore_cli::client[0m[2m:[0m connected to server [3mremote_port[0m[2m=[0m38555
[2m2026-05-09T21:03:39.151667Z[0m [32m INFO[0m [2mbore_cli::client[0m[2m:[0m listening at bore.pub:38555
[2m2026-05-09T21:03:49.439306Z[0m [32m INFO[0m [2mbore_cli::client[0m[2m:[0m connected to server [3mremote_port[0m[2m=[0m33373
[2m2026-05-09T21:03:49.439435Z[0m [32m INFO[0m [2mbore_cli::client[0m[2m:[0m listening at bore.pub:33373
[2m2026-05-09T21:04:00.152155Z[0m [32m INFO[0m [2mbore_cli::client[0m[2m:[0m connected to server [3mremote_port[0m[2m=[0m1735
[2m2026-05-09T21:04:00.152290Z[0m [32m INFO[0m [2mbore_cli::client[0m[2m:[0m listening at bore.pub:1735
[2m2026-05-09T21:04:10.823310Z[0m [32m INFO[0m [2mbore_cli::client[0m[2m:[0m connected to server [3mremote_port[0m[2m=[0m42284
[2m2026-05-09T21:04:10.823431Z[0m [32m INFO[0m [2mbore_cli::client[0m[2m:[0m listening at bore.pub:42284
[2m2026-05-09T21:04:21.669990Z[0m [32m INFO[0m [2mbore_cli::client[0m[2m:[0m connected to server [3mremote_port[0m[2m=[0m28177
[2m2026-05-09T21:04:21.670151Z[0m [32m INFO[0m [2mbore_cli::client[0m[2m:[0m listening at bore.pub:28177
Error: could not connect to bore.pub:7835

Caused by:
    No route to host (os error 65)
[2m2026-05-09T21:04:43.263210Z[0m [32m INFO[0m [2mbore_cli::client[0m[2m:[0m connected to server [3mremote_port[0m[2m=[0m16208
[2m2026-05-09T21:04:43.263336Z[0m [32m INFO[0m [2mbore_cli::client[0m[2m:[0m listening at bore.pub:16208
[2m2026-05-09T21:04:53.428940Z[0m [32m INFO[0m [2mbore_cli::client[0m[2m:[0m connected to server [3mremote_port[0m[2m=[0m18263
[2m2026-05-09T21:04:53.429086Z[0m [32m INFO[0m [2mbore_cli::client[0m[2m:[0m listening at bore.pub:18263
[2m2026-05-09T21:05:04.038413Z[0m [32m INFO[0m [2mbore_cli::client[0m[2m:[0m connected to server [3mremote_port[0m[2m=[0m10120
[2m2026-05-09T21:05:04.038565Z[0m [32m INFO[0m [2mbore_cli::client[0m[2m:[0m listening at bore.pub:10120
[2m2026-05-09T21:05:14.775523Z[0m [32m INFO[0m [2mbore_cli::client[0m[2m:[0m connected to server [3mremote_port[0m[2m=[0m62236
[2m2026-05-09T21:05:14.775641Z[0m [32m INFO[0m [2mbore_cli::client[0m[2m:[0m listening at bore.pub:62236
[2m2026-05-09T21:05:25.427144Z[0m [32m INFO[0m [2mbore_cli::client[0m[2m:[0m connected to server [3mremote_port[0m[2m=[0m13483
[2m2026-05-09T21:05:25.427262Z[0m [32m INFO[0m [2mbore_cli::client[0m[2m:[0m listening at bore.pub:13483
[2m2026-05-09T21:05:35.556329Z[0m [32m INFO[0m [2mbore_cli::client[0m[2m:[0m connected to server [3mremote_port[0m[2m=[0m32664
[2m2026-05-09T21:05:35.556482Z[0m [32m INFO[0m [2mbore_cli::client[0m[2m:[0m listening at bore.pub:32664
[2m2026-05-09T21:05:46.521997Z[0m [32m INFO[0m [2mbore_cli::client[0m[2m:[0m connected to server [3mremote_port[0m[2m=[0m29686
[2m2026-05-09T21:05:46.522113Z[0m [32m INFO[0m [2mbore_cli::client[0m[2m:[0m listening at bore.pub:29686
Error: could not connect to bore.pub:7835

Caused by:
    No route to host (os error 65)
[2m2026-05-09T21:06:18.674209Z[0m [32m INFO[0m [2mbore_cli::client[0m[2m:[0m connected to server [3mremote_port[0m[2m=[0m40153
[2m2026-05-09T21:06:18.674349Z[0m [32m INFO[0m [2mbore_cli::client[0m[2m:[0m listening at bore.pub:40153
Error: could not connect to bore.pub:7835

Caused by:
    No route to host (os error 65)
[2m2026-05-09T21:06:44.072164Z[0m [32m INFO[0m [2mbore_cli::client[0m[2m:[0m connected to server [3mremote_port[0m[2m=[0m17790
[2m2026-05-09T21:06:44.072314Z[0m [32m INFO[0m [2mbore_cli::client[0m[2m:[0m listening at bore.pub:17790
Error: could not connect to bore.pub:7835

Caused by:
    No route to host (os error 65)
[2m2026-05-09T21:07:21.186959Z[0m [32m INFO[0m [2mbore_cli::client[0m[2m:[0m connected to server [3mremote_port[0m[2m=[0m53582
[2m2026-05-09T21:07:21.187114Z[0m [32m INFO[0m [2mbore_cli::client[0m[2m:[0m listening at bore.pub:53582
Error: could not connect to bore.pub:7835

Caused by:
    No route to host (os error 65)
[2m2026-05-09T21:09:01.357914Z[0m [32m INFO[0m [2mbore_cli::client[0m[2m:[0m connected to server [3mremote_port[0m[2m=[0m43595
[2m2026-05-09T21:09:01.358049Z[0m [32m INFO[0m [2mbore_cli::client[0m[2m:[0m listening at bore.pub:43595
[2m2026-05-09T21:12:13.081900Z[0m [32m INFO[0m [2mbore_cli::client[0m[2m:[0m connected to server [3mremote_port[0m[2m=[0m55149
[2m2026-05-09T21:12:13.082016Z[0m [32m INFO[0m [2mbore_cli::client[0m[2m:[0m listening at bore.pub:55149
[2m2026-05-09T22:07:04.533117Z[0m [32m INFO[0m [2mbore_cli::client[0m[2m:[0m connected to server [3mremote_port[0m[2m=[0m41164
[2m2026-05-09T22:07:04.534179Z[0m [32m INFO[0m [2mbore_cli::client[0m[2m:[0m listening at bore.pub:41164
Error: could not connect to bore.pub:7835

Caused by:
    No route to host (os error 65)
[2m2026-05-09T22:59:17.526027Z[0m [32m INFO[0m [2mbore_cli::client[0m[2m:[0m connected to server [3mremote_port[0m[2m=[0m33911
[2m2026-05-09T22:59:17.526189Z[0m [32m INFO[0m [2mbore_cli::client[0m[2m:[0m listening at bore.pub:33911
Error: could not connect to bore.pub:7835

Caused by:
    No route to host (os error 65)
[2m2026-05-10T00:21:19.549057Z[0m [32m INFO[0m [2mbore_cli::client[0m[2m:[0m connected to server [3mremote_port[0m[2m=[0m43282
[2m2026-05-10T00:21:19.549185Z[0m [32m INFO[0m [2mbore_cli::client[0m[2m:[0m listening at bore.pub:43282
Error: could not connect to bore.pub:7835

Caused by:
    No route to host (os error 65)
[2m2026-05-10T03:10:18.669703Z[0m [32m INFO[0m [2mbore_cli::client[0m[2m:[0m connected to server [3mremote_port[0m[2m=[0m20253
[2m2026-05-10T03:10:18.669829Z[0m [32m INFO[0m [2mbore_cli::client[0m[2m:[0m listening at bore.pub:20253
Error: could not connect to bore.pub:7835

Caused by:
    No route to host (os error 65)
[2m2026-05-10T05:21:29.542442Z[0m [32m INFO[0m [2mbore_cli::client[0m[2m:[0m connected to server [3mremote_port[0m[2m=[0m5720
[2m2026-05-10T05:21:29.542580Z[0m [32m INFO[0m [2mbore_cli::client[0m[2m:[0m listening at bore.pub:5720
Error: could not connect to bore.pub:7835

Caused by:
    No route to host (os error 65)
[2m2026-05-10T05:23:37.850982Z[0m [32m INFO[0m [2mbore_cli::client[0m[2m:[0m connected to server [3mremote_port[0m[2m=[0m63707
[2m2026-05-10T05:23:37.851080Z[0m [32m INFO[0m [2mbore_cli::client[0m[2m:[0m listening at bore.pub:63707
Error: could not connect to bore.pub:7835

Caused by:
    No route to host (os error 65)
[2m2026-05-10T05:49:57.909574Z[0m [32m INFO[0m [2mbore_cli::client[0m[2m:[0m connected to server [3mremote_port[0m[2m=[0m35717
[2m2026-05-10T05:49:57.909725Z[0m [32m INFO[0m [2mbore_cli::client[0m[2m:[0m listening at bore.pub:35717
Error: could not connect to bore.pub:7835

Caused by:
    No route to host (os error 65)
[2m2026-05-10T06:34:42.493391Z[0m [32m INFO[0m [2mbore_cli::client[0m[2m:[0m connected to server [3mremote_port[0m[2m=[0m58506
[2m2026-05-10T06:34:42.493529Z[0m [32m INFO[0m [2mbore_cli::client[0m[2m:[0m listening at bore.pub:58506
Error: could not connect to bore.pub:7835

Caused by:
    No route to host (os error 65)
[2m2026-05-10T08:30:08.910516Z[0m [32m INFO[0m [2mbore_cli::client[0m[2m:[0m connected to server [3mremote_port[0m[2m=[0m16075
[2m2026-05-10T08:30:08.910595Z[0m [32m INFO[0m [2mbore_cli::client[0m[2m:[0m listening at bore.pub:16075
Error: could not connect to bore.pub:7835

Caused by:
    No route to host (os error 65)
[2m2026-05-10T10:02:11.443766Z[0m [32m INFO[0m [2mbore_cli::client[0m[2m:[0m connected to server [3mremote_port[0m[2m=[0m59769
[2m2026-05-10T10:02:11.443893Z[0m [32m INFO[0m [2mbore_cli::client[0m[2m:[0m listening at bore.pub:59769
Error: could not connect to bore.pub:7835

Caused by:
    No route to host (os error 65)
[2m2026-05-10T10:33:05.487954Z[0m [32m INFO[0m [2mbore_cli::client[0m[2m:[0m connected to server [3mremote_port[0m[2m=[0m59626
[2m2026-05-10T10:33:05.488023Z[0m [32m INFO[0m [2mbore_cli::client[0m[2m:[0m listening at bore.pub:59626
Error: could not connect to bore.pub:7835

Caused by:
    No route to host (os error 65)
[2m2026-05-10T10:37:33.887015Z[0m [32m INFO[0m [2mbore_cli::client[0m[2m:[0m connected to server [3mremote_port[0m[2m=[0m34072
[2m2026-05-10T10:37:33.887145Z[0m [32m INFO[0m [2mbore_cli::client[0m[2m:[0m listening at bore.pub:34072
Error: could not connect to bore.pub:7835

Caused by:
    No route to host (os error 65)
[2m2026-05-10T10:40:15.823995Z[0m [32m INFO[0m [2mbore_cli::client[0m[2m:[0m connected to server [3mremote_port[0m[2m=[0m54435
[2m2026-05-10T10:40:15.824116Z[0m [32m INFO[0m [2mbore_cli::client[0m[2m:[0m listening at bore.pub:54435
Error: could not connect to bore.pub:7835

Caused by:
    No route to host (os error 65)
[2m2026-05-10T10:41:55.534110Z[0m [32m INFO[0m [2mbore_cli::client[0m[2m:[0m connected to server [3mremote_port[0m[2m=[0m27565
[2m2026-05-10T10:41:55.534257Z[0m [32m INFO[0m [2mbore_cli::client[0m[2m:[0m listening at bore.pub:27565
Error: could not connect to bore.pub:7835

Caused by:
    No route to host (os error 65)
[2m2026-05-10T10:44:48.085960Z[0m [32m INFO[0m [2mbore_cli::client[0m[2m:[0m connected to server [3mremote_port[0m[2m=[0m25179
[2m2026-05-10T10:44:48.086081Z[0m [32m INFO[0m [2mbore_cli::client[0m[2m:[0m listening at bore.pub:25179
Error: could not connect to bore.pub:7835

Caused by:
    No route to host (os error 65)
[2m2026-05-10T10:47:33.668761Z[0m [32m INFO[0m [2mbore_cli::client[0m[2m:[0m connected to server [3mremote_port[0m[2m=[0m62261
[2m2026-05-10T10:47:33.668911Z[0m [32m INFO[0m [2mbore_cli::client[0m[2m:[0m listening at bore.pub:62261
Error: could not connect to bore.pub:7835

Caused by:
    No route to host (os error 65)
[2m2026-05-10T10:49:15.177621Z[0m [32m INFO[0m [2mbore_cli::client[0m[2m:[0m connected to server [3mremote_port[0m[2m=[0m28589
[2m2026-05-10T10:49:15.177752Z[0m [32m INFO[0m [2mbore_cli::client[0m[2m:[0m listening at bore.pub:28589
Error: could not connect to bore.pub:7835

Caused by:
    No route to host (os error 65)
[2m2026-05-10T10:51:01.886897Z[0m [32m INFO[0m [2mbore_cli::client[0m[2m:[0m connected to server [3mremote_port[0m[2m=[0m46865
[2m2026-05-10T10:51:01.887036Z[0m [32m INFO[0m [2mbore_cli::client[0m[2m:[0m listening at bore.pub:46865
Error: could not connect to bore.pub:7835

Caused by:
    No route to host (os error 65)
[2m2026-05-10T10:53:39.683109Z[0m [32m INFO[0m [2mbore_cli::client[0m[2m:[0m connected to server [3mremote_port[0m[2m=[0m38561
[2m2026-05-10T10:53:39.683245Z[0m [32m INFO[0m [2mbore_cli::client[0m[2m:[0m listening at bore.pub:38561
Error: could not connect to bore.pub:7835

Caused by:
    No route to host (os error 65)
[2m2026-05-10T10:55:21.023565Z[0m [32m INFO[0m [2mbore_cli::client[0m[2m:[0m connected to server [3mremote_port[0m[2m=[0m23581
[2m2026-05-10T10:55:21.023716Z[0m [32m INFO[0m [2mbore_cli::client[0m[2m:[0m listening at bore.pub:23581
Error: could not connect to bore.pub:7835

Caused by:
    No route to host (os error 65)
[2m2026-05-10T10:58:32.531704Z[0m [32m INFO[0m [2mbore_cli::client[0m[2m:[0m connected to server [3mremote_port[0m[2m=[0m21225
[2m2026-05-10T10:58:32.531833Z[0m [32m INFO[0m [2mbore_cli::client[0m[2m:[0m listening at bore.pub:21225
[2m2026-05-10T11:00:16.552556Z[0m [32m INFO[0m [2mbore_cli::client[0m[2m:[0m connected to server [3mremote_port[0m[2m=[0m33431
[2m2026-05-10T11:00:16.552688Z[0m [32m INFO[0m [2mbore_cli::client[0m[2m:[0m listening at bore.pub:33431
Error: could not connect to bore.pub:7835

Caused by:
    No route to host (os error 65)
[2m2026-05-10T11:03:20.066843Z[0m [32m INFO[0m [2mbore_cli::client[0m[2m:[0m connected to server [3mremote_port[0m[2m=[0m30738
[2m2026-05-10T11:03:20.066901Z[0m [32m INFO[0m [2mbore_cli::client[0m[2m:[0m listening at bore.pub:30738
Error: could not connect to bore.pub:7835

Caused by:
    No route to host (os error 65)
[2m2026-05-10T11:05:16.522226Z[0m [32m INFO[0m [2mbore_cli::client[0m[2m:[0m connected to server [3mremote_port[0m[2m=[0m7258
[2m2026-05-10T11:05:16.522338Z[0m [32m INFO[0m [2mbore_cli::client[0m[2m:[0m listening at bore.pub:7258
Error: could not connect to bore.pub:7835

Caused by:
    No route to host (os error 65)
[2m2026-05-10T11:06:58.867385Z[0m [32m INFO[0m [2mbore_cli::client[0m[2m:[0m connected to server [3mremote_port[0m[2m=[0m44859
[2m2026-05-10T11:06:58.867515Z[0m [32m INFO[0m [2mbore_cli::client[0m[2m:[0m listening at bore.pub:44859
Error: could not connect to bore.pub:7835

Caused by:
    No route to host (os error 65)
[2m2026-05-10T11:09:58.736791Z[0m [32m INFO[0m [2mbore_cli::client[0m[2m:[0m connected to server [3mremote_port[0m[2m=[0m47880
[2m2026-05-10T11:09:58.736945Z[0m [32m INFO[0m [2mbore_cli::client[0m[2m:[0m listening at bore.pub:47880
Error: could not connect to bore.pub:7835

Caused by:
    No route to host (os error 65)
[2m2026-05-10T11:11:32.962163Z[0m [32m INFO[0m [2mbore_cli::client[0m[2m:[0m connected to server [3mremote_port[0m[2m=[0m45933
[2m2026-05-10T11:11:32.962279Z[0m [32m INFO[0m [2mbore_cli::client[0m[2m:[0m listening at bore.pub:45933
Error: could not connect to bore.pub:7835

Caused by:
    No route to host (os error 65)
[2m2026-05-10T11:13:20.921894Z[0m [32m INFO[0m [2mbore_cli::client[0m[2m:[0m connected to server [3mremote_port[0m[2m=[0m35856
[2m2026-05-10T11:13:20.922013Z[0m [32m INFO[0m [2mbore_cli::client[0m[2m:[0m listening at bore.pub:35856
Error: could not connect to bore.pub:7835

Caused by:
    No route to host (os error 65)
[2m2026-05-10T11:16:24.742900Z[0m [32m INFO[0m [2mbore_cli::client[0m[2m:[0m connected to server [3mremote_port[0m[2m=[0m48842
[2m2026-05-10T11:16:24.743022Z[0m [32m INFO[0m [2mbore_cli::client[0m[2m:[0m listening at bore.pub:48842
Error: could not connect to bore.pub:7835

Caused by:
    No route to host (os error 65)
[2m2026-05-10T11:18:10.716486Z[0m [32m INFO[0m [2mbore_cli::client[0m[2m:[0m connected to server [3mremote_port[0m[2m=[0m46699
[2m2026-05-10T11:18:10.716617Z[0m [32m INFO[0m [2mbore_cli::client[0m[2m:[0m listening at bore.pub:46699
Error: could not connect to bore.pub:7835

Caused by:
    No route to host (os error 65)
[2m2026-05-10T11:19:49.825259Z[0m [32m INFO[0m [2mbore_cli::client[0m[2m:[0m connected to server [3mremote_port[0m[2m=[0m49979
[2m2026-05-10T11:19:49.825410Z[0m [32m INFO[0m [2mbore_cli::client[0m[2m:[0m listening at bore.pub:49979
Error: could not connect to bore.pub:7835

Caused by:
    No route to host (os error 65)
[2m2026-05-10T11:22:57.598596Z[0m [32m INFO[0m [2mbore_cli::client[0m[2m:[0m connected to server [3mremote_port[0m[2m=[0m63619
[2m2026-05-10T11:22:57.598721Z[0m [32m INFO[0m [2mbore_cli::client[0m[2m:[0m listening at bore.pub:63619
Error: could not connect to bore.pub:7835

Caused by:
    No route to host (os error 65)
[2m2026-05-10T11:24:36.804190Z[0m [32m INFO[0m [2mbore_cli::client[0m[2m:[0m connected to server [3mremote_port[0m[2m=[0m7210
[2m2026-05-10T11:24:36.804311Z[0m [32m INFO[0m [2mbore_cli::client[0m[2m:[0m listening at bore.pub:7210
Error: could not connect to bore.pub:7835

Caused by:
    No route to host (os error 65)
[2m2026-05-10T11:26:15.883147Z[0m [32m INFO[0m [2mbore_cli::client[0m[2m:[0m connected to server [3mremote_port[0m[2m=[0m39181
[2m2026-05-10T11:26:15.883273Z[0m [32m INFO[0m [2mbore_cli::client[0m[2m:[0m listening at bore.pub:39181
Error: could not connect to bore.pub:7835

Caused by:
    No route to host (os error 65)
[2m2026-05-10T11:31:06.013985Z[0m [32m INFO[0m [2mbore_cli::client[0m[2m:[0m connected to server [3mremote_port[0m[2m=[0m58841
[2m2026-05-10T11:31:06.014133Z[0m [32m INFO[0m [2mbore_cli::client[0m[2m:[0m listening at bore.pub:58841
Error: could not connect to bore.pub:7835

Caused by:
    No route to host (os error 65)
[2m2026-05-10T11:35:10.581908Z[0m [32m INFO[0m [2mbore_cli::client[0m[2m:[0m connected to server [3mremote_port[0m[2m=[0m5811
[2m2026-05-10T11:35:10.582038Z[0m [32m INFO[0m [2mbore_cli::client[0m[2m:[0m listening at bore.pub:5811
Error: could not connect to bore.pub:7835

Caused by:
    No route to host (os error 65)
[2m2026-05-10T11:36:54.646235Z[0m [32m INFO[0m [2mbore_cli::client[0m[2m:[0m connected to server [3mremote_port[0m[2m=[0m49628
[2m2026-05-10T11:36:54.646389Z[0m [32m INFO[0m [2mbore_cli::client[0m[2m:[0m listening at bore.pub:49628
Error: could not connect to bore.pub:7835

Caused by:
    No route to host (os error 65)
[2m2026-05-10T11:38:57.077708Z[0m [32m INFO[0m [2mbore_cli::client[0m[2m:[0m connected to server [3mremote_port[0m[2m=[0m4756
[2m2026-05-10T11:38:57.077842Z[0m [32m INFO[0m [2mbore_cli::client[0m[2m:[0m listening at bore.pub:4756
Error: could not connect to bore.pub:7835

Caused by:
    No route to host (os error 65)
[2m2026-05-10T11:41:36.620804Z[0m [32m INFO[0m [2mbore_cli::client[0m[2m:[0m connected to server [3mremote_port[0m[2m=[0m47305
[2m2026-05-10T11:41:36.620936Z[0m [32m INFO[0m [2mbore_cli::client[0m[2m:[0m listening at bore.pub:47305
Error: could not connect to bore.pub:7835

Caused by:
    No route to host (os error 65)
[2m2026-05-10T11:43:39.648368Z[0m [32m INFO[0m [2mbore_cli::client[0m[2m:[0m connected to server [3mremote_port[0m[2m=[0m24297
[2m2026-05-10T11:43:39.648474Z[0m [32m INFO[0m [2mbore_cli::client[0m[2m:[0m listening at bore.pub:24297
Error: could not connect to bore.pub:7835

Caused by:
    No route to host (os error 65)
[2m2026-05-10T11:45:25.602569Z[0m [32m INFO[0m [2mbore_cli::client[0m[2m:[0m connected to server [3mremote_port[0m[2m=[0m35745
[2m2026-05-10T11:45:25.602688Z[0m [32m INFO[0m [2mbore_cli::client[0m[2m:[0m listening at bore.pub:35745
Error: could not connect to bore.pub:7835

Caused by:
    No route to host (os error 65)
[2m2026-05-10T11:47:05.413983Z[0m [32m INFO[0m [2mbore_cli::client[0m[2m:[0m connected to server [3mremote_port[0m[2m=[0m3647
[2m2026-05-10T11:47:05.414102Z[0m [32m INFO[0m [2mbore_cli::client[0m[2m:[0m listening at bore.pub:3647
Error: could not connect to bore.pub:7835

Caused by:
    No route to host (os error 65)
[2m2026-05-10T11:49:54.539195Z[0m [32m INFO[0m [2mbore_cli::client[0m[2m:[0m connected to server [3mremote_port[0m[2m=[0m9862
[2m2026-05-10T11:49:54.539318Z[0m [32m INFO[0m [2mbore_cli::client[0m[2m:[0m listening at bore.pub:9862
Error: could not connect to bore.pub:7835

Caused by:
    No route to host (os error 65)
[2m2026-05-10T11:51:18.000173Z[0m [32m INFO[0m [2mbore_cli::client[0m[2m:[0m connected to server [3mremote_port[0m[2m=[0m60209
[2m2026-05-10T11:51:18.000308Z[0m [32m INFO[0m [2mbore_cli::client[0m[2m:[0m listening at bore.pub:60209
Error: could not connect to bore.pub:7835

Caused by:
    No route to host (os error 65)
[2m2026-05-10T11:53:04.974328Z[0m [32m INFO[0m [2mbore_cli::client[0m[2m:[0m connected to server [3mremote_port[0m[2m=[0m9391
[2m2026-05-10T11:53:04.974465Z[0m [32m INFO[0m [2mbore_cli::client[0m[2m:[0m listening at bore.pub:9391
Error: could not connect to bore.pub:7835

Caused by:
    No route to host (os error 65)
[2m2026-05-10T11:56:01.447080Z[0m [32m INFO[0m [2mbore_cli::client[0m[2m:[0m connected to server [3mremote_port[0m[2m=[0m23920
[2m2026-05-10T11:56:01.447205Z[0m [32m INFO[0m [2mbore_cli::client[0m[2m:[0m listening at bore.pub:23920
Error: could not connect to bore.pub:7835

Caused by:
    No route to host (os error 65)
[2m2026-05-10T11:57:48.593879Z[0m [32m INFO[0m [2mbore_cli::client[0m[2m:[0m connected to server [3mremote_port[0m[2m=[0m40159
[2m2026-05-10T11:57:48.593999Z[0m [32m INFO[0m [2mbore_cli::client[0m[2m:[0m listening at bore.pub:40159
Error: could not connect to bore.pub:7835

Caused by:
    No route to host (os error 65)
[2m2026-05-10T11:59:49.580219Z[0m [32m INFO[0m [2mbore_cli::client[0m[2m:[0m connected to server [3mremote_port[0m[2m=[0m12587
[2m2026-05-10T11:59:49.580293Z[0m [32m INFO[0m [2mbore_cli::client[0m[2m:[0m listening at bore.pub:12587
[2m2026-05-10T12:06:29.300090Z[0m [32m INFO[0m [2mbore_cli::client[0m[2m:[0m connected to server [3mremote_port[0m[2m=[0m39072
[2m2026-05-10T12:06:29.301095Z[0m [32m INFO[0m [2mbore_cli::client[0m[2m:[0m listening at bore.pub:39072
Error: could not connect to bore.pub:7835

Caused by:
    No route to host (os error 65)
[2m2026-05-10T12:09:00.725584Z[0m [32m INFO[0m [2mbore_cli::client[0m[2m:[0m connected to server [3mremote_port[0m[2m=[0m36113
[2m2026-05-10T12:09:00.725721Z[0m [32m INFO[0m [2mbore_cli::client[0m[2m:[0m listening at bore.pub:36113
Error: could not connect to bore.pub:7835

Caused by:
    No route to host (os error 65)
[2m2026-05-10T12:12:06.628597Z[0m [32m INFO[0m [2mbore_cli::client[0m[2m:[0m connected to server [3mremote_port[0m[2m=[0m62546
[2m2026-05-10T12:12:06.628657Z[0m [32m INFO[0m [2mbore_cli::client[0m[2m:[0m listening at bore.pub:62546
Error: could not connect to bore.pub:7835

Caused by:
    No route to host (os error 65)
[2m2026-05-10T12:18:18.771067Z[0m [32m INFO[0m [2mbore_cli::client[0m[2m:[0m connected to server [3mremote_port[0m[2m=[0m33240
[2m2026-05-10T12:18:18.771194Z[0m [32m INFO[0m [2mbore_cli::client[0m[2m:[0m listening at bore.pub:33240
Error: could not connect to bore.pub:7835

Caused by:
    No route to host (os error 65)
[2m2026-05-10T12:20:12.516173Z[0m [32m INFO[0m [2mbore_cli::client[0m[2m:[0m connected to server [3mremote_port[0m[2m=[0m48906
[2m2026-05-10T12:20:12.516294Z[0m [32m INFO[0m [2mbore_cli::client[0m[2m:[0m listening at bore.pub:48906
Error: could not connect to bore.pub:7835

Caused by:
    No route to host (os error 65)
[2m2026-05-10T12:20:38.282785Z[0m [32m INFO[0m [2mbore_cli::client[0m[2m:[0m connected to server [3mremote_port[0m[2m=[0m56973
[2m2026-05-10T12:20:38.282861Z[0m [32m INFO[0m [2mbore_cli::client[0m[2m:[0m listening at bore.pub:56973
Error: could not connect to bore.pub:7835

Caused by:
    No route to host (os error 65)
[2m2026-05-10T12:30:11.608240Z[0m [32m INFO[0m [2mbore_cli::client[0m[2m:[0m connected to server [3mremote_port[0m[2m=[0m27330
[2m2026-05-10T12:30:11.608383Z[0m [32m INFO[0m [2mbore_cli::client[0m[2m:[0m listening at bore.pub:27330
Error: could not connect to bore.pub:7835

Caused by:
    No route to host (os error 65)
[2m2026-05-10T12:32:10.757968Z[0m [32m INFO[0m [2mbore_cli::client[0m[2m:[0m connected to server [3mremote_port[0m[2m=[0m11545
[2m2026-05-10T12:32:10.758099Z[0m [32m INFO[0m [2mbore_cli::client[0m[2m:[0m listening at bore.pub:11545
Error: could not connect to bore.pub:7835

Caused by:
    No route to host (os error 65)
[2m2026-05-10T13:11:05.732723Z[0m [32m INFO[0m [2mbore_cli::client[0m[2m:[0m connected to server [3mremote_port[0m[2m=[0m35626
[2m2026-05-10T13:11:05.732795Z[0m [32m INFO[0m [2mbore_cli::client[0m[2m:[0m listening at bore.pub:35626
Error: could not connect to bore.pub:7835

Caused by:
    No route to host (os error 65)
[2m2026-05-10T13:27:36.518456Z[0m [32m INFO[0m [2mbore_cli::client[0m[2m:[0m connected to server [3mremote_port[0m[2m=[0m55916
[2m2026-05-10T13:27:36.518595Z[0m [32m INFO[0m [2mbore_cli::client[0m[2m:[0m listening at bore.pub:55916
Error: could not connect to bore.pub:7835

Caused by:
    No route to host (os error 65)
[2m2026-05-10T13:29:12.158270Z[0m [32m INFO[0m [2mbore_cli::client[0m[2m:[0m connected to server [3mremote_port[0m[2m=[0m3764
[2m2026-05-10T13:29:12.158396Z[0m [32m INFO[0m [2mbore_cli::client[0m[2m:[0m listening at bore.pub:3764
Error: could not connect to bore.pub:7835

Caused by:
    No route to host (os error 65)
[2m2026-05-10T13:33:51.412013Z[0m [32m INFO[0m [2mbore_cli::client[0m[2m:[0m connected to server [3mremote_port[0m[2m=[0m49516
[2m2026-05-10T13:33:51.412143Z[0m [32m INFO[0m [2mbore_cli::client[0m[2m:[0m listening at bore.pub:49516
Error: could not connect to bore.pub:7835

Caused by:
    No route to host (os error 65)
[2m2026-05-10T13:36:02.575948Z[0m [32m INFO[0m [2mbore_cli::client[0m[2m:[0m connected to server [3mremote_port[0m[2m=[0m53426
[2m2026-05-10T13:36:02.576072Z[0m [32m INFO[0m [2mbore_cli::client[0m[2m:[0m listening at bore.pub:53426
Error: could not connect to bore.pub:7835

Caused by:
    No route to host (os error 65)
[2m2026-05-10T14:03:47.953365Z[0m [32m INFO[0m [2mbore_cli::client[0m[2m:[0m connected to server [3mremote_port[0m[2m=[0m45609
[2m2026-05-10T14:03:47.953491Z[0m [32m INFO[0m [2mbore_cli::client[0m[2m:[0m listening at bore.pub:45609
Error: could not connect to bore.pub:7835

Caused by:
    No route to host (os error 65)
[2m2026-05-10T14:12:04.742345Z[0m [32m INFO[0m [2mbore_cli::client[0m[2m:[0m connected to server [3mremote_port[0m[2m=[0m6385
[2m2026-05-10T14:12:04.742476Z[0m [32m INFO[0m [2mbore_cli::client[0m[2m:[0m listening at bore.pub:6385
Error: could not connect to bore.pub:7835

Caused by:
    No route to host (os error 65)
[2m2026-05-10T14:13:43.830498Z[0m [32m INFO[0m [2mbore_cli::client[0m[2m:[0m connected to server [3mremote_port[0m[2m=[0m27004
[2m2026-05-10T14:13:43.830647Z[0m [32m INFO[0m [2mbore_cli::client[0m[2m:[0m listening at bore.pub:27004
Error: could not connect to bore.pub:7835

Caused by:
    No route to host (os error 65)
[2m2026-05-10T14:16:09.848014Z[0m [32m INFO[0m [2mbore_cli::client[0m[2m:[0m connected to server [3mremote_port[0m[2m=[0m12060
[2m2026-05-10T14:16:09.848138Z[0m [32m INFO[0m [2mbore_cli::client[0m[2m:[0m listening at bore.pub:12060
Error: could not connect to bore.pub:7835

Caused by:
    No route to host (os error 65)
[2m2026-05-10T14:17:55.841639Z[0m [32m INFO[0m [2mbore_cli::client[0m[2m:[0m connected to server [3mremote_port[0m[2m=[0m19832
[2m2026-05-10T14:17:55.841757Z[0m [32m INFO[0m [2mbore_cli::client[0m[2m:[0m listening at bore.pub:19832
Error: could not connect to bore.pub:7835

Caused by:
    No route to host (os error 65)
[2m2026-05-10T14:19:30.471755Z[0m [32m INFO[0m [2mbore_cli::client[0m[2m:[0m connected to server [3mremote_port[0m[2m=[0m55016
[2m2026-05-10T14:19:30.471874Z[0m [32m INFO[0m [2mbore_cli::client[0m[2m:[0m listening at bore.pub:55016
Error: could not connect to bore.pub:7835

Caused by:
    No route to host (os error 65)
[2m2026-05-10T14:22:04.326992Z[0m [32m INFO[0m [2mbore_cli::client[0m[2m:[0m connected to server [3mremote_port[0m[2m=[0m47465
[2m2026-05-10T14:22:04.327129Z[0m [32m INFO[0m [2mbore_cli::client[0m[2m:[0m listening at bore.pub:47465
[2m2026-05-10T14:23:29.787575Z[0m [32m INFO[0m [2mbore_cli::client[0m[2m:[0m connected to server [3mremote_port[0m[2m=[0m60894
[2m2026-05-10T14:23:29.787723Z[0m [32m INFO[0m [2mbore_cli::client[0m[2m:[0m listening at bore.pub:60894
Error: could not connect to bore.pub:7835

Caused by:
    No route to host (os error 65)
[2m2026-05-10T14:25:18.110659Z[0m [32m INFO[0m [2mbore_cli::client[0m[2m:[0m connected to server [3mremote_port[0m[2m=[0m47124
[2m2026-05-10T14:25:18.110788Z[0m [32m INFO[0m [2mbore_cli::client[0m[2m:[0m listening at bore.pub:47124
[2m2026-05-10T14:27:53.550365Z[0m [32m INFO[0m [2mbore_cli::client[0m[2m:[0m connected to server [3mremote_port[0m[2m=[0m45371
[2m2026-05-10T14:27:53.550518Z[0m [32m INFO[0m [2mbore_cli::client[0m[2m:[0m listening at bore.pub:45371
Error: could not connect to bore.pub:7835

Caused by:
    No route to host (os error 65)
[2m2026-05-10T14:29:48.190464Z[0m [32m INFO[0m [2mbore_cli::client[0m[2m:[0m connected to server [3mremote_port[0m[2m=[0m48288
[2m2026-05-10T14:29:48.190538Z[0m [32m INFO[0m [2mbore_cli::client[0m[2m:[0m listening at bore.pub:48288
Error: could not connect to bore.pub:7835

Caused by:
    No route to host (os error 65)
[2m2026-05-10T14:31:20.832941Z[0m [32m INFO[0m [2mbore_cli::client[0m[2m:[0m connected to server [3mremote_port[0m[2m=[0m24565
[2m2026-05-10T14:31:20.833075Z[0m [32m INFO[0m [2mbore_cli::client[0m[2m:[0m listening at bore.pub:24565
Error: could not connect to bore.pub:7835

Caused by:
    No route to host (os error 65)
[2m2026-05-10T14:34:03.253912Z[0m [32m INFO[0m [2mbore_cli::client[0m[2m:[0m connected to server [3mremote_port[0m[2m=[0m62666
[2m2026-05-10T14:34:03.254049Z[0m [32m INFO[0m [2mbore_cli::client[0m[2m:[0m listening at bore.pub:62666
Error: could not connect to bore.pub:7835

Caused by:
    No route to host (os error 65)
[2m2026-05-10T14:35:33.114198Z[0m [32m INFO[0m [2mbore_cli::client[0m[2m:[0m connected to server [3mremote_port[0m[2m=[0m44001
[2m2026-05-10T14:35:33.114317Z[0m [32m INFO[0m [2mbore_cli::client[0m[2m:[0m listening at bore.pub:44001
Error: could not connect to bore.pub:7835

Caused by:
    No route to host (os error 65)
[2m2026-05-10T14:44:42.825355Z[0m [32m INFO[0m [2mbore_cli::client[0m[2m:[0m connected to server [3mremote_port[0m[2m=[0m37392
[2m2026-05-10T14:44:42.825482Z[0m [32m INFO[0m [2mbore_cli::client[0m[2m:[0m listening at bore.pub:37392
Error: could not connect to bore.pub:7835

Caused by:
    No route to host (os error 65)
[2m2026-05-10T14:46:15.115171Z[0m [32m INFO[0m [2mbore_cli::client[0m[2m:[0m connected to server [3mremote_port[0m[2m=[0m33714
[2m2026-05-10T14:46:15.115307Z[0m [32m INFO[0m [2mbore_cli::client[0m[2m:[0m listening at bore.pub:33714
Error: could not connect to bore.pub:7835

Caused by:
    No route to host (os error 65)
[2m2026-05-10T14:48:34.439941Z[0m [32m INFO[0m [2mbore_cli::client[0m[2m:[0m connected to server [3mremote_port[0m[2m=[0m24638
[2m2026-05-10T14:48:34.440121Z[0m [32m INFO[0m [2mbore_cli::client[0m[2m:[0m listening at bore.pub:24638
[2m2026-05-10T14:50:47.083303Z[0m [32m INFO[0m [2mbore_cli::client[0m[2m:[0m connected to server [3mremote_port[0m[2m=[0m50537
[2m2026-05-10T14:50:47.083452Z[0m [32m INFO[0m [2mbore_cli::client[0m[2m:[0m listening at bore.pub:50537
Error: could not connect to bore.pub:7835

Caused by:
    No route to host (os error 65)
[2m2026-05-10T14:52:37.227310Z[0m [32m INFO[0m [2mbore_cli::client[0m[2m:[0m connected to server [3mremote_port[0m[2m=[0m38298
[2m2026-05-10T14:52:37.227440Z[0m [32m INFO[0m [2mbore_cli::client[0m[2m:[0m listening at bore.pub:38298
Error: could not connect to bore.pub:7835

Caused by:
    No route to host (os error 65)
[2m2026-05-10T14:54:19.522546Z[0m [32m INFO[0m [2mbore_cli::client[0m[2m:[0m connected to server [3mremote_port[0m[2m=[0m8932
[2m2026-05-10T14:54:19.522688Z[0m [32m INFO[0m [2mbore_cli::client[0m[2m:[0m listening at bore.pub:8932
Error: could not connect to bore.pub:7835

Caused by:
    No route to host (os error 65)
[2m2026-05-10T14:56:10.787170Z[0m [32m INFO[0m [2mbore_cli::client[0m[2m:[0m connected to server [3mremote_port[0m[2m=[0m9675
[2m2026-05-10T14:56:10.787293Z[0m [32m INFO[0m [2mbore_cli::client[0m[2m:[0m listening at bore.pub:9675
Error: could not connect to bore.pub:7835

Caused by:
    No route to host (os error 65)
[2m2026-05-10T14:59:59.873637Z[0m [32m INFO[0m [2mbore_cli::client[0m[2m:[0m connected to server [3mremote_port[0m[2m=[0m21418
[2m2026-05-10T14:59:59.873785Z[0m [32m INFO[0m [2mbore_cli::client[0m[2m:[0m listening at bore.pub:21418
Error: could not connect to bore.pub:7835

Caused by:
    No route to host (os error 65)
[2m2026-05-10T15:01:32.157876Z[0m [32m INFO[0m [2mbore_cli::client[0m[2m:[0m connected to server [3mremote_port[0m[2m=[0m33227
[2m2026-05-10T15:01:32.158000Z[0m [32m INFO[0m [2mbore_cli::client[0m[2m:[0m listening at bore.pub:33227
Error: could not connect to bore.pub:7835

Caused by:
    No route to host (os error 65)
[2m2026-05-10T15:03:47.962724Z[0m [32m INFO[0m [2mbore_cli::client[0m[2m:[0m connected to server [3mremote_port[0m[2m=[0m56466
[2m2026-05-10T15:03:47.962851Z[0m [32m INFO[0m [2mbore_cli::client[0m[2m:[0m listening at bore.pub:56466
Error: could not connect to bore.pub:7835

Caused by:
    No route to host (os error 65)
[2m2026-05-10T15:06:23.230023Z[0m [32m INFO[0m [2mbore_cli::client[0m[2m:[0m connected to server [3mremote_port[0m[2m=[0m54224
[2m2026-05-10T15:06:23.230186Z[0m [32m INFO[0m [2mbore_cli::client[0m[2m:[0m listening at bore.pub:54224
Error: could not connect to bore.pub:7835

Caused by:
    No route to host (os error 65)
[2m2026-05-10T15:08:01.265130Z[0m [32m INFO[0m [2mbore_cli::client[0m[2m:[0m connected to server [3mremote_port[0m[2m=[0m34146
[2m2026-05-10T15:08:01.265276Z[0m [32m INFO[0m [2mbore_cli::client[0m[2m:[0m listening at bore.pub:34146
Error: could not connect to bore.pub:7835

Caused by:
    No route to host (os error 65)
[2m2026-05-10T15:09:30.421381Z[0m [32m INFO[0m [2mbore_cli::client[0m[2m:[0m connected to server [3mremote_port[0m[2m=[0m58478
[2m2026-05-10T15:09:30.421497Z[0m [32m INFO[0m [2mbore_cli::client[0m[2m:[0m listening at bore.pub:58478
[2m2026-05-10T15:10:50.801690Z[0m [32m INFO[0m [2mbore_cli::client[0m[2m:[0m connected to server [3mremote_port[0m[2m=[0m34004
[2m2026-05-10T15:10:50.801844Z[0m [32m INFO[0m [2mbore_cli::client[0m[2m:[0m listening at bore.pub:34004
Error: could not connect to bore.pub:7835

Caused by:
    No route to host (os error 65)
[2m2026-05-10T15:12:41.527059Z[0m [32m INFO[0m [2mbore_cli::client[0m[2m:[0m connected to server [3mremote_port[0m[2m=[0m36226
[2m2026-05-10T15:12:41.527170Z[0m [32m INFO[0m [2mbore_cli::client[0m[2m:[0m listening at bore.pub:36226
Error: could not connect to bore.pub:7835

Caused by:
    No route to host (os error 65)
[2m2026-05-10T15:14:10.932380Z[0m [32m INFO[0m [2mbore_cli::client[0m[2m:[0m connected to server [3mremote_port[0m[2m=[0m26717
[2m2026-05-10T15:14:10.932474Z[0m [32m INFO[0m [2mbore_cli::client[0m[2m:[0m listening at bore.pub:26717
Error: could not connect to bore.pub:7835

Caused by:
    No route to host (os error 65)
[2m2026-05-10T15:15:41.167144Z[0m [32m INFO[0m [2mbore_cli::client[0m[2m:[0m connected to server [3mremote_port[0m[2m=[0m5322
[2m2026-05-10T15:15:41.167208Z[0m [32m INFO[0m [2mbore_cli::client[0m[2m:[0m listening at bore.pub:5322
Error: could not connect to bore.pub:7835

Caused by:
    No route to host (os error 65)
[2m2026-05-10T15:17:06.341635Z[0m [32m INFO[0m [2mbore_cli::client[0m[2m:[0m connected to server [3mremote_port[0m[2m=[0m64624
[2m2026-05-10T15:17:06.341765Z[0m [32m INFO[0m [2mbore_cli::client[0m[2m:[0m listening at bore.pub:64624
Error: could not connect to bore.pub:7835

Caused by:
    No route to host (os error 65)
[2m2026-05-10T15:18:43.452341Z[0m [32m INFO[0m [2mbore_cli::client[0m[2m:[0m connected to server [3mremote_port[0m[2m=[0m17825
[2m2026-05-10T15:18:43.452543Z[0m [32m INFO[0m [2mbore_cli::client[0m[2m:[0m listening at bore.pub:17825
Error: could not connect to bore.pub:7835

Caused by:
    No route to host (os error 65)
[2m2026-05-10T15:20:20.362956Z[0m [32m INFO[0m [2mbore_cli::client[0m[2m:[0m connected to server [3mremote_port[0m[2m=[0m58252
[2m2026-05-10T15:20:20.363105Z[0m [32m INFO[0m [2mbore_cli::client[0m[2m:[0m listening at bore.pub:58252
Error: could not connect to bore.pub:7835

Caused by:
    No route to host (os error 65)
[2m2026-05-10T15:24:15.103520Z[0m [32m INFO[0m [2mbore_cli::client[0m[2m:[0m connected to server [3mremote_port[0m[2m=[0m33119
[2m2026-05-10T15:24:15.103650Z[0m [32m INFO[0m [2mbore_cli::client[0m[2m:[0m listening at bore.pub:33119
Error: could not connect to bore.pub:7835

Caused by:
    No route to host (os error 65)
[2m2026-05-10T15:25:38.896096Z[0m [32m INFO[0m [2mbore_cli::client[0m[2m:[0m connected to server [3mremote_port[0m[2m=[0m52909
[2m2026-05-10T15:25:38.896214Z[0m [32m INFO[0m [2mbore_cli::client[0m[2m:[0m listening at bore.pub:52909
Error: could not connect to bore.pub:7835

Caused by:
    No route to host (os error 65)
[2m2026-05-10T15:27:48.390147Z[0m [32m INFO[0m [2mbore_cli::client[0m[2m:[0m connected to server [3mremote_port[0m[2m=[0m42484
[2m2026-05-10T15:27:48.390271Z[0m [32m INFO[0m [2mbore_cli::client[0m[2m:[0m listening at bore.pub:42484
Error: could not connect to bore.pub:7835

Caused by:
    No route to host (os error 65)
[2m2026-05-10T15:29:23.528445Z[0m [32m INFO[0m [2mbore_cli::client[0m[2m:[0m connected to server [3mremote_port[0m[2m=[0m57357
[2m2026-05-10T15:29:23.528564Z[0m [32m INFO[0m [2mbore_cli::client[0m[2m:[0m listening at bore.pub:57357
Error: could not connect to bore.pub:7835

Caused by:
    No route to host (os error 65)
[2m2026-05-10T15:30:49.387466Z[0m [32m INFO[0m [2mbore_cli::client[0m[2m:[0m connected to server [3mremote_port[0m[2m=[0m49988
[2m2026-05-10T15:30:49.387599Z[0m [32m INFO[0m [2mbore_cli::client[0m[2m:[0m listening at bore.pub:49988
Error: could not connect to bore.pub:7835

Caused by:
    No route to host (os error 65)
[2m2026-05-10T15:32:25.984975Z[0m [32m INFO[0m [2mbore_cli::client[0m[2m:[0m connected to server [3mremote_port[0m[2m=[0m56206
[2m2026-05-10T15:32:25.985092Z[0m [32m INFO[0m [2mbore_cli::client[0m[2m:[0m listening at bore.pub:56206
Error: could not connect to bore.pub:7835

Caused by:
    No route to host (os error 65)
[2m2026-05-10T15:34:04.862899Z[0m [32m INFO[0m [2mbore_cli::client[0m[2m:[0m connected to server [3mremote_port[0m[2m=[0m30055
[2m2026-05-10T15:34:04.863021Z[0m [32m INFO[0m [2mbore_cli::client[0m[2m:[0m listening at bore.pub:30055
Error: could not connect to bore.pub:7835

Caused by:
    No route to host (os error 65)
[2m2026-05-10T15:35:36.159730Z[0m [32m INFO[0m [2mbore_cli::client[0m[2m:[0m connected to server [3mremote_port[0m[2m=[0m23275
[2m2026-05-10T15:35:36.159866Z[0m [32m INFO[0m [2mbore_cli::client[0m[2m:[0m listening at bore.pub:23275
Error: could not connect to bore.pub:7835

Caused by:
    No route to host (os error 65)
[2m2026-05-10T15:37:05.063388Z[0m [32m INFO[0m [2mbore_cli::client[0m[2m:[0m connected to server [3mremote_port[0m[2m=[0m17420
[2m2026-05-10T15:37:05.063473Z[0m [32m INFO[0m [2mbore_cli::client[0m[2m:[0m listening at bore.pub:17420
Error: could not connect to bore.pub:7835

Caused by:
    No route to host (os error 65)
[2m2026-05-10T15:38:33.459498Z[0m [32m INFO[0m [2mbore_cli::client[0m[2m:[0m connected to server [3mremote_port[0m[2m=[0m17488
[2m2026-05-10T15:38:33.459631Z[0m [32m INFO[0m [2mbore_cli::client[0m[2m:[0m listening at bore.pub:17488
Error: could not connect to bore.pub:7835

Caused by:
    No route to host (os error 65)
[2m2026-05-10T15:40:16.562609Z[0m [32m INFO[0m [2mbore_cli::client[0m[2m:[0m connected to server [3mremote_port[0m[2m=[0m22105
[2m2026-05-10T15:40:16.562767Z[0m [32m INFO[0m [2mbore_cli::client[0m[2m:[0m listening at bore.pub:22105
Error: could not connect to bore.pub:7835

Caused by:
    No route to host (os error 65)
[2m2026-05-10T15:41:58.717280Z[0m [32m INFO[0m [2mbore_cli::client[0m[2m:[0m connected to server [3mremote_port[0m[2m=[0m57069
[2m2026-05-10T15:41:58.717442Z[0m [32m INFO[0m [2mbore_cli::client[0m[2m:[0m listening at bore.pub:57069
Error: could not connect to bore.pub:7835

Caused by:
    No route to host (os error 65)
[2m2026-05-10T15:43:32.998629Z[0m [32m INFO[0m [2mbore_cli::client[0m[2m:[0m connected to server [3mremote_port[0m[2m=[0m35206
[2m2026-05-10T15:43:32.998776Z[0m [32m INFO[0m [2mbore_cli::client[0m[2m:[0m listening at bore.pub:35206
Error: could not connect to bore.pub:7835

Caused by:
    No route to host (os error 65)
[2m2026-05-10T15:45:03.894651Z[0m [32m INFO[0m [2mbore_cli::client[0m[2m:[0m connected to server [3mremote_port[0m[2m=[0m35126
[2m2026-05-10T15:45:03.894786Z[0m [32m INFO[0m [2mbore_cli::client[0m[2m:[0m listening at bore.pub:35126
Error: could not connect to bore.pub:7835

Caused by:
    No route to host (os error 65)
[2m2026-05-10T15:46:36.732982Z[0m [32m INFO[0m [2mbore_cli::client[0m[2m:[0m connected to server [3mremote_port[0m[2m=[0m32490
[2m2026-05-10T15:46:36.733126Z[0m [32m INFO[0m [2mbore_cli::client[0m[2m:[0m listening at bore.pub:32490
Error: could not connect to bore.pub:7835

Caused by:
    No route to host (os error 65)
[2m2026-05-10T15:48:33.741159Z[0m [32m INFO[0m [2mbore_cli::client[0m[2m:[0m connected to server [3mremote_port[0m[2m=[0m45965
[2m2026-05-10T15:48:33.741233Z[0m [32m INFO[0m [2mbore_cli::client[0m[2m:[0m listening at bore.pub:45965
Error: could not connect to bore.pub:7835

Caused by:
    No route to host (os error 65)
[2m2026-05-10T15:50:21.362017Z[0m [32m INFO[0m [2mbore_cli::client[0m[2m:[0m connected to server [3mremote_port[0m[2m=[0m58794
[2m2026-05-10T15:50:21.362142Z[0m [32m INFO[0m [2mbore_cli::client[0m[2m:[0m listening at bore.pub:58794
Error: could not connect to bore.pub:7835

Caused by:
    No route to host (os error 65)
[2m2026-05-10T15:52:16.287691Z[0m [32m INFO[0m [2mbore_cli::client[0m[2m:[0m connected to server [3mremote_port[0m[2m=[0m37092
[2m2026-05-10T15:52:16.287826Z[0m [32m INFO[0m [2mbore_cli::client[0m[2m:[0m listening at bore.pub:37092
Error: could not connect to bore.pub:7835

Caused by:
    No route to host (os error 65)
[2m2026-05-10T15:53:51.918893Z[0m [32m INFO[0m [2mbore_cli::client[0m[2m:[0m connected to server [3mremote_port[0m[2m=[0m13156
[2m2026-05-10T15:53:51.919033Z[0m [32m INFO[0m [2mbore_cli::client[0m[2m:[0m listening at bore.pub:13156
Error: could not connect to bore.pub:7835

Caused by:
    No route to host (os error 65)
[2m2026-05-10T15:55:37.607870Z[0m [32m INFO[0m [2mbore_cli::client[0m[2m:[0m connected to server [3mremote_port[0m[2m=[0m57321
[2m2026-05-10T15:55:37.607990Z[0m [32m INFO[0m [2mbore_cli::client[0m[2m:[0m listening at bore.pub:57321
Error: could not connect to bore.pub:7835

Caused by:
    No route to host (os error 65)
[2m2026-05-10T15:57:19.705195Z[0m [32m INFO[0m [2mbore_cli::client[0m[2m:[0m connected to server [3mremote_port[0m[2m=[0m47718
[2m2026-05-10T15:57:19.705331Z[0m [32m INFO[0m [2mbore_cli::client[0m[2m:[0m listening at bore.pub:47718
Error: could not connect to bore.pub:7835

Caused by:
    No route to host (os error 65)
[2m2026-05-10T15:58:56.026186Z[0m [32m INFO[0m [2mbore_cli::client[0m[2m:[0m connected to server [3mremote_port[0m[2m=[0m57383
[2m2026-05-10T15:58:56.026329Z[0m [32m INFO[0m [2mbore_cli::client[0m[2m:[0m listening at bore.pub:57383
Error: could not connect to bore.pub:7835

Caused by:
    No route to host (os error 65)
[2m2026-05-10T16:00:34.058933Z[0m [32m INFO[0m [2mbore_cli::client[0m[2m:[0m connected to server [3mremote_port[0m[2m=[0m39224
[2m2026-05-10T16:00:34.059041Z[0m [32m INFO[0m [2mbore_cli::client[0m[2m:[0m listening at bore.pub:39224
Error: could not connect to bore.pub:7835

Caused by:
    No route to host (os error 65)
[2m2026-05-10T16:02:00.442530Z[0m [32m INFO[0m [2mbore_cli::client[0m[2m:[0m connected to server [3mremote_port[0m[2m=[0m24644
[2m2026-05-10T16:02:00.442701Z[0m [32m INFO[0m [2mbore_cli::client[0m[2m:[0m listening at bore.pub:24644
Error: could not connect to bore.pub:7835

Caused by:
    No route to host (os error 65)
[2m2026-05-10T16:03:31.612923Z[0m [32m INFO[0m [2mbore_cli::client[0m[2m:[0m connected to server [3mremote_port[0m[2m=[0m16906
[2m2026-05-10T16:03:31.613059Z[0m [32m INFO[0m [2mbore_cli::client[0m[2m:[0m listening at bore.pub:16906
Error: could not connect to bore.pub:7835

Caused by:
    No route to host (os error 65)
[2m2026-05-10T16:06:35.176900Z[0m [32m INFO[0m [2mbore_cli::client[0m[2m:[0m connected to server [3mremote_port[0m[2m=[0m33135
[2m2026-05-10T16:06:35.177020Z[0m [32m INFO[0m [2mbore_cli::client[0m[2m:[0m listening at bore.pub:33135
Error: could not connect to bore.pub:7835

Caused by:
    No route to host (os error 65)
[2m2026-05-10T16:08:27.585742Z[0m [32m INFO[0m [2mbore_cli::client[0m[2m:[0m connected to server [3mremote_port[0m[2m=[0m54958
[2m2026-05-10T16:08:27.585866Z[0m [32m INFO[0m [2mbore_cli::client[0m[2m:[0m listening at bore.pub:54958
Error: could not connect to bore.pub:7835

Caused by:
    No route to host (os error 65)
[2m2026-05-10T16:10:20.373489Z[0m [32m INFO[0m [2mbore_cli::client[0m[2m:[0m connected to server [3mremote_port[0m[2m=[0m5112
[2m2026-05-10T16:10:20.373640Z[0m [32m INFO[0m [2mbore_cli::client[0m[2m:[0m listening at bore.pub:5112
Error: could not connect to bore.pub:7835

Caused by:
    No route to host (os error 65)
[2m2026-05-10T16:12:00.195631Z[0m [32m INFO[0m [2mbore_cli::client[0m[2m:[0m connected to server [3mremote_port[0m[2m=[0m32597
[2m2026-05-10T16:12:00.195781Z[0m [32m INFO[0m [2mbore_cli::client[0m[2m:[0m listening at bore.pub:32597
Error: could not connect to bore.pub:7835

Caused by:
    No route to host (os error 65)
[2m2026-05-10T16:14:04.516789Z[0m [32m INFO[0m [2mbore_cli::client[0m[2m:[0m connected to server [3mremote_port[0m[2m=[0m11785
[2m2026-05-10T16:14:04.516911Z[0m [32m INFO[0m [2mbore_cli::client[0m[2m:[0m listening at bore.pub:11785
Error: could not connect to bore.pub:7835

Caused by:
    No route to host (os error 65)
[2m2026-05-10T16:15:36.487971Z[0m [32m INFO[0m [2mbore_cli::client[0m[2m:[0m connected to server [3mremote_port[0m[2m=[0m56171
[2m2026-05-10T16:15:36.488105Z[0m [32m INFO[0m [2mbore_cli::client[0m[2m:[0m listening at bore.pub:56171
Error: could not connect to bore.pub:7835

Caused by:
    No route to host (os error 65)
[2m2026-05-10T16:17:16.056755Z[0m [32m INFO[0m [2mbore_cli::client[0m[2m:[0m connected to server [3mremote_port[0m[2m=[0m33750
[2m2026-05-10T16:17:16.056837Z[0m [32m INFO[0m [2mbore_cli::client[0m[2m:[0m listening at bore.pub:33750
Error: could not connect to bore.pub:7835

Caused by:
    No route to host (os error 65)
[2m2026-05-10T16:18:44.737302Z[0m [32m INFO[0m [2mbore_cli::client[0m[2m:[0m connected to server [3mremote_port[0m[2m=[0m28791
[2m2026-05-10T16:18:44.737463Z[0m [32m INFO[0m [2mbore_cli::client[0m[2m:[0m listening at bore.pub:28791
Error: could not connect to bore.pub:7835

Caused by:
    No route to host (os error 65)
[2m2026-05-10T16:20:15.416760Z[0m [32m INFO[0m [2mbore_cli::client[0m[2m:[0m connected to server [3mremote_port[0m[2m=[0m23071
[2m2026-05-10T16:20:15.416880Z[0m [32m INFO[0m [2mbore_cli::client[0m[2m:[0m listening at bore.pub:23071
Error: could not connect to bore.pub:7835

Caused by:
    No route to host (os error 65)
[2m2026-05-10T16:22:04.140089Z[0m [32m INFO[0m [2mbore_cli::client[0m[2m:[0m connected to server [3mremote_port[0m[2m=[0m31248
[2m2026-05-10T16:22:04.140254Z[0m [32m INFO[0m [2mbore_cli::client[0m[2m:[0m listening at bore.pub:31248
Error: could not connect to bore.pub:7835

Caused by:
    No route to host (os error 65)
[2m2026-05-10T16:23:43.588383Z[0m [32m INFO[0m [2mbore_cli::client[0m[2m:[0m connected to server [3mremote_port[0m[2m=[0m61261
[2m2026-05-10T16:23:43.588502Z[0m [32m INFO[0m [2mbore_cli::client[0m[2m:[0m listening at bore.pub:61261
Error: could not connect to bore.pub:7835

Caused by:
    No route to host (os error 65)
[2m2026-05-10T16:25:34.212540Z[0m [32m INFO[0m [2mbore_cli::client[0m[2m:[0m connected to server [3mremote_port[0m[2m=[0m61894
[2m2026-05-10T16:25:34.212694Z[0m [32m INFO[0m [2mbore_cli::client[0m[2m:[0m listening at bore.pub:61894
Error: could not connect to bore.pub:7835

Caused by:
    No route to host (os error 65)
[2m2026-05-10T16:28:33.574899Z[0m [32m INFO[0m [2mbore_cli::client[0m[2m:[0m connected to server [3mremote_port[0m[2m=[0m11105
[2m2026-05-10T16:28:33.574972Z[0m [32m INFO[0m [2mbore_cli::client[0m[2m:[0m listening at bore.pub:11105
Error: could not connect to bore.pub:7835

Caused by:
    No route to host (os error 65)
[2m2026-05-10T16:30:16.638608Z[0m [32m INFO[0m [2mbore_cli::client[0m[2m:[0m connected to server [3mremote_port[0m[2m=[0m24217
[2m2026-05-10T16:30:16.638741Z[0m [32m INFO[0m [2mbore_cli::client[0m[2m:[0m listening at bore.pub:24217
Error: could not connect to bore.pub:7835

Caused by:
    No route to host (os error 65)
[2m2026-05-10T16:31:51.082921Z[0m [32m INFO[0m [2mbore_cli::client[0m[2m:[0m connected to server [3mremote_port[0m[2m=[0m18870
[2m2026-05-10T16:31:51.083052Z[0m [32m INFO[0m [2mbore_cli::client[0m[2m:[0m listening at bore.pub:18870
Error: could not connect to bore.pub:7835

Caused by:
    No route to host (os error 65)
[2m2026-05-10T16:33:26.077696Z[0m [32m INFO[0m [2mbore_cli::client[0m[2m:[0m connected to server [3mremote_port[0m[2m=[0m6937
[2m2026-05-10T16:33:26.077825Z[0m [32m INFO[0m [2mbore_cli::client[0m[2m:[0m listening at bore.pub:6937
Error: could not connect to bore.pub:7835

Caused by:
    No route to host (os error 65)
[2m2026-05-10T16:35:04.071443Z[0m [32m INFO[0m [2mbore_cli::client[0m[2m:[0m connected to server [3mremote_port[0m[2m=[0m2770
[2m2026-05-10T16:35:04.071568Z[0m [32m INFO[0m [2mbore_cli::client[0m[2m:[0m listening at bore.pub:2770
Error: could not connect to bore.pub:7835

Caused by:
    No route to host (os error 65)
[2m2026-05-10T16:36:40.712682Z[0m [32m INFO[0m [2mbore_cli::client[0m[2m:[0m connected to server [3mremote_port[0m[2m=[0m9700
[2m2026-05-10T16:36:40.712808Z[0m [32m INFO[0m [2mbore_cli::client[0m[2m:[0m listening at bore.pub:9700
Error: could not connect to bore.pub:7835

Caused by:
    No route to host (os error 65)
[2m2026-05-10T16:38:31.835253Z[0m [32m INFO[0m [2mbore_cli::client[0m[2m:[0m connected to server [3mremote_port[0m[2m=[0m7954
[2m2026-05-10T16:38:31.835407Z[0m [32m INFO[0m [2mbore_cli::client[0m[2m:[0m listening at bore.pub:7954
Error: could not connect to bore.pub:7835

Caused by:
    No route to host (os error 65)
[2m2026-05-10T16:40:10.492254Z[0m [32m INFO[0m [2mbore_cli::client[0m[2m:[0m connected to server [3mremote_port[0m[2m=[0m56520
[2m2026-05-10T16:40:10.492382Z[0m [32m INFO[0m [2mbore_cli::client[0m[2m:[0m listening at bore.pub:56520
Error: could not connect to bore.pub:7835

Caused by:
    No route to host (os error 65)
[2m2026-05-10T16:42:01.809871Z[0m [32m INFO[0m [2mbore_cli::client[0m[2m:[0m connected to server [3mremote_port[0m[2m=[0m46435
[2m2026-05-10T16:42:01.810017Z[0m [32m INFO[0m [2mbore_cli::client[0m[2m:[0m listening at bore.pub:46435
Error: could not connect to bore.pub:7835

Caused by:
    No route to host (os error 65)
[2m2026-05-10T16:43:48.878707Z[0m [32m INFO[0m [2mbore_cli::client[0m[2m:[0m connected to server [3mremote_port[0m[2m=[0m27977
[2m2026-05-10T16:43:48.878849Z[0m [32m INFO[0m [2mbore_cli::client[0m[2m:[0m listening at bore.pub:27977
Error: could not connect to bore.pub:7835

Caused by:
    No route to host (os error 65)
[2m2026-05-10T16:45:21.678330Z[0m [32m INFO[0m [2mbore_cli::client[0m[2m:[0m connected to server [3mremote_port[0m[2m=[0m31452
[2m2026-05-10T16:45:21.678435Z[0m [32m INFO[0m [2mbore_cli::client[0m[2m:[0m listening at bore.pub:31452
[2m2026-05-10T16:46:42.123903Z[0m [32m INFO[0m [2mbore_cli::client[0m[2m:[0m connected to server [3mremote_port[0m[2m=[0m8286
[2m2026-05-10T16:46:42.124053Z[0m [32m INFO[0m [2mbore_cli::client[0m[2m:[0m listening at bore.pub:8286
Error: could not connect to bore.pub:7835

Caused by:
    No route to host (os error 65)
[2m2026-05-10T16:48:49.355731Z[0m [32m INFO[0m [2mbore_cli::client[0m[2m:[0m connected to server [3mremote_port[0m[2m=[0m20294
[2m2026-05-10T16:48:49.355881Z[0m [32m INFO[0m [2mbore_cli::client[0m[2m:[0m listening at bore.pub:20294
Error: could not connect to bore.pub:7835

Caused by:
    No route to host (os error 65)
[2m2026-05-10T16:50:18.990211Z[0m [32m INFO[0m [2mbore_cli::client[0m[2m:[0m connected to server [3mremote_port[0m[2m=[0m2947
[2m2026-05-10T16:50:18.990348Z[0m [32m INFO[0m [2mbore_cli::client[0m[2m:[0m listening at bore.pub:2947
Error: could not connect to bore.pub:7835

Caused by:
    No route to host (os error 65)
[2m2026-05-10T16:52:04.195483Z[0m [32m INFO[0m [2mbore_cli::client[0m[2m:[0m connected to server [3mremote_port[0m[2m=[0m63446
[2m2026-05-10T16:52:04.195624Z[0m [32m INFO[0m [2mbore_cli::client[0m[2m:[0m listening at bore.pub:63446
Error: could not connect to bore.pub:7835

Caused by:
    No route to host (os error 65)
[2m2026-05-10T16:54:02.412613Z[0m [32m INFO[0m [2mbore_cli::client[0m[2m:[0m connected to server [3mremote_port[0m[2m=[0m57841
[2m2026-05-10T16:54:02.412764Z[0m [32m INFO[0m [2mbore_cli::client[0m[2m:[0m listening at bore.pub:57841
Error: could not connect to bore.pub:7835

Caused by:
    No route to host (os error 65)
[2m2026-05-10T16:56:02.597177Z[0m [32m INFO[0m [2mbore_cli::client[0m[2m:[0m connected to server [3mremote_port[0m[2m=[0m50250
[2m2026-05-10T16:56:02.597327Z[0m [32m INFO[0m [2mbore_cli::client[0m[2m:[0m listening at bore.pub:50250
Error: could not connect to bore.pub:7835

Caused by:
    No route to host (os error 65)
[2m2026-05-10T16:57:55.511646Z[0m [32m INFO[0m [2mbore_cli::client[0m[2m:[0m connected to server [3mremote_port[0m[2m=[0m3660
[2m2026-05-10T16:57:55.511769Z[0m [32m INFO[0m [2mbore_cli::client[0m[2m:[0m listening at bore.pub:3660
Error: could not connect to bore.pub:7835

Caused by:
    No route to host (os error 65)
[2m2026-05-10T16:59:53.775443Z[0m [32m INFO[0m [2mbore_cli::client[0m[2m:[0m connected to server [3mremote_port[0m[2m=[0m22941
[2m2026-05-10T16:59:53.775487Z[0m [32m INFO[0m [2mbore_cli::client[0m[2m:[0m listening at bore.pub:22941
Error: could not connect to bore.pub:7835

Caused by:
    No route to host (os error 65)
[2m2026-05-10T17:02:38.064159Z[0m [32m INFO[0m [2mbore_cli::client[0m[2m:[0m connected to server [3mremote_port[0m[2m=[0m43635
[2m2026-05-10T17:02:38.064304Z[0m [32m INFO[0m [2mbore_cli::client[0m[2m:[0m listening at bore.pub:43635
Error: could not connect to bore.pub:7835

Caused by:
    No route to host (os error 65)
[2m2026-05-10T17:04:04.425998Z[0m [32m INFO[0m [2mbore_cli::client[0m[2m:[0m connected to server [3mremote_port[0m[2m=[0m48331
[2m2026-05-10T17:04:04.426124Z[0m [32m INFO[0m [2mbore_cli::client[0m[2m:[0m listening at bore.pub:48331
Error: could not connect to bore.pub:7835

Caused by:
    No route to host (os error 65)
[2m2026-05-10T17:05:34.681409Z[0m [32m INFO[0m [2mbore_cli::client[0m[2m:[0m connected to server [3mremote_port[0m[2m=[0m3730
[2m2026-05-10T17:05:34.681530Z[0m [32m INFO[0m [2mbore_cli::client[0m[2m:[0m listening at bore.pub:3730
Error: could not connect to bore.pub:7835

Caused by:
    No route to host (os error 65)
[2m2026-05-10T17:07:30.536272Z[0m [32m INFO[0m [2mbore_cli::client[0m[2m:[0m connected to server [3mremote_port[0m[2m=[0m49223
[2m2026-05-10T17:07:30.536394Z[0m [32m INFO[0m [2mbore_cli::client[0m[2m:[0m listening at bore.pub:49223
Error: could not connect to bore.pub:7835

Caused by:
    No route to host (os error 65)
[2m2026-05-10T17:09:43.503895Z[0m [32m INFO[0m [2mbore_cli::client[0m[2m:[0m connected to server [3mremote_port[0m[2m=[0m40194
[2m2026-05-10T17:09:43.504025Z[0m [32m INFO[0m [2mbore_cli::client[0m[2m:[0m listening at bore.pub:40194
Error: could not connect to bore.pub:7835

Caused by:
    No route to host (os error 65)
[2m2026-05-10T17:11:32.733192Z[0m [32m INFO[0m [2mbore_cli::client[0m[2m:[0m connected to server [3mremote_port[0m[2m=[0m10317
[2m2026-05-10T17:11:32.733345Z[0m [32m INFO[0m [2mbore_cli::client[0m[2m:[0m listening at bore.pub:10317
Error: could not connect to bore.pub:7835

Caused by:
    No route to host (os error 65)
[2m2026-05-10T17:13:19.295396Z[0m [32m INFO[0m [2mbore_cli::client[0m[2m:[0m connected to server [3mremote_port[0m[2m=[0m11631
[2m2026-05-10T17:13:19.295545Z[0m [32m INFO[0m [2mbore_cli::client[0m[2m:[0m listening at bore.pub:11631
Error: could not connect to bore.pub:7835

Caused by:
    No route to host (os error 65)
[2m2026-05-10T17:15:04.319381Z[0m [32m INFO[0m [2mbore_cli::client[0m[2m:[0m connected to server [3mremote_port[0m[2m=[0m30535
[2m2026-05-10T17:15:04.319523Z[0m [32m INFO[0m [2mbore_cli::client[0m[2m:[0m listening at bore.pub:30535
Error: could not connect to bore.pub:7835

Caused by:
    No route to host (os error 65)
[2m2026-05-10T17:16:57.158704Z[0m [32m INFO[0m [2mbore_cli::client[0m[2m:[0m connected to server [3mremote_port[0m[2m=[0m17670
[2m2026-05-10T17:16:57.158832Z[0m [32m INFO[0m [2mbore_cli::client[0m[2m:[0m listening at bore.pub:17670
Error: could not connect to bore.pub:7835

Caused by:
    No route to host (os error 65)
[2m2026-05-10T17:18:31.391960Z[0m [32m INFO[0m [2mbore_cli::client[0m[2m:[0m connected to server [3mremote_port[0m[2m=[0m58905
[2m2026-05-10T17:18:31.392109Z[0m [32m INFO[0m [2mbore_cli::client[0m[2m:[0m listening at bore.pub:58905
Error: could not connect to bore.pub:7835

Caused by:
    No route to host (os error 65)
[2m2026-05-10T17:20:00.903314Z[0m [32m INFO[0m [2mbore_cli::client[0m[2m:[0m connected to server [3mremote_port[0m[2m=[0m39155
[2m2026-05-10T17:20:00.903466Z[0m [32m INFO[0m [2mbore_cli::client[0m[2m:[0m listening at bore.pub:39155
Error: could not connect to bore.pub:7835

Caused by:
    No route to host (os error 65)
[2m2026-05-10T17:21:54.104247Z[0m [32m INFO[0m [2mbore_cli::client[0m[2m:[0m connected to server [3mremote_port[0m[2m=[0m52275
[2m2026-05-10T17:21:54.104365Z[0m [32m INFO[0m [2mbore_cli::client[0m[2m:[0m listening at bore.pub:52275
Error: could not connect to bore.pub:7835

Caused by:
    No route to host (os error 65)
[2m2026-05-10T17:23:56.718314Z[0m [32m INFO[0m [2mbore_cli::client[0m[2m:[0m connected to server [3mremote_port[0m[2m=[0m2030
[2m2026-05-10T17:23:56.718462Z[0m [32m INFO[0m [2mbore_cli::client[0m[2m:[0m listening at bore.pub:2030
Error: could not connect to bore.pub:7835

Caused by:
    No route to host (os error 65)
[2m2026-05-10T17:25:31.831486Z[0m [32m INFO[0m [2mbore_cli::client[0m[2m:[0m connected to server [3mremote_port[0m[2m=[0m44444
[2m2026-05-10T17:25:31.831608Z[0m [32m INFO[0m [2mbore_cli::client[0m[2m:[0m listening at bore.pub:44444
Error: could not connect to bore.pub:7835

Caused by:
    No route to host (os error 65)
[2m2026-05-10T17:27:11.493371Z[0m [32m INFO[0m [2mbore_cli::client[0m[2m:[0m connected to server [3mremote_port[0m[2m=[0m65251
[2m2026-05-10T17:27:11.493486Z[0m [32m INFO[0m [2mbore_cli::client[0m[2m:[0m listening at bore.pub:65251
Error: could not connect to bore.pub:7835

Caused by:
    No route to host (os error 65)
[2m2026-05-10T17:30:00.549823Z[0m [32m INFO[0m [2mbore_cli::client[0m[2m:[0m connected to server [3mremote_port[0m[2m=[0m33745
[2m2026-05-10T17:30:00.549967Z[0m [32m INFO[0m [2mbore_cli::client[0m[2m:[0m listening at bore.pub:33745
Error: could not connect to bore.pub:7835

Caused by:
    No route to host (os error 65)
[2m2026-05-10T17:34:16.252438Z[0m [32m INFO[0m [2mbore_cli::client[0m[2m:[0m connected to server [3mremote_port[0m[2m=[0m45966
[2m2026-05-10T17:34:16.252568Z[0m [32m INFO[0m [2mbore_cli::client[0m[2m:[0m listening at bore.pub:45966
Error: could not connect to bore.pub:7835

Caused by:
    No route to host (os error 65)
[2m2026-05-10T17:36:06.758480Z[0m [32m INFO[0m [2mbore_cli::client[0m[2m:[0m connected to server [3mremote_port[0m[2m=[0m44572
[2m2026-05-10T17:36:06.758616Z[0m [32m INFO[0m [2mbore_cli::client[0m[2m:[0m listening at bore.pub:44572
[2m2026-05-10T17:37:43.774340Z[0m [32m INFO[0m [2mbore_cli::client[0m[2m:[0m connected to server [3mremote_port[0m[2m=[0m34021
[2m2026-05-10T17:37:43.774471Z[0m [32m INFO[0m [2mbore_cli::client[0m[2m:[0m listening at bore.pub:34021
Error: could not connect to bore.pub:7835

Caused by:
    No route to host (os error 65)
[2m2026-05-10T17:39:32.059751Z[0m [32m INFO[0m [2mbore_cli::client[0m[2m:[0m connected to server [3mremote_port[0m[2m=[0m37422
[2m2026-05-10T17:39:32.059883Z[0m [32m INFO[0m [2mbore_cli::client[0m[2m:[0m listening at bore.pub:37422
Error: could not connect to bore.pub:7835

Caused by:
    No route to host (os error 65)
[2m2026-05-10T17:41:47.920117Z[0m [32m INFO[0m [2mbore_cli::client[0m[2m:[0m connected to server [3mremote_port[0m[2m=[0m7583
[2m2026-05-10T17:41:47.920245Z[0m [32m INFO[0m [2mbore_cli::client[0m[2m:[0m listening at bore.pub:7583
Error: could not connect to bore.pub:7835

Caused by:
    No route to host (os error 65)
[2m2026-05-10T17:43:38.353760Z[0m [32m INFO[0m [2mbore_cli::client[0m[2m:[0m connected to server [3mremote_port[0m[2m=[0m39493
[2m2026-05-10T17:43:38.353892Z[0m [32m INFO[0m [2mbore_cli::client[0m[2m:[0m listening at bore.pub:39493
Error: could not connect to bore.pub:7835

Caused by:
    No route to host (os error 65)
[2m2026-05-10T17:46:17.495009Z[0m [32m INFO[0m [2mbore_cli::client[0m[2m:[0m connected to server [3mremote_port[0m[2m=[0m45796
[2m2026-05-10T17:46:17.495131Z[0m [32m INFO[0m [2mbore_cli::client[0m[2m:[0m listening at bore.pub:45796
Error: could not connect to bore.pub:7835

Caused by:
    No route to host (os error 65)
[2m2026-05-10T17:47:43.378391Z[0m [32m INFO[0m [2mbore_cli::client[0m[2m:[0m connected to server [3mremote_port[0m[2m=[0m23549
[2m2026-05-10T17:47:43.378515Z[0m [32m INFO[0m [2mbore_cli::client[0m[2m:[0m listening at bore.pub:23549
Error: could not connect to bore.pub:7835

Caused by:
    No route to host (os error 65)
[2m2026-05-10T17:50:01.353809Z[0m [32m INFO[0m [2mbore_cli::client[0m[2m:[0m connected to server [3mremote_port[0m[2m=[0m12666
[2m2026-05-10T17:50:01.353945Z[0m [32m INFO[0m [2mbore_cli::client[0m[2m:[0m listening at bore.pub:12666
Error: could not connect to bore.pub:7835

Caused by:
    No route to host (os error 65)
[2m2026-05-10T17:54:03.795407Z[0m [32m INFO[0m [2mbore_cli::client[0m[2m:[0m connected to server [3mremote_port[0m[2m=[0m25850
[2m2026-05-10T17:54:03.795561Z[0m [32m INFO[0m [2mbore_cli::client[0m[2m:[0m listening at bore.pub:25850
Error: could not connect to bore.pub:7835

Caused by:
    No route to host (os error 65)
[2m2026-05-10T17:55:59.085826Z[0m [32m INFO[0m [2mbore_cli::client[0m[2m:[0m connected to server [3mremote_port[0m[2m=[0m64909
[2m2026-05-10T17:55:59.085951Z[0m [32m INFO[0m [2mbore_cli::client[0m[2m:[0m listening at bore.pub:64909
Error: could not connect to bore.pub:7835

Caused by:
    No route to host (os error 65)
[2m2026-05-10T17:57:56.781046Z[0m [32m INFO[0m [2mbore_cli::client[0m[2m:[0m connected to server [3mremote_port[0m[2m=[0m1202
[2m2026-05-10T17:57:56.781176Z[0m [32m INFO[0m [2mbore_cli::client[0m[2m:[0m listening at bore.pub:1202
Error: could not connect to bore.pub:7835

Caused by:
    No route to host (os error 65)
[2m2026-05-10T18:00:04.142998Z[0m [32m INFO[0m [2mbore_cli::client[0m[2m:[0m connected to server [3mremote_port[0m[2m=[0m30396
[2m2026-05-10T18:00:04.143130Z[0m [32m INFO[0m [2mbore_cli::client[0m[2m:[0m listening at bore.pub:30396
Error: could not connect to bore.pub:7835

Caused by:
    No route to host (os error 65)
[2m2026-05-10T18:01:33.168728Z[0m [32m INFO[0m [2mbore_cli::client[0m[2m:[0m connected to server [3mremote_port[0m[2m=[0m26315
[2m2026-05-10T18:01:33.168845Z[0m [32m INFO[0m [2mbore_cli::client[0m[2m:[0m listening at bore.pub:26315
Error: could not connect to bore.pub:7835

Caused by:
    No route to host (os error 65)
[2m2026-05-10T18:03:03.682650Z[0m [32m INFO[0m [2mbore_cli::client[0m[2m:[0m connected to server [3mremote_port[0m[2m=[0m23630
[2m2026-05-10T18:03:03.682780Z[0m [32m INFO[0m [2mbore_cli::client[0m[2m:[0m listening at bore.pub:23630
Error: could not connect to bore.pub:7835

Caused by:
    No route to host (os error 65)
[2m2026-05-10T18:04:52.168227Z[0m [32m INFO[0m [2mbore_cli::client[0m[2m:[0m connected to server [3mremote_port[0m[2m=[0m50894
[2m2026-05-10T18:04:52.168306Z[0m [32m INFO[0m [2mbore_cli::client[0m[2m:[0m listening at bore.pub:50894
Error: could not connect to bore.pub:7835

Caused by:
    No route to host (os error 65)
[2m2026-05-10T18:07:04.084919Z[0m [32m INFO[0m [2mbore_cli::client[0m[2m:[0m connected to server [3mremote_port[0m[2m=[0m28609
[2m2026-05-10T18:07:04.085042Z[0m [32m INFO[0m [2mbore_cli::client[0m[2m:[0m listening at bore.pub:28609
Error: could not connect to bore.pub:7835

Caused by:
    No route to host (os error 65)
[2m2026-05-10T18:08:51.773335Z[0m [32m INFO[0m [2mbore_cli::client[0m[2m:[0m connected to server [3mremote_port[0m[2m=[0m61609
[2m2026-05-10T18:08:51.773462Z[0m [32m INFO[0m [2mbore_cli::client[0m[2m:[0m listening at bore.pub:61609
Error: could not connect to bore.pub:7835

Caused by:
    No route to host (os error 65)
[2m2026-05-10T18:12:44.280667Z[0m [32m INFO[0m [2mbore_cli::client[0m[2m:[0m connected to server [3mremote_port[0m[2m=[0m43158
[2m2026-05-10T18:12:44.280798Z[0m [32m INFO[0m [2mbore_cli::client[0m[2m:[0m listening at bore.pub:43158
Error: could not connect to bore.pub:7835

Caused by:
    No route to host (os error 65)
[2m2026-05-10T18:14:17.680769Z[0m [32m INFO[0m [2mbore_cli::client[0m[2m:[0m connected to server [3mremote_port[0m[2m=[0m25529
[2m2026-05-10T18:14:17.680899Z[0m [32m INFO[0m [2mbore_cli::client[0m[2m:[0m listening at bore.pub:25529
Error: could not connect to bore.pub:7835

Caused by:
    No route to host (os error 65)
[2m2026-05-10T18:16:25.923854Z[0m [32m INFO[0m [2mbore_cli::client[0m[2m:[0m connected to server [3mremote_port[0m[2m=[0m64695
[2m2026-05-10T18:16:25.923969Z[0m [32m INFO[0m [2mbore_cli::client[0m[2m:[0m listening at bore.pub:64695
Error: could not connect to bore.pub:7835

Caused by:
    No route to host (os error 65)
[2m2026-05-10T18:17:56.530063Z[0m [32m INFO[0m [2mbore_cli::client[0m[2m:[0m connected to server [3mremote_port[0m[2m=[0m16630
[2m2026-05-10T18:17:56.530179Z[0m [32m INFO[0m [2mbore_cli::client[0m[2m:[0m listening at bore.pub:16630
Error: could not connect to bore.pub:7835

Caused by:
    No route to host (os error 65)
[2m2026-05-10T18:19:43.789396Z[0m [32m INFO[0m [2mbore_cli::client[0m[2m:[0m connected to server [3mremote_port[0m[2m=[0m50043
[2m2026-05-10T18:19:43.789528Z[0m [32m INFO[0m [2mbore_cli::client[0m[2m:[0m listening at bore.pub:50043
Error: could not connect to bore.pub:7835

Caused by:
    No route to host (os error 65)
[2m2026-05-10T18:21:51.675612Z[0m [32m INFO[0m [2mbore_cli::client[0m[2m:[0m connected to server [3mremote_port[0m[2m=[0m29489
[2m2026-05-10T18:21:51.675771Z[0m [32m INFO[0m [2mbore_cli::client[0m[2m:[0m listening at bore.pub:29489
Error: could not connect to bore.pub:7835

Caused by:
    No route to host (os error 65)
[2m2026-05-10T18:24:19.031222Z[0m [32m INFO[0m [2mbore_cli::client[0m[2m:[0m connected to server [3mremote_port[0m[2m=[0m35612
[2m2026-05-10T18:24:19.031399Z[0m [32m INFO[0m [2mbore_cli::client[0m[2m:[0m listening at bore.pub:35612
Error: could not connect to bore.pub:7835

Caused by:
    No route to host (os error 65)
[2m2026-05-10T18:26:03.650825Z[0m [32m INFO[0m [2mbore_cli::client[0m[2m:[0m connected to server [3mremote_port[0m[2m=[0m58061
[2m2026-05-10T18:26:03.650942Z[0m [32m INFO[0m [2mbore_cli::client[0m[2m:[0m listening at bore.pub:58061
Error: could not connect to bore.pub:7835

Caused by:
    No route to host (os error 65)
[2m2026-05-10T18:27:46.170385Z[0m [32m INFO[0m [2mbore_cli::client[0m[2m:[0m connected to server [3mremote_port[0m[2m=[0m44861
[2m2026-05-10T18:27:46.170541Z[0m [32m INFO[0m [2mbore_cli::client[0m[2m:[0m listening at bore.pub:44861
Error: could not connect to bore.pub:7835

Caused by:
    No route to host (os error 65)
[2m2026-05-10T18:29:20.268860Z[0m [32m INFO[0m [2mbore_cli::client[0m[2m:[0m connected to server [3mremote_port[0m[2m=[0m14434
[2m2026-05-10T18:29:20.269017Z[0m [32m INFO[0m [2mbore_cli::client[0m[2m:[0m listening at bore.pub:14434
Error: could not connect to bore.pub:7835

Caused by:
    No route to host (os error 65)
[2m2026-05-10T18:31:04.533526Z[0m [32m INFO[0m [2mbore_cli::client[0m[2m:[0m connected to server [3mremote_port[0m[2m=[0m1254
[2m2026-05-10T18:31:04.533688Z[0m [32m INFO[0m [2mbore_cli::client[0m[2m:[0m listening at bore.pub:1254
Error: could not connect to bore.pub:7835

Caused by:
    No route to host (os error 65)
[2m2026-05-10T18:34:48.541321Z[0m [32m INFO[0m [2mbore_cli::client[0m[2m:[0m connected to server [3mremote_port[0m[2m=[0m11725
[2m2026-05-10T18:34:48.541453Z[0m [32m INFO[0m [2mbore_cli::client[0m[2m:[0m listening at bore.pub:11725
Error: could not connect to bore.pub:7835

Caused by:
    No route to host (os error 65)
[2m2026-05-10T18:36:36.793757Z[0m [32m INFO[0m [2mbore_cli::client[0m[2m:[0m connected to server [3mremote_port[0m[2m=[0m34649
[2m2026-05-10T18:36:36.793883Z[0m [32m INFO[0m [2mbore_cli::client[0m[2m:[0m listening at bore.pub:34649
Error: could not connect to bore.pub:7835

Caused by:
    No route to host (os error 65)
[2m2026-05-10T18:38:17.124366Z[0m [32m INFO[0m [2mbore_cli::client[0m[2m:[0m connected to server [3mremote_port[0m[2m=[0m60974
[2m2026-05-10T18:38:17.124501Z[0m [32m INFO[0m [2mbore_cli::client[0m[2m:[0m listening at bore.pub:60974
Error: could not connect to bore.pub:7835

Caused by:
    No route to host (os error 65)
[2m2026-05-10T18:40:42.873243Z[0m [32m INFO[0m [2mbore_cli::client[0m[2m:[0m connected to server [3mremote_port[0m[2m=[0m22838
[2m2026-05-10T18:40:42.873385Z[0m [32m INFO[0m [2mbore_cli::client[0m[2m:[0m listening at bore.pub:22838
Error: could not connect to bore.pub:7835

Caused by:
    No route to host (os error 65)
[2m2026-05-10T18:42:26.423255Z[0m [32m INFO[0m [2mbore_cli::client[0m[2m:[0m connected to server [3mremote_port[0m[2m=[0m14991
[2m2026-05-10T18:42:26.423380Z[0m [32m INFO[0m [2mbore_cli::client[0m[2m:[0m listening at bore.pub:14991
Error: could not connect to bore.pub:7835

Caused by:
    No route to host (os error 65)
[2m2026-05-10T18:44:03.544344Z[0m [32m INFO[0m [2mbore_cli::client[0m[2m:[0m connected to server [3mremote_port[0m[2m=[0m13699
[2m2026-05-10T18:44:03.544459Z[0m [32m INFO[0m [2mbore_cli::client[0m[2m:[0m listening at bore.pub:13699
Error: could not connect to bore.pub:7835

Caused by:
    No route to host (os error 65)
[2m2026-05-10T18:45:21.660884Z[0m [32m INFO[0m [2mbore_cli::client[0m[2m:[0m connected to server [3mremote_port[0m[2m=[0m19045
[2m2026-05-10T18:45:21.661002Z[0m [32m INFO[0m [2mbore_cli::client[0m[2m:[0m listening at bore.pub:19045
Error: could not connect to bore.pub:7835

Caused by:
    No route to host (os error 65)
[2m2026-05-10T18:47:34.460455Z[0m [32m INFO[0m [2mbore_cli::client[0m[2m:[0m connected to server [3mremote_port[0m[2m=[0m56019
[2m2026-05-10T18:47:34.460569Z[0m [32m INFO[0m [2mbore_cli::client[0m[2m:[0m listening at bore.pub:56019
Error: could not connect to bore.pub:7835

Caused by:
    No route to host (os error 65)
[2m2026-05-10T18:52:37.586351Z[0m [32m INFO[0m [2mbore_cli::client[0m[2m:[0m connected to server [3mremote_port[0m[2m=[0m18608
[2m2026-05-10T18:52:37.586476Z[0m [32m INFO[0m [2mbore_cli::client[0m[2m:[0m listening at bore.pub:18608
Error: could not connect to bore.pub:7835

Caused by:
    No route to host (os error 65)
[2m2026-05-10T18:54:32.615497Z[0m [32m INFO[0m [2mbore_cli::client[0m[2m:[0m connected to server [3mremote_port[0m[2m=[0m51005
[2m2026-05-10T18:54:32.615619Z[0m [32m INFO[0m [2mbore_cli::client[0m[2m:[0m listening at bore.pub:51005
Error: could not connect to bore.pub:7835

Caused by:
    No route to host (os error 65)
[2m2026-05-10T18:56:13.256492Z[0m [32m INFO[0m [2mbore_cli::client[0m[2m:[0m connected to server [3mremote_port[0m[2m=[0m14743
[2m2026-05-10T18:56:13.256627Z[0m [32m INFO[0m [2mbore_cli::client[0m[2m:[0m listening at bore.pub:14743
Error: could not connect to bore.pub:7835

Caused by:
    No route to host (os error 65)
[2m2026-05-10T18:58:57.833309Z[0m [32m INFO[0m [2mbore_cli::client[0m[2m:[0m connected to server [3mremote_port[0m[2m=[0m13473
[2m2026-05-10T18:58:57.833500Z[0m [32m INFO[0m [2mbore_cli::client[0m[2m:[0m listening at bore.pub:13473
Error: could not connect to bore.pub:7835

Caused by:
    No route to host (os error 65)
[2m2026-05-10T19:00:27.862668Z[0m [32m INFO[0m [2mbore_cli::client[0m[2m:[0m connected to server [3mremote_port[0m[2m=[0m17787
[2m2026-05-10T19:00:27.862821Z[0m [32m INFO[0m [2mbore_cli::client[0m[2m:[0m listening at bore.pub:17787
[2m2026-05-10T19:03:16.842290Z[0m [32m INFO[0m [2mbore_cli::client[0m[2m:[0m connected to server [3mremote_port[0m[2m=[0m8959
[2m2026-05-10T19:03:16.842427Z[0m [32m INFO[0m [2mbore_cli::client[0m[2m:[0m listening at bore.pub:8959
Error: could not connect to bore.pub:7835

Caused by:
    No route to host (os error 65)
[2m2026-05-10T19:04:47.528605Z[0m [32m INFO[0m [2mbore_cli::client[0m[2m:[0m connected to server [3mremote_port[0m[2m=[0m52858
[2m2026-05-10T19:04:47.528732Z[0m [32m INFO[0m [2mbore_cli::client[0m[2m:[0m listening at bore.pub:52858
Error: could not connect to bore.pub:7835

Caused by:
    No route to host (os error 65)
[2m2026-05-10T19:06:39.025693Z[0m [32m INFO[0m [2mbore_cli::client[0m[2m:[0m connected to server [3mremote_port[0m[2m=[0m59737
[2m2026-05-10T19:06:39.025830Z[0m [32m INFO[0m [2mbore_cli::client[0m[2m:[0m listening at bore.pub:59737
Error: could not connect to bore.pub:7835

Caused by:
    No route to host (os error 65)
[2m2026-05-10T19:08:04.216105Z[0m [32m INFO[0m [2mbore_cli::client[0m[2m:[0m connected to server [3mremote_port[0m[2m=[0m53291
[2m2026-05-10T19:08:04.216226Z[0m [32m INFO[0m [2mbore_cli::client[0m[2m:[0m listening at bore.pub:53291
Error: could not connect to bore.pub:7835

Caused by:
    No route to host (os error 65)
[2m2026-05-10T19:10:04.938597Z[0m [32m INFO[0m [2mbore_cli::client[0m[2m:[0m connected to server [3mremote_port[0m[2m=[0m8434
[2m2026-05-10T19:10:04.938724Z[0m [32m INFO[0m [2mbore_cli::client[0m[2m:[0m listening at bore.pub:8434
Error: could not connect to bore.pub:7835

Caused by:
    No route to host (os error 65)
[2m2026-05-10T19:13:15.694137Z[0m [32m INFO[0m [2mbore_cli::client[0m[2m:[0m connected to server [3mremote_port[0m[2m=[0m48269
[2m2026-05-10T19:13:15.694270Z[0m [32m INFO[0m [2mbore_cli::client[0m[2m:[0m listening at bore.pub:48269
Error: could not connect to bore.pub:7835

Caused by:
    No route to host (os error 65)
[2m2026-05-10T19:19:04.766558Z[0m [32m INFO[0m [2mbore_cli::client[0m[2m:[0m connected to server [3mremote_port[0m[2m=[0m9261
[2m2026-05-10T19:19:04.766689Z[0m [32m INFO[0m [2mbore_cli::client[0m[2m:[0m listening at bore.pub:9261
Error: could not connect to bore.pub:7835

Caused by:
    No route to host (os error 65)
[2m2026-05-10T19:22:03.619558Z[0m [32m INFO[0m [2mbore_cli::client[0m[2m:[0m connected to server [3mremote_port[0m[2m=[0m10130
[2m2026-05-10T19:22:03.619676Z[0m [32m INFO[0m [2mbore_cli::client[0m[2m:[0m listening at bore.pub:10130
Error: could not connect to bore.pub:7835

Caused by:
    No route to host (os error 65)
[2m2026-05-10T19:25:30.236121Z[0m [32m INFO[0m [2mbore_cli::client[0m[2m:[0m connected to server [3mremote_port[0m[2m=[0m15252
[2m2026-05-10T19:25:30.236289Z[0m [32m INFO[0m [2mbore_cli::client[0m[2m:[0m listening at bore.pub:15252
Error: could not connect to bore.pub:7835

Caused by:
    No route to host (os error 65)
[2m2026-05-10T19:27:02.746889Z[0m [32m INFO[0m [2mbore_cli::client[0m[2m:[0m connected to server [3mremote_port[0m[2m=[0m48479
[2m2026-05-10T19:27:02.747026Z[0m [32m INFO[0m [2mbore_cli::client[0m[2m:[0m listening at bore.pub:48479
Error: could not connect to bore.pub:7835

Caused by:
    No route to host (os error 65)
[2m2026-05-10T19:29:14.101567Z[0m [32m INFO[0m [2mbore_cli::client[0m[2m:[0m connected to server [3mremote_port[0m[2m=[0m46452
[2m2026-05-10T19:29:14.101691Z[0m [32m INFO[0m [2mbore_cli::client[0m[2m:[0m listening at bore.pub:46452
[2m2026-05-10T19:29:15.251963Z[0m [32m INFO[0m [1mproxy[0m[1m{[0m[3mid[0m[2m=[0m34f016bf-374e-4e1a-a64c-97211427c446[1m}[0m[2m:[0m [2mbore_cli::client[0m[2m:[0m new connection
[2m2026-05-10T19:29:15.421109Z[0m [32m INFO[0m [1mproxy[0m[1m{[0m[3mid[0m[2m=[0m22c4c86d-ce9e-4bdb-89bc-63bfca94a920[1m}[0m[2m:[0m [2mbore_cli::client[0m[2m:[0m new connection
[2m2026-05-10T19:29:15.422578Z[0m [33m WARN[0m [1mproxy[0m[1m{[0m[3mid[0m[2m=[0m34f016bf-374e-4e1a-a64c-97211427c446[1m}[0m[2m:[0m [2mbore_cli::client[0m[2m:[0m connection exited with error [3merr[0m[2m=[0mConnection reset by peer (os error 54)
[2m2026-05-10T19:29:15.572823Z[0m [33m WARN[0m [1mproxy[0m[1m{[0m[3mid[0m[2m=[0m22c4c86d-ce9e-4bdb-89bc-63bfca94a920[1m}[0m[2m:[0m [2mbore_cli::client[0m[2m:[0m connection exited with error [3merr[0m[2m=[0mConnection reset by peer (os error 54)
[2m2026-05-10T19:29:17.432709Z[0m [32m INFO[0m [1mproxy[0m[1m{[0m[3mid[0m[2m=[0m79ecd000-6708-4dbf-ae96-091c7f9449b1[1m}[0m[2m:[0m [2mbore_cli::client[0m[2m:[0m new connection
[2m2026-05-10T19:29:17.568655Z[0m [33m WARN[0m [1mproxy[0m[1m{[0m[3mid[0m[2m=[0m79ecd000-6708-4dbf-ae96-091c7f9449b1[1m}[0m[2m:[0m [2mbore_cli::client[0m[2m:[0m connection exited with error [3merr[0m[2m=[0mConnection reset by peer (os error 54)
[2m2026-05-10T19:29:17.592871Z[0m [32m INFO[0m [1mproxy[0m[1m{[0m[3mid[0m[2m=[0m51ae7b02-8933-4ba6-b64a-7f38a242665b[1m}[0m[2m:[0m [2mbore_cli::client[0m[2m:[0m new connection
[2m2026-05-10T19:29:17.737731Z[0m [33m WARN[0m [1mproxy[0m[1m{[0m[3mid[0m[2m=[0m51ae7b02-8933-4ba6-b64a-7f38a242665b[1m}[0m[2m:[0m [2mbore_cli::client[0m[2m:[0m connection exited with error [3merr[0m[2m=[0mConnection reset by peer (os error 54)
[2m2026-05-10T19:29:26.187000Z[0m [32m INFO[0m [1mproxy[0m[1m{[0m[3mid[0m[2m=[0mdce23dfa-0263-4606-8632-e8313c64e195[1m}[0m[2m:[0m [2mbore_cli::client[0m[2m:[0m new connection
[2m2026-05-10T19:29:26.350377Z[0m [33m WARN[0m [1mproxy[0m[1m{[0m[3mid[0m[2m=[0mdce23dfa-0263-4606-8632-e8313c64e195[1m}[0m[2m:[0m [2mbore_cli::client[0m[2m:[0m connection exited with error [3merr[0m[2m=[0mConnection reset by peer (os error 54)
[2m2026-05-10T19:29:26.558515Z[0m [32m INFO[0m [1mproxy[0m[1m{[0m[3mid[0m[2m=[0me4f4af1a-3bac-4f53-b0fb-fe69c54cf64e[1m}[0m[2m:[0m [2mbore_cli::client[0m[2m:[0m new connection
[2m2026-05-10T19:29:26.714706Z[0m [33m WARN[0m [1mproxy[0m[1m{[0m[3mid[0m[2m=[0me4f4af1a-3bac-4f53-b0fb-fe69c54cf64e[1m}[0m[2m:[0m [2mbore_cli::client[0m[2m:[0m connection exited with error [3merr[0m[2m=[0mConnection reset by peer (os error 54)
[2m2026-05-10T19:29:26.723121Z[0m [32m INFO[0m [1mproxy[0m[1m{[0m[3mid[0m[2m=[0mc6e566c9-0783-423d-8460-224d4a4cb676[1m}[0m[2m:[0m [2mbore_cli::client[0m[2m:[0m new connection
[2m2026-05-10T19:29:26.896022Z[0m [33m WARN[0m [1mproxy[0m[1m{[0m[3mid[0m[2m=[0mc6e566c9-0783-423d-8460-224d4a4cb676[1m}[0m[2m:[0m [2mbore_cli::client[0m[2m:[0m connection exited with error [3merr[0m[2m=[0mConnection reset by peer (os error 54)
[2m2026-05-10T19:29:29.751969Z[0m [32m INFO[0m [1mproxy[0m[1m{[0m[3mid[0m[2m=[0mc2919e0a-8c5c-4dc9-a933-d9d674c18377[1m}[0m[2m:[0m [2mbore_cli::client[0m[2m:[0m new connection
[2m2026-05-10T19:29:29.953669Z[0m [33m WARN[0m [1mproxy[0m[1m{[0m[3mid[0m[2m=[0mc2919e0a-8c5c-4dc9-a933-d9d674c18377[1m}[0m[2m:[0m [2mbore_cli::client[0m[2m:[0m connection exited with error [3merr[0m[2m=[0mConnection reset by peer (os error 54)
[2m2026-05-10T19:29:39.907980Z[0m [32m INFO[0m [1mproxy[0m[1m{[0m[3mid[0m[2m=[0m87fb62ac-51a6-4770-bbda-1322d94310df[1m}[0m[2m:[0m [2mbore_cli::client[0m[2m:[0m new connection
[2m2026-05-10T19:29:40.060253Z[0m [33m WARN[0m [1mproxy[0m[1m{[0m[3mid[0m[2m=[0m87fb62ac-51a6-4770-bbda-1322d94310df[1m}[0m[2m:[0m [2mbore_cli::client[0m[2m:[0m connection exited with error [3merr[0m[2m=[0mConnection reset by peer (os error 54)
[2m2026-05-10T19:29:51.523669Z[0m [32m INFO[0m [1mproxy[0m[1m{[0m[3mid[0m[2m=[0mcb2f91fe-9078-4e11-8e2e-95e17630ac11[1m}[0m[2m:[0m [2mbore_cli::client[0m[2m:[0m new connection
[2m2026-05-10T19:29:51.593344Z[0m [32m INFO[0m [1mproxy[0m[1m{[0m[3mid[0m[2m=[0md964d2cb-743e-48fa-8b37-a7d331831a56[1m}[0m[2m:[0m [2mbore_cli::client[0m[2m:[0m new connection
[2m2026-05-10T19:29:51.682814Z[0m [33m WARN[0m [1mproxy[0m[1m{[0m[3mid[0m[2m=[0mcb2f91fe-9078-4e11-8e2e-95e17630ac11[1m}[0m[2m:[0m [2mbore_cli::client[0m[2m:[0m connection exited with error [3merr[0m[2m=[0mConnection reset by peer (os error 54)
[2m2026-05-10T19:29:51.772899Z[0m [33m WARN[0m [1mproxy[0m[1m{[0m[3mid[0m[2m=[0md964d2cb-743e-48fa-8b37-a7d331831a56[1m}[0m[2m:[0m [2mbore_cli::client[0m[2m:[0m connection exited with error [3merr[0m[2m=[0mConnection reset by peer (os error 54)
[2m2026-05-10T19:30:21.511174Z[0m [32m INFO[0m [1mproxy[0m[1m{[0m[3mid[0m[2m=[0m34dc97a5-562c-43be-b0f1-17a1cfe663d6[1m}[0m[2m:[0m [2mbore_cli::client[0m[2m:[0m new connection
[2m2026-05-10T19:30:21.685411Z[0m [33m WARN[0m [1mproxy[0m[1m{[0m[3mid[0m[2m=[0m34dc97a5-562c-43be-b0f1-17a1cfe663d6[1m}[0m[2m:[0m [2mbore_cli::client[0m[2m:[0m connection exited with error [3merr[0m[2m=[0mConnection reset by peer (os error 54)
[2m2026-05-10T19:30:40.744305Z[0m [32m INFO[0m [1mproxy[0m[1m{[0m[3mid[0m[2m=[0m547094c7-ec00-4cf2-8879-f915e32c5e55[1m}[0m[2m:[0m [2mbore_cli::client[0m[2m:[0m new connection
[2m2026-05-10T19:30:40.895135Z[0m [33m WARN[0m [1mproxy[0m[1m{[0m[3mid[0m[2m=[0m547094c7-ec00-4cf2-8879-f915e32c5e55[1m}[0m[2m:[0m [2mbore_cli::client[0m[2m:[0m connection exited with error [3merr[0m[2m=[0mConnection reset by peer (os error 54)
[2m2026-05-10T19:30:44.873332Z[0m [32m INFO[0m [1mproxy[0m[1m{[0m[3mid[0m[2m=[0mce22f51e-3045-4d79-aaee-d6f878881ffc[1m}[0m[2m:[0m [2mbore_cli::client[0m[2m:[0m new connection
[2m2026-05-10T19:30:44.873346Z[0m [32m INFO[0m [1mproxy[0m[1m{[0m[3mid[0m[2m=[0m4d89500e-af1b-44e0-84eb-dcf1d8ae32df[1m}[0m[2m:[0m [2mbore_cli::client[0m[2m:[0m new connection
[2m2026-05-10T19:30:45.025724Z[0m [33m WARN[0m [1mproxy[0m[1m{[0m[3mid[0m[2m=[0m4d89500e-af1b-44e0-84eb-dcf1d8ae32df[1m}[0m[2m:[0m [2mbore_cli::client[0m[2m:[0m connection exited with error [3merr[0m[2m=[0mConnection reset by peer (os error 54)
[2m2026-05-10T19:30:45.026779Z[0m [33m WARN[0m [1mproxy[0m[1m{[0m[3mid[0m[2m=[0mce22f51e-3045-4d79-aaee-d6f878881ffc[1m}[0m[2m:[0m [2mbore_cli::client[0m[2m:[0m connection exited with error [3merr[0m[2m=[0mConnection reset by peer (os error 54)
Error: could not connect to bore.pub:7835

Caused by:
    No route to host (os error 65)
[2m2026-05-10T19:31:05.291683Z[0m [32m INFO[0m [2mbore_cli::client[0m[2m:[0m connected to server [3mremote_port[0m[2m=[0m26687
[2m2026-05-10T19:31:05.291814Z[0m [32m INFO[0m [2mbore_cli::client[0m[2m:[0m listening at bore.pub:26687
Error: could not connect to bore.pub:7835

Caused by:
    No route to host (os error 65)
[2m2026-05-10T19:35:04.682746Z[0m [32m INFO[0m [2mbore_cli::client[0m[2m:[0m connected to server [3mremote_port[0m[2m=[0m53838
[2m2026-05-10T19:35:04.682883Z[0m [32m INFO[0m [2mbore_cli::client[0m[2m:[0m listening at bore.pub:53838
Error: could not connect to bore.pub:7835

Caused by:
    No route to host (os error 65)
[2m2026-05-10T19:36:34.164709Z[0m [32m INFO[0m [2mbore_cli::client[0m[2m:[0m connected to server [3mremote_port[0m[2m=[0m29647
[2m2026-05-10T19:36:34.164838Z[0m [32m INFO[0m [2mbore_cli::client[0m[2m:[0m listening at bore.pub:29647
Error: could not connect to bore.pub:7835

Caused by:
    No route to host (os error 65)
[2m2026-05-10T19:38:51.163250Z[0m [32m INFO[0m [2mbore_cli::client[0m[2m:[0m connected to server [3mremote_port[0m[2m=[0m23911
[2m2026-05-10T19:38:51.163373Z[0m [32m INFO[0m [2mbore_cli::client[0m[2m:[0m listening at bore.pub:23911
Error: could not connect to bore.pub:7835

Caused by:
    No route to host (os error 65)
[2m2026-05-10T19:40:39.851243Z[0m [32m INFO[0m [2mbore_cli::client[0m[2m:[0m connected to server [3mremote_port[0m[2m=[0m25238
[2m2026-05-10T19:40:39.851377Z[0m [32m INFO[0m [2mbore_cli::client[0m[2m:[0m listening at bore.pub:25238
Error: could not connect to bore.pub:7835

Caused by:
    No route to host (os error 65)
[2m2026-05-10T19:42:11.222113Z[0m [32m INFO[0m [2mbore_cli::client[0m[2m:[0m connected to server [3mremote_port[0m[2m=[0m58841
[2m2026-05-10T19:42:11.222237Z[0m [32m INFO[0m [2mbore_cli::client[0m[2m:[0m listening at bore.pub:58841
Error: could not connect to bore.pub:7835

Caused by:
    No route to host (os error 65)
[2m2026-05-10T19:43:45.738877Z[0m [32m INFO[0m [2mbore_cli::client[0m[2m:[0m connected to server [3mremote_port[0m[2m=[0m53014
[2m2026-05-10T19:43:45.739039Z[0m [32m INFO[0m [2mbore_cli::client[0m[2m:[0m listening at bore.pub:53014
Error: could not connect to bore.pub:7835

Caused by:
    No route to host (os error 65)
[2m2026-05-10T19:45:31.560546Z[0m [32m INFO[0m [2mbore_cli::client[0m[2m:[0m connected to server [3mremote_port[0m[2m=[0m11445
[2m2026-05-10T19:45:31.560670Z[0m [32m INFO[0m [2mbore_cli::client[0m[2m:[0m listening at bore.pub:11445
Error: could not connect to bore.pub:7835

Caused by:
    No route to host (os error 65)
[2m2026-05-10T19:49:23.083537Z[0m [32m INFO[0m [2mbore_cli::client[0m[2m:[0m connected to server [3mremote_port[0m[2m=[0m2005
[2m2026-05-10T19:49:23.083663Z[0m [32m INFO[0m [2mbore_cli::client[0m[2m:[0m listening at bore.pub:2005
Error: could not connect to bore.pub:7835

Caused by:
    No route to host (os error 65)
[2m2026-05-10T19:50:48.602036Z[0m [32m INFO[0m [2mbore_cli::client[0m[2m:[0m connected to server [3mremote_port[0m[2m=[0m1626
[2m2026-05-10T19:50:48.602159Z[0m [32m INFO[0m [2mbore_cli::client[0m[2m:[0m listening at bore.pub:1626
Error: could not connect to bore.pub:7835

Caused by:
    No route to host (os error 65)
[2m2026-05-10T19:52:16.839252Z[0m [32m INFO[0m [2mbore_cli::client[0m[2m:[0m connected to server [3mremote_port[0m[2m=[0m6849
[2m2026-05-10T19:52:16.839328Z[0m [32m INFO[0m [2mbore_cli::client[0m[2m:[0m listening at bore.pub:6849
Error: could not connect to bore.pub:7835

Caused by:
    No route to host (os error 65)
[2m2026-05-10T19:54:14.005722Z[0m [32m INFO[0m [2mbore_cli::client[0m[2m:[0m connected to server [3mremote_port[0m[2m=[0m64993
[2m2026-05-10T19:54:14.005861Z[0m [32m INFO[0m [2mbore_cli::client[0m[2m:[0m listening at bore.pub:64993
Error: could not connect to bore.pub:7835

Caused by:
    No route to host (os error 65)
[2m2026-05-10T19:55:48.631180Z[0m [32m INFO[0m [2mbore_cli::client[0m[2m:[0m connected to server [3mremote_port[0m[2m=[0m36663
[2m2026-05-10T19:55:48.631304Z[0m [32m INFO[0m [2mbore_cli::client[0m[2m:[0m listening at bore.pub:36663
Error: could not connect to bore.pub:7835

Caused by:
    No route to host (os error 65)
[2m2026-05-10T19:58:21.246640Z[0m [32m INFO[0m [2mbore_cli::client[0m[2m:[0m connected to server [3mremote_port[0m[2m=[0m43143
[2m2026-05-10T19:58:21.246768Z[0m [32m INFO[0m [2mbore_cli::client[0m[2m:[0m listening at bore.pub:43143
Error: could not connect to bore.pub:7835

Caused by:
    No route to host (os error 65)
[2m2026-05-10T20:01:39.105234Z[0m [32m INFO[0m [2mbore_cli::client[0m[2m:[0m connected to server [3mremote_port[0m[2m=[0m24805
[2m2026-05-10T20:01:39.105372Z[0m [32m INFO[0m [2mbore_cli::client[0m[2m:[0m listening at bore.pub:24805
Error: could not connect to bore.pub:7835

Caused by:
    No route to host (os error 65)
[2m2026-05-10T20:03:30.931272Z[0m [32m INFO[0m [2mbore_cli::client[0m[2m:[0m connected to server [3mremote_port[0m[2m=[0m1094
[2m2026-05-10T20:03:30.931402Z[0m [32m INFO[0m [2mbore_cli::client[0m[2m:[0m listening at bore.pub:1094
Error: could not connect to bore.pub:7835

Caused by:
    No route to host (os error 65)
[2m2026-05-10T20:05:03.561915Z[0m [32m INFO[0m [2mbore_cli::client[0m[2m:[0m connected to server [3mremote_port[0m[2m=[0m63505
[2m2026-05-10T20:05:03.562054Z[0m [32m INFO[0m [2mbore_cli::client[0m[2m:[0m listening at bore.pub:63505
Error: could not connect to bore.pub:7835

Caused by:
    No route to host (os error 65)
[2m2026-05-10T20:06:34.116243Z[0m [32m INFO[0m [2mbore_cli::client[0m[2m:[0m connected to server [3mremote_port[0m[2m=[0m40534
[2m2026-05-10T20:06:34.116347Z[0m [32m INFO[0m [2mbore_cli::client[0m[2m:[0m listening at bore.pub:40534
Error: could not connect to bore.pub:7835

Caused by:
    No route to host (os error 65)
[2m2026-05-10T20:08:06.291962Z[0m [32m INFO[0m [2mbore_cli::client[0m[2m:[0m connected to server [3mremote_port[0m[2m=[0m30586
[2m2026-05-10T20:08:06.292102Z[0m [32m INFO[0m [2mbore_cli::client[0m[2m:[0m listening at bore.pub:30586
Error: could not connect to bore.pub:7835

Caused by:
    No route to host (os error 65)
[2m2026-05-10T20:09:32.578701Z[0m [32m INFO[0m [2mbore_cli::client[0m[2m:[0m connected to server [3mremote_port[0m[2m=[0m52464
[2m2026-05-10T20:09:32.578860Z[0m [32m INFO[0m [2mbore_cli::client[0m[2m:[0m listening at bore.pub:52464
Error: could not connect to bore.pub:7835

Caused by:
    No route to host (os error 65)
[2m2026-05-10T20:10:57.798074Z[0m [32m INFO[0m [2mbore_cli::client[0m[2m:[0m connected to server [3mremote_port[0m[2m=[0m46378
[2m2026-05-10T20:10:57.798213Z[0m [32m INFO[0m [2mbore_cli::client[0m[2m:[0m listening at bore.pub:46378
Error: could not connect to bore.pub:7835

Caused by:
    No route to host (os error 65)
[2m2026-05-10T20:15:13.855269Z[0m [32m INFO[0m [2mbore_cli::client[0m[2m:[0m connected to server [3mremote_port[0m[2m=[0m61262
[2m2026-05-10T20:15:13.855413Z[0m [32m INFO[0m [2mbore_cli::client[0m[2m:[0m listening at bore.pub:61262
Error: could not connect to bore.pub:7835

Caused by:
    No route to host (os error 65)
[2m2026-05-10T20:16:33.125435Z[0m [32m INFO[0m [2mbore_cli::client[0m[2m:[0m connected to server [3mremote_port[0m[2m=[0m7006
[2m2026-05-10T20:16:33.125567Z[0m [32m INFO[0m [2mbore_cli::client[0m[2m:[0m listening at bore.pub:7006
Error: could not connect to bore.pub:7835

Caused by:
    No route to host (os error 65)
[2m2026-05-10T20:18:51.541261Z[0m [32m INFO[0m [2mbore_cli::client[0m[2m:[0m connected to server [3mremote_port[0m[2m=[0m21173
[2m2026-05-10T20:18:51.541391Z[0m [32m INFO[0m [2mbore_cli::client[0m[2m:[0m listening at bore.pub:21173
Error: could not connect to bore.pub:7835

Caused by:
    No route to host (os error 65)
[2m2026-05-10T20:20:19.042014Z[0m [32m INFO[0m [2mbore_cli::client[0m[2m:[0m connected to server [3mremote_port[0m[2m=[0m32558
[2m2026-05-10T20:20:19.042149Z[0m [32m INFO[0m [2mbore_cli::client[0m[2m:[0m listening at bore.pub:32558
Error: could not connect to bore.pub:7835

Caused by:
    No route to host (os error 65)
[2m2026-05-10T20:21:41.746397Z[0m [32m INFO[0m [2mbore_cli::client[0m[2m:[0m connected to server [3mremote_port[0m[2m=[0m24278
[2m2026-05-10T20:21:41.746547Z[0m [32m INFO[0m [2mbore_cli::client[0m[2m:[0m listening at bore.pub:24278
Error: could not connect to bore.pub:7835

Caused by:
    No route to host (os error 65)
[2m2026-05-10T20:23:07.101488Z[0m [32m INFO[0m [2mbore_cli::client[0m[2m:[0m connected to server [3mremote_port[0m[2m=[0m56045
[2m2026-05-10T20:23:07.101601Z[0m [32m INFO[0m [2mbore_cli::client[0m[2m:[0m listening at bore.pub:56045
Error: could not connect to bore.pub:7835

Caused by:
    No route to host (os error 65)
[2m2026-05-10T20:25:11.312189Z[0m [32m INFO[0m [2mbore_cli::client[0m[2m:[0m connected to server [3mremote_port[0m[2m=[0m11428
[2m2026-05-10T20:25:11.312329Z[0m [32m INFO[0m [2mbore_cli::client[0m[2m:[0m listening at bore.pub:11428
Error: could not connect to bore.pub:7835

Caused by:
    No route to host (os error 65)
[2m2026-05-10T20:28:24.000863Z[0m [32m INFO[0m [2mbore_cli::client[0m[2m:[0m connected to server [3mremote_port[0m[2m=[0m8678
[2m2026-05-10T20:28:24.000995Z[0m [32m INFO[0m [2mbore_cli::client[0m[2m:[0m listening at bore.pub:8678
Error: could not connect to bore.pub:7835

Caused by:
    No route to host (os error 65)
[2m2026-05-10T20:32:53.664940Z[0m [32m INFO[0m [2mbore_cli::client[0m[2m:[0m connected to server [3mremote_port[0m[2m=[0m42907
[2m2026-05-10T20:32:53.665043Z[0m [32m INFO[0m [2mbore_cli::client[0m[2m:[0m listening at bore.pub:42907
Error: could not connect to bore.pub:7835

Caused by:
    No route to host (os error 65)
[2m2026-05-10T20:36:46.289603Z[0m [32m INFO[0m [2mbore_cli::client[0m[2m:[0m connected to server [3mremote_port[0m[2m=[0m33936
[2m2026-05-10T20:36:46.289747Z[0m [32m INFO[0m [2mbore_cli::client[0m[2m:[0m listening at bore.pub:33936
Error: could not connect to bore.pub:7835

Caused by:
    No route to host (os error 65)
[2m2026-05-10T20:42:18.558251Z[0m [32m INFO[0m [2mbore_cli::client[0m[2m:[0m connected to server [3mremote_port[0m[2m=[0m15464
[2m2026-05-10T20:42:18.558375Z[0m [32m INFO[0m [2mbore_cli::client[0m[2m:[0m listening at bore.pub:15464
Error: could not connect to bore.pub:7835

Caused by:
    No route to host (os error 65)
[2m2026-05-10T20:47:07.094102Z[0m [32m INFO[0m [2mbore_cli::client[0m[2m:[0m connected to server [3mremote_port[0m[2m=[0m38171
[2m2026-05-10T20:47:07.094215Z[0m [32m INFO[0m [2mbore_cli::client[0m[2m:[0m listening at bore.pub:38171
Error: could not connect to bore.pub:7835

Caused by:
    No route to host (os error 65)
[2m2026-05-10T20:48:43.653662Z[0m [32m INFO[0m [2mbore_cli::client[0m[2m:[0m connected to server [3mremote_port[0m[2m=[0m56342
[2m2026-05-10T20:48:43.653777Z[0m [32m INFO[0m [2mbore_cli::client[0m[2m:[0m listening at bore.pub:56342
Error: could not connect to bore.pub:7835

Caused by:
    No route to host (os error 65)
[2m2026-05-10T20:50:23.214783Z[0m [32m INFO[0m [2mbore_cli::client[0m[2m:[0m connected to server [3mremote_port[0m[2m=[0m52189
[2m2026-05-10T20:50:23.214907Z[0m [32m INFO[0m [2mbore_cli::client[0m[2m:[0m listening at bore.pub:52189
Error: could not connect to bore.pub:7835

Caused by:
    No route to host (os error 65)
[2m2026-05-10T20:52:26.878611Z[0m [32m INFO[0m [2mbore_cli::client[0m[2m:[0m connected to server [3mremote_port[0m[2m=[0m4919
[2m2026-05-10T20:52:26.878804Z[0m [32m INFO[0m [2mbore_cli::client[0m[2m:[0m listening at bore.pub:4919
Error: could not connect to bore.pub:7835

Caused by:
    No route to host (os error 65)
[2m2026-05-10T20:54:05.879981Z[0m [32m INFO[0m [2mbore_cli::client[0m[2m:[0m connected to server [3mremote_port[0m[2m=[0m51043
[2m2026-05-10T20:54:05.880119Z[0m [32m INFO[0m [2mbore_cli::client[0m[2m:[0m listening at bore.pub:51043
Error: could not connect to bore.pub:7835

Caused by:
    No route to host (os error 65)
[2m2026-05-10T20:55:41.992278Z[0m [32m INFO[0m [2mbore_cli::client[0m[2m:[0m connected to server [3mremote_port[0m[2m=[0m3817
[2m2026-05-10T20:55:41.992405Z[0m [32m INFO[0m [2mbore_cli::client[0m[2m:[0m listening at bore.pub:3817
Error: could not connect to bore.pub:7835

Caused by:
    No route to host (os error 65)
[2m2026-05-10T20:59:25.203048Z[0m [32m INFO[0m [2mbore_cli::client[0m[2m:[0m connected to server [3mremote_port[0m[2m=[0m65418
[2m2026-05-10T20:59:25.203174Z[0m [32m INFO[0m [2mbore_cli::client[0m[2m:[0m listening at bore.pub:65418
Error: could not connect to bore.pub:7835

Caused by:
    No route to host (os error 65)
[2m2026-05-10T21:01:07.355829Z[0m [32m INFO[0m [2mbore_cli::client[0m[2m:[0m connected to server [3mremote_port[0m[2m=[0m39704
[2m2026-05-10T21:01:07.355962Z[0m [32m INFO[0m [2mbore_cli::client[0m[2m:[0m listening at bore.pub:39704
Error: could not connect to bore.pub:7835

Caused by:
    No route to host (os error 65)
[2m2026-05-10T21:03:14.403497Z[0m [32m INFO[0m [2mbore_cli::client[0m[2m:[0m connected to server [3mremote_port[0m[2m=[0m46297
[2m2026-05-10T21:03:14.403618Z[0m [32m INFO[0m [2mbore_cli::client[0m[2m:[0m listening at bore.pub:46297
Error: could not connect to bore.pub:7835

Caused by:
    No route to host (os error 65)
[2m2026-05-10T21:06:35.790106Z[0m [32m INFO[0m [2mbore_cli::client[0m[2m:[0m connected to server [3mremote_port[0m[2m=[0m49487
[2m2026-05-10T21:06:35.790255Z[0m [32m INFO[0m [2mbore_cli::client[0m[2m:[0m listening at bore.pub:49487
[2m2026-05-10T21:09:31.784329Z[0m [32m INFO[0m [2mbore_cli::client[0m[2m:[0m connected to server [3mremote_port[0m[2m=[0m25845
[2m2026-05-10T21:09:31.784475Z[0m [32m INFO[0m [2mbore_cli::client[0m[2m:[0m listening at bore.pub:25845
Error: could not connect to bore.pub:7835

Caused by:
    No route to host (os error 65)
[2m2026-05-10T21:11:44.540946Z[0m [32m INFO[0m [2mbore_cli::client[0m[2m:[0m connected to server [3mremote_port[0m[2m=[0m43165
[2m2026-05-10T21:11:44.541119Z[0m [32m INFO[0m [2mbore_cli::client[0m[2m:[0m listening at bore.pub:43165
Error: could not connect to bore.pub:7835

Caused by:
    No route to host (os error 65)
[2m2026-05-10T21:13:21.440041Z[0m [32m INFO[0m [2mbore_cli::client[0m[2m:[0m connected to server [3mremote_port[0m[2m=[0m51679
[2m2026-05-10T21:13:21.440170Z[0m [32m INFO[0m [2mbore_cli::client[0m[2m:[0m listening at bore.pub:51679
Error: could not connect to bore.pub:7835

Caused by:
    No route to host (os error 65)
[2m2026-05-10T21:16:20.881665Z[0m [32m INFO[0m [2mbore_cli::client[0m[2m:[0m connected to server [3mremote_port[0m[2m=[0m55349
[2m2026-05-10T21:16:20.881799Z[0m [32m INFO[0m [2mbore_cli::client[0m[2m:[0m listening at bore.pub:55349
Error: could not connect to bore.pub:7835

Caused by:
    No route to host (os error 65)
[2m2026-05-10T21:18:00.087223Z[0m [32m INFO[0m [2mbore_cli::client[0m[2m:[0m connected to server [3mremote_port[0m[2m=[0m31795
[2m2026-05-10T21:18:00.087351Z[0m [32m INFO[0m [2mbore_cli::client[0m[2m:[0m listening at bore.pub:31795
Error: could not connect to bore.pub:7835

Caused by:
    No route to host (os error 65)
[2m2026-05-10T21:19:27.345764Z[0m [32m INFO[0m [2mbore_cli::client[0m[2m:[0m connected to server [3mremote_port[0m[2m=[0m54741
[2m2026-05-10T21:19:27.345888Z[0m [32m INFO[0m [2mbore_cli::client[0m[2m:[0m listening at bore.pub:54741
Error: could not connect to bore.pub:7835

Caused by:
    No route to host (os error 65)
[2m2026-05-10T21:22:32.150358Z[0m [32m INFO[0m [2mbore_cli::client[0m[2m:[0m connected to server [3mremote_port[0m[2m=[0m26337
[2m2026-05-10T21:22:32.150505Z[0m [32m INFO[0m [2mbore_cli::client[0m[2m:[0m listening at bore.pub:26337
Error: could not connect to bore.pub:7835

Caused by:
    No route to host (os error 65)
[2m2026-05-10T21:24:04.388732Z[0m [32m INFO[0m [2mbore_cli::client[0m[2m:[0m connected to server [3mremote_port[0m[2m=[0m19125
[2m2026-05-10T21:24:04.388857Z[0m [32m INFO[0m [2mbore_cli::client[0m[2m:[0m listening at bore.pub:19125
Error: could not connect to bore.pub:7835

Caused by:
    No route to host (os error 65)
[2m2026-05-10T21:25:40.483077Z[0m [32m INFO[0m [2mbore_cli::client[0m[2m:[0m connected to server [3mremote_port[0m[2m=[0m19597
[2m2026-05-10T21:25:40.483225Z[0m [32m INFO[0m [2mbore_cli::client[0m[2m:[0m listening at bore.pub:19597
Error: could not connect to bore.pub:7835

Caused by:
    No route to host (os error 65)
[2m2026-05-10T21:31:10.847845Z[0m [32m INFO[0m [2mbore_cli::client[0m[2m:[0m connected to server [3mremote_port[0m[2m=[0m2570
[2m2026-05-10T21:31:10.847998Z[0m [32m INFO[0m [2mbore_cli::client[0m[2m:[0m listening at bore.pub:2570
Error: could not connect to bore.pub:7835

Caused by:
    No route to host (os error 65)
[2m2026-05-10T21:32:45.484855Z[0m [32m INFO[0m [2mbore_cli::client[0m[2m:[0m connected to server [3mremote_port[0m[2m=[0m3621
[2m2026-05-10T21:32:45.484982Z[0m [32m INFO[0m [2mbore_cli::client[0m[2m:[0m listening at bore.pub:3621
Error: could not connect to bore.pub:7835

Caused by:
    No route to host (os error 65)
[2m2026-05-10T21:34:12.133133Z[0m [32m INFO[0m [2mbore_cli::client[0m[2m:[0m connected to server [3mremote_port[0m[2m=[0m62471
[2m2026-05-10T21:34:12.133253Z[0m [32m INFO[0m [2mbore_cli::client[0m[2m:[0m listening at bore.pub:62471
Error: could not connect to bore.pub:7835

Caused by:
    No route to host (os error 65)
[2m2026-05-10T21:35:45.715764Z[0m [32m INFO[0m [2mbore_cli::client[0m[2m:[0m connected to server [3mremote_port[0m[2m=[0m56402
[2m2026-05-10T21:35:45.715897Z[0m [32m INFO[0m [2mbore_cli::client[0m[2m:[0m listening at bore.pub:56402
Error: could not connect to bore.pub:7835

Caused by:
    No route to host (os error 65)
[2m2026-05-10T21:37:11.530342Z[0m [32m INFO[0m [2mbore_cli::client[0m[2m:[0m connected to server [3mremote_port[0m[2m=[0m53578
[2m2026-05-10T21:37:11.530459Z[0m [32m INFO[0m [2mbore_cli::client[0m[2m:[0m listening at bore.pub:53578
Error: could not connect to bore.pub:7835

Caused by:
    No route to host (os error 65)
[2m2026-05-10T21:38:55.787424Z[0m [32m INFO[0m [2mbore_cli::client[0m[2m:[0m connected to server [3mremote_port[0m[2m=[0m42730
[2m2026-05-10T21:38:55.787581Z[0m [32m INFO[0m [2mbore_cli::client[0m[2m:[0m listening at bore.pub:42730
Error: could not connect to bore.pub:7835

Caused by:
    No route to host (os error 65)
[2m2026-05-10T21:40:27.173282Z[0m [32m INFO[0m [2mbore_cli::client[0m[2m:[0m connected to server [3mremote_port[0m[2m=[0m18158
[2m2026-05-10T21:40:27.173338Z[0m [32m INFO[0m [2mbore_cli::client[0m[2m:[0m listening at bore.pub:18158
Error: could not connect to bore.pub:7835

Caused by:
    No route to host (os error 65)
[2m2026-05-10T21:45:11.570718Z[0m [32m INFO[0m [2mbore_cli::client[0m[2m:[0m connected to server [3mremote_port[0m[2m=[0m64780
[2m2026-05-10T21:45:11.570824Z[0m [32m INFO[0m [2mbore_cli::client[0m[2m:[0m listening at bore.pub:64780
Error: could not connect to bore.pub:7835

Caused by:
    No route to host (os error 65)
[2m2026-05-10T21:46:25.470335Z[0m [32m INFO[0m [2mbore_cli::client[0m[2m:[0m connected to server [3mremote_port[0m[2m=[0m61315
[2m2026-05-10T21:46:25.470462Z[0m [32m INFO[0m [2mbore_cli::client[0m[2m:[0m listening at bore.pub:61315
Error: could not connect to bore.pub:7835

Caused by:
    No route to host (os error 65)
[2m2026-05-10T21:49:51.593739Z[0m [32m INFO[0m [2mbore_cli::client[0m[2m:[0m connected to server [3mremote_port[0m[2m=[0m32133
[2m2026-05-10T21:49:51.593869Z[0m [32m INFO[0m [2mbore_cli::client[0m[2m:[0m listening at bore.pub:32133
Error: could not connect to bore.pub:7835

Caused by:
    No route to host (os error 65)
[2m2026-05-10T21:51:11.040931Z[0m [32m INFO[0m [2mbore_cli::client[0m[2m:[0m connected to server [3mremote_port[0m[2m=[0m49536
[2m2026-05-10T21:51:11.041073Z[0m [32m INFO[0m [2mbore_cli::client[0m[2m:[0m listening at bore.pub:49536
Error: could not connect to bore.pub:7835

Caused by:
    No route to host (os error 65)
[2m2026-05-10T21:52:38.026509Z[0m [32m INFO[0m [2mbore_cli::client[0m[2m:[0m connected to server [3mremote_port[0m[2m=[0m59506
[2m2026-05-10T21:52:38.026664Z[0m [32m INFO[0m [2mbore_cli::client[0m[2m:[0m listening at bore.pub:59506
Error: could not connect to bore.pub:7835

Caused by:
    No route to host (os error 65)
[2m2026-05-10T21:54:07.069771Z[0m [32m INFO[0m [2mbore_cli::client[0m[2m:[0m connected to server [3mremote_port[0m[2m=[0m17826
[2m2026-05-10T21:54:07.069915Z[0m [32m INFO[0m [2mbore_cli::client[0m[2m:[0m listening at bore.pub:17826
Error: could not connect to bore.pub:7835

Caused by:
    No route to host (os error 65)
[2m2026-05-10T21:56:10.915608Z[0m [32m INFO[0m [2mbore_cli::client[0m[2m:[0m connected to server [3mremote_port[0m[2m=[0m47737
[2m2026-05-10T21:56:10.915758Z[0m [32m INFO[0m [2mbore_cli::client[0m[2m:[0m listening at bore.pub:47737
Error: could not connect to bore.pub:7835

Caused by:
    No route to host (os error 65)
[2m2026-05-10T21:57:42.345622Z[0m [32m INFO[0m [2mbore_cli::client[0m[2m:[0m connected to server [3mremote_port[0m[2m=[0m19274
[2m2026-05-10T21:57:42.345735Z[0m [32m INFO[0m [2mbore_cli::client[0m[2m:[0m listening at bore.pub:19274
Error: could not connect to bore.pub:7835

Caused by:
    No route to host (os error 65)
[2m2026-05-10T22:00:45.783451Z[0m [32m INFO[0m [2mbore_cli::client[0m[2m:[0m connected to server [3mremote_port[0m[2m=[0m41704
[2m2026-05-10T22:00:45.783573Z[0m [32m INFO[0m [2mbore_cli::client[0m[2m:[0m listening at bore.pub:41704
Error: could not connect to bore.pub:7835

Caused by:
    No route to host (os error 65)
[2m2026-05-10T22:02:11.364187Z[0m [32m INFO[0m [2mbore_cli::client[0m[2m:[0m connected to server [3mremote_port[0m[2m=[0m38976
[2m2026-05-10T22:02:11.364319Z[0m [32m INFO[0m [2mbore_cli::client[0m[2m:[0m listening at bore.pub:38976
Error: could not connect to bore.pub:7835

Caused by:
    No route to host (os error 65)
[2m2026-05-10T22:05:19.546511Z[0m [32m INFO[0m [2mbore_cli::client[0m[2m:[0m connected to server [3mremote_port[0m[2m=[0m63313
[2m2026-05-10T22:05:19.546645Z[0m [32m INFO[0m [2mbore_cli::client[0m[2m:[0m listening at bore.pub:63313
Error: could not connect to bore.pub:7835

Caused by:
    No route to host (os error 65)
[2m2026-05-10T22:06:52.951646Z[0m [32m INFO[0m [2mbore_cli::client[0m[2m:[0m connected to server [3mremote_port[0m[2m=[0m42585
[2m2026-05-10T22:06:52.951790Z[0m [32m INFO[0m [2mbore_cli::client[0m[2m:[0m listening at bore.pub:42585
Error: could not connect to bore.pub:7835

Caused by:
    No route to host (os error 65)
[2m2026-05-10T22:08:18.386835Z[0m [32m INFO[0m [2mbore_cli::client[0m[2m:[0m connected to server [3mremote_port[0m[2m=[0m54371
[2m2026-05-10T22:08:18.386906Z[0m [32m INFO[0m [2mbore_cli::client[0m[2m:[0m listening at bore.pub:54371
Error: could not connect to bore.pub:7835

Caused by:
    No route to host (os error 65)
[2m2026-05-10T22:09:42.769440Z[0m [32m INFO[0m [2mbore_cli::client[0m[2m:[0m connected to server [3mremote_port[0m[2m=[0m3057
[2m2026-05-10T22:09:42.769575Z[0m [32m INFO[0m [2mbore_cli::client[0m[2m:[0m listening at bore.pub:3057
Error: could not connect to bore.pub:7835

Caused by:
    No route to host (os error 65)
[2m2026-05-10T22:11:36.820863Z[0m [32m INFO[0m [2mbore_cli::client[0m[2m:[0m connected to server [3mremote_port[0m[2m=[0m40449
[2m2026-05-10T22:11:36.821027Z[0m [32m INFO[0m [2mbore_cli::client[0m[2m:[0m listening at bore.pub:40449
Error: could not connect to bore.pub:7835

Caused by:
    No route to host (os error 65)
[2m2026-05-10T22:13:11.112517Z[0m [32m INFO[0m [2mbore_cli::client[0m[2m:[0m connected to server [3mremote_port[0m[2m=[0m6980
[2m2026-05-10T22:13:11.112648Z[0m [32m INFO[0m [2mbore_cli::client[0m[2m:[0m listening at bore.pub:6980
Error: could not connect to bore.pub:7835

Caused by:
    No route to host (os error 65)
[2m2026-05-10T22:14:38.063971Z[0m [32m INFO[0m [2mbore_cli::client[0m[2m:[0m connected to server [3mremote_port[0m[2m=[0m53241
[2m2026-05-10T22:14:38.064045Z[0m [32m INFO[0m [2mbore_cli::client[0m[2m:[0m listening at bore.pub:53241
Error: could not connect to bore.pub:7835

Caused by:
    No route to host (os error 65)
[2m2026-05-10T22:16:01.628697Z[0m [32m INFO[0m [2mbore_cli::client[0m[2m:[0m connected to server [3mremote_port[0m[2m=[0m43624
[2m2026-05-10T22:16:01.628823Z[0m [32m INFO[0m [2mbore_cli::client[0m[2m:[0m listening at bore.pub:43624
Error: could not connect to bore.pub:7835

Caused by:
    No route to host (os error 65)
[2m2026-05-11T00:46:17.722699Z[0m [32m INFO[0m [2mbore_cli::client[0m[2m:[0m connected to server [3mremote_port[0m[2m=[0m34563
[2m2026-05-11T00:46:17.722823Z[0m [32m INFO[0m [2mbore_cli::client[0m[2m:[0m listening at bore.pub:34563
Error: could not connect to bore.pub:7835

Caused by:
    No route to host (os error 65)
[2m2026-05-11T03:01:52.490395Z[0m [32m INFO[0m [2mbore_cli::client[0m[2m:[0m connected to server [3mremote_port[0m[2m=[0m11622
[2m2026-05-11T03:01:52.490542Z[0m [32m INFO[0m [2mbore_cli::client[0m[2m:[0m listening at bore.pub:11622
Error: could not connect to bore.pub:7835

Caused by:
    No route to host (os error 65)
[2m2026-05-11T03:05:05.404144Z[0m [32m INFO[0m [2mbore_cli::client[0m[2m:[0m connected to server [3mremote_port[0m[2m=[0m43475
[2m2026-05-11T03:05:05.404263Z[0m [32m INFO[0m [2mbore_cli::client[0m[2m:[0m listening at bore.pub:43475
Error: could not connect to bore.pub:7835

Caused by:
    No route to host (os error 65)
[2m2026-05-11T03:07:29.456952Z[0m [32m INFO[0m [2mbore_cli::client[0m[2m:[0m connected to server [3mremote_port[0m[2m=[0m34935
[2m2026-05-11T03:07:29.457075Z[0m [32m INFO[0m [2mbore_cli::client[0m[2m:[0m listening at bore.pub:34935
Error: could not connect to bore.pub:7835

Caused by:
    No route to host (os error 65)
[2m2026-05-11T03:11:00.062737Z[0m [32m INFO[0m [2mbore_cli::client[0m[2m:[0m connected to server [3mremote_port[0m[2m=[0m9364
[2m2026-05-11T03:11:00.062891Z[0m [32m INFO[0m [2mbore_cli::client[0m[2m:[0m listening at bore.pub:9364
Error: could not connect to bore.pub:7835

Caused by:
    No route to host (os error 65)
[2m2026-05-11T03:13:16.980150Z[0m [32m INFO[0m [2mbore_cli::client[0m[2m:[0m connected to server [3mremote_port[0m[2m=[0m20038
[2m2026-05-11T03:13:16.980253Z[0m [32m INFO[0m [2mbore_cli::client[0m[2m:[0m listening at bore.pub:20038
Error: could not connect to bore.pub:7835

Caused by:
    No route to host (os error 65)
[2m2026-05-11T03:16:07.902535Z[0m [32m INFO[0m [2mbore_cli::client[0m[2m:[0m connected to server [3mremote_port[0m[2m=[0m26138
[2m2026-05-11T03:16:07.902670Z[0m [32m INFO[0m [2mbore_cli::client[0m[2m:[0m listening at bore.pub:26138
Error: could not connect to bore.pub:7835

Caused by:
    No route to host (os error 65)
[2m2026-05-11T03:19:30.102164Z[0m [32m INFO[0m [2mbore_cli::client[0m[2m:[0m connected to server [3mremote_port[0m[2m=[0m17757
[2m2026-05-11T03:19:30.102315Z[0m [32m INFO[0m [2mbore_cli::client[0m[2m:[0m listening at bore.pub:17757
Error: could not connect to bore.pub:7835

Caused by:
    No route to host (os error 65)
[2m2026-05-11T03:25:16.276943Z[0m [32m INFO[0m [2mbore_cli::client[0m[2m:[0m connected to server [3mremote_port[0m[2m=[0m14508
[2m2026-05-11T03:25:16.277073Z[0m [32m INFO[0m [2mbore_cli::client[0m[2m:[0m listening at bore.pub:14508
Error: could not connect to bore.pub:7835

Caused by:
    No route to host (os error 65)
[2m2026-05-11T03:29:01.275907Z[0m [32m INFO[0m [2mbore_cli::client[0m[2m:[0m connected to server [3mremote_port[0m[2m=[0m37305
[2m2026-05-11T03:29:01.276049Z[0m [32m INFO[0m [2mbore_cli::client[0m[2m:[0m listening at bore.pub:37305
Error: could not connect to bore.pub:7835

Caused by:
    No route to host (os error 65)
[2m2026-05-11T03:32:14.894613Z[0m [32m INFO[0m [2mbore_cli::client[0m[2m:[0m connected to server [3mremote_port[0m[2m=[0m25737
[2m2026-05-11T03:32:14.894747Z[0m [32m INFO[0m [2mbore_cli::client[0m[2m:[0m listening at bore.pub:25737
Error: could not connect to bore.pub:7835

Caused by:
    No route to host (os error 65)
[2m2026-05-11T03:35:24.792028Z[0m [32m INFO[0m [2mbore_cli::client[0m[2m:[0m connected to server [3mremote_port[0m[2m=[0m19287
[2m2026-05-11T03:35:24.792097Z[0m [32m INFO[0m [2mbore_cli::client[0m[2m:[0m listening at bore.pub:19287
Error: could not connect to bore.pub:7835

Caused by:
    No route to host (os error 65)
[2m2026-05-11T03:44:41.809967Z[0m [32m INFO[0m [2mbore_cli::client[0m[2m:[0m connected to server [3mremote_port[0m[2m=[0m30855
[2m2026-05-11T03:44:41.810097Z[0m [32m INFO[0m [2mbore_cli::client[0m[2m:[0m listening at bore.pub:30855
Error: could not connect to bore.pub:7835

Caused by:
    No route to host (os error 65)
[2m2026-05-11T03:49:34.281491Z[0m [32m INFO[0m [2mbore_cli::client[0m[2m:[0m connected to server [3mremote_port[0m[2m=[0m59075
[2m2026-05-11T03:49:34.281613Z[0m [32m INFO[0m [2mbore_cli::client[0m[2m:[0m listening at bore.pub:59075
Error: could not connect to bore.pub:7835

Caused by:
    No route to host (os error 65)
[2m2026-05-11T03:52:00.776566Z[0m [32m INFO[0m [2mbore_cli::client[0m[2m:[0m connected to server [3mremote_port[0m[2m=[0m24248
[2m2026-05-11T03:52:00.776685Z[0m [32m INFO[0m [2mbore_cli::client[0m[2m:[0m listening at bore.pub:24248
Error: could not connect to bore.pub:7835

Caused by:
    No route to host (os error 65)
[2m2026-05-11T03:55:47.738910Z[0m [32m INFO[0m [2mbore_cli::client[0m[2m:[0m connected to server [3mremote_port[0m[2m=[0m34272
[2m2026-05-11T03:55:47.739043Z[0m [32m INFO[0m [2mbore_cli::client[0m[2m:[0m listening at bore.pub:34272
Error: could not connect to bore.pub:7835

Caused by:
    No route to host (os error 65)
[2m2026-05-11T03:57:26.800896Z[0m [32m INFO[0m [2mbore_cli::client[0m[2m:[0m connected to server [3mremote_port[0m[2m=[0m2270
[2m2026-05-11T03:57:26.801023Z[0m [32m INFO[0m [2mbore_cli::client[0m[2m:[0m listening at bore.pub:2270
Error: could not connect to bore.pub:7835

Caused by:
    No route to host (os error 65)
[2m2026-05-11T03:59:07.327417Z[0m [32m INFO[0m [2mbore_cli::client[0m[2m:[0m connected to server [3mremote_port[0m[2m=[0m39445
[2m2026-05-11T03:59:07.327548Z[0m [32m INFO[0m [2mbore_cli::client[0m[2m:[0m listening at bore.pub:39445
Error: could not connect to bore.pub:7835

Caused by:
    No route to host (os error 65)
[2m2026-05-11T04:01:59.644219Z[0m [32m INFO[0m [2mbore_cli::client[0m[2m:[0m connected to server [3mremote_port[0m[2m=[0m59600
[2m2026-05-11T04:01:59.644355Z[0m [32m INFO[0m [2mbore_cli::client[0m[2m:[0m listening at bore.pub:59600
Error: could not connect to bore.pub:7835

Caused by:
    No route to host (os error 65)
[2m2026-05-11T04:04:08.868466Z[0m [32m INFO[0m [2mbore_cli::client[0m[2m:[0m connected to server [3mremote_port[0m[2m=[0m18769
[2m2026-05-11T04:04:08.868603Z[0m [32m INFO[0m [2mbore_cli::client[0m[2m:[0m listening at bore.pub:18769
Error: could not connect to bore.pub:7835

Caused by:
    No route to host (os error 65)
[2m2026-05-11T04:06:16.613507Z[0m [32m INFO[0m [2mbore_cli::client[0m[2m:[0m connected to server [3mremote_port[0m[2m=[0m34005
[2m2026-05-11T04:06:16.613639Z[0m [32m INFO[0m [2mbore_cli::client[0m[2m:[0m listening at bore.pub:34005
Error: could not connect to bore.pub:7835

Caused by:
    No route to host (os error 65)
[2m2026-05-11T04:08:04.698583Z[0m [32m INFO[0m [2mbore_cli::client[0m[2m:[0m connected to server [3mremote_port[0m[2m=[0m23083
[2m2026-05-11T04:08:04.698704Z[0m [32m INFO[0m [2mbore_cli::client[0m[2m:[0m listening at bore.pub:23083
Error: could not connect to bore.pub:7835

Caused by:
    No route to host (os error 65)
[2m2026-05-11T04:10:37.772677Z[0m [32m INFO[0m [2mbore_cli::client[0m[2m:[0m connected to server [3mremote_port[0m[2m=[0m33898
[2m2026-05-11T04:10:37.772797Z[0m [32m INFO[0m [2mbore_cli::client[0m[2m:[0m listening at bore.pub:33898
Error: could not connect to bore.pub:7835

Caused by:
    No route to host (os error 65)
[2m2026-05-11T04:12:45.130501Z[0m [32m INFO[0m [2mbore_cli::client[0m[2m:[0m connected to server [3mremote_port[0m[2m=[0m49415
[2m2026-05-11T04:12:45.130618Z[0m [32m INFO[0m [2mbore_cli::client[0m[2m:[0m listening at bore.pub:49415
Error: could not connect to bore.pub:7835

Caused by:
    No route to host (os error 65)
[2m2026-05-11T04:14:46.412921Z[0m [32m INFO[0m [2mbore_cli::client[0m[2m:[0m connected to server [3mremote_port[0m[2m=[0m63369
[2m2026-05-11T04:14:46.413095Z[0m [32m INFO[0m [2mbore_cli::client[0m[2m:[0m listening at bore.pub:63369
Error: could not connect to bore.pub:7835

Caused by:
    No route to host (os error 65)
[2m2026-05-11T04:17:20.775099Z[0m [32m INFO[0m [2mbore_cli::client[0m[2m:[0m connected to server [3mremote_port[0m[2m=[0m3819
[2m2026-05-11T04:17:20.775226Z[0m [32m INFO[0m [2mbore_cli::client[0m[2m:[0m listening at bore.pub:3819
Error: could not connect to bore.pub:7835

Caused by:
    No route to host (os error 65)
[2m2026-05-11T04:18:59.394504Z[0m [32m INFO[0m [2mbore_cli::client[0m[2m:[0m connected to server [3mremote_port[0m[2m=[0m49110
[2m2026-05-11T04:18:59.394650Z[0m [32m INFO[0m [2mbore_cli::client[0m[2m:[0m listening at bore.pub:49110
Error: could not connect to bore.pub:7835

Caused by:
    No route to host (os error 65)
[2m2026-05-11T04:20:44.994168Z[0m [32m INFO[0m [2mbore_cli::client[0m[2m:[0m connected to server [3mremote_port[0m[2m=[0m31774
[2m2026-05-11T04:20:44.994267Z[0m [32m INFO[0m [2mbore_cli::client[0m[2m:[0m listening at bore.pub:31774
Error: could not connect to bore.pub:7835

Caused by:
    No route to host (os error 65)
[2m2026-05-11T04:22:25.495918Z[0m [32m INFO[0m [2mbore_cli::client[0m[2m:[0m connected to server [3mremote_port[0m[2m=[0m61139
[2m2026-05-11T04:22:25.496052Z[0m [32m INFO[0m [2mbore_cli::client[0m[2m:[0m listening at bore.pub:61139
Error: could not connect to bore.pub:7835

Caused by:
    No route to host (os error 65)
[2m2026-05-11T04:25:35.160084Z[0m [32m INFO[0m [2mbore_cli::client[0m[2m:[0m connected to server [3mremote_port[0m[2m=[0m46301
[2m2026-05-11T04:25:35.160211Z[0m [32m INFO[0m [2mbore_cli::client[0m[2m:[0m listening at bore.pub:46301
Error: could not connect to bore.pub:7835

Caused by:
    No route to host (os error 65)
[2m2026-05-11T04:27:49.039466Z[0m [32m INFO[0m [2mbore_cli::client[0m[2m:[0m connected to server [3mremote_port[0m[2m=[0m18320
[2m2026-05-11T04:27:49.039596Z[0m [32m INFO[0m [2mbore_cli::client[0m[2m:[0m listening at bore.pub:18320
Error: could not connect to bore.pub:7835

Caused by:
    No route to host (os error 65)
[2m2026-05-11T06:07:37.507656Z[0m [32m INFO[0m [2mbore_cli::client[0m[2m:[0m connected to server [3mremote_port[0m[2m=[0m24142
[2m2026-05-11T06:07:37.507807Z[0m [32m INFO[0m [2mbore_cli::client[0m[2m:[0m listening at bore.pub:24142
Error: could not connect to bore.pub:7835

Caused by:
    No route to host (os error 65)
[2m2026-05-11T07:26:14.577018Z[0m [32m INFO[0m [2mbore_cli::client[0m[2m:[0m connected to server [3mremote_port[0m[2m=[0m18663
[2m2026-05-11T07:26:14.577168Z[0m [32m INFO[0m [2mbore_cli::client[0m[2m:[0m listening at bore.pub:18663
Error: could not connect to bore.pub:7835

Caused by:
    No route to host (os error 65)
[2m2026-05-11T08:53:49.554940Z[0m [32m INFO[0m [2mbore_cli::client[0m[2m:[0m connected to server [3mremote_port[0m[2m=[0m31789
[2m2026-05-11T08:53:49.555069Z[0m [32m INFO[0m [2mbore_cli::client[0m[2m:[0m listening at bore.pub:31789
Error: could not connect to bore.pub:7835

Caused by:
    No route to host (os error 65)
[2m2026-05-11T09:46:48.493443Z[0m [32m INFO[0m [2mbore_cli::client[0m[2m:[0m connected to server [3mremote_port[0m[2m=[0m40037
[2m2026-05-11T09:46:48.493586Z[0m [32m INFO[0m [2mbore_cli::client[0m[2m:[0m listening at bore.pub:40037
[2m2026-05-11T09:46:58.928084Z[0m [32m INFO[0m [2mbore_cli::client[0m[2m:[0m connected to server [3mremote_port[0m[2m=[0m10347
[2m2026-05-11T09:46:58.928210Z[0m [32m INFO[0m [2mbore_cli::client[0m[2m:[0m listening at bore.pub:10347
[2m2026-05-11T09:47:09.291693Z[0m [32m INFO[0m [2mbore_cli::client[0m[2m:[0m connected to server [3mremote_port[0m[2m=[0m7764
[2m2026-05-11T09:47:09.291822Z[0m [32m INFO[0m [2mbore_cli::client[0m[2m:[0m listening at bore.pub:7764
[2m2026-05-11T09:47:20.073311Z[0m [32m INFO[0m [2mbore_cli::client[0m[2m:[0m connected to server [3mremote_port[0m[2m=[0m18127
[2m2026-05-11T09:47:20.073477Z[0m [32m INFO[0m [2mbore_cli::client[0m[2m:[0m listening at bore.pub:18127
Error: could not connect to bore.pub:7835

Caused by:
    No route to host (os error 65)
[2m2026-05-11T09:48:32.173736Z[0m [32m INFO[0m [2mbore_cli::client[0m[2m:[0m connected to server [3mremote_port[0m[2m=[0m49822
[2m2026-05-11T09:48:32.173871Z[0m [32m INFO[0m [2mbore_cli::client[0m[2m:[0m listening at bore.pub:49822
[2m2026-05-11T09:48:43.005077Z[0m [32m INFO[0m [2mbore_cli::client[0m[2m:[0m connected to server [3mremote_port[0m[2m=[0m47092
[2m2026-05-11T09:48:43.005150Z[0m [32m INFO[0m [2mbore_cli::client[0m[2m:[0m listening at bore.pub:47092
[2m2026-05-11T09:48:53.163735Z[0m [32m INFO[0m [2mbore_cli::client[0m[2m:[0m connected to server [3mremote_port[0m[2m=[0m52159
[2m2026-05-11T09:48:53.163857Z[0m [32m INFO[0m [2mbore_cli::client[0m[2m:[0m listening at bore.pub:52159
[2m2026-05-11T09:49:03.465813Z[0m [32m INFO[0m [2mbore_cli::client[0m[2m:[0m connected to server [3mremote_port[0m[2m=[0m38003
[2m2026-05-11T09:49:03.465942Z[0m [32m INFO[0m [2mbore_cli::client[0m[2m:[0m listening at bore.pub:38003
Error: could not connect to bore.pub:7835

Caused by:
    No route to host (os error 65)
[2m2026-05-11T09:52:37.233045Z[0m [32m INFO[0m [2mbore_cli::client[0m[2m:[0m connected to server [3mremote_port[0m[2m=[0m29456
[2m2026-05-11T09:52:37.233167Z[0m [32m INFO[0m [2mbore_cli::client[0m[2m:[0m listening at bore.pub:29456
Error: could not connect to bore.pub:7835

Caused by:
    No route to host (os error 65)
[2m2026-05-11T09:55:02.232194Z[0m [32m INFO[0m [2mbore_cli::client[0m[2m:[0m connected to server [3mremote_port[0m[2m=[0m51584
[2m2026-05-11T09:55:02.232306Z[0m [32m INFO[0m [2mbore_cli::client[0m[2m:[0m listening at bore.pub:51584
Error: could not connect to bore.pub:7835

Caused by:
    No route to host (os error 65)
[2m2026-05-11T09:56:18.454747Z[0m [32m INFO[0m [2mbore_cli::client[0m[2m:[0m connected to server [3mremote_port[0m[2m=[0m8146
[2m2026-05-11T09:56:18.454907Z[0m [32m INFO[0m [2mbore_cli::client[0m[2m:[0m listening at bore.pub:8146
[2m2026-05-11T09:56:28.969100Z[0m [32m INFO[0m [2mbore_cli::client[0m[2m:[0m connected to server [3mremote_port[0m[2m=[0m34021
[2m2026-05-11T09:56:28.969231Z[0m [32m INFO[0m [2mbore_cli::client[0m[2m:[0m listening at bore.pub:34021
[2m2026-05-11T09:56:39.560728Z[0m [32m INFO[0m [2mbore_cli::client[0m[2m:[0m connected to server [3mremote_port[0m[2m=[0m62084
[2m2026-05-11T09:56:39.560851Z[0m [32m INFO[0m [2mbore_cli::client[0m[2m:[0m listening at bore.pub:62084
Error: could not connect to bore.pub:7835

Caused by:
    No route to host (os error 65)
[2m2026-05-11T09:57:06.340026Z[0m [32m INFO[0m [2mbore_cli::client[0m[2m:[0m connected to server [3mremote_port[0m[2m=[0m63996
[2m2026-05-11T09:57:06.340102Z[0m [32m INFO[0m [2mbore_cli::client[0m[2m:[0m listening at bore.pub:63996
[2m2026-05-11T09:57:16.594798Z[0m [32m INFO[0m [2mbore_cli::client[0m[2m:[0m connected to server [3mremote_port[0m[2m=[0m36863
[2m2026-05-11T09:57:16.594929Z[0m [32m INFO[0m [2mbore_cli::client[0m[2m:[0m listening at bore.pub:36863
Error: could not connect to bore.pub:7835

Caused by:
    No route to host (os error 65)
[2m2026-05-11T09:57:45.902993Z[0m [32m INFO[0m [2mbore_cli::client[0m[2m:[0m connected to server [3mremote_port[0m[2m=[0m58093
[2m2026-05-11T09:57:45.903144Z[0m [32m INFO[0m [2mbore_cli::client[0m[2m:[0m listening at bore.pub:58093
[2m2026-05-11T09:57:56.446881Z[0m [32m INFO[0m [2mbore_cli::client[0m[2m:[0m connected to server [3mremote_port[0m[2m=[0m33040
[2m2026-05-11T09:57:56.446996Z[0m [32m INFO[0m [2mbore_cli::client[0m[2m:[0m listening at bore.pub:33040
[2m2026-05-11T09:58:07.269063Z[0m [32m INFO[0m [2mbore_cli::client[0m[2m:[0m connected to server [3mremote_port[0m[2m=[0m35007
[2m2026-05-11T09:58:07.269169Z[0m [32m INFO[0m [2mbore_cli::client[0m[2m:[0m listening at bore.pub:35007
Error: could not connect to bore.pub:7835

Caused by:
    No route to host (os error 65)
[2m2026-05-11T09:58:45.516741Z[0m [32m INFO[0m [2mbore_cli::client[0m[2m:[0m connected to server [3mremote_port[0m[2m=[0m28533
[2m2026-05-11T09:58:45.516877Z[0m [32m INFO[0m [2mbore_cli::client[0m[2m:[0m listening at bore.pub:28533
Error: could not connect to bore.pub:7835

Caused by:
    No route to host (os error 65)
[2m2026-05-11T09:59:30.241487Z[0m [32m INFO[0m [2mbore_cli::client[0m[2m:[0m connected to server [3mremote_port[0m[2m=[0m33440
[2m2026-05-11T09:59:30.241539Z[0m [32m INFO[0m [2mbore_cli::client[0m[2m:[0m listening at bore.pub:33440
Error: could not connect to bore.pub:7835

Caused by:
    No route to host (os error 65)
[2m2026-05-11T10:00:02.292888Z[0m [32m INFO[0m [2mbore_cli::client[0m[2m:[0m connected to server [3mremote_port[0m[2m=[0m44433
[2m2026-05-11T10:00:02.293030Z[0m [32m INFO[0m [2mbore_cli::client[0m[2m:[0m listening at bore.pub:44433
Error: could not connect to bore.pub:7835

Caused by:
    No route to host (os error 65)
[2m2026-05-11T10:01:58.829438Z[0m [32m INFO[0m [2mbore_cli::client[0m[2m:[0m connected to server [3mremote_port[0m[2m=[0m5427
[2m2026-05-11T10:01:58.829568Z[0m [32m INFO[0m [2mbore_cli::client[0m[2m:[0m listening at bore.pub:5427
Error: could not connect to bore.pub:7835

Caused by:
    No route to host (os error 65)
[2m2026-05-11T10:19:22.229066Z[0m [32m INFO[0m [2mbore_cli::client[0m[2m:[0m connected to server [3mremote_port[0m[2m=[0m54277
[2m2026-05-11T10:19:22.229189Z[0m [32m INFO[0m [2mbore_cli::client[0m[2m:[0m listening at bore.pub:54277
Error: could not connect to bore.pub:7835

Caused by:
    No route to host (os error 65)
[2m2026-05-11T10:54:33.128124Z[0m [32m INFO[0m [2mbore_cli::client[0m[2m:[0m connected to server [3mremote_port[0m[2m=[0m57732
[2m2026-05-11T10:54:33.128260Z[0m [32m INFO[0m [2mbore_cli::client[0m[2m:[0m listening at bore.pub:57732
Error: could not connect to bore.pub:7835

Caused by:
    No route to host (os error 65)
[2m2026-05-11T11:21:06.107462Z[0m [32m INFO[0m [2mbore_cli::client[0m[2m:[0m connected to server [3mremote_port[0m[2m=[0m30044
[2m2026-05-11T11:21:06.107614Z[0m [32m INFO[0m [2mbore_cli::client[0m[2m:[0m listening at bore.pub:30044
Error: could not connect to bore.pub:7835

Caused by:
    No route to host (os error 65)
[2m2026-05-11T11:53:52.177645Z[0m [32m INFO[0m [2mbore_cli::client[0m[2m:[0m connected to server [3mremote_port[0m[2m=[0m26561
[2m2026-05-11T11:53:52.177791Z[0m [32m INFO[0m [2mbore_cli::client[0m[2m:[0m listening at bore.pub:26561
Error: could not connect to bore.pub:7835

Caused by:
    No route to host (os error 65)
[2m2026-05-11T11:55:58.237498Z[0m [32m INFO[0m [2mbore_cli::client[0m[2m:[0m connected to server [3mremote_port[0m[2m=[0m54356
[2m2026-05-11T11:55:58.237575Z[0m [32m INFO[0m [2mbore_cli::client[0m[2m:[0m listening at bore.pub:54356
Error: could not connect to bore.pub:7835

Caused by:
    No route to host (os error 65)
[2m2026-05-11T12:09:47.864580Z[0m [32m INFO[0m [2mbore_cli::client[0m[2m:[0m connected to server [3mremote_port[0m[2m=[0m19488
[2m2026-05-11T12:09:47.864704Z[0m [32m INFO[0m [2mbore_cli::client[0m[2m:[0m listening at bore.pub:19488
Error: could not connect to bore.pub:7835

Caused by:
    No route to host (os error 65)
[2m2026-05-11T12:28:23.636756Z[0m [32m INFO[0m [2mbore_cli::client[0m[2m:[0m connected to server [3mremote_port[0m[2m=[0m33107
[2m2026-05-11T12:28:23.636821Z[0m [32m INFO[0m [2mbore_cli::client[0m[2m:[0m listening at bore.pub:33107
Error: could not connect to bore.pub:7835

Caused by:
    No route to host (os error 65)
[2m2026-05-11T12:54:27.530801Z[0m [32m INFO[0m [2mbore_cli::client[0m[2m:[0m connected to server [3mremote_port[0m[2m=[0m56406
[2m2026-05-11T12:54:27.530961Z[0m [32m INFO[0m [2mbore_cli::client[0m[2m:[0m listening at bore.pub:56406
Error: could not connect to bore.pub:7835

Caused by:
    No route to host (os error 65)
[2m2026-05-11T12:59:14.347727Z[0m [32m INFO[0m [2mbore_cli::client[0m[2m:[0m connected to server [3mremote_port[0m[2m=[0m42542
[2m2026-05-11T12:59:14.347854Z[0m [32m INFO[0m [2mbore_cli::client[0m[2m:[0m listening at bore.pub:42542
Error: could not connect to bore.pub:7835

Caused by:
    No route to host (os error 65)
[2m2026-05-11T13:15:47.920632Z[0m [32m INFO[0m [2mbore_cli::client[0m[2m:[0m connected to server [3mremote_port[0m[2m=[0m9880
[2m2026-05-11T13:15:47.920802Z[0m [32m INFO[0m [2mbore_cli::client[0m[2m:[0m listening at bore.pub:9880
Error: could not connect to bore.pub:7835

Caused by:
    No route to host (os error 65)
[2m2026-05-11T13:36:50.645150Z[0m [32m INFO[0m [2mbore_cli::client[0m[2m:[0m connected to server [3mremote_port[0m[2m=[0m21338
[2m2026-05-11T13:36:50.645290Z[0m [32m INFO[0m [2mbore_cli::client[0m[2m:[0m listening at bore.pub:21338
Error: could not connect to bore.pub:7835

Caused by:
    No route to host (os error 65)
[2m2026-05-11T13:56:51.153719Z[0m [32m INFO[0m [2mbore_cli::client[0m[2m:[0m connected to server [3mremote_port[0m[2m=[0m12015
[2m2026-05-11T13:56:51.153871Z[0m [32m INFO[0m [2mbore_cli::client[0m[2m:[0m listening at bore.pub:12015
Error: could not connect to bore.pub:7835

Caused by:
    No route to host (os error 65)
[2m2026-05-11T14:26:17.513525Z[0m [32m INFO[0m [2mbore_cli::client[0m[2m:[0m connected to server [3mremote_port[0m[2m=[0m32634
[2m2026-05-11T14:26:17.513643Z[0m [32m INFO[0m [2mbore_cli::client[0m[2m:[0m listening at bore.pub:32634
Error: could not connect to bore.pub:7835

Caused by:
    No route to host (os error 65)
[2m2026-05-11T15:01:12.964319Z[0m [32m INFO[0m [2mbore_cli::client[0m[2m:[0m connected to server [3mremote_port[0m[2m=[0m13073
[2m2026-05-11T15:01:12.964425Z[0m [32m INFO[0m [2mbore_cli::client[0m[2m:[0m listening at bore.pub:13073
Error: could not connect to bore.pub:7835

Caused by:
    No route to host (os error 65)
[2m2026-05-11T15:19:18.269233Z[0m [32m INFO[0m [2mbore_cli::client[0m[2m:[0m connected to server [3mremote_port[0m[2m=[0m24658
[2m2026-05-11T15:19:18.269364Z[0m [32m INFO[0m [2mbore_cli::client[0m[2m:[0m listening at bore.pub:24658
Error: could not connect to bore.pub:7835

Caused by:
    No route to host (os error 65)
[2m2026-05-11T15:41:40.782286Z[0m [32m INFO[0m [2mbore_cli::client[0m[2m:[0m connected to server [3mremote_port[0m[2m=[0m5405
[2m2026-05-11T15:41:40.782408Z[0m [32m INFO[0m [2mbore_cli::client[0m[2m:[0m listening at bore.pub:5405
Error: could not connect to bore.pub:7835

Caused by:
    No route to host (os error 65)
[2m2026-05-11T15:53:38.339516Z[0m [32m INFO[0m [2mbore_cli::client[0m[2m:[0m connected to server [3mremote_port[0m[2m=[0m20994
[2m2026-05-11T15:53:38.339641Z[0m [32m INFO[0m [2mbore_cli::client[0m[2m:[0m listening at bore.pub:20994
Error: could not connect to bore.pub:7835

Caused by:
    No route to host (os error 65)
[2m2026-05-11T16:26:20.874120Z[0m [32m INFO[0m [2mbore_cli::client[0m[2m:[0m connected to server [3mremote_port[0m[2m=[0m33768
[2m2026-05-11T16:26:20.874242Z[0m [32m INFO[0m [2mbore_cli::client[0m[2m:[0m listening at bore.pub:33768
Error: could not connect to bore.pub:7835

Caused by:
    No route to host (os error 65)
[2m2026-05-11T17:06:14.157461Z[0m [32m INFO[0m [2mbore_cli::client[0m[2m:[0m connected to server [3mremote_port[0m[2m=[0m18383
[2m2026-05-11T17:06:14.157538Z[0m [32m INFO[0m [2mbore_cli::client[0m[2m:[0m listening at bore.pub:18383
Error: could not connect to bore.pub:7835

Caused by:
    No route to host (os error 65)
[2m2026-05-11T17:32:45.477526Z[0m [32m INFO[0m [2mbore_cli::client[0m[2m:[0m connected to server [3mremote_port[0m[2m=[0m64366
[2m2026-05-11T17:32:45.477665Z[0m [32m INFO[0m [2mbore_cli::client[0m[2m:[0m listening at bore.pub:64366
Error: could not connect to bore.pub:7835

Caused by:
    No route to host (os error 65)
[2m2026-05-11T17:58:54.062964Z[0m [32m INFO[0m [2mbore_cli::client[0m[2m:[0m connected to server [3mremote_port[0m[2m=[0m15104
[2m2026-05-11T17:58:54.063023Z[0m [32m INFO[0m [2mbore_cli::client[0m[2m:[0m listening at bore.pub:15104
Error: could not connect to bore.pub:7835

Caused by:
    No route to host (os error 65)
[2m2026-05-11T18:02:53.738385Z[0m [32m INFO[0m [2mbore_cli::client[0m[2m:[0m connected to server [3mremote_port[0m[2m=[0m59957
[2m2026-05-11T18:02:53.738531Z[0m [32m INFO[0m [2mbore_cli::client[0m[2m:[0m listening at bore.pub:59957
Error: could not connect to bore.pub:7835

Caused by:
    No route to host (os error 65)
[2m2026-05-11T18:03:34.710816Z[0m [32m INFO[0m [2mbore_cli::client[0m[2m:[0m connected to server [3mremote_port[0m[2m=[0m9615
[2m2026-05-11T18:03:34.710941Z[0m [32m INFO[0m [2mbore_cli::client[0m[2m:[0m listening at bore.pub:9615
Error: could not connect to bore.pub:7835

Caused by:
    No route to host (os error 65)
[2m2026-05-11T18:04:16.681074Z[0m [32m INFO[0m [2mbore_cli::client[0m[2m:[0m connected to server [3mremote_port[0m[2m=[0m13965
[2m2026-05-11T18:04:16.681238Z[0m [32m INFO[0m [2mbore_cli::client[0m[2m:[0m listening at bore.pub:13965
Error: could not connect to bore.pub:7835

Caused by:
    No route to host (os error 65)
[2m2026-05-11T18:24:13.797694Z[0m [32m INFO[0m [2mbore_cli::client[0m[2m:[0m connected to server [3mremote_port[0m[2m=[0m57883
[2m2026-05-11T18:24:13.797753Z[0m [32m INFO[0m [2mbore_cli::client[0m[2m:[0m listening at bore.pub:57883
Error: could not connect to bore.pub:7835

Caused by:
    No route to host (os error 65)
[2m2026-05-11T18:53:47.366514Z[0m [32m INFO[0m [2mbore_cli::client[0m[2m:[0m connected to server [3mremote_port[0m[2m=[0m64378
[2m2026-05-11T18:53:47.366625Z[0m [32m INFO[0m [2mbore_cli::client[0m[2m:[0m listening at bore.pub:64378
Error: could not connect to bore.pub:7835

Caused by:
    No route to host (os error 65)
[2m2026-05-11T19:10:10.990347Z[0m [32m INFO[0m [2mbore_cli::client[0m[2m:[0m connected to server [3mremote_port[0m[2m=[0m57323
[2m2026-05-11T19:10:10.990489Z[0m [32m INFO[0m [2mbore_cli::client[0m[2m:[0m listening at bore.pub:57323
Error: could not connect to bore.pub:7835

Caused by:
    No route to host (os error 65)
[2m2026-05-11T19:25:46.728642Z[0m [32m INFO[0m [2mbore_cli::client[0m[2m:[0m connected to server [3mremote_port[0m[2m=[0m23884
[2m2026-05-11T19:25:46.728768Z[0m [32m INFO[0m [2mbore_cli::client[0m[2m:[0m listening at bore.pub:23884
Error: could not connect to bore.pub:7835

Caused by:
    No route to host (os error 65)
[2m2026-05-11T19:54:45.316849Z[0m [32m INFO[0m [2mbore_cli::client[0m[2m:[0m connected to server [3mremote_port[0m[2m=[0m19500
[2m2026-05-11T19:54:45.317035Z[0m [32m INFO[0m [2mbore_cli::client[0m[2m:[0m listening at bore.pub:19500
Error: could not connect to bore.pub:7835

Caused by:
    No route to host (os error 65)
[2m2026-05-11T20:09:05.943302Z[0m [32m INFO[0m [2mbore_cli::client[0m[2m:[0m connected to server [3mremote_port[0m[2m=[0m7421
[2m2026-05-11T20:09:05.943424Z[0m [32m INFO[0m [2mbore_cli::client[0m[2m:[0m listening at bore.pub:7421
Error: could not connect to bore.pub:7835

Caused by:
    No route to host (os error 65)
[2m2026-05-11T20:34:13.398590Z[0m [32m INFO[0m [2mbore_cli::client[0m[2m:[0m connected to server [3mremote_port[0m[2m=[0m39477
[2m2026-05-11T20:34:13.398747Z[0m [32m INFO[0m [2mbore_cli::client[0m[2m:[0m listening at bore.pub:39477
Error: could not connect to bore.pub:7835

Caused by:
    No route to host (os error 65)
[2m2026-05-11T20:52:44.607573Z[0m [32m INFO[0m [2mbore_cli::client[0m[2m:[0m connected to server [3mremote_port[0m[2m=[0m7560
[2m2026-05-11T20:52:44.607699Z[0m [32m INFO[0m [2mbore_cli::client[0m[2m:[0m listening at bore.pub:7560
Error: could not connect to bore.pub:7835

Caused by:
    No route to host (os error 65)
[2m2026-05-11T23:06:44.326189Z[0m [32m INFO[0m [2mbore_cli::client[0m[2m:[0m connected to server [3mremote_port[0m[2m=[0m40949
[2m2026-05-11T23:06:44.326298Z[0m [32m INFO[0m [2mbore_cli::client[0m[2m:[0m listening at bore.pub:40949
Error: could not connect to bore.pub:7835

Caused by:
    No route to host (os error 65)
[2m2026-05-12T00:56:10.204914Z[0m [32m INFO[0m [2mbore_cli::client[0m[2m:[0m connected to server [3mremote_port[0m[2m=[0m30078
[2m2026-05-12T00:56:10.205023Z[0m [32m INFO[0m [2mbore_cli::client[0m[2m:[0m listening at bore.pub:30078
Error: could not connect to bore.pub:7835

Caused by:
    No route to host (os error 65)
[2m2026-05-12T02:17:50.941556Z[0m [32m INFO[0m [2mbore_cli::client[0m[2m:[0m connected to server [3mremote_port[0m[2m=[0m65246
[2m2026-05-12T02:17:50.941713Z[0m [32m INFO[0m [2mbore_cli::client[0m[2m:[0m listening at bore.pub:65246
Error: could not connect to bore.pub:7835

Caused by:
    No route to host (os error 65)
[2m2026-05-12T03:00:16.801783Z[0m [32m INFO[0m [2mbore_cli::client[0m[2m:[0m connected to server [3mremote_port[0m[2m=[0m11599
[2m2026-05-12T03:00:16.801932Z[0m [32m INFO[0m [2mbore_cli::client[0m[2m:[0m listening at bore.pub:11599
Error: could not connect to bore.pub:7835

Caused by:
    No route to host (os error 65)
[2m2026-05-12T03:35:36.554860Z[0m [32m INFO[0m [2mbore_cli::client[0m[2m:[0m connected to server [3mremote_port[0m[2m=[0m4283
[2m2026-05-12T03:35:36.555022Z[0m [32m INFO[0m [2mbore_cli::client[0m[2m:[0m listening at bore.pub:4283
Error: could not connect to bore.pub:7835

Caused by:
    No route to host (os error 65)
[2m2026-05-12T04:47:05.129240Z[0m [32m INFO[0m [2mbore_cli::client[0m[2m:[0m connected to server [3mremote_port[0m[2m=[0m63585
[2m2026-05-12T04:47:05.129383Z[0m [32m INFO[0m [2mbore_cli::client[0m[2m:[0m listening at bore.pub:63585
Error: could not connect to bore.pub:7835

Caused by:
    No route to host (os error 65)
[2m2026-05-12T06:47:25.480302Z[0m [32m INFO[0m [2mbore_cli::client[0m[2m:[0m connected to server [3mremote_port[0m[2m=[0m8109
[2m2026-05-12T06:47:25.480466Z[0m [32m INFO[0m [2mbore_cli::client[0m[2m:[0m listening at bore.pub:8109
Error: could not connect to bore.pub:7835

Caused by:
    No route to host (os error 65)
[2m2026-05-12T08:15:07.509751Z[0m [32m INFO[0m [2mbore_cli::client[0m[2m:[0m connected to server [3mremote_port[0m[2m=[0m1106
[2m2026-05-12T08:15:07.509880Z[0m [32m INFO[0m [2mbore_cli::client[0m[2m:[0m listening at bore.pub:1106
Error: could not connect to bore.pub:7835

Caused by:
    No route to host (os error 65)
[2m2026-05-12T09:02:53.521664Z[0m [32m INFO[0m [2mbore_cli::client[0m[2m:[0m connected to server [3mremote_port[0m[2m=[0m26272
[2m2026-05-12T09:02:53.521805Z[0m [32m INFO[0m [2mbore_cli::client[0m[2m:[0m listening at bore.pub:26272
Error: could not connect to bore.pub:7835

Caused by:
    No route to host (os error 65)
[2m2026-05-12T09:55:50.660813Z[0m [32m INFO[0m [2mbore_cli::client[0m[2m:[0m connected to server [3mremote_port[0m[2m=[0m56703
[2m2026-05-12T09:55:50.660955Z[0m [32m INFO[0m [2mbore_cli::client[0m[2m:[0m listening at bore.pub:56703
[2m2026-05-12T09:56:01.283130Z[0m [32m INFO[0m [2mbore_cli::client[0m[2m:[0m connected to server [3mremote_port[0m[2m=[0m47172
[2m2026-05-12T09:56:01.283222Z[0m [32m INFO[0m [2mbore_cli::client[0m[2m:[0m listening at bore.pub:47172
Error: could not connect to bore.pub:7835

Caused by:
    No route to host (os error 65)
[2m2026-05-12T09:56:32.161117Z[0m [32m INFO[0m [2mbore_cli::client[0m[2m:[0m connected to server [3mremote_port[0m[2m=[0m19698
[2m2026-05-12T09:56:32.161256Z[0m [32m INFO[0m [2mbore_cli::client[0m[2m:[0m listening at bore.pub:19698
[2m2026-05-12T09:56:43.321915Z[0m [32m INFO[0m [2mbore_cli::client[0m[2m:[0m connected to server [3mremote_port[0m[2m=[0m43163
[2m2026-05-12T09:56:43.322071Z[0m [32m INFO[0m [2mbore_cli::client[0m[2m:[0m listening at bore.pub:43163
Error: could not connect to bore.pub:7835

Caused by:
    No route to host (os error 65)
[2m2026-05-12T09:57:08.121209Z[0m [32m INFO[0m [2mbore_cli::client[0m[2m:[0m connected to server [3mremote_port[0m[2m=[0m29733
[2m2026-05-12T09:57:08.121357Z[0m [32m INFO[0m [2mbore_cli::client[0m[2m:[0m listening at bore.pub:29733
[2m2026-05-12T09:57:18.385639Z[0m [32m INFO[0m [2mbore_cli::client[0m[2m:[0m connected to server [3mremote_port[0m[2m=[0m12586
[2m2026-05-12T09:57:18.385786Z[0m [32m INFO[0m [2mbore_cli::client[0m[2m:[0m listening at bore.pub:12586
Error: could not connect to bore.pub:7835

Caused by:
    No route to host (os error 65)
[2m2026-05-12T09:57:44.111391Z[0m [32m INFO[0m [2mbore_cli::client[0m[2m:[0m connected to server [3mremote_port[0m[2m=[0m37254
[2m2026-05-12T09:57:44.111553Z[0m [32m INFO[0m [2mbore_cli::client[0m[2m:[0m listening at bore.pub:37254
Error: could not connect to bore.pub:7835

Caused by:
    No route to host (os error 65)
[2m2026-05-12T09:58:09.551463Z[0m [32m INFO[0m [2mbore_cli::client[0m[2m:[0m connected to server [3mremote_port[0m[2m=[0m1742
[2m2026-05-12T09:58:09.551607Z[0m [32m INFO[0m [2mbore_cli::client[0m[2m:[0m listening at bore.pub:1742
Error: could not connect to bore.pub:7835

Caused by:
    No route to host (os error 65)
[2m2026-05-12T09:58:50.107322Z[0m [32m INFO[0m [2mbore_cli::client[0m[2m:[0m connected to server [3mremote_port[0m[2m=[0m46154
[2m2026-05-12T09:58:50.107428Z[0m [32m INFO[0m [2mbore_cli::client[0m[2m:[0m listening at bore.pub:46154
Error: could not connect to bore.pub:7835

Caused by:
    No route to host (os error 65)
[2m2026-05-12T09:59:50.116367Z[0m [32m INFO[0m [2mbore_cli::client[0m[2m:[0m connected to server [3mremote_port[0m[2m=[0m20267
[2m2026-05-12T09:59:50.116582Z[0m [32m INFO[0m [2mbore_cli::client[0m[2m:[0m listening at bore.pub:20267
Error: could not connect to bore.pub:7835

Caused by:
    No route to host (os error 65)
[2m2026-05-12T10:14:18.731550Z[0m [32m INFO[0m [2mbore_cli::client[0m[2m:[0m connected to server [3mremote_port[0m[2m=[0m57724
[2m2026-05-12T10:14:18.731693Z[0m [32m INFO[0m [2mbore_cli::client[0m[2m:[0m listening at bore.pub:57724
Error: could not connect to bore.pub:7835

Caused by:
    No route to host (os error 65)
[2m2026-05-12T10:48:22.473703Z[0m [32m INFO[0m [2mbore_cli::client[0m[2m:[0m connected to server [3mremote_port[0m[2m=[0m25492
[2m2026-05-12T10:48:22.473839Z[0m [32m INFO[0m [2mbore_cli::client[0m[2m:[0m listening at bore.pub:25492
Error: could not connect to bore.pub:7835

Caused by:
    No route to host (os error 65)
[2m2026-05-12T11:07:10.982957Z[0m [32m INFO[0m [2mbore_cli::client[0m[2m:[0m connected to server [3mremote_port[0m[2m=[0m54359
[2m2026-05-12T11:07:10.983096Z[0m [32m INFO[0m [2mbore_cli::client[0m[2m:[0m listening at bore.pub:54359
Error: could not connect to bore.pub:7835

Caused by:
    No route to host (os error 65)
[2m2026-05-12T11:26:11.366706Z[0m [32m INFO[0m [2mbore_cli::client[0m[2m:[0m connected to server [3mremote_port[0m[2m=[0m9944
[2m2026-05-12T11:26:11.366850Z[0m [32m INFO[0m [2mbore_cli::client[0m[2m:[0m listening at bore.pub:9944
Error: could not connect to bore.pub:7835

Caused by:
    No route to host (os error 65)
[2m2026-05-12T11:39:13.905011Z[0m [32m INFO[0m [2mbore_cli::client[0m[2m:[0m connected to server [3mremote_port[0m[2m=[0m42764
[2m2026-05-12T11:39:13.905157Z[0m [32m INFO[0m [2mbore_cli::client[0m[2m:[0m listening at bore.pub:42764
Error: could not connect to bore.pub:7835

Caused by:
    No route to host (os error 65)
[2m2026-05-12T11:58:56.296725Z[0m [32m INFO[0m [2mbore_cli::client[0m[2m:[0m connected to server [3mremote_port[0m[2m=[0m53192
[2m2026-05-12T11:58:56.296861Z[0m [32m INFO[0m [2mbore_cli::client[0m[2m:[0m listening at bore.pub:53192
Error: could not connect to bore.pub:7835

Caused by:
    No route to host (os error 65)
[2m2026-05-12T12:08:50.125063Z[0m [32m INFO[0m [2mbore_cli::client[0m[2m:[0m connected to server [3mremote_port[0m[2m=[0m43353
[2m2026-05-12T12:08:50.125348Z[0m [32m INFO[0m [2mbore_cli::client[0m[2m:[0m listening at bore.pub:43353
Error: could not connect to bore.pub:7835

Caused by:
    No route to host (os error 65)
[2m2026-05-12T12:23:13.957198Z[0m [32m INFO[0m [2mbore_cli::client[0m[2m:[0m connected to server [3mremote_port[0m[2m=[0m14818
[2m2026-05-12T12:23:13.957366Z[0m [32m INFO[0m [2mbore_cli::client[0m[2m:[0m listening at bore.pub:14818
Error: could not connect to bore.pub:7835

Caused by:
    No route to host (os error 65)
[2m2026-05-12T12:35:57.362164Z[0m [32m INFO[0m [2mbore_cli::client[0m[2m:[0m connected to server [3mremote_port[0m[2m=[0m35180
[2m2026-05-12T12:35:57.362330Z[0m [32m INFO[0m [2mbore_cli::client[0m[2m:[0m listening at bore.pub:35180
Error: could not connect to bore.pub:7835

Caused by:
    No route to host (os error 65)
[2m2026-05-12T12:50:46.164799Z[0m [32m INFO[0m [2mbore_cli::client[0m[2m:[0m connected to server [3mremote_port[0m[2m=[0m63005
[2m2026-05-12T12:50:46.164943Z[0m [32m INFO[0m [2mbore_cli::client[0m[2m:[0m listening at bore.pub:63005
Error: could not connect to bore.pub:7835

Caused by:
    No route to host (os error 65)
[2m2026-05-12T13:00:51.627230Z[0m [32m INFO[0m [2mbore_cli::client[0m[2m:[0m connected to server [3mremote_port[0m[2m=[0m9585
[2m2026-05-12T13:00:51.627271Z[0m [32m INFO[0m [2mbore_cli::client[0m[2m:[0m listening at bore.pub:9585
Error: could not connect to bore.pub:7835

Caused by:
    No route to host (os error 65)
[2m2026-05-12T13:13:14.513411Z[0m [32m INFO[0m [2mbore_cli::client[0m[2m:[0m connected to server [3mremote_port[0m[2m=[0m46398
[2m2026-05-12T13:13:14.513551Z[0m [32m INFO[0m [2mbore_cli::client[0m[2m:[0m listening at bore.pub:46398
Error: could not connect to bore.pub:7835

Caused by:
    No route to host (os error 65)
[2m2026-05-12T13:21:04.441627Z[0m [32m INFO[0m [2mbore_cli::client[0m[2m:[0m connected to server [3mremote_port[0m[2m=[0m6053
[2m2026-05-12T13:21:04.441734Z[0m [32m INFO[0m [2mbore_cli::client[0m[2m:[0m listening at bore.pub:6053
[2m2026-05-12T13:31:36.773467Z[0m [32m INFO[0m [2mbore_cli::client[0m[2m:[0m connected to server [3mremote_port[0m[2m=[0m38473
[2m2026-05-12T13:31:36.773546Z[0m [32m INFO[0m [2mbore_cli::client[0m[2m:[0m listening at bore.pub:38473
Error: could not connect to bore.pub:7835

Caused by:
    No route to host (os error 65)
[2m2026-05-12T13:40:49.389169Z[0m [32m INFO[0m [2mbore_cli::client[0m[2m:[0m connected to server [3mremote_port[0m[2m=[0m18201
[2m2026-05-12T13:40:49.389323Z[0m [32m INFO[0m [2mbore_cli::client[0m[2m:[0m listening at bore.pub:18201
Error: could not connect to bore.pub:7835

Caused by:
    No route to host (os error 65)
[2m2026-05-12T13:49:38.780557Z[0m [32m INFO[0m [2mbore_cli::client[0m[2m:[0m connected to server [3mremote_port[0m[2m=[0m4358
[2m2026-05-12T13:49:38.780736Z[0m [32m INFO[0m [2mbore_cli::client[0m[2m:[0m listening at bore.pub:4358
Error: could not connect to bore.pub:7835

Caused by:
    No route to host (os error 65)
[2m2026-05-12T14:00:36.152023Z[0m [32m INFO[0m [2mbore_cli::client[0m[2m:[0m connected to server [3mremote_port[0m[2m=[0m54859
[2m2026-05-12T14:00:36.152132Z[0m [32m INFO[0m [2mbore_cli::client[0m[2m:[0m listening at bore.pub:54859
Error: could not connect to bore.pub:7835

Caused by:
    No route to host (os error 65)
[2m2026-05-12T14:10:00.363580Z[0m [32m INFO[0m [2mbore_cli::client[0m[2m:[0m connected to server [3mremote_port[0m[2m=[0m55650
[2m2026-05-12T14:10:00.363736Z[0m [32m INFO[0m [2mbore_cli::client[0m[2m:[0m listening at bore.pub:55650
Error: could not connect to bore.pub:7835

Caused by:
    No route to host (os error 65)
[2m2026-05-12T14:20:26.595758Z[0m [32m INFO[0m [2mbore_cli::client[0m[2m:[0m connected to server [3mremote_port[0m[2m=[0m30081
[2m2026-05-12T14:20:26.595832Z[0m [32m INFO[0m [2mbore_cli::client[0m[2m:[0m listening at bore.pub:30081
Error: could not connect to bore.pub:7835

Caused by:
    No route to host (os error 65)
[2m2026-05-12T14:35:26.564231Z[0m [32m INFO[0m [2mbore_cli::client[0m[2m:[0m connected to server [3mremote_port[0m[2m=[0m10495
[2m2026-05-12T14:35:26.564377Z[0m [32m INFO[0m [2mbore_cli::client[0m[2m:[0m listening at bore.pub:10495
Error: could not connect to bore.pub:7835

Caused by:
    No route to host (os error 65)
[2m2026-05-12T14:49:44.741643Z[0m [32m INFO[0m [2mbore_cli::client[0m[2m:[0m connected to server [3mremote_port[0m[2m=[0m15362
[2m2026-05-12T14:49:44.741781Z[0m [32m INFO[0m [2mbore_cli::client[0m[2m:[0m listening at bore.pub:15362
Error: could not connect to bore.pub:7835

Caused by:
    No route to host (os error 65)
[2m2026-05-12T15:01:31.091113Z[0m [32m INFO[0m [2mbore_cli::client[0m[2m:[0m connected to server [3mremote_port[0m[2m=[0m61959
[2m2026-05-12T15:01:31.091278Z[0m [32m INFO[0m [2mbore_cli::client[0m[2m:[0m listening at bore.pub:61959
Error: could not connect to bore.pub:7835

Caused by:
    No route to host (os error 65)
[2m2026-05-12T15:06:03.757365Z[0m [32m INFO[0m [2mbore_cli::client[0m[2m:[0m connected to server [3mremote_port[0m[2m=[0m63518
[2m2026-05-12T15:06:03.757453Z[0m [32m INFO[0m [2mbore_cli::client[0m[2m:[0m listening at bore.pub:63518
Error: could not connect to bore.pub:7835

Caused by:
    No route to host (os error 65)
[2m2026-05-12T15:17:55.472247Z[0m [32m INFO[0m [2mbore_cli::client[0m[2m:[0m connected to server [3mremote_port[0m[2m=[0m16777
[2m2026-05-12T15:17:55.472391Z[0m [32m INFO[0m [2mbore_cli::client[0m[2m:[0m listening at bore.pub:16777
Error: could not connect to bore.pub:7835

Caused by:
    No route to host (os error 65)
[2m2026-05-12T15:31:48.468891Z[0m [32m INFO[0m [2mbore_cli::client[0m[2m:[0m connected to server [3mremote_port[0m[2m=[0m15539
[2m2026-05-12T15:31:48.469031Z[0m [32m INFO[0m [2mbore_cli::client[0m[2m:[0m listening at bore.pub:15539
Error: could not connect to bore.pub:7835

Caused by:
    No route to host (os error 65)
[2m2026-05-12T15:49:24.510818Z[0m [32m INFO[0m [2mbore_cli::client[0m[2m:[0m connected to server [3mremote_port[0m[2m=[0m52060
[2m2026-05-12T15:49:24.510988Z[0m [32m INFO[0m [2mbore_cli::client[0m[2m:[0m listening at bore.pub:52060
Error: could not connect to bore.pub:7835

Caused by:
    No route to host (os error 65)
[2m2026-05-12T16:07:47.051841Z[0m [32m INFO[0m [2mbore_cli::client[0m[2m:[0m connected to server [3mremote_port[0m[2m=[0m20561
[2m2026-05-12T16:07:47.052010Z[0m [32m INFO[0m [2mbore_cli::client[0m[2m:[0m listening at bore.pub:20561
[2m2026-05-12T16:20:04.814242Z[0m [32m INFO[0m [2mbore_cli::client[0m[2m:[0m connected to server [3mremote_port[0m[2m=[0m19991
[2m2026-05-12T16:20:04.814364Z[0m [32m INFO[0m [2mbore_cli::client[0m[2m:[0m listening at bore.pub:19991
Error: could not connect to bore.pub:7835

Caused by:
    No route to host (os error 65)
[2m2026-05-12T16:40:56.707243Z[0m [32m INFO[0m [2mbore_cli::client[0m[2m:[0m connected to server [3mremote_port[0m[2m=[0m53208
[2m2026-05-12T16:40:56.707375Z[0m [32m INFO[0m [2mbore_cli::client[0m[2m:[0m listening at bore.pub:53208
Error: could not connect to bore.pub:7835

Caused by:
    No route to host (os error 65)
[2m2026-05-12T16:57:52.470996Z[0m [32m INFO[0m [2mbore_cli::client[0m[2m:[0m connected to server [3mremote_port[0m[2m=[0m33024
[2m2026-05-12T16:57:52.471141Z[0m [32m INFO[0m [2mbore_cli::client[0m[2m:[0m listening at bore.pub:33024
Error: could not connect to bore.pub:7835

Caused by:
    No route to host (os error 65)
[2m2026-05-12T17:23:45.514761Z[0m [32m INFO[0m [2mbore_cli::client[0m[2m:[0m connected to server [3mremote_port[0m[2m=[0m18834
[2m2026-05-12T17:23:45.514942Z[0m [32m INFO[0m [2mbore_cli::client[0m[2m:[0m listening at bore.pub:18834
Error: could not connect to bore.pub:7835

Caused by:
    No route to host (os error 65)
[2m2026-05-12T17:25:25.159091Z[0m [32m INFO[0m [2mbore_cli::client[0m[2m:[0m connected to server [3mremote_port[0m[2m=[0m26340
[2m2026-05-12T17:25:25.159226Z[0m [32m INFO[0m [2mbore_cli::client[0m[2m:[0m listening at bore.pub:26340
Error: could not connect to bore.pub:7835

Caused by:
    No route to host (os error 65)
[2m2026-05-12T17:53:54.889524Z[0m [32m INFO[0m [2mbore_cli::client[0m[2m:[0m connected to server [3mremote_port[0m[2m=[0m12830
[2m2026-05-12T17:53:54.889611Z[0m [32m INFO[0m [2mbore_cli::client[0m[2m:[0m listening at bore.pub:12830
Error: could not connect to bore.pub:7835

Caused by:
    No route to host (os error 65)
[2m2026-05-12T18:15:15.063661Z[0m [32m INFO[0m [2mbore_cli::client[0m[2m:[0m connected to server [3mremote_port[0m[2m=[0m41263
[2m2026-05-12T18:15:15.063800Z[0m [32m INFO[0m [2mbore_cli::client[0m[2m:[0m listening at bore.pub:41263
Error: could not connect to bore.pub:7835

Caused by:
    No route to host (os error 65)
[2m2026-05-12T18:31:34.977050Z[0m [32m INFO[0m [2mbore_cli::client[0m[2m:[0m connected to server [3mremote_port[0m[2m=[0m17267
[2m2026-05-12T18:31:34.977126Z[0m [32m INFO[0m [2mbore_cli::client[0m[2m:[0m listening at bore.pub:17267
Error: could not connect to bore.pub:7835

Caused by:
    No route to host (os error 65)
[2m2026-05-12T18:48:27.746122Z[0m [32m INFO[0m [2mbore_cli::client[0m[2m:[0m connected to server [3mremote_port[0m[2m=[0m37759
[2m2026-05-12T18:48:27.746214Z[0m [32m INFO[0m [2mbore_cli::client[0m[2m:[0m listening at bore.pub:37759
Error: could not connect to bore.pub:7835

Caused by:
    No route to host (os error 65)
[2m2026-05-12T19:04:20.430102Z[0m [32m INFO[0m [2mbore_cli::client[0m[2m:[0m connected to server [3mremote_port[0m[2m=[0m46505
[2m2026-05-12T19:04:20.430251Z[0m [32m INFO[0m [2mbore_cli::client[0m[2m:[0m listening at bore.pub:46505
Error: could not connect to bore.pub:7835

Caused by:
    No route to host (os error 65)
[2m2026-05-12T19:28:16.144306Z[0m [32m INFO[0m [2mbore_cli::client[0m[2m:[0m connected to server [3mremote_port[0m[2m=[0m53651
[2m2026-05-12T19:28:16.144395Z[0m [32m INFO[0m [2mbore_cli::client[0m[2m:[0m listening at bore.pub:53651
Error: could not connect to bore.pub:7835

Caused by:
    No route to host (os error 65)
[2m2026-05-12T19:45:16.967059Z[0m [32m INFO[0m [2mbore_cli::client[0m[2m:[0m connected to server [3mremote_port[0m[2m=[0m5630
[2m2026-05-12T19:45:16.967212Z[0m [32m INFO[0m [2mbore_cli::client[0m[2m:[0m listening at bore.pub:5630
Error: could not connect to bore.pub:7835

Caused by:
    No route to host (os error 65)
[2m2026-05-12T20:01:51.707716Z[0m [32m INFO[0m [2mbore_cli::client[0m[2m:[0m connected to server [3mremote_port[0m[2m=[0m15125
[2m2026-05-12T20:01:51.707853Z[0m [32m INFO[0m [2mbore_cli::client[0m[2m:[0m listening at bore.pub:15125
Error: could not connect to bore.pub:7835

Caused by:
    No route to host (os error 65)
[2m2026-05-12T20:22:44.344624Z[0m [32m INFO[0m [2mbore_cli::client[0m[2m:[0m connected to server [3mremote_port[0m[2m=[0m5882
[2m2026-05-12T20:22:44.344763Z[0m [32m INFO[0m [2mbore_cli::client[0m[2m:[0m listening at bore.pub:5882
Error: could not connect to bore.pub:7835

Caused by:
    No route to host (os error 65)
[2m2026-05-12T20:47:17.247557Z[0m [32m INFO[0m [2mbore_cli::client[0m[2m:[0m connected to server [3mremote_port[0m[2m=[0m34829
[2m2026-05-12T20:47:17.247805Z[0m [32m INFO[0m [2mbore_cli::client[0m[2m:[0m listening at bore.pub:34829
Error: could not connect to bore.pub:7835

Caused by:
    No route to host (os error 65)
[2m2026-05-12T21:09:09.438433Z[0m [32m INFO[0m [2mbore_cli::client[0m[2m:[0m connected to server [3mremote_port[0m[2m=[0m43257
[2m2026-05-12T21:09:09.438596Z[0m [32m INFO[0m [2mbore_cli::client[0m[2m:[0m listening at bore.pub:43257
Error: could not connect to bore.pub:7835

Caused by:
    No route to host (os error 65)
[2m2026-05-12T21:26:53.941330Z[0m [32m INFO[0m [2mbore_cli::client[0m[2m:[0m connected to server [3mremote_port[0m[2m=[0m21382
[2m2026-05-12T21:26:53.941532Z[0m [32m INFO[0m [2mbore_cli::client[0m[2m:[0m listening at bore.pub:21382
Error: could not connect to bore.pub:7835

Caused by:
    No route to host (os error 65)
[2m2026-05-12T21:42:48.524838Z[0m [32m INFO[0m [2mbore_cli::client[0m[2m:[0m connected to server [3mremote_port[0m[2m=[0m51221
[2m2026-05-12T21:42:48.524983Z[0m [32m INFO[0m [2mbore_cli::client[0m[2m:[0m listening at bore.pub:51221
Error: could not connect to bore.pub:7835

Caused by:
    No route to host (os error 65)
[2m2026-05-12T22:04:04.530142Z[0m [32m INFO[0m [2mbore_cli::client[0m[2m:[0m connected to server [3mremote_port[0m[2m=[0m58520
[2m2026-05-12T22:04:04.530275Z[0m [32m INFO[0m [2mbore_cli::client[0m[2m:[0m listening at bore.pub:58520
Error: could not connect to bore.pub:7835

Caused by:
    No route to host (os error 65)
[2m2026-05-12T22:18:52.168119Z[0m [32m INFO[0m [2mbore_cli::client[0m[2m:[0m connected to server [3mremote_port[0m[2m=[0m27654
[2m2026-05-12T22:18:52.168286Z[0m [32m INFO[0m [2mbore_cli::client[0m[2m:[0m listening at bore.pub:27654
Error: could not connect to bore.pub:7835

Caused by:
    No route to host (os error 65)
[2m2026-05-12T22:34:58.942210Z[0m [32m INFO[0m [2mbore_cli::client[0m[2m:[0m connected to server [3mremote_port[0m[2m=[0m22801
[2m2026-05-12T22:34:58.942350Z[0m [32m INFO[0m [2mbore_cli::client[0m[2m:[0m listening at bore.pub:22801
Error: could not connect to bore.pub:7835

Caused by:
    No route to host (os error 65)
[2m2026-05-12T22:59:21.185574Z[0m [32m INFO[0m [2mbore_cli::client[0m[2m:[0m connected to server [3mremote_port[0m[2m=[0m33504
[2m2026-05-12T22:59:21.185654Z[0m [32m INFO[0m [2mbore_cli::client[0m[2m:[0m listening at bore.pub:33504
Error: could not connect to bore.pub:7835

Caused by:
    No route to host (os error 65)
[2m2026-05-12T23:22:00.019412Z[0m [32m INFO[0m [2mbore_cli::client[0m[2m:[0m connected to server [3mremote_port[0m[2m=[0m54186
[2m2026-05-12T23:22:00.019645Z[0m [32m INFO[0m [2mbore_cli::client[0m[2m:[0m listening at bore.pub:54186
Error: could not connect to bore.pub:7835

Caused by:
    No route to host (os error 65)
[2m2026-05-12T23:43:42.401348Z[0m [32m INFO[0m [2mbore_cli::client[0m[2m:[0m connected to server [3mremote_port[0m[2m=[0m29305
[2m2026-05-12T23:43:42.401512Z[0m [32m INFO[0m [2mbore_cli::client[0m[2m:[0m listening at bore.pub:29305
Error: could not connect to bore.pub:7835

Caused by:
    No route to host (os error 65)
[2m2026-05-12T23:59:52.871394Z[0m [32m INFO[0m [2mbore_cli::client[0m[2m:[0m connected to server [3mremote_port[0m[2m=[0m51039
[2m2026-05-12T23:59:52.871536Z[0m [32m INFO[0m [2mbore_cli::client[0m[2m:[0m listening at bore.pub:51039
Error: could not connect to bore.pub:7835

Caused by:
    No route to host (os error 65)
[2m2026-05-13T02:13:58.584934Z[0m [32m INFO[0m [2mbore_cli::client[0m[2m:[0m connected to server [3mremote_port[0m[2m=[0m6891
[2m2026-05-13T02:13:58.585074Z[0m [32m INFO[0m [2mbore_cli::client[0m[2m:[0m listening at bore.pub:6891
Error: could not connect to bore.pub:7835

Caused by:
    No route to host (os error 65)
[2m2026-05-13T03:06:27.331151Z[0m [32m INFO[0m [2mbore_cli::client[0m[2m:[0m connected to server [3mremote_port[0m[2m=[0m51821
[2m2026-05-13T03:06:27.331319Z[0m [32m INFO[0m [2mbore_cli::client[0m[2m:[0m listening at bore.pub:51821
Error: could not connect to bore.pub:7835

Caused by:
    No route to host (os error 65)
[2m2026-05-13T03:40:25.191062Z[0m [32m INFO[0m [2mbore_cli::client[0m[2m:[0m connected to server [3mremote_port[0m[2m=[0m50662
[2m2026-05-13T03:40:25.191202Z[0m [32m INFO[0m [2mbore_cli::client[0m[2m:[0m listening at bore.pub:50662
Error: could not connect to bore.pub:7835

Caused by:
    No route to host (os error 65)
[2m2026-05-13T04:03:19.281865Z[0m [32m INFO[0m [2mbore_cli::client[0m[2m:[0m connected to server [3mremote_port[0m[2m=[0m25803
[2m2026-05-13T04:03:19.282007Z[0m [32m INFO[0m [2mbore_cli::client[0m[2m:[0m listening at bore.pub:25803
Error: could not connect to bore.pub:7835

Caused by:
    No route to host (os error 65)
[2m2026-05-13T04:33:35.059152Z[0m [32m INFO[0m [2mbore_cli::client[0m[2m:[0m connected to server [3mremote_port[0m[2m=[0m38576
[2m2026-05-13T04:33:35.059270Z[0m [32m INFO[0m [2mbore_cli::client[0m[2m:[0m listening at bore.pub:38576
Error: could not connect to bore.pub:7835

Caused by:
    No route to host (os error 65)
[2m2026-05-13T05:14:20.292783Z[0m [32m INFO[0m [2mbore_cli::client[0m[2m:[0m connected to server [3mremote_port[0m[2m=[0m12853
[2m2026-05-13T05:14:20.292863Z[0m [32m INFO[0m [2mbore_cli::client[0m[2m:[0m listening at bore.pub:12853
Error: could not connect to bore.pub:7835

Caused by:
    No route to host (os error 65)
[2m2026-05-13T06:04:48.160368Z[0m [32m INFO[0m [2mbore_cli::client[0m[2m:[0m connected to server [3mremote_port[0m[2m=[0m33506
[2m2026-05-13T06:04:48.160428Z[0m [32m INFO[0m [2mbore_cli::client[0m[2m:[0m listening at bore.pub:33506
Error: could not connect to bore.pub:7835

Caused by:
    No route to host (os error 65)
[2m2026-05-13T06:31:52.242529Z[0m [32m INFO[0m [2mbore_cli::client[0m[2m:[0m connected to server [3mremote_port[0m[2m=[0m52257
[2m2026-05-13T06:31:52.242638Z[0m [32m INFO[0m [2mbore_cli::client[0m[2m:[0m listening at bore.pub:52257
[2m2026-05-13T07:22:47.256159Z[0m [32m INFO[0m [2mbore_cli::client[0m[2m:[0m connected to server [3mremote_port[0m[2m=[0m28821
[2m2026-05-13T07:22:47.257175Z[0m [32m INFO[0m [2mbore_cli::client[0m[2m:[0m listening at bore.pub:28821
Error: could not connect to bore.pub:7835

Caused by:
    No route to host (os error 65)
[2m2026-05-13T08:18:05.645855Z[0m [32m INFO[0m [2mbore_cli::client[0m[2m:[0m connected to server [3mremote_port[0m[2m=[0m35327
[2m2026-05-13T08:18:05.646017Z[0m [32m INFO[0m [2mbore_cli::client[0m[2m:[0m listening at bore.pub:35327
Error: could not connect to bore.pub:7835

Caused by:
    No route to host (os error 65)
[2m2026-05-13T09:02:58.407471Z[0m [32m INFO[0m [2mbore_cli::client[0m[2m:[0m connected to server [3mremote_port[0m[2m=[0m3997
[2m2026-05-13T09:02:58.407613Z[0m [32m INFO[0m [2mbore_cli::client[0m[2m:[0m listening at bore.pub:3997
Error: could not connect to bore.pub:7835

Caused by:
    No route to host (os error 65)
[2m2026-05-13T09:35:47.458382Z[0m [32m INFO[0m [2mbore_cli::client[0m[2m:[0m connected to server [3mremote_port[0m[2m=[0m51106
[2m2026-05-13T09:35:47.458502Z[0m [32m INFO[0m [2mbore_cli::client[0m[2m:[0m listening at bore.pub:51106
Error: could not connect to bore.pub:7835

Caused by:
    No route to host (os error 65)
[2m2026-05-13T10:03:09.353935Z[0m [32m INFO[0m [2mbore_cli::client[0m[2m:[0m connected to server [3mremote_port[0m[2m=[0m12326
[2m2026-05-13T10:03:09.354055Z[0m [32m INFO[0m [2mbore_cli::client[0m[2m:[0m listening at bore.pub:12326
Error: could not connect to bore.pub:7835

Caused by:
    No route to host (os error 65)
[2m2026-05-13T10:20:54.851325Z[0m [32m INFO[0m [2mbore_cli::client[0m[2m:[0m connected to server [3mremote_port[0m[2m=[0m49976
[2m2026-05-13T10:20:54.851538Z[0m [32m INFO[0m [2mbore_cli::client[0m[2m:[0m listening at bore.pub:49976
Error: could not connect to bore.pub:7835

Caused by:
    No route to host (os error 65)
[2m2026-05-13T10:25:43.249461Z[0m [32m INFO[0m [2mbore_cli::client[0m[2m:[0m connected to server [3mremote_port[0m[2m=[0m16904
[2m2026-05-13T10:25:43.249542Z[0m [32m INFO[0m [2mbore_cli::client[0m[2m:[0m listening at bore.pub:16904
Error: could not connect to bore.pub:7835

Caused by:
    No route to host (os error 65)
[2m2026-05-13T11:09:54.506117Z[0m [32m INFO[0m [2mbore_cli::client[0m[2m:[0m connected to server [3mremote_port[0m[2m=[0m10689
[2m2026-05-13T11:09:54.506236Z[0m [32m INFO[0m [2mbore_cli::client[0m[2m:[0m listening at bore.pub:10689
Error: could not connect to bore.pub:7835

Caused by:
    No route to host (os error 65)
[2m2026-05-13T11:21:21.768575Z[0m [32m INFO[0m [2mbore_cli::client[0m[2m:[0m connected to server [3mremote_port[0m[2m=[0m18624
[2m2026-05-13T11:21:21.768656Z[0m [32m INFO[0m [2mbore_cli::client[0m[2m:[0m listening at bore.pub:18624
Error: could not connect to bore.pub:7835

Caused by:
    No route to host (os error 65)
[2m2026-05-13T11:32:51.488958Z[0m [32m INFO[0m [2mbore_cli::client[0m[2m:[0m connected to server [3mremote_port[0m[2m=[0m63211
[2m2026-05-13T11:32:51.489041Z[0m [32m INFO[0m [2mbore_cli::client[0m[2m:[0m listening at bore.pub:63211
Error: could not connect to bore.pub:7835

Caused by:
    No route to host (os error 65)
[2m2026-05-13T11:42:51.898014Z[0m [32m INFO[0m [2mbore_cli::client[0m[2m:[0m connected to server [3mremote_port[0m[2m=[0m35981
[2m2026-05-13T11:42:51.898096Z[0m [32m INFO[0m [2mbore_cli::client[0m[2m:[0m listening at bore.pub:35981
Error: could not connect to bore.pub:7835

Caused by:
    No route to host (os error 65)
[2m2026-05-13T11:53:18.790265Z[0m [32m INFO[0m [2mbore_cli::client[0m[2m:[0m connected to server [3mremote_port[0m[2m=[0m29283
[2m2026-05-13T11:53:18.790404Z[0m [32m INFO[0m [2mbore_cli::client[0m[2m:[0m listening at bore.pub:29283
Error: could not connect to bore.pub:7835

Caused by:
    No route to host (os error 65)
[2m2026-05-13T12:08:16.953548Z[0m [32m INFO[0m [2mbore_cli::client[0m[2m:[0m connected to server [3mremote_port[0m[2m=[0m57208
[2m2026-05-13T12:08:16.953644Z[0m [32m INFO[0m [2mbore_cli::client[0m[2m:[0m listening at bore.pub:57208
Error: could not connect to bore.pub:7835

Caused by:
    No route to host (os error 65)
[2m2026-05-13T12:38:29.888979Z[0m [32m INFO[0m [2mbore_cli::client[0m[2m:[0m connected to server [3mremote_port[0m[2m=[0m38354
[2m2026-05-13T12:38:29.889116Z[0m [32m INFO[0m [2mbore_cli::client[0m[2m:[0m listening at bore.pub:38354
[2m2026-05-13T13:07:20.868637Z[0m [32m INFO[0m [2mbore_cli::client[0m[2m:[0m connected to server [3mremote_port[0m[2m=[0m45106
[2m2026-05-13T13:07:20.869697Z[0m [32m INFO[0m [2mbore_cli::client[0m[2m:[0m listening at bore.pub:45106
Error: could not connect to bore.pub:7835

Caused by:
    No route to host (os error 65)
[2m2026-05-13T13:10:05.994709Z[0m [32m INFO[0m [2mbore_cli::client[0m[2m:[0m connected to server [3mremote_port[0m[2m=[0m4890
[2m2026-05-13T13:10:05.994771Z[0m [32m INFO[0m [2mbore_cli::client[0m[2m:[0m listening at bore.pub:4890
Error: could not connect to bore.pub:7835

Caused by:
    No route to host (os error 65)
[2m2026-05-13T13:28:23.342921Z[0m [32m INFO[0m [2mbore_cli::client[0m[2m:[0m connected to server [3mremote_port[0m[2m=[0m7010
[2m2026-05-13T13:28:23.343089Z[0m [32m INFO[0m [2mbore_cli::client[0m[2m:[0m listening at bore.pub:7010
Error: could not connect to bore.pub:7835

Caused by:
    No route to host (os error 65)
[2m2026-05-13T13:55:19.471235Z[0m [32m INFO[0m [2mbore_cli::client[0m[2m:[0m connected to server [3mremote_port[0m[2m=[0m49272
[2m2026-05-13T13:55:19.471380Z[0m [32m INFO[0m [2mbore_cli::client[0m[2m:[0m listening at bore.pub:49272
Error: could not connect to bore.pub:7835

Caused by:
    No route to host (os error 65)
[2m2026-05-13T13:57:44.617681Z[0m [32m INFO[0m [2mbore_cli::client[0m[2m:[0m connected to server [3mremote_port[0m[2m=[0m58947
[2m2026-05-13T13:57:44.617840Z[0m [32m INFO[0m [2mbore_cli::client[0m[2m:[0m listening at bore.pub:58947
Error: could not connect to bore.pub:7835

Caused by:
    No route to host (os error 65)
[2m2026-05-13T13:59:29.753686Z[0m [32m INFO[0m [2mbore_cli::client[0m[2m:[0m connected to server [3mremote_port[0m[2m=[0m5973
[2m2026-05-13T13:59:29.753855Z[0m [32m INFO[0m [2mbore_cli::client[0m[2m:[0m listening at bore.pub:5973
Error: could not connect to bore.pub:7835

Caused by:
    No route to host (os error 65)
[2m2026-05-13T14:20:16.334032Z[0m [32m INFO[0m [2mbore_cli::client[0m[2m:[0m connected to server [3mremote_port[0m[2m=[0m58035
[2m2026-05-13T14:20:16.334170Z[0m [32m INFO[0m [2mbore_cli::client[0m[2m:[0m listening at bore.pub:58035
Error: could not connect to bore.pub:7835

Caused by:
    No route to host (os error 65)
[2m2026-05-13T14:39:29.839069Z[0m [32m INFO[0m [2mbore_cli::client[0m[2m:[0m connected to server [3mremote_port[0m[2m=[0m19888
[2m2026-05-13T14:39:29.839176Z[0m [32m INFO[0m [2mbore_cli::client[0m[2m:[0m listening at bore.pub:19888
Error: could not connect to bore.pub:7835

Caused by:
    No route to host (os error 65)
[2m2026-05-13T14:52:16.327924Z[0m [32m INFO[0m [2mbore_cli::client[0m[2m:[0m connected to server [3mremote_port[0m[2m=[0m2828
[2m2026-05-13T14:52:16.328016Z[0m [32m INFO[0m [2mbore_cli::client[0m[2m:[0m listening at bore.pub:2828
Error: could not connect to bore.pub:7835

Caused by:
    No route to host (os error 65)
[2m2026-05-13T15:02:16.225754Z[0m [32m INFO[0m [2mbore_cli::client[0m[2m:[0m connected to server [3mremote_port[0m[2m=[0m32991
[2m2026-05-13T15:02:16.225862Z[0m [32m INFO[0m [2mbore_cli::client[0m[2m:[0m listening at bore.pub:32991
Error: could not connect to bore.pub:7835

Caused by:
    No route to host (os error 65)
[2m2026-05-13T15:05:24.128371Z[0m [32m INFO[0m [2mbore_cli::client[0m[2m:[0m connected to server [3mremote_port[0m[2m=[0m32598
[2m2026-05-13T15:05:24.128513Z[0m [32m INFO[0m [2mbore_cli::client[0m[2m:[0m listening at bore.pub:32598
Error: could not connect to bore.pub:7835

Caused by:
    No route to host (os error 65)
[2m2026-05-13T15:07:02.785227Z[0m [32m INFO[0m [2mbore_cli::client[0m[2m:[0m connected to server [3mremote_port[0m[2m=[0m30997
[2m2026-05-13T15:07:02.785331Z[0m [32m INFO[0m [2mbore_cli::client[0m[2m:[0m listening at bore.pub:30997
Error: could not connect to bore.pub:7835

Caused by:
    No route to host (os error 65)
[2m2026-05-13T15:22:16.279642Z[0m [32m INFO[0m [2mbore_cli::client[0m[2m:[0m connected to server [3mremote_port[0m[2m=[0m35887
[2m2026-05-13T15:22:16.279720Z[0m [32m INFO[0m [2mbore_cli::client[0m[2m:[0m listening at bore.pub:35887
Error: could not connect to bore.pub:7835

Caused by:
    No route to host (os error 65)
[2m2026-05-13T15:32:16.214362Z[0m [32m INFO[0m [2mbore_cli::client[0m[2m:[0m connected to server [3mremote_port[0m[2m=[0m11501
[2m2026-05-13T15:32:16.214503Z[0m [32m INFO[0m [2mbore_cli::client[0m[2m:[0m listening at bore.pub:11501
Error: could not connect to bore.pub:7835

Caused by:
    No route to host (os error 65)
[2m2026-05-13T15:39:48.535485Z[0m [32m INFO[0m [2mbore_cli::client[0m[2m:[0m connected to server [3mremote_port[0m[2m=[0m63321
[2m2026-05-13T15:39:48.535652Z[0m [32m INFO[0m [2mbore_cli::client[0m[2m:[0m listening at bore.pub:63321
Error: could not connect to bore.pub:7835

Caused by:
    No route to host (os error 65)
[2m2026-05-13T15:44:46.432516Z[0m [32m INFO[0m [2mbore_cli::client[0m[2m:[0m connected to server [3mremote_port[0m[2m=[0m61793
[2m2026-05-13T15:44:46.432687Z[0m [32m INFO[0m [2mbore_cli::client[0m[2m:[0m listening at bore.pub:61793
Error: could not connect to bore.pub:7835

Caused by:
    No route to host (os error 65)
[2m2026-05-13T15:46:36.049924Z[0m [32m INFO[0m [2mbore_cli::client[0m[2m:[0m connected to server [3mremote_port[0m[2m=[0m51453
[2m2026-05-13T15:46:36.050020Z[0m [32m INFO[0m [2mbore_cli::client[0m[2m:[0m listening at bore.pub:51453
Error: could not connect to bore.pub:7835

Caused by:
    No route to host (os error 65)
[2m2026-05-13T15:52:18.500589Z[0m [32m INFO[0m [2mbore_cli::client[0m[2m:[0m connected to server [3mremote_port[0m[2m=[0m43530
[2m2026-05-13T15:52:18.500731Z[0m [32m INFO[0m [2mbore_cli::client[0m[2m:[0m listening at bore.pub:43530
Error: could not connect to bore.pub:7835

Caused by:
    No route to host (os error 65)
[2m2026-05-13T16:09:17.196849Z[0m [32m INFO[0m [2mbore_cli::client[0m[2m:[0m connected to server [3mremote_port[0m[2m=[0m57946
[2m2026-05-13T16:09:17.197004Z[0m [32m INFO[0m [2mbore_cli::client[0m[2m:[0m listening at bore.pub:57946
Error: could not connect to bore.pub:7835

Caused by:
    No route to host (os error 65)
[2m2026-05-13T16:16:17.516410Z[0m [32m INFO[0m [2mbore_cli::client[0m[2m:[0m connected to server [3mremote_port[0m[2m=[0m22971
[2m2026-05-13T16:16:17.516555Z[0m [32m INFO[0m [2mbore_cli::client[0m[2m:[0m listening at bore.pub:22971
Error: could not connect to bore.pub:7835

Caused by:
    No route to host (os error 65)
[2m2026-05-13T16:32:46.809513Z[0m [32m INFO[0m [2mbore_cli::client[0m[2m:[0m connected to server [3mremote_port[0m[2m=[0m12268
[2m2026-05-13T16:32:46.809619Z[0m [32m INFO[0m [2mbore_cli::client[0m[2m:[0m listening at bore.pub:12268
Error: could not connect to bore.pub:7835

Caused by:
    No route to host (os error 65)
[2m2026-05-13T16:44:16.244046Z[0m [32m INFO[0m [2mbore_cli::client[0m[2m:[0m connected to server [3mremote_port[0m[2m=[0m44285
[2m2026-05-13T16:44:16.244182Z[0m [32m INFO[0m [2mbore_cli::client[0m[2m:[0m listening at bore.pub:44285
Error: could not connect to bore.pub:7835

Caused by:
    No route to host (os error 65)
[2m2026-05-13T17:20:51.063771Z[0m [32m INFO[0m [2mbore_cli::client[0m[2m:[0m connected to server [3mremote_port[0m[2m=[0m4227
[2m2026-05-13T17:20:51.063913Z[0m [32m INFO[0m [2mbore_cli::client[0m[2m:[0m listening at bore.pub:4227
Error: could not connect to bore.pub:7835

Caused by:
    No route to host (os error 65)
[2m2026-05-13T17:42:38.363839Z[0m [32m INFO[0m [2mbore_cli::client[0m[2m:[0m connected to server [3mremote_port[0m[2m=[0m3526
[2m2026-05-13T17:42:38.363967Z[0m [32m INFO[0m [2mbore_cli::client[0m[2m:[0m listening at bore.pub:3526
[2m2026-05-13T18:06:21.552049Z[0m [32m INFO[0m [2mbore_cli::client[0m[2m:[0m connected to server [3mremote_port[0m[2m=[0m22229
[2m2026-05-13T18:06:21.552191Z[0m [32m INFO[0m [2mbore_cli::client[0m[2m:[0m listening at bore.pub:22229
[2m2026-05-13T18:46:03.035576Z[0m [32m INFO[0m [2mbore_cli::client[0m[2m:[0m connected to server [3mremote_port[0m[2m=[0m44701
[2m2026-05-13T18:46:03.035670Z[0m [32m INFO[0m [2mbore_cli::client[0m[2m:[0m listening at bore.pub:44701
Error: could not connect to bore.pub:7835

Caused by:
    No route to host (os error 65)
[2m2026-05-13T19:19:33.956084Z[0m [32m INFO[0m [2mbore_cli::client[0m[2m:[0m connected to server [3mremote_port[0m[2m=[0m7602
[2m2026-05-13T19:19:33.956222Z[0m [32m INFO[0m [2mbore_cli::client[0m[2m:[0m listening at bore.pub:7602
[2m2026-05-13T20:04:47.092475Z[0m [32m INFO[0m [2mbore_cli::client[0m[2m:[0m connected to server [3mremote_port[0m[2m=[0m51393
[2m2026-05-13T20:04:47.092713Z[0m [32m INFO[0m [2mbore_cli::client[0m[2m:[0m listening at bore.pub:51393
Error: could not connect to bore.pub:7835

Caused by:
    No route to host (os error 65)
[2m2026-05-13T21:29:29.669577Z[0m [32m INFO[0m [2mbore_cli::client[0m[2m:[0m connected to server [3mremote_port[0m[2m=[0m21091
[2m2026-05-13T21:29:29.669711Z[0m [32m INFO[0m [2mbore_cli::client[0m[2m:[0m listening at bore.pub:21091
Error: could not connect to bore.pub:7835

Caused by:
    No route to host (os error 65)
[2m2026-05-13T22:03:41.230685Z[0m [32m INFO[0m [2mbore_cli::client[0m[2m:[0m connected to server [3mremote_port[0m[2m=[0m63068
[2m2026-05-13T22:03:41.230807Z[0m [32m INFO[0m [2mbore_cli::client[0m[2m:[0m listening at bore.pub:63068
Error: could not connect to bore.pub:7835

Caused by:
    No route to host (os error 65)
[2m2026-05-13T22:30:00.015291Z[0m [32m INFO[0m [2mbore_cli::client[0m[2m:[0m connected to server [3mremote_port[0m[2m=[0m48485
[2m2026-05-13T22:30:00.015444Z[0m [32m INFO[0m [2mbore_cli::client[0m[2m:[0m listening at bore.pub:48485
Error: could not connect to bore.pub:7835

Caused by:
    No route to host (os error 65)
[2m2026-05-13T23:04:43.271057Z[0m [32m INFO[0m [2mbore_cli::client[0m[2m:[0m connected to server [3mremote_port[0m[2m=[0m36307
[2m2026-05-13T23:04:43.271194Z[0m [32m INFO[0m [2mbore_cli::client[0m[2m:[0m listening at bore.pub:36307
Error: could not connect to bore.pub:7835

Caused by:
    No route to host (os error 65)
[2m2026-05-13T23:23:08.535946Z[0m [32m INFO[0m [2mbore_cli::client[0m[2m:[0m connected to server [3mremote_port[0m[2m=[0m12152
[2m2026-05-13T23:23:08.536109Z[0m [32m INFO[0m [2mbore_cli::client[0m[2m:[0m listening at bore.pub:12152
Error: could not connect to bore.pub:7835

Caused by:
    No route to host (os error 65)
[2m2026-05-14T00:16:36.196685Z[0m [32m INFO[0m [2mbore_cli::client[0m[2m:[0m connected to server [3mremote_port[0m[2m=[0m58008
[2m2026-05-14T00:16:36.196828Z[0m [32m INFO[0m [2mbore_cli::client[0m[2m:[0m listening at bore.pub:58008
[2m2026-05-14T01:16:21.059974Z[0m [32m INFO[0m [2mbore_cli::client[0m[2m:[0m connected to server [3mremote_port[0m[2m=[0m60823
[2m2026-05-14T01:16:21.061066Z[0m [32m INFO[0m [2mbore_cli::client[0m[2m:[0m listening at bore.pub:60823
Error: could not connect to bore.pub:7835

Caused by:
    No route to host (os error 65)
[2m2026-05-14T02:09:30.410498Z[0m [32m INFO[0m [2mbore_cli::client[0m[2m:[0m connected to server [3mremote_port[0m[2m=[0m30470
[2m2026-05-14T02:09:30.410873Z[0m [32m INFO[0m [2mbore_cli::client[0m[2m:[0m listening at bore.pub:30470
Error: could not connect to bore.pub:7835

Caused by:
    No route to host (os error 65)
[2m2026-05-14T02:20:22.952931Z[0m [32m INFO[0m [2mbore_cli::client[0m[2m:[0m connected to server [3mremote_port[0m[2m=[0m56136
[2m2026-05-14T02:20:22.953075Z[0m [32m INFO[0m [2mbore_cli::client[0m[2m:[0m listening at bore.pub:56136
Error: could not connect to bore.pub:7835

Caused by:
    No route to host (os error 65)
[2m2026-05-14T02:21:39.916356Z[0m [32m INFO[0m [2mbore_cli::client[0m[2m:[0m connected to server [3mremote_port[0m[2m=[0m2169
[2m2026-05-14T02:21:39.916488Z[0m [32m INFO[0m [2mbore_cli::client[0m[2m:[0m listening at bore.pub:2169
Error: could not connect to bore.pub:7835

Caused by:
    No route to host (os error 65)
[2m2026-05-14T02:23:30.525423Z[0m [32m INFO[0m [2mbore_cli::client[0m[2m:[0m connected to server [3mremote_port[0m[2m=[0m29317
[2m2026-05-14T02:23:30.525578Z[0m [32m INFO[0m [2mbore_cli::client[0m[2m:[0m listening at bore.pub:29317
Error: could not connect to bore.pub:7835

Caused by:
    No route to host (os error 65)
[2m2026-05-14T02:24:42.356789Z[0m [32m INFO[0m [2mbore_cli::client[0m[2m:[0m connected to server [3mremote_port[0m[2m=[0m44885
[2m2026-05-14T02:24:42.356933Z[0m [32m INFO[0m [2mbore_cli::client[0m[2m:[0m listening at bore.pub:44885
Error: could not connect to bore.pub:7835

Caused by:
    No route to host (os error 65)
[2m2026-05-14T02:27:09.693144Z[0m [32m INFO[0m [2mbore_cli::client[0m[2m:[0m connected to server [3mremote_port[0m[2m=[0m8725
[2m2026-05-14T02:27:09.693291Z[0m [32m INFO[0m [2mbore_cli::client[0m[2m:[0m listening at bore.pub:8725
Error: could not connect to bore.pub:7835

Caused by:
    No route to host (os error 65)
[2m2026-05-14T02:28:23.727864Z[0m [32m INFO[0m [2mbore_cli::client[0m[2m:[0m connected to server [3mremote_port[0m[2m=[0m27057
[2m2026-05-14T02:28:23.727997Z[0m [32m INFO[0m [2mbore_cli::client[0m[2m:[0m listening at bore.pub:27057
Error: could not connect to bore.pub:7835

Caused by:
    No route to host (os error 65)
[2m2026-05-14T03:05:20.382164Z[0m [32m INFO[0m [2mbore_cli::client[0m[2m:[0m connected to server [3mremote_port[0m[2m=[0m24085
[2m2026-05-14T03:05:20.382270Z[0m [32m INFO[0m [2mbore_cli::client[0m[2m:[0m listening at bore.pub:24085
Error: could not connect to bore.pub:7835

Caused by:
    No route to host (os error 65)
[2m2026-05-14T03:57:21.255006Z[0m [32m INFO[0m [2mbore_cli::client[0m[2m:[0m connected to server [3mremote_port[0m[2m=[0m27810
[2m2026-05-14T03:57:21.255136Z[0m [32m INFO[0m [2mbore_cli::client[0m[2m:[0m listening at bore.pub:27810
Error: could not connect to bore.pub:7835

Caused by:
    No route to host (os error 65)
[2m2026-05-14T05:57:25.282350Z[0m [32m INFO[0m [2mbore_cli::client[0m[2m:[0m connected to server [3mremote_port[0m[2m=[0m46781
[2m2026-05-14T05:57:25.282421Z[0m [32m INFO[0m [2mbore_cli::client[0m[2m:[0m listening at bore.pub:46781
Error: could not connect to bore.pub:7835

Caused by:
    No route to host (os error 65)
[2m2026-05-14T07:03:51.382251Z[0m [32m INFO[0m [2mbore_cli::client[0m[2m:[0m connected to server [3mremote_port[0m[2m=[0m60660
[2m2026-05-14T07:03:51.382367Z[0m [32m INFO[0m [2mbore_cli::client[0m[2m:[0m listening at bore.pub:60660
Error: could not connect to bore.pub:7835

Caused by:
    No route to host (os error 65)
[2m2026-05-14T07:23:54.037778Z[0m [32m INFO[0m [2mbore_cli::client[0m[2m:[0m connected to server [3mremote_port[0m[2m=[0m43789
[2m2026-05-14T07:23:54.037901Z[0m [32m INFO[0m [2mbore_cli::client[0m[2m:[0m listening at bore.pub:43789
Error: could not connect to bore.pub:7835

Caused by:
    No route to host (os error 65)
[2m2026-05-14T07:43:44.103244Z[0m [32m INFO[0m [2mbore_cli::client[0m[2m:[0m connected to server [3mremote_port[0m[2m=[0m58361
[2m2026-05-14T07:43:44.103379Z[0m [32m INFO[0m [2mbore_cli::client[0m[2m:[0m listening at bore.pub:58361
Error: could not connect to bore.pub:7835

Caused by:
    No route to host (os error 65)
[2m2026-05-14T08:11:30.904564Z[0m [32m INFO[0m [2mbore_cli::client[0m[2m:[0m connected to server [3mremote_port[0m[2m=[0m53352
[2m2026-05-14T08:11:30.904679Z[0m [32m INFO[0m [2mbore_cli::client[0m[2m:[0m listening at bore.pub:53352
[2m2026-05-14T09:00:26.567040Z[0m [32m INFO[0m [2mbore_cli::client[0m[2m:[0m connected to server [3mremote_port[0m[2m=[0m64593
[2m2026-05-14T09:00:26.567229Z[0m [32m INFO[0m [2mbore_cli::client[0m[2m:[0m listening at bore.pub:64593
Error: could not connect to bore.pub:7835

Caused by:
    No route to host (os error 65)
[2m2026-05-14T09:44:05.009185Z[0m [32m INFO[0m [2mbore_cli::client[0m[2m:[0m connected to server [3mremote_port[0m[2m=[0m14993
[2m2026-05-14T09:44:05.009306Z[0m [32m INFO[0m [2mbore_cli::client[0m[2m:[0m listening at bore.pub:14993
Error: could not connect to bore.pub:7835

Caused by:
    No route to host (os error 65)
[2m2026-05-14T09:59:15.633512Z[0m [32m INFO[0m [2mbore_cli::client[0m[2m:[0m connected to server [3mremote_port[0m[2m=[0m54516
[2m2026-05-14T09:59:15.633645Z[0m [32m INFO[0m [2mbore_cli::client[0m[2m:[0m listening at bore.pub:54516
Error: could not connect to bore.pub:7835

Caused by:
    No route to host (os error 65)
[2m2026-05-14T09:59:48.646933Z[0m [32m INFO[0m [2mbore_cli::client[0m[2m:[0m connected to server [3mremote_port[0m[2m=[0m39144
[2m2026-05-14T09:59:48.647113Z[0m [32m INFO[0m [2mbore_cli::client[0m[2m:[0m listening at bore.pub:39144
[2m2026-05-14T09:59:59.350197Z[0m [32m INFO[0m [2mbore_cli::client[0m[2m:[0m connected to server [3mremote_port[0m[2m=[0m46409
[2m2026-05-14T09:59:59.350349Z[0m [32m INFO[0m [2mbore_cli::client[0m[2m:[0m listening at bore.pub:46409
[2m2026-05-14T10:00:10.024190Z[0m [32m INFO[0m [2mbore_cli::client[0m[2m:[0m connected to server [3mremote_port[0m[2m=[0m59342
[2m2026-05-14T10:00:10.024320Z[0m [32m INFO[0m [2mbore_cli::client[0m[2m:[0m listening at bore.pub:59342
Error: could not connect to bore.pub:7835

Caused by:
    No route to host (os error 65)
[2m2026-05-14T10:00:32.806517Z[0m [32m INFO[0m [2mbore_cli::client[0m[2m:[0m connected to server [3mremote_port[0m[2m=[0m63068
[2m2026-05-14T10:00:32.806642Z[0m [32m INFO[0m [2mbore_cli::client[0m[2m:[0m listening at bore.pub:63068
[2m2026-05-14T10:00:43.743050Z[0m [32m INFO[0m [2mbore_cli::client[0m[2m:[0m connected to server [3mremote_port[0m[2m=[0m13604
[2m2026-05-14T10:00:43.743170Z[0m [32m INFO[0m [2mbore_cli::client[0m[2m:[0m listening at bore.pub:13604
[2m2026-05-14T10:00:54.253458Z[0m [32m INFO[0m [2mbore_cli::client[0m[2m:[0m connected to server [3mremote_port[0m[2m=[0m49087
[2m2026-05-14T10:00:54.253590Z[0m [32m INFO[0m [2mbore_cli::client[0m[2m:[0m listening at bore.pub:49087
Error: could not connect to bore.pub:7835

Caused by:
    No route to host (os error 65)
[2m2026-05-14T10:01:35.609541Z[0m [32m INFO[0m [2mbore_cli::client[0m[2m:[0m connected to server [3mremote_port[0m[2m=[0m12781
[2m2026-05-14T10:01:35.609674Z[0m [32m INFO[0m [2mbore_cli::client[0m[2m:[0m listening at bore.pub:12781
Error: could not connect to bore.pub:7835

Caused by:
    No route to host (os error 65)
[2m2026-05-14T10:02:03.493198Z[0m [32m INFO[0m [2mbore_cli::client[0m[2m:[0m connected to server [3mremote_port[0m[2m=[0m42977
[2m2026-05-14T10:02:03.493316Z[0m [32m INFO[0m [2mbore_cli::client[0m[2m:[0m listening at bore.pub:42977
Error: could not connect to bore.pub:7835

Caused by:
    No route to host (os error 65)
[2m2026-05-14T10:02:30.361512Z[0m [32m INFO[0m [2mbore_cli::client[0m[2m:[0m connected to server [3mremote_port[0m[2m=[0m2793
[2m2026-05-14T10:02:30.361660Z[0m [32m INFO[0m [2mbore_cli::client[0m[2m:[0m listening at bore.pub:2793
Error: could not connect to bore.pub:7835

Caused by:
    No route to host (os error 65)
[2m2026-05-14T10:03:04.245523Z[0m [32m INFO[0m [2mbore_cli::client[0m[2m:[0m connected to server [3mremote_port[0m[2m=[0m21586
[2m2026-05-14T10:03:04.245670Z[0m [32m INFO[0m [2mbore_cli::client[0m[2m:[0m listening at bore.pub:21586
Error: could not connect to bore.pub:7835

Caused by:
    No route to host (os error 65)
[2m2026-05-14T10:04:16.200194Z[0m [32m INFO[0m [2mbore_cli::client[0m[2m:[0m connected to server [3mremote_port[0m[2m=[0m5621
[2m2026-05-14T10:04:16.200338Z[0m [32m INFO[0m [2mbore_cli::client[0m[2m:[0m listening at bore.pub:5621
Error: could not connect to bore.pub:7835

Caused by:
    No route to host (os error 65)
[2m2026-05-14T10:15:41.770459Z[0m [32m INFO[0m [2mbore_cli::client[0m[2m:[0m connected to server [3mremote_port[0m[2m=[0m21364
[2m2026-05-14T10:15:41.770609Z[0m [32m INFO[0m [2mbore_cli::client[0m[2m:[0m listening at bore.pub:21364
Error: could not connect to bore.pub:7835

Caused by:
    No route to host (os error 65)
[2m2026-05-14T10:28:14.014363Z[0m [32m INFO[0m [2mbore_cli::client[0m[2m:[0m connected to server [3mremote_port[0m[2m=[0m25830
[2m2026-05-14T10:28:14.014493Z[0m [32m INFO[0m [2mbore_cli::client[0m[2m:[0m listening at bore.pub:25830
Error: could not connect to bore.pub:7835

Caused by:
    No route to host (os error 65)
[2m2026-05-14T10:46:58.750275Z[0m [32m INFO[0m [2mbore_cli::client[0m[2m:[0m connected to server [3mremote_port[0m[2m=[0m14180
[2m2026-05-14T10:46:58.750420Z[0m [32m INFO[0m [2mbore_cli::client[0m[2m:[0m listening at bore.pub:14180
[2m2026-05-14T10:54:48.302093Z[0m [32m INFO[0m [1mproxy[0m[1m{[0m[3mid[0m[2m=[0m35dbaaa8-2e30-4b8f-bbf0-dc705c084425[1m}[0m[2m:[0m [2mbore_cli::client[0m[2m:[0m new connection
[2m2026-05-14T10:54:48.482171Z[0m [33m WARN[0m [1mproxy[0m[1m{[0m[3mid[0m[2m=[0m35dbaaa8-2e30-4b8f-bbf0-dc705c084425[1m}[0m[2m:[0m [2mbore_cli::client[0m[2m:[0m connection exited with error [3merr[0m[2m=[0mConnection reset by peer (os error 54)
Error: could not connect to bore.pub:7835

Caused by:
    No route to host (os error 65)
[2m2026-05-14T10:59:30.251911Z[0m [32m INFO[0m [2mbore_cli::client[0m[2m:[0m connected to server [3mremote_port[0m[2m=[0m23628
[2m2026-05-14T10:59:30.252065Z[0m [32m INFO[0m [2mbore_cli::client[0m[2m:[0m listening at bore.pub:23628
Error: could not connect to bore.pub:7835

Caused by:
    No route to host (os error 65)
[2m2026-05-14T11:12:45.958269Z[0m [32m INFO[0m [2mbore_cli::client[0m[2m:[0m connected to server [3mremote_port[0m[2m=[0m59967
[2m2026-05-14T11:12:45.958416Z[0m [32m INFO[0m [2mbore_cli::client[0m[2m:[0m listening at bore.pub:59967
Error: could not connect to bore.pub:7835

Caused by:
    No route to host (os error 65)
[2m2026-05-14T11:36:23.777984Z[0m [32m INFO[0m [2mbore_cli::client[0m[2m:[0m connected to server [3mremote_port[0m[2m=[0m31631
[2m2026-05-14T11:36:23.778117Z[0m [32m INFO[0m [2mbore_cli::client[0m[2m:[0m listening at bore.pub:31631
Error: could not connect to bore.pub:7835

Caused by:
    No route to host (os error 65)
[2m2026-05-14T11:59:16.074463Z[0m [32m INFO[0m [2mbore_cli::client[0m[2m:[0m connected to server [3mremote_port[0m[2m=[0m12314
[2m2026-05-14T11:59:16.074588Z[0m [32m INFO[0m [2mbore_cli::client[0m[2m:[0m listening at bore.pub:12314
Error: could not connect to bore.pub:7835

Caused by:
    No route to host (os error 65)
[2m2026-05-14T12:28:00.405417Z[0m [32m INFO[0m [2mbore_cli::client[0m[2m:[0m connected to server [3mremote_port[0m[2m=[0m24197
[2m2026-05-14T12:28:00.405580Z[0m [32m INFO[0m [2mbore_cli::client[0m[2m:[0m listening at bore.pub:24197
Error: could not connect to bore.pub:7835

Caused by:
    No route to host (os error 65)
[2m2026-05-14T12:45:50.378274Z[0m [32m INFO[0m [2mbore_cli::client[0m[2m:[0m connected to server [3mremote_port[0m[2m=[0m34405
[2m2026-05-14T12:45:50.378402Z[0m [32m INFO[0m [2mbore_cli::client[0m[2m:[0m listening at bore.pub:34405
Error: could not connect to bore.pub:7835

Caused by:
    No route to host (os error 65)
[2m2026-05-14T13:08:46.661119Z[0m [32m INFO[0m [2mbore_cli::client[0m[2m:[0m connected to server [3mremote_port[0m[2m=[0m14312
[2m2026-05-14T13:08:46.661193Z[0m [32m INFO[0m [2mbore_cli::client[0m[2m:[0m listening at bore.pub:14312
Error: could not connect to bore.pub:7835

Caused by:
    No route to host (os error 65)
[2m2026-05-14T13:34:52.645150Z[0m [32m INFO[0m [2mbore_cli::client[0m[2m:[0m connected to server [3mremote_port[0m[2m=[0m13423
[2m2026-05-14T13:34:52.645286Z[0m [32m INFO[0m [2mbore_cli::client[0m[2m:[0m listening at bore.pub:13423
Error: could not connect to bore.pub:7835

Caused by:
    No route to host (os error 65)
[2m2026-05-14T13:50:58.888275Z[0m [32m INFO[0m [2mbore_cli::client[0m[2m:[0m connected to server [3mremote_port[0m[2m=[0m8809
[2m2026-05-14T13:50:58.888432Z[0m [32m INFO[0m [2mbore_cli::client[0m[2m:[0m listening at bore.pub:8809
Error: could not connect to bore.pub:7835

Caused by:
    No route to host (os error 65)
[2m2026-05-14T14:34:38.341991Z[0m [32m INFO[0m [2mbore_cli::client[0m[2m:[0m connected to server [3mremote_port[0m[2m=[0m47823
[2m2026-05-14T14:34:38.342131Z[0m [32m INFO[0m [2mbore_cli::client[0m[2m:[0m listening at bore.pub:47823
Error: could not connect to bore.pub:7835

Caused by:
    No route to host (os error 65)
[2m2026-05-14T15:19:30.717133Z[0m [32m INFO[0m [2mbore_cli::client[0m[2m:[0m connected to server [3mremote_port[0m[2m=[0m54338
[2m2026-05-14T15:19:30.717262Z[0m [32m INFO[0m [2mbore_cli::client[0m[2m:[0m listening at bore.pub:54338
Error: could not connect to bore.pub:7835

Caused by:
    No route to host (os error 65)
[2m2026-05-14T15:41:47.039915Z[0m [32m INFO[0m [2mbore_cli::client[0m[2m:[0m connected to server [3mremote_port[0m[2m=[0m21416
[2m2026-05-14T15:41:47.040059Z[0m [32m INFO[0m [2mbore_cli::client[0m[2m:[0m listening at bore.pub:21416
Error: could not connect to bore.pub:7835

Caused by:
    No route to host (os error 65)
[2m2026-05-14T16:02:50.974603Z[0m [32m INFO[0m [2mbore_cli::client[0m[2m:[0m connected to server [3mremote_port[0m[2m=[0m56909
[2m2026-05-14T16:02:50.974745Z[0m [32m INFO[0m [2mbore_cli::client[0m[2m:[0m listening at bore.pub:56909
Error: could not connect to bore.pub:7835

Caused by:
    No route to host (os error 65)
[2m2026-05-14T16:24:31.141433Z[0m [32m INFO[0m [2mbore_cli::client[0m[2m:[0m connected to server [3mremote_port[0m[2m=[0m15562
[2m2026-05-14T16:24:31.141602Z[0m [32m INFO[0m [2mbore_cli::client[0m[2m:[0m listening at bore.pub:15562
Error: could not connect to bore.pub:7835

Caused by:
    No route to host (os error 65)
[2m2026-05-14T16:27:34.845504Z[0m [32m INFO[0m [2mbore_cli::client[0m[2m:[0m connected to server [3mremote_port[0m[2m=[0m65200
[2m2026-05-14T16:27:34.845645Z[0m [32m INFO[0m [2mbore_cli::client[0m[2m:[0m listening at bore.pub:65200
Error: could not connect to bore.pub:7835

Caused by:
    No route to host (os error 65)
[2m2026-05-14T16:29:00.199323Z[0m [32m INFO[0m [2mbore_cli::client[0m[2m:[0m connected to server [3mremote_port[0m[2m=[0m45828
[2m2026-05-14T16:29:00.199463Z[0m [32m INFO[0m [2mbore_cli::client[0m[2m:[0m listening at bore.pub:45828
Error: could not connect to bore.pub:7835

Caused by:
    No route to host (os error 65)
[2m2026-05-14T16:31:08.642381Z[0m [32m INFO[0m [2mbore_cli::client[0m[2m:[0m connected to server [3mremote_port[0m[2m=[0m27649
[2m2026-05-14T16:31:08.642524Z[0m [32m INFO[0m [2mbore_cli::client[0m[2m:[0m listening at bore.pub:27649
Error: could not connect to bore.pub:7835

Caused by:
    No route to host (os error 65)
[2m2026-05-14T16:32:41.109457Z[0m [32m INFO[0m [2mbore_cli::client[0m[2m:[0m connected to server [3mremote_port[0m[2m=[0m35897
[2m2026-05-14T16:32:41.109583Z[0m [32m INFO[0m [2mbore_cli::client[0m[2m:[0m listening at bore.pub:35897
Error: could not connect to bore.pub:7835

Caused by:
    No route to host (os error 65)
[2m2026-05-14T16:34:12.796705Z[0m [32m INFO[0m [2mbore_cli::client[0m[2m:[0m connected to server [3mremote_port[0m[2m=[0m19390
[2m2026-05-14T16:34:12.796862Z[0m [32m INFO[0m [2mbore_cli::client[0m[2m:[0m listening at bore.pub:19390
Error: could not connect to bore.pub:7835

Caused by:
    No route to host (os error 65)
[2m2026-05-14T16:35:43.599403Z[0m [32m INFO[0m [2mbore_cli::client[0m[2m:[0m connected to server [3mremote_port[0m[2m=[0m12817
[2m2026-05-14T16:35:43.599546Z[0m [32m INFO[0m [2mbore_cli::client[0m[2m:[0m listening at bore.pub:12817
Error: could not connect to bore.pub:7835

Caused by:
    No route to host (os error 65)
[2m2026-05-14T16:37:49.064581Z[0m [32m INFO[0m [2mbore_cli::client[0m[2m:[0m connected to server [3mremote_port[0m[2m=[0m4956
[2m2026-05-14T16:37:49.064730Z[0m [32m INFO[0m [2mbore_cli::client[0m[2m:[0m listening at bore.pub:4956
Error: could not connect to bore.pub:7835

Caused by:
    No route to host (os error 65)
[2m2026-05-14T16:39:29.773435Z[0m [32m INFO[0m [2mbore_cli::client[0m[2m:[0m connected to server [3mremote_port[0m[2m=[0m64505
[2m2026-05-14T16:39:29.773563Z[0m [32m INFO[0m [2mbore_cli::client[0m[2m:[0m listening at bore.pub:64505
Error: could not connect to bore.pub:7835

Caused by:
    No route to host (os error 65)
[2m2026-05-14T16:41:08.536073Z[0m [32m INFO[0m [2mbore_cli::client[0m[2m:[0m connected to server [3mremote_port[0m[2m=[0m62898
[2m2026-05-14T16:41:08.536192Z[0m [32m INFO[0m [2mbore_cli::client[0m[2m:[0m listening at bore.pub:62898
Error: could not connect to bore.pub:7835

Caused by:
    No route to host (os error 65)
[2m2026-05-14T16:45:41.157868Z[0m [32m INFO[0m [2mbore_cli::client[0m[2m:[0m connected to server [3mremote_port[0m[2m=[0m62387
[2m2026-05-14T16:45:41.157997Z[0m [32m INFO[0m [2mbore_cli::client[0m[2m:[0m listening at bore.pub:62387
Error: could not connect to bore.pub:7835

Caused by:
    No route to host (os error 65)
[2m2026-05-14T16:49:23.101616Z[0m [32m INFO[0m [2mbore_cli::client[0m[2m:[0m connected to server [3mremote_port[0m[2m=[0m28511
[2m2026-05-14T16:49:23.101726Z[0m [32m INFO[0m [2mbore_cli::client[0m[2m:[0m listening at bore.pub:28511
Error: could not connect to bore.pub:7835

Caused by:
    No route to host (os error 65)
[2m2026-05-14T16:53:29.409011Z[0m [32m INFO[0m [2mbore_cli::client[0m[2m:[0m connected to server [3mremote_port[0m[2m=[0m45634
[2m2026-05-14T16:53:29.409132Z[0m [32m INFO[0m [2mbore_cli::client[0m[2m:[0m listening at bore.pub:45634
Error: could not connect to bore.pub:7835

Caused by:
    No route to host (os error 65)
[2m2026-05-14T16:56:38.410821Z[0m [32m INFO[0m [2mbore_cli::client[0m[2m:[0m connected to server [3mremote_port[0m[2m=[0m47292
[2m2026-05-14T16:56:38.410949Z[0m [32m INFO[0m [2mbore_cli::client[0m[2m:[0m listening at bore.pub:47292
Error: could not connect to bore.pub:7835

Caused by:
    No route to host (os error 65)
[2m2026-05-14T16:58:25.823663Z[0m [32m INFO[0m [2mbore_cli::client[0m[2m:[0m connected to server [3mremote_port[0m[2m=[0m15453
[2m2026-05-14T16:58:25.823806Z[0m [32m INFO[0m [2mbore_cli::client[0m[2m:[0m listening at bore.pub:15453
Error: could not connect to bore.pub:7835

Caused by:
    No route to host (os error 65)
[2m2026-05-14T17:01:24.948604Z[0m [32m INFO[0m [2mbore_cli::client[0m[2m:[0m connected to server [3mremote_port[0m[2m=[0m20587
[2m2026-05-14T17:01:24.948730Z[0m [32m INFO[0m [2mbore_cli::client[0m[2m:[0m listening at bore.pub:20587
Error: could not connect to bore.pub:7835

Caused by:
    No route to host (os error 65)
[2m2026-05-14T17:04:11.892176Z[0m [32m INFO[0m [2mbore_cli::client[0m[2m:[0m connected to server [3mremote_port[0m[2m=[0m39971
[2m2026-05-14T17:04:11.892297Z[0m [32m INFO[0m [2mbore_cli::client[0m[2m:[0m listening at bore.pub:39971
Error: could not connect to bore.pub:7835

Caused by:
    No route to host (os error 65)
[2m2026-05-14T17:05:47.432167Z[0m [32m INFO[0m [2mbore_cli::client[0m[2m:[0m connected to server [3mremote_port[0m[2m=[0m17031
[2m2026-05-14T17:05:47.432284Z[0m [32m INFO[0m [2mbore_cli::client[0m[2m:[0m listening at bore.pub:17031
Error: could not connect to bore.pub:7835

Caused by:
    No route to host (os error 65)
[2m2026-05-14T17:06:55.340636Z[0m [32m INFO[0m [2mbore_cli::client[0m[2m:[0m connected to server [3mremote_port[0m[2m=[0m56282
[2m2026-05-14T17:06:55.340758Z[0m [32m INFO[0m [2mbore_cli::client[0m[2m:[0m listening at bore.pub:56282
Error: could not connect to bore.pub:7835

Caused by:
    No route to host (os error 65)
[2m2026-05-14T17:07:30.913806Z[0m [32m INFO[0m [2mbore_cli::client[0m[2m:[0m connected to server [3mremote_port[0m[2m=[0m60600
[2m2026-05-14T17:07:30.913931Z[0m [32m INFO[0m [2mbore_cli::client[0m[2m:[0m listening at bore.pub:60600
Error: could not connect to bore.pub:7835

Caused by:
    No route to host (os error 65)
[2m2026-05-14T17:11:17.949884Z[0m [32m INFO[0m [2mbore_cli::client[0m[2m:[0m connected to server [3mremote_port[0m[2m=[0m50848
[2m2026-05-14T17:11:17.950084Z[0m [32m INFO[0m [2mbore_cli::client[0m[2m:[0m listening at bore.pub:50848
[2m2026-05-14T17:13:48.522079Z[0m [32m INFO[0m [2mbore_cli::client[0m[2m:[0m connected to server [3mremote_port[0m[2m=[0m46725
[2m2026-05-14T17:13:48.522236Z[0m [32m INFO[0m [2mbore_cli::client[0m[2m:[0m listening at bore.pub:46725
Error: could not connect to bore.pub:7835

Caused by:
    No route to host (os error 65)
[2m2026-05-14T17:15:25.259514Z[0m [32m INFO[0m [2mbore_cli::client[0m[2m:[0m connected to server [3mremote_port[0m[2m=[0m35845
[2m2026-05-14T17:15:25.259653Z[0m [32m INFO[0m [2mbore_cli::client[0m[2m:[0m listening at bore.pub:35845
Error: could not connect to bore.pub:7835

Caused by:
    No route to host (os error 65)
[2m2026-05-14T17:17:03.720311Z[0m [32m INFO[0m [2mbore_cli::client[0m[2m:[0m connected to server [3mremote_port[0m[2m=[0m7619
[2m2026-05-14T17:17:03.720435Z[0m [32m INFO[0m [2mbore_cli::client[0m[2m:[0m listening at bore.pub:7619
Error: could not connect to bore.pub:7835

Caused by:
    No route to host (os error 65)
[2m2026-05-14T17:19:57.100202Z[0m [32m INFO[0m [2mbore_cli::client[0m[2m:[0m connected to server [3mremote_port[0m[2m=[0m57369
[2m2026-05-14T17:19:57.100333Z[0m [32m INFO[0m [2mbore_cli::client[0m[2m:[0m listening at bore.pub:57369
Error: could not connect to bore.pub:7835

Caused by:
    No route to host (os error 65)
[2m2026-05-14T17:21:33.726548Z[0m [32m INFO[0m [2mbore_cli::client[0m[2m:[0m connected to server [3mremote_port[0m[2m=[0m45647
[2m2026-05-14T17:21:33.726710Z[0m [32m INFO[0m [2mbore_cli::client[0m[2m:[0m listening at bore.pub:45647
Error: could not connect to bore.pub:7835

Caused by:
    No route to host (os error 65)
[2m2026-05-14T17:23:08.278345Z[0m [32m INFO[0m [2mbore_cli::client[0m[2m:[0m connected to server [3mremote_port[0m[2m=[0m4088
[2m2026-05-14T17:23:08.278472Z[0m [32m INFO[0m [2mbore_cli::client[0m[2m:[0m listening at bore.pub:4088
Error: could not connect to bore.pub:7835

Caused by:
    No route to host (os error 65)
[2m2026-05-14T17:26:01.440022Z[0m [32m INFO[0m [2mbore_cli::client[0m[2m:[0m connected to server [3mremote_port[0m[2m=[0m4191
[2m2026-05-14T17:26:01.440160Z[0m [32m INFO[0m [2mbore_cli::client[0m[2m:[0m listening at bore.pub:4191
Error: could not connect to bore.pub:7835

Caused by:
    No route to host (os error 65)
[2m2026-05-14T17:27:40.905491Z[0m [32m INFO[0m [2mbore_cli::client[0m[2m:[0m connected to server [3mremote_port[0m[2m=[0m60486
[2m2026-05-14T17:27:40.905623Z[0m [32m INFO[0m [2mbore_cli::client[0m[2m:[0m listening at bore.pub:60486
Error: could not connect to bore.pub:7835

Caused by:
    No route to host (os error 65)
[2m2026-05-14T17:29:15.766739Z[0m [32m INFO[0m [2mbore_cli::client[0m[2m:[0m connected to server [3mremote_port[0m[2m=[0m46753
[2m2026-05-14T17:29:15.766892Z[0m [32m INFO[0m [2mbore_cli::client[0m[2m:[0m listening at bore.pub:46753
Error: could not connect to bore.pub:7835

Caused by:
    No route to host (os error 65)
[2m2026-05-14T17:31:57.986980Z[0m [32m INFO[0m [2mbore_cli::client[0m[2m:[0m connected to server [3mremote_port[0m[2m=[0m12868
[2m2026-05-14T17:31:57.987110Z[0m [32m INFO[0m [2mbore_cli::client[0m[2m:[0m listening at bore.pub:12868
Error: could not connect to bore.pub:7835

Caused by:
    No route to host (os error 65)
[2m2026-05-14T17:33:33.765473Z[0m [32m INFO[0m [2mbore_cli::client[0m[2m:[0m connected to server [3mremote_port[0m[2m=[0m29912
[2m2026-05-14T17:33:33.765613Z[0m [32m INFO[0m [2mbore_cli::client[0m[2m:[0m listening at bore.pub:29912
Error: could not connect to bore.pub:7835

Caused by:
    No route to host (os error 65)
[2m2026-05-14T17:35:09.683883Z[0m [32m INFO[0m [2mbore_cli::client[0m[2m:[0m connected to server [3mremote_port[0m[2m=[0m24349
[2m2026-05-14T17:35:09.684005Z[0m [32m INFO[0m [2mbore_cli::client[0m[2m:[0m listening at bore.pub:24349
Error: could not connect to bore.pub:7835

Caused by:
    No route to host (os error 65)
[2m2026-05-14T17:38:01.451040Z[0m [32m INFO[0m [2mbore_cli::client[0m[2m:[0m connected to server [3mremote_port[0m[2m=[0m60116
[2m2026-05-14T17:38:01.451166Z[0m [32m INFO[0m [2mbore_cli::client[0m[2m:[0m listening at bore.pub:60116
Error: could not connect to bore.pub:7835

Caused by:
    No route to host (os error 65)
[2m2026-05-14T17:39:34.906891Z[0m [32m INFO[0m [2mbore_cli::client[0m[2m:[0m connected to server [3mremote_port[0m[2m=[0m22178
[2m2026-05-14T17:39:34.907038Z[0m [32m INFO[0m [2mbore_cli::client[0m[2m:[0m listening at bore.pub:22178
Error: could not connect to bore.pub:7835

Caused by:
    No route to host (os error 65)
[2m2026-05-14T17:41:04.795604Z[0m [32m INFO[0m [2mbore_cli::client[0m[2m:[0m connected to server [3mremote_port[0m[2m=[0m9528
[2m2026-05-14T17:41:04.795735Z[0m [32m INFO[0m [2mbore_cli::client[0m[2m:[0m listening at bore.pub:9528
Error: could not connect to bore.pub:7835

Caused by:
    No route to host (os error 65)
[2m2026-05-14T17:42:32.648816Z[0m [32m INFO[0m [2mbore_cli::client[0m[2m:[0m connected to server [3mremote_port[0m[2m=[0m20281
[2m2026-05-14T17:42:32.648943Z[0m [32m INFO[0m [2mbore_cli::client[0m[2m:[0m listening at bore.pub:20281
Error: could not connect to bore.pub:7835

Caused by:
    No route to host (os error 65)
[2m2026-05-14T17:44:09.324226Z[0m [32m INFO[0m [2mbore_cli::client[0m[2m:[0m connected to server [3mremote_port[0m[2m=[0m40133
[2m2026-05-14T17:44:09.324375Z[0m [32m INFO[0m [2mbore_cli::client[0m[2m:[0m listening at bore.pub:40133
Error: could not connect to bore.pub:7835

Caused by:
    No route to host (os error 65)
[2m2026-05-14T17:45:40.508999Z[0m [32m INFO[0m [2mbore_cli::client[0m[2m:[0m connected to server [3mremote_port[0m[2m=[0m46935
[2m2026-05-14T17:45:40.509121Z[0m [32m INFO[0m [2mbore_cli::client[0m[2m:[0m listening at bore.pub:46935
Error: could not connect to bore.pub:7835

Caused by:
    No route to host (os error 65)
[2m2026-05-14T17:47:14.690101Z[0m [32m INFO[0m [2mbore_cli::client[0m[2m:[0m connected to server [3mremote_port[0m[2m=[0m52201
[2m2026-05-14T17:47:14.690302Z[0m [32m INFO[0m [2mbore_cli::client[0m[2m:[0m listening at bore.pub:52201
Error: could not connect to bore.pub:7835

Caused by:
    No route to host (os error 65)
[2m2026-05-14T17:50:04.147586Z[0m [32m INFO[0m [2mbore_cli::client[0m[2m:[0m connected to server [3mremote_port[0m[2m=[0m26030
[2m2026-05-14T17:50:04.147714Z[0m [32m INFO[0m [2mbore_cli::client[0m[2m:[0m listening at bore.pub:26030
Error: could not connect to bore.pub:7835

Caused by:
    No route to host (os error 65)
[2m2026-05-14T17:51:41.015852Z[0m [32m INFO[0m [2mbore_cli::client[0m[2m:[0m connected to server [3mremote_port[0m[2m=[0m39981
[2m2026-05-14T17:51:41.015964Z[0m [32m INFO[0m [2mbore_cli::client[0m[2m:[0m listening at bore.pub:39981
Error: could not connect to bore.pub:7835

Caused by:
    No route to host (os error 65)
[2m2026-05-14T17:53:19.464881Z[0m [32m INFO[0m [2mbore_cli::client[0m[2m:[0m connected to server [3mremote_port[0m[2m=[0m25868
[2m2026-05-14T17:53:19.465022Z[0m [32m INFO[0m [2mbore_cli::client[0m[2m:[0m listening at bore.pub:25868
Error: could not connect to bore.pub:7835

Caused by:
    No route to host (os error 65)
[2m2026-05-14T17:54:56.152941Z[0m [32m INFO[0m [2mbore_cli::client[0m[2m:[0m connected to server [3mremote_port[0m[2m=[0m50924
[2m2026-05-14T17:54:56.153059Z[0m [32m INFO[0m [2mbore_cli::client[0m[2m:[0m listening at bore.pub:50924
Error: could not connect to bore.pub:7835

Caused by:
    No route to host (os error 65)
[2m2026-05-14T17:56:34.290465Z[0m [32m INFO[0m [2mbore_cli::client[0m[2m:[0m connected to server [3mremote_port[0m[2m=[0m29307
[2m2026-05-14T17:56:34.290597Z[0m [32m INFO[0m [2mbore_cli::client[0m[2m:[0m listening at bore.pub:29307
Error: could not connect to bore.pub:7835

Caused by:
    No route to host (os error 65)
[2m2026-05-14T17:58:12.959067Z[0m [32m INFO[0m [2mbore_cli::client[0m[2m:[0m connected to server [3mremote_port[0m[2m=[0m44844
[2m2026-05-14T17:58:12.959210Z[0m [32m INFO[0m [2mbore_cli::client[0m[2m:[0m listening at bore.pub:44844
Error: could not connect to bore.pub:7835

Caused by:
    No route to host (os error 65)
[2m2026-05-14T18:00:39.833065Z[0m [32m INFO[0m [2mbore_cli::client[0m[2m:[0m connected to server [3mremote_port[0m[2m=[0m12591
[2m2026-05-14T18:00:39.833187Z[0m [32m INFO[0m [2mbore_cli::client[0m[2m:[0m listening at bore.pub:12591
Error: could not connect to bore.pub:7835

Caused by:
    No route to host (os error 65)
[2m2026-05-14T18:03:48.529970Z[0m [32m INFO[0m [2mbore_cli::client[0m[2m:[0m connected to server [3mremote_port[0m[2m=[0m50775
[2m2026-05-14T18:03:48.530114Z[0m [32m INFO[0m [2mbore_cli::client[0m[2m:[0m listening at bore.pub:50775
Error: could not connect to bore.pub:7835

Caused by:
    No route to host (os error 65)
[2m2026-05-14T18:05:24.246429Z[0m [32m INFO[0m [2mbore_cli::client[0m[2m:[0m connected to server [3mremote_port[0m[2m=[0m13130
[2m2026-05-14T18:05:24.246551Z[0m [32m INFO[0m [2mbore_cli::client[0m[2m:[0m listening at bore.pub:13130
Error: could not connect to bore.pub:7835

Caused by:
    No route to host (os error 65)
[2m2026-05-14T18:07:10.095830Z[0m [32m INFO[0m [2mbore_cli::client[0m[2m:[0m connected to server [3mremote_port[0m[2m=[0m10047
[2m2026-05-14T18:07:10.095949Z[0m [32m INFO[0m [2mbore_cli::client[0m[2m:[0m listening at bore.pub:10047
Error: could not connect to bore.pub:7835

Caused by:
    No route to host (os error 65)
[2m2026-05-14T18:09:48.772312Z[0m [32m INFO[0m [2mbore_cli::client[0m[2m:[0m connected to server [3mremote_port[0m[2m=[0m5838
[2m2026-05-14T18:09:48.772448Z[0m [32m INFO[0m [2mbore_cli::client[0m[2m:[0m listening at bore.pub:5838
Error: could not connect to bore.pub:7835

Caused by:
    No route to host (os error 65)
[2m2026-05-14T18:11:28.062180Z[0m [32m INFO[0m [2mbore_cli::client[0m[2m:[0m connected to server [3mremote_port[0m[2m=[0m12791
[2m2026-05-14T18:11:28.062291Z[0m [32m INFO[0m [2mbore_cli::client[0m[2m:[0m listening at bore.pub:12791
Error: could not connect to bore.pub:7835

Caused by:
    No route to host (os error 65)
[2m2026-05-14T18:13:12.774392Z[0m [32m INFO[0m [2mbore_cli::client[0m[2m:[0m connected to server [3mremote_port[0m[2m=[0m22885
[2m2026-05-14T18:13:12.774553Z[0m [32m INFO[0m [2mbore_cli::client[0m[2m:[0m listening at bore.pub:22885
Error: could not connect to bore.pub:7835

Caused by:
    No route to host (os error 65)
[2m2026-05-14T18:16:06.614729Z[0m [32m INFO[0m [2mbore_cli::client[0m[2m:[0m connected to server [3mremote_port[0m[2m=[0m53290
[2m2026-05-14T18:16:06.614866Z[0m [32m INFO[0m [2mbore_cli::client[0m[2m:[0m listening at bore.pub:53290
Error: could not connect to bore.pub:7835

Caused by:
    No route to host (os error 65)
[2m2026-05-14T18:17:45.866725Z[0m [32m INFO[0m [2mbore_cli::client[0m[2m:[0m connected to server [3mremote_port[0m[2m=[0m17609
[2m2026-05-14T18:17:45.866848Z[0m [32m INFO[0m [2mbore_cli::client[0m[2m:[0m listening at bore.pub:17609
Error: could not connect to bore.pub:7835

Caused by:
    No route to host (os error 65)
[2m2026-05-14T18:19:30.061549Z[0m [32m INFO[0m [2mbore_cli::client[0m[2m:[0m connected to server [3mremote_port[0m[2m=[0m1231
[2m2026-05-14T18:19:30.061661Z[0m [32m INFO[0m [2mbore_cli::client[0m[2m:[0m listening at bore.pub:1231
Error: could not connect to bore.pub:7835

Caused by:
    No route to host (os error 65)
[2m2026-05-14T18:22:30.586735Z[0m [32m INFO[0m [2mbore_cli::client[0m[2m:[0m connected to server [3mremote_port[0m[2m=[0m19188
[2m2026-05-14T18:22:30.586866Z[0m [32m INFO[0m [2mbore_cli::client[0m[2m:[0m listening at bore.pub:19188
Error: could not connect to bore.pub:7835

Caused by:
    No route to host (os error 65)
[2m2026-05-14T18:24:17.732744Z[0m [32m INFO[0m [2mbore_cli::client[0m[2m:[0m connected to server [3mremote_port[0m[2m=[0m61955
[2m2026-05-14T18:24:17.732877Z[0m [32m INFO[0m [2mbore_cli::client[0m[2m:[0m listening at bore.pub:61955
Error: could not connect to bore.pub:7835

Caused by:
    No route to host (os error 65)
[2m2026-05-14T18:25:53.992376Z[0m [32m INFO[0m [2mbore_cli::client[0m[2m:[0m connected to server [3mremote_port[0m[2m=[0m49462
[2m2026-05-14T18:25:53.992503Z[0m [32m INFO[0m [2mbore_cli::client[0m[2m:[0m listening at bore.pub:49462
Error: could not connect to bore.pub:7835

Caused by:
    No route to host (os error 65)
[2m2026-05-14T18:28:51.820589Z[0m [32m INFO[0m [2mbore_cli::client[0m[2m:[0m connected to server [3mremote_port[0m[2m=[0m3976
[2m2026-05-14T18:28:51.820717Z[0m [32m INFO[0m [2mbore_cli::client[0m[2m:[0m listening at bore.pub:3976
Error: could not connect to bore.pub:7835

Caused by:
    No route to host (os error 65)
[2m2026-05-14T18:30:34.331854Z[0m [32m INFO[0m [2mbore_cli::client[0m[2m:[0m connected to server [3mremote_port[0m[2m=[0m35112
[2m2026-05-14T18:30:34.331997Z[0m [32m INFO[0m [2mbore_cli::client[0m[2m:[0m listening at bore.pub:35112
Error: could not connect to bore.pub:7835

Caused by:
    No route to host (os error 65)
[2m2026-05-14T18:32:21.306072Z[0m [32m INFO[0m [2mbore_cli::client[0m[2m:[0m connected to server [3mremote_port[0m[2m=[0m1116
[2m2026-05-14T18:32:21.306236Z[0m [32m INFO[0m [2mbore_cli::client[0m[2m:[0m listening at bore.pub:1116
Error: could not connect to bore.pub:7835

Caused by:
    No route to host (os error 65)
[2m2026-05-14T18:35:21.602579Z[0m [32m INFO[0m [2mbore_cli::client[0m[2m:[0m connected to server [3mremote_port[0m[2m=[0m14370
[2m2026-05-14T18:35:21.602703Z[0m [32m INFO[0m [2mbore_cli::client[0m[2m:[0m listening at bore.pub:14370
Error: could not connect to bore.pub:7835

Caused by:
    No route to host (os error 65)
[2m2026-05-14T18:37:09.623735Z[0m [32m INFO[0m [2mbore_cli::client[0m[2m:[0m connected to server [3mremote_port[0m[2m=[0m29759
[2m2026-05-14T18:37:09.623892Z[0m [32m INFO[0m [2mbore_cli::client[0m[2m:[0m listening at bore.pub:29759
Error: could not connect to bore.pub:7835

Caused by:
    No route to host (os error 65)
[2m2026-05-14T18:38:46.044516Z[0m [32m INFO[0m [2mbore_cli::client[0m[2m:[0m connected to server [3mremote_port[0m[2m=[0m28497
[2m2026-05-14T18:38:46.044674Z[0m [32m INFO[0m [2mbore_cli::client[0m[2m:[0m listening at bore.pub:28497
Error: could not connect to bore.pub:7835

Caused by:
    No route to host (os error 65)
[2m2026-05-14T18:41:38.247821Z[0m [32m INFO[0m [2mbore_cli::client[0m[2m:[0m connected to server [3mremote_port[0m[2m=[0m1902
[2m2026-05-14T18:41:38.247943Z[0m [32m INFO[0m [2mbore_cli::client[0m[2m:[0m listening at bore.pub:1902
Error: could not connect to bore.pub:7835

Caused by:
    No route to host (os error 65)
[2m2026-05-14T18:43:23.079588Z[0m [32m INFO[0m [2mbore_cli::client[0m[2m:[0m connected to server [3mremote_port[0m[2m=[0m48035
[2m2026-05-14T18:43:23.079712Z[0m [32m INFO[0m [2mbore_cli::client[0m[2m:[0m listening at bore.pub:48035
Error: could not connect to bore.pub:7835

Caused by:
    No route to host (os error 65)
[2m2026-05-14T18:44:57.671786Z[0m [32m INFO[0m [2mbore_cli::client[0m[2m:[0m connected to server [3mremote_port[0m[2m=[0m46648
[2m2026-05-14T18:44:57.671922Z[0m [32m INFO[0m [2mbore_cli::client[0m[2m:[0m listening at bore.pub:46648
Error: could not connect to bore.pub:7835

Caused by:
    No route to host (os error 65)
[2m2026-05-14T18:46:39.324469Z[0m [32m INFO[0m [2mbore_cli::client[0m[2m:[0m connected to server [3mremote_port[0m[2m=[0m33587
[2m2026-05-14T18:46:39.324619Z[0m [32m INFO[0m [2mbore_cli::client[0m[2m:[0m listening at bore.pub:33587
Error: could not connect to bore.pub:7835

Caused by:
    No route to host (os error 65)
[2m2026-05-14T18:48:16.468251Z[0m [32m INFO[0m [2mbore_cli::client[0m[2m:[0m connected to server [3mremote_port[0m[2m=[0m65432
[2m2026-05-14T18:48:16.468389Z[0m [32m INFO[0m [2mbore_cli::client[0m[2m:[0m listening at bore.pub:65432
Error: could not connect to bore.pub:7835

Caused by:
    No route to host (os error 65)
[2m2026-05-14T18:49:58.624124Z[0m [32m INFO[0m [2mbore_cli::client[0m[2m:[0m connected to server [3mremote_port[0m[2m=[0m12988
[2m2026-05-14T18:49:58.624258Z[0m [32m INFO[0m [2mbore_cli::client[0m[2m:[0m listening at bore.pub:12988
Error: could not connect to bore.pub:7835

Caused by:
    No route to host (os error 65)
[2m2026-05-14T18:51:30.952046Z[0m [32m INFO[0m [2mbore_cli::client[0m[2m:[0m connected to server [3mremote_port[0m[2m=[0m52571
[2m2026-05-14T18:51:30.952151Z[0m [32m INFO[0m [2mbore_cli::client[0m[2m:[0m listening at bore.pub:52571
Error: could not connect to bore.pub:7835

Caused by:
    No route to host (os error 65)
[2m2026-05-14T18:54:29.201024Z[0m [32m INFO[0m [2mbore_cli::client[0m[2m:[0m connected to server [3mremote_port[0m[2m=[0m25683
[2m2026-05-14T18:54:29.201150Z[0m [32m INFO[0m [2mbore_cli::client[0m[2m:[0m listening at bore.pub:25683
Error: could not connect to bore.pub:7835

Caused by:
    No route to host (os error 65)
[2m2026-05-14T18:56:05.834772Z[0m [32m INFO[0m [2mbore_cli::client[0m[2m:[0m connected to server [3mremote_port[0m[2m=[0m17192
[2m2026-05-14T18:56:05.834943Z[0m [32m INFO[0m [2mbore_cli::client[0m[2m:[0m listening at bore.pub:17192
Error: could not connect to bore.pub:7835

Caused by:
    No route to host (os error 65)
[2m2026-05-14T18:57:46.941588Z[0m [32m INFO[0m [2mbore_cli::client[0m[2m:[0m connected to server [3mremote_port[0m[2m=[0m49833
[2m2026-05-14T18:57:46.941716Z[0m [32m INFO[0m [2mbore_cli::client[0m[2m:[0m listening at bore.pub:49833
Error: could not connect to bore.pub:7835

Caused by:
    No route to host (os error 65)
[2m2026-05-14T19:00:36.484668Z[0m [32m INFO[0m [2mbore_cli::client[0m[2m:[0m connected to server [3mremote_port[0m[2m=[0m13616
[2m2026-05-14T19:00:36.484793Z[0m [32m INFO[0m [2mbore_cli::client[0m[2m:[0m listening at bore.pub:13616
Error: could not connect to bore.pub:7835

Caused by:
    No route to host (os error 65)
[2m2026-05-14T19:02:06.429220Z[0m [32m INFO[0m [2mbore_cli::client[0m[2m:[0m connected to server [3mremote_port[0m[2m=[0m42411
[2m2026-05-14T19:02:06.429341Z[0m [32m INFO[0m [2mbore_cli::client[0m[2m:[0m listening at bore.pub:42411
Error: could not connect to bore.pub:7835

Caused by:
    No route to host (os error 65)
[2m2026-05-14T19:03:32.579512Z[0m [32m INFO[0m [2mbore_cli::client[0m[2m:[0m connected to server [3mremote_port[0m[2m=[0m31420
[2m2026-05-14T19:03:32.579631Z[0m [32m INFO[0m [2mbore_cli::client[0m[2m:[0m listening at bore.pub:31420
Error: could not connect to bore.pub:7835

Caused by:
    No route to host (os error 65)
[2m2026-05-14T19:05:07.784920Z[0m [32m INFO[0m [2mbore_cli::client[0m[2m:[0m connected to server [3mremote_port[0m[2m=[0m7934
[2m2026-05-14T19:05:07.785050Z[0m [32m INFO[0m [2mbore_cli::client[0m[2m:[0m listening at bore.pub:7934
Error: could not connect to bore.pub:7835

Caused by:
    No route to host (os error 65)
[2m2026-05-14T19:07:03.516404Z[0m [32m INFO[0m [2mbore_cli::client[0m[2m:[0m connected to server [3mremote_port[0m[2m=[0m19532
[2m2026-05-14T19:07:03.516533Z[0m [32m INFO[0m [2mbore_cli::client[0m[2m:[0m listening at bore.pub:19532
Error: could not connect to bore.pub:7835

Caused by:
    No route to host (os error 65)
[2m2026-05-14T19:08:43.426008Z[0m [32m INFO[0m [2mbore_cli::client[0m[2m:[0m connected to server [3mremote_port[0m[2m=[0m1637
[2m2026-05-14T19:08:43.426152Z[0m [32m INFO[0m [2mbore_cli::client[0m[2m:[0m listening at bore.pub:1637
Error: could not connect to bore.pub:7835

Caused by:
    No route to host (os error 65)
[2m2026-05-14T19:10:13.001350Z[0m [32m INFO[0m [2mbore_cli::client[0m[2m:[0m connected to server [3mremote_port[0m[2m=[0m39235
[2m2026-05-14T19:10:13.001498Z[0m [32m INFO[0m [2mbore_cli::client[0m[2m:[0m listening at bore.pub:39235
Error: could not connect to bore.pub:7835

Caused by:
    No route to host (os error 65)
[2m2026-05-14T19:11:52.395039Z[0m [32m INFO[0m [2mbore_cli::client[0m[2m:[0m connected to server [3mremote_port[0m[2m=[0m36258
[2m2026-05-14T19:11:52.395171Z[0m [32m INFO[0m [2mbore_cli::client[0m[2m:[0m listening at bore.pub:36258
Error: could not connect to bore.pub:7835

Caused by:
    No route to host (os error 65)
[2m2026-05-14T19:13:31.910912Z[0m [32m INFO[0m [2mbore_cli::client[0m[2m:[0m connected to server [3mremote_port[0m[2m=[0m4889
[2m2026-05-14T19:13:31.911016Z[0m [32m INFO[0m [2mbore_cli::client[0m[2m:[0m listening at bore.pub:4889
Error: could not connect to bore.pub:7835

Caused by:
    No route to host (os error 65)
[2m2026-05-14T19:15:02.798640Z[0m [32m INFO[0m [2mbore_cli::client[0m[2m:[0m connected to server [3mremote_port[0m[2m=[0m5533
[2m2026-05-14T19:15:02.798779Z[0m [32m INFO[0m [2mbore_cli::client[0m[2m:[0m listening at bore.pub:5533
Error: could not connect to bore.pub:7835

Caused by:
    No route to host (os error 65)
[2m2026-05-14T19:16:35.304817Z[0m [32m INFO[0m [2mbore_cli::client[0m[2m:[0m connected to server [3mremote_port[0m[2m=[0m16068
[2m2026-05-14T19:16:35.304945Z[0m [32m INFO[0m [2mbore_cli::client[0m[2m:[0m listening at bore.pub:16068
Error: could not connect to bore.pub:7835

Caused by:
    No route to host (os error 65)
[2m2026-05-14T19:18:12.324572Z[0m [32m INFO[0m [2mbore_cli::client[0m[2m:[0m connected to server [3mremote_port[0m[2m=[0m30538
[2m2026-05-14T19:18:12.324708Z[0m [32m INFO[0m [2mbore_cli::client[0m[2m:[0m listening at bore.pub:30538
Error: could not connect to bore.pub:7835

Caused by:
    No route to host (os error 65)
[2m2026-05-14T19:19:51.903641Z[0m [32m INFO[0m [2mbore_cli::client[0m[2m:[0m connected to server [3mremote_port[0m[2m=[0m48550
[2m2026-05-14T19:19:51.903780Z[0m [32m INFO[0m [2mbore_cli::client[0m[2m:[0m listening at bore.pub:48550
Error: could not connect to bore.pub:7835

Caused by:
    No route to host (os error 65)
[2m2026-05-14T19:21:24.018420Z[0m [32m INFO[0m [2mbore_cli::client[0m[2m:[0m connected to server [3mremote_port[0m[2m=[0m29413
[2m2026-05-14T19:21:24.018559Z[0m [32m INFO[0m [2mbore_cli::client[0m[2m:[0m listening at bore.pub:29413
Error: could not connect to bore.pub:7835

Caused by:
    No route to host (os error 65)
[2m2026-05-14T19:22:56.477572Z[0m [32m INFO[0m [2mbore_cli::client[0m[2m:[0m connected to server [3mremote_port[0m[2m=[0m2190
[2m2026-05-14T19:22:56.477707Z[0m [32m INFO[0m [2mbore_cli::client[0m[2m:[0m listening at bore.pub:2190
Error: could not connect to bore.pub:7835

Caused by:
    No route to host (os error 65)
[2m2026-05-14T19:24:31.757919Z[0m [32m INFO[0m [2mbore_cli::client[0m[2m:[0m connected to server [3mremote_port[0m[2m=[0m55572
[2m2026-05-14T19:24:31.758053Z[0m [32m INFO[0m [2mbore_cli::client[0m[2m:[0m listening at bore.pub:55572
Error: could not connect to bore.pub:7835

Caused by:
    No route to host (os error 65)
[2m2026-05-14T19:25:57.150915Z[0m [32m INFO[0m [2mbore_cli::client[0m[2m:[0m connected to server [3mremote_port[0m[2m=[0m44778
[2m2026-05-14T19:25:57.151044Z[0m [32m INFO[0m [2mbore_cli::client[0m[2m:[0m listening at bore.pub:44778
Error: could not connect to bore.pub:7835

Caused by:
    No route to host (os error 65)
[2m2026-05-14T19:27:32.593397Z[0m [32m INFO[0m [2mbore_cli::client[0m[2m:[0m connected to server [3mremote_port[0m[2m=[0m24995
[2m2026-05-14T19:27:32.593513Z[0m [32m INFO[0m [2mbore_cli::client[0m[2m:[0m listening at bore.pub:24995
Error: could not connect to bore.pub:7835

Caused by:
    No route to host (os error 65)
[2m2026-05-14T19:28:55.693653Z[0m [32m INFO[0m [2mbore_cli::client[0m[2m:[0m connected to server [3mremote_port[0m[2m=[0m17509
[2m2026-05-14T19:28:55.693783Z[0m [32m INFO[0m [2mbore_cli::client[0m[2m:[0m listening at bore.pub:17509
Error: could not connect to bore.pub:7835

Caused by:
    No route to host (os error 65)
[2m2026-05-14T19:30:25.240092Z[0m [32m INFO[0m [2mbore_cli::client[0m[2m:[0m connected to server [3mremote_port[0m[2m=[0m51827
[2m2026-05-14T19:30:25.240215Z[0m [32m INFO[0m [2mbore_cli::client[0m[2m:[0m listening at bore.pub:51827
Error: could not connect to bore.pub:7835

Caused by:
    No route to host (os error 65)
[2m2026-05-14T19:32:28.650353Z[0m [32m INFO[0m [2mbore_cli::client[0m[2m:[0m connected to server [3mremote_port[0m[2m=[0m18054
[2m2026-05-14T19:32:28.650481Z[0m [32m INFO[0m [2mbore_cli::client[0m[2m:[0m listening at bore.pub:18054
Error: could not connect to bore.pub:7835

Caused by:
    No route to host (os error 65)
[2m2026-05-14T19:34:04.400680Z[0m [32m INFO[0m [2mbore_cli::client[0m[2m:[0m connected to server [3mremote_port[0m[2m=[0m9088
[2m2026-05-14T19:34:04.400801Z[0m [32m INFO[0m [2mbore_cli::client[0m[2m:[0m listening at bore.pub:9088
[2m2026-05-14T19:35:24.285923Z[0m [32m INFO[0m [2mbore_cli::client[0m[2m:[0m connected to server [3mremote_port[0m[2m=[0m51260
[2m2026-05-14T19:35:24.286061Z[0m [32m INFO[0m [2mbore_cli::client[0m[2m:[0m listening at bore.pub:51260
Error: could not connect to bore.pub:7835

Caused by:
    No route to host (os error 65)
[2m2026-05-14T19:37:04.385491Z[0m [32m INFO[0m [2mbore_cli::client[0m[2m:[0m connected to server [3mremote_port[0m[2m=[0m1203
[2m2026-05-14T19:37:04.385619Z[0m [32m INFO[0m [2mbore_cli::client[0m[2m:[0m listening at bore.pub:1203
[2m2026-05-14T19:38:31.979844Z[0m [32m INFO[0m [2mbore_cli::client[0m[2m:[0m connected to server [3mremote_port[0m[2m=[0m51131
[2m2026-05-14T19:38:31.979963Z[0m [32m INFO[0m [2mbore_cli::client[0m[2m:[0m listening at bore.pub:51131
Error: could not connect to bore.pub:7835

Caused by:
    No route to host (os error 65)
[2m2026-05-14T19:40:04.891717Z[0m [32m INFO[0m [2mbore_cli::client[0m[2m:[0m connected to server [3mremote_port[0m[2m=[0m8274
[2m2026-05-14T19:40:04.891836Z[0m [32m INFO[0m [2mbore_cli::client[0m[2m:[0m listening at bore.pub:8274
Error: could not connect to bore.pub:7835

Caused by:
    No route to host (os error 65)
[2m2026-05-14T19:41:33.924713Z[0m [32m INFO[0m [2mbore_cli::client[0m[2m:[0m connected to server [3mremote_port[0m[2m=[0m14144
[2m2026-05-14T19:41:33.924843Z[0m [32m INFO[0m [2mbore_cli::client[0m[2m:[0m listening at bore.pub:14144
Error: could not connect to bore.pub:7835

Caused by:
    No route to host (os error 65)
[2m2026-05-14T19:42:54.384245Z[0m [32m INFO[0m [2mbore_cli::client[0m[2m:[0m connected to server [3mremote_port[0m[2m=[0m51572
[2m2026-05-14T19:42:54.384374Z[0m [32m INFO[0m [2mbore_cli::client[0m[2m:[0m listening at bore.pub:51572
Error: could not connect to bore.pub:7835

Caused by:
    No route to host (os error 65)
[2m2026-05-14T19:45:01.485246Z[0m [32m INFO[0m [2mbore_cli::client[0m[2m:[0m connected to server [3mremote_port[0m[2m=[0m34172
[2m2026-05-14T19:45:01.485403Z[0m [32m INFO[0m [2mbore_cli::client[0m[2m:[0m listening at bore.pub:34172
Error: could not connect to bore.pub:7835

Caused by:
    No route to host (os error 65)
[2m2026-05-14T19:46:35.674541Z[0m [32m INFO[0m [2mbore_cli::client[0m[2m:[0m connected to server [3mremote_port[0m[2m=[0m6970
[2m2026-05-14T19:46:35.674671Z[0m [32m INFO[0m [2mbore_cli::client[0m[2m:[0m listening at bore.pub:6970
Error: could not connect to bore.pub:7835

Caused by:
    No route to host (os error 65)
[2m2026-05-14T19:48:17.371729Z[0m [32m INFO[0m [2mbore_cli::client[0m[2m:[0m connected to server [3mremote_port[0m[2m=[0m59503
[2m2026-05-14T19:48:17.371858Z[0m [32m INFO[0m [2mbore_cli::client[0m[2m:[0m listening at bore.pub:59503
Error: could not connect to bore.pub:7835

Caused by:
    No route to host (os error 65)
[2m2026-05-14T19:51:02.698777Z[0m [32m INFO[0m [2mbore_cli::client[0m[2m:[0m connected to server [3mremote_port[0m[2m=[0m51520
[2m2026-05-14T19:51:02.698913Z[0m [32m INFO[0m [2mbore_cli::client[0m[2m:[0m listening at bore.pub:51520
Error: could not connect to bore.pub:7835

Caused by:
    No route to host (os error 65)
[2m2026-05-14T19:52:37.564419Z[0m [32m INFO[0m [2mbore_cli::client[0m[2m:[0m connected to server [3mremote_port[0m[2m=[0m59213
[2m2026-05-14T19:52:37.564543Z[0m [32m INFO[0m [2mbore_cli::client[0m[2m:[0m listening at bore.pub:59213
Error: could not connect to bore.pub:7835

Caused by:
    No route to host (os error 65)
[2m2026-05-14T19:54:11.822798Z[0m [32m INFO[0m [2mbore_cli::client[0m[2m:[0m connected to server [3mremote_port[0m[2m=[0m49349
[2m2026-05-14T19:54:11.822951Z[0m [32m INFO[0m [2mbore_cli::client[0m[2m:[0m listening at bore.pub:49349
Error: could not connect to bore.pub:7835

Caused by:
    No route to host (os error 65)
[2m2026-05-14T19:55:43.834915Z[0m [32m INFO[0m [2mbore_cli::client[0m[2m:[0m connected to server [3mremote_port[0m[2m=[0m60645
[2m2026-05-14T19:55:43.835037Z[0m [32m INFO[0m [2mbore_cli::client[0m[2m:[0m listening at bore.pub:60645
Error: could not connect to bore.pub:7835

Caused by:
    No route to host (os error 65)
[2m2026-05-14T19:57:33.635001Z[0m [32m INFO[0m [2mbore_cli::client[0m[2m:[0m connected to server [3mremote_port[0m[2m=[0m7995
[2m2026-05-14T19:57:33.635133Z[0m [32m INFO[0m [2mbore_cli::client[0m[2m:[0m listening at bore.pub:7995
Error: could not connect to bore.pub:7835

Caused by:
    No route to host (os error 65)
[2m2026-05-14T19:59:14.241411Z[0m [32m INFO[0m [2mbore_cli::client[0m[2m:[0m connected to server [3mremote_port[0m[2m=[0m21520
[2m2026-05-14T19:59:14.241487Z[0m [32m INFO[0m [2mbore_cli::client[0m[2m:[0m listening at bore.pub:21520
Error: could not connect to bore.pub:7835

Caused by:
    No route to host (os error 65)
[2m2026-05-14T20:00:50.884327Z[0m [32m INFO[0m [2mbore_cli::client[0m[2m:[0m connected to server [3mremote_port[0m[2m=[0m18504
[2m2026-05-14T20:00:50.884444Z[0m [32m INFO[0m [2mbore_cli::client[0m[2m:[0m listening at bore.pub:18504
Error: could not connect to bore.pub:7835

Caused by:
    No route to host (os error 65)
[2m2026-05-14T20:03:39.601664Z[0m [32m INFO[0m [2mbore_cli::client[0m[2m:[0m connected to server [3mremote_port[0m[2m=[0m3097
[2m2026-05-14T20:03:39.601783Z[0m [32m INFO[0m [2mbore_cli::client[0m[2m:[0m listening at bore.pub:3097
Error: could not connect to bore.pub:7835

Caused by:
    No route to host (os error 65)
[2m2026-05-14T20:05:18.284810Z[0m [32m INFO[0m [2mbore_cli::client[0m[2m:[0m connected to server [3mremote_port[0m[2m=[0m59081
[2m2026-05-14T20:05:18.284929Z[0m [32m INFO[0m [2mbore_cli::client[0m[2m:[0m listening at bore.pub:59081
Error: could not connect to bore.pub:7835

Caused by:
    No route to host (os error 65)
[2m2026-05-14T20:06:58.979452Z[0m [32m INFO[0m [2mbore_cli::client[0m[2m:[0m connected to server [3mremote_port[0m[2m=[0m6076
[2m2026-05-14T20:06:58.979598Z[0m [32m INFO[0m [2mbore_cli::client[0m[2m:[0m listening at bore.pub:6076
Error: could not connect to bore.pub:7835

Caused by:
    No route to host (os error 65)
[2m2026-05-14T20:10:01.010512Z[0m [32m INFO[0m [2mbore_cli::client[0m[2m:[0m connected to server [3mremote_port[0m[2m=[0m27474
[2m2026-05-14T20:10:01.010672Z[0m [32m INFO[0m [2mbore_cli::client[0m[2m:[0m listening at bore.pub:27474
Error: could not connect to bore.pub:7835

Caused by:
    No route to host (os error 65)
[2m2026-05-14T20:11:46.316851Z[0m [32m INFO[0m [2mbore_cli::client[0m[2m:[0m connected to server [3mremote_port[0m[2m=[0m31259
[2m2026-05-14T20:11:46.316996Z[0m [32m INFO[0m [2mbore_cli::client[0m[2m:[0m listening at bore.pub:31259
Error: could not connect to bore.pub:7835

Caused by:
    No route to host (os error 65)
[2m2026-05-14T20:13:27.068407Z[0m [32m INFO[0m [2mbore_cli::client[0m[2m:[0m connected to server [3mremote_port[0m[2m=[0m6447
[2m2026-05-14T20:13:27.068554Z[0m [32m INFO[0m [2mbore_cli::client[0m[2m:[0m listening at bore.pub:6447
Error: could not connect to bore.pub:7835

Caused by:
    No route to host (os error 65)
[2m2026-05-14T20:16:01.347593Z[0m [32m INFO[0m [2mbore_cli::client[0m[2m:[0m connected to server [3mremote_port[0m[2m=[0m2837
[2m2026-05-14T20:16:01.347757Z[0m [32m INFO[0m [2mbore_cli::client[0m[2m:[0m listening at bore.pub:2837
Error: could not connect to bore.pub:7835

Caused by:
    No route to host (os error 65)
[2m2026-05-14T20:17:46.146305Z[0m [32m INFO[0m [2mbore_cli::client[0m[2m:[0m connected to server [3mremote_port[0m[2m=[0m44805
[2m2026-05-14T20:17:46.146452Z[0m [32m INFO[0m [2mbore_cli::client[0m[2m:[0m listening at bore.pub:44805
Error: could not connect to bore.pub:7835

Caused by:
    No route to host (os error 65)
[2m2026-05-14T20:19:28.406639Z[0m [32m INFO[0m [2mbore_cli::client[0m[2m:[0m connected to server [3mremote_port[0m[2m=[0m54661
[2m2026-05-14T20:19:28.406765Z[0m [32m INFO[0m [2mbore_cli::client[0m[2m:[0m listening at bore.pub:54661
Error: could not connect to bore.pub:7835

Caused by:
    No route to host (os error 65)
[2m2026-05-14T20:20:43.825611Z[0m [32m INFO[0m [2mbore_cli::client[0m[2m:[0m connected to server [3mremote_port[0m[2m=[0m45723
[2m2026-05-14T20:20:43.825740Z[0m [32m INFO[0m [2mbore_cli::client[0m[2m:[0m listening at bore.pub:45723
Error: could not connect to bore.pub:7835

Caused by:
    No route to host (os error 65)
[2m2026-05-14T20:22:24.517932Z[0m [32m INFO[0m [2mbore_cli::client[0m[2m:[0m connected to server [3mremote_port[0m[2m=[0m13778
[2m2026-05-14T20:22:24.518060Z[0m [32m INFO[0m [2mbore_cli::client[0m[2m:[0m listening at bore.pub:13778
Error: could not connect to bore.pub:7835

Caused by:
    No route to host (os error 65)
[2m2026-05-14T20:24:01.007416Z[0m [32m INFO[0m [2mbore_cli::client[0m[2m:[0m connected to server [3mremote_port[0m[2m=[0m8498
[2m2026-05-14T20:24:01.007583Z[0m [32m INFO[0m [2mbore_cli::client[0m[2m:[0m listening at bore.pub:8498
Error: could not connect to bore.pub:7835

Caused by:
    No route to host (os error 65)
[2m2026-05-14T20:25:31.778359Z[0m [32m INFO[0m [2mbore_cli::client[0m[2m:[0m connected to server [3mremote_port[0m[2m=[0m19203
[2m2026-05-14T20:25:31.778480Z[0m [32m INFO[0m [2mbore_cli::client[0m[2m:[0m listening at bore.pub:19203
Error: could not connect to bore.pub:7835

Caused by:
    No route to host (os error 65)
[2m2026-05-14T20:28:39.165067Z[0m [32m INFO[0m [2mbore_cli::client[0m[2m:[0m connected to server [3mremote_port[0m[2m=[0m42249
[2m2026-05-14T20:28:39.165226Z[0m [32m INFO[0m [2mbore_cli::client[0m[2m:[0m listening at bore.pub:42249
Error: could not connect to bore.pub:7835

Caused by:
    No route to host (os error 65)
[2m2026-05-14T20:30:20.450475Z[0m [32m INFO[0m [2mbore_cli::client[0m[2m:[0m connected to server [3mremote_port[0m[2m=[0m52768
[2m2026-05-14T20:30:20.450631Z[0m [32m INFO[0m [2mbore_cli::client[0m[2m:[0m listening at bore.pub:52768
Error: could not connect to bore.pub:7835

Caused by:
    No route to host (os error 65)
[2m2026-05-14T20:32:06.125739Z[0m [32m INFO[0m [2mbore_cli::client[0m[2m:[0m connected to server [3mremote_port[0m[2m=[0m23837
[2m2026-05-14T20:32:06.125873Z[0m [32m INFO[0m [2mbore_cli::client[0m[2m:[0m listening at bore.pub:23837
Error: could not connect to bore.pub:7835

Caused by:
    No route to host (os error 65)
[2m2026-05-14T20:35:00.290781Z[0m [32m INFO[0m [2mbore_cli::client[0m[2m:[0m connected to server [3mremote_port[0m[2m=[0m34192
[2m2026-05-14T20:35:00.290850Z[0m [32m INFO[0m [2mbore_cli::client[0m[2m:[0m listening at bore.pub:34192
Error: could not connect to bore.pub:7835

Caused by:
    No route to host (os error 65)
[2m2026-05-14T20:36:33.607566Z[0m [32m INFO[0m [2mbore_cli::client[0m[2m:[0m connected to server [3mremote_port[0m[2m=[0m16608
[2m2026-05-14T20:36:33.607709Z[0m [32m INFO[0m [2mbore_cli::client[0m[2m:[0m listening at bore.pub:16608
Error: could not connect to bore.pub:7835

Caused by:
    No route to host (os error 65)
[2m2026-05-14T20:38:05.422971Z[0m [32m INFO[0m [2mbore_cli::client[0m[2m:[0m connected to server [3mremote_port[0m[2m=[0m14319
[2m2026-05-14T20:38:05.423123Z[0m [32m INFO[0m [2mbore_cli::client[0m[2m:[0m listening at bore.pub:14319
Error: could not connect to bore.pub:7835

Caused by:
    No route to host (os error 65)
[2m2026-05-14T20:40:58.425628Z[0m [32m INFO[0m [2mbore_cli::client[0m[2m:[0m connected to server [3mremote_port[0m[2m=[0m63727
[2m2026-05-14T20:40:58.425777Z[0m [32m INFO[0m [2mbore_cli::client[0m[2m:[0m listening at bore.pub:63727
Error: could not connect to bore.pub:7835

Caused by:
    No route to host (os error 65)
[2m2026-05-14T20:42:31.403775Z[0m [32m INFO[0m [2mbore_cli::client[0m[2m:[0m connected to server [3mremote_port[0m[2m=[0m15105
[2m2026-05-14T20:42:31.403899Z[0m [32m INFO[0m [2mbore_cli::client[0m[2m:[0m listening at bore.pub:15105
Error: could not connect to bore.pub:7835

Caused by:
    No route to host (os error 65)
[2m2026-05-14T20:44:07.152019Z[0m [32m INFO[0m [2mbore_cli::client[0m[2m:[0m connected to server [3mremote_port[0m[2m=[0m6033
[2m2026-05-14T20:44:07.152155Z[0m [32m INFO[0m [2mbore_cli::client[0m[2m:[0m listening at bore.pub:6033
Error: could not connect to bore.pub:7835

Caused by:
    No route to host (os error 65)
[2m2026-05-14T20:47:08.479744Z[0m [32m INFO[0m [2mbore_cli::client[0m[2m:[0m connected to server [3mremote_port[0m[2m=[0m37060
[2m2026-05-14T20:47:08.479872Z[0m [32m INFO[0m [2mbore_cli::client[0m[2m:[0m listening at bore.pub:37060
Error: could not connect to bore.pub:7835

Caused by:
    No route to host (os error 65)
[2m2026-05-14T20:48:51.958578Z[0m [32m INFO[0m [2mbore_cli::client[0m[2m:[0m connected to server [3mremote_port[0m[2m=[0m35838
[2m2026-05-14T20:48:51.958710Z[0m [32m INFO[0m [2mbore_cli::client[0m[2m:[0m listening at bore.pub:35838
Error: could not connect to bore.pub:7835

Caused by:
    No route to host (os error 65)
[2m2026-05-14T20:50:30.121147Z[0m [32m INFO[0m [2mbore_cli::client[0m[2m:[0m connected to server [3mremote_port[0m[2m=[0m60769
[2m2026-05-14T20:50:30.121279Z[0m [32m INFO[0m [2mbore_cli::client[0m[2m:[0m listening at bore.pub:60769
Error: could not connect to bore.pub:7835

Caused by:
    No route to host (os error 65)
[2m2026-05-14T20:53:26.581496Z[0m [32m INFO[0m [2mbore_cli::client[0m[2m:[0m connected to server [3mremote_port[0m[2m=[0m21499
[2m2026-05-14T20:53:26.581626Z[0m [32m INFO[0m [2mbore_cli::client[0m[2m:[0m listening at bore.pub:21499
Error: could not connect to bore.pub:7835

Caused by:
    No route to host (os error 65)
[2m2026-05-14T20:55:07.667457Z[0m [32m INFO[0m [2mbore_cli::client[0m[2m:[0m connected to server [3mremote_port[0m[2m=[0m37362
[2m2026-05-14T20:55:07.667568Z[0m [32m INFO[0m [2mbore_cli::client[0m[2m:[0m listening at bore.pub:37362
Error: could not connect to bore.pub:7835

Caused by:
    No route to host (os error 65)
[2m2026-05-14T20:56:41.656087Z[0m [32m INFO[0m [2mbore_cli::client[0m[2m:[0m connected to server [3mremote_port[0m[2m=[0m29129
[2m2026-05-14T20:56:41.656212Z[0m [32m INFO[0m [2mbore_cli::client[0m[2m:[0m listening at bore.pub:29129
Error: could not connect to bore.pub:7835

Caused by:
    No route to host (os error 65)
[2m2026-05-14T20:59:31.469074Z[0m [32m INFO[0m [2mbore_cli::client[0m[2m:[0m connected to server [3mremote_port[0m[2m=[0m2691
[2m2026-05-14T20:59:31.469204Z[0m [32m INFO[0m [2mbore_cli::client[0m[2m:[0m listening at bore.pub:2691
Error: could not connect to bore.pub:7835

Caused by:
    No route to host (os error 65)
[2m2026-05-14T21:01:03.398304Z[0m [32m INFO[0m [2mbore_cli::client[0m[2m:[0m connected to server [3mremote_port[0m[2m=[0m62749
[2m2026-05-14T21:01:03.398436Z[0m [32m INFO[0m [2mbore_cli::client[0m[2m:[0m listening at bore.pub:62749
[2m2026-05-14T21:02:27.759962Z[0m [32m INFO[0m [2mbore_cli::client[0m[2m:[0m connected to server [3mremote_port[0m[2m=[0m21784
[2m2026-05-14T21:02:27.760099Z[0m [32m INFO[0m [2mbore_cli::client[0m[2m:[0m listening at bore.pub:21784
Error: could not connect to bore.pub:7835

Caused by:
    No route to host (os error 65)
[2m2026-05-14T21:04:16.653812Z[0m [32m INFO[0m [2mbore_cli::client[0m[2m:[0m connected to server [3mremote_port[0m[2m=[0m4507
[2m2026-05-14T21:04:16.653938Z[0m [32m INFO[0m [2mbore_cli::client[0m[2m:[0m listening at bore.pub:4507
Error: could not connect to bore.pub:7835

Caused by:
    No route to host (os error 65)
[2m2026-05-14T21:06:02.695078Z[0m [32m INFO[0m [2mbore_cli::client[0m[2m:[0m connected to server [3mremote_port[0m[2m=[0m58452
[2m2026-05-14T21:06:02.695224Z[0m [32m INFO[0m [2mbore_cli::client[0m[2m:[0m listening at bore.pub:58452
Error: could not connect to bore.pub:7835

Caused by:
    No route to host (os error 65)
[2m2026-05-14T21:07:35.329310Z[0m [32m INFO[0m [2mbore_cli::client[0m[2m:[0m connected to server [3mremote_port[0m[2m=[0m49638
[2m2026-05-14T21:07:35.329445Z[0m [32m INFO[0m [2mbore_cli::client[0m[2m:[0m listening at bore.pub:49638
[2m2026-05-14T21:09:05.777762Z[0m [32m INFO[0m [2mbore_cli::client[0m[2m:[0m connected to server [3mremote_port[0m[2m=[0m33121
[2m2026-05-14T21:09:05.777921Z[0m [32m INFO[0m [2mbore_cli::client[0m[2m:[0m listening at bore.pub:33121
Error: could not connect to bore.pub:7835

Caused by:
    No route to host (os error 65)
[2m2026-05-14T21:11:59.423602Z[0m [32m INFO[0m [2mbore_cli::client[0m[2m:[0m connected to server [3mremote_port[0m[2m=[0m45859
[2m2026-05-14T21:11:59.423755Z[0m [32m INFO[0m [2mbore_cli::client[0m[2m:[0m listening at bore.pub:45859
Error: could not connect to bore.pub:7835

Caused by:
    No route to host (os error 65)
[2m2026-05-14T21:13:34.945864Z[0m [32m INFO[0m [2mbore_cli::client[0m[2m:[0m connected to server [3mremote_port[0m[2m=[0m23362
[2m2026-05-14T21:13:34.946004Z[0m [32m INFO[0m [2mbore_cli::client[0m[2m:[0m listening at bore.pub:23362
Error: could not connect to bore.pub:7835

Caused by:
    No route to host (os error 65)
[2m2026-05-14T21:15:16.089041Z[0m [32m INFO[0m [2mbore_cli::client[0m[2m:[0m connected to server [3mremote_port[0m[2m=[0m50122
[2m2026-05-14T21:15:16.089161Z[0m [32m INFO[0m [2mbore_cli::client[0m[2m:[0m listening at bore.pub:50122
Error: could not connect to bore.pub:7835

Caused by:
    No route to host (os error 65)
[2m2026-05-14T21:16:54.841781Z[0m [32m INFO[0m [2mbore_cli::client[0m[2m:[0m connected to server [3mremote_port[0m[2m=[0m7988
[2m2026-05-14T21:16:54.841918Z[0m [32m INFO[0m [2mbore_cli::client[0m[2m:[0m listening at bore.pub:7988
Error: could not connect to bore.pub:7835

Caused by:
    No route to host (os error 65)
[2m2026-05-14T21:18:34.650354Z[0m [32m INFO[0m [2mbore_cli::client[0m[2m:[0m connected to server [3mremote_port[0m[2m=[0m2244
[2m2026-05-14T21:18:34.650474Z[0m [32m INFO[0m [2mbore_cli::client[0m[2m:[0m listening at bore.pub:2244
Error: could not connect to bore.pub:7835

Caused by:
    No route to host (os error 65)
[2m2026-05-14T21:20:13.243316Z[0m [32m INFO[0m [2mbore_cli::client[0m[2m:[0m connected to server [3mremote_port[0m[2m=[0m5471
[2m2026-05-14T21:20:13.243468Z[0m [32m INFO[0m [2mbore_cli::client[0m[2m:[0m listening at bore.pub:5471
Error: could not connect to bore.pub:7835

Caused by:
    No route to host (os error 65)
[2m2026-05-14T21:21:56.236652Z[0m [32m INFO[0m [2mbore_cli::client[0m[2m:[0m connected to server [3mremote_port[0m[2m=[0m62543
[2m2026-05-14T21:21:56.236790Z[0m [32m INFO[0m [2mbore_cli::client[0m[2m:[0m listening at bore.pub:62543
Error: could not connect to bore.pub:7835

Caused by:
    No route to host (os error 65)
[2m2026-05-14T21:24:51.462362Z[0m [32m INFO[0m [2mbore_cli::client[0m[2m:[0m connected to server [3mremote_port[0m[2m=[0m28369
[2m2026-05-14T21:24:51.462495Z[0m [32m INFO[0m [2mbore_cli::client[0m[2m:[0m listening at bore.pub:28369
Error: could not connect to bore.pub:7835

Caused by:
    No route to host (os error 65)
[2m2026-05-14T21:26:34.480794Z[0m [32m INFO[0m [2mbore_cli::client[0m[2m:[0m connected to server [3mremote_port[0m[2m=[0m55865
[2m2026-05-14T21:26:34.480913Z[0m [32m INFO[0m [2mbore_cli::client[0m[2m:[0m listening at bore.pub:55865
Error: could not connect to bore.pub:7835

Caused by:
    No route to host (os error 65)
[2m2026-05-14T21:28:18.199151Z[0m [32m INFO[0m [2mbore_cli::client[0m[2m:[0m connected to server [3mremote_port[0m[2m=[0m55515
[2m2026-05-14T21:28:18.199288Z[0m [32m INFO[0m [2mbore_cli::client[0m[2m:[0m listening at bore.pub:55515
Error: could not connect to bore.pub:7835

Caused by:
    No route to host (os error 65)
[2m2026-05-14T21:30:58.020899Z[0m [32m INFO[0m [2mbore_cli::client[0m[2m:[0m connected to server [3mremote_port[0m[2m=[0m13539
[2m2026-05-14T21:30:58.021039Z[0m [32m INFO[0m [2mbore_cli::client[0m[2m:[0m listening at bore.pub:13539
Error: could not connect to bore.pub:7835

Caused by:
    No route to host (os error 65)
[2m2026-05-14T21:32:36.692486Z[0m [32m INFO[0m [2mbore_cli::client[0m[2m:[0m connected to server [3mremote_port[0m[2m=[0m43352
[2m2026-05-14T21:32:36.692614Z[0m [32m INFO[0m [2mbore_cli::client[0m[2m:[0m listening at bore.pub:43352
Error: could not connect to bore.pub:7835

Caused by:
    No route to host (os error 65)
[2m2026-05-14T21:34:22.936605Z[0m [32m INFO[0m [2mbore_cli::client[0m[2m:[0m connected to server [3mremote_port[0m[2m=[0m5075
[2m2026-05-14T21:34:22.936728Z[0m [32m INFO[0m [2mbore_cli::client[0m[2m:[0m listening at bore.pub:5075
Error: could not connect to bore.pub:7835

Caused by:
    No route to host (os error 65)
[2m2026-05-14T21:37:19.765687Z[0m [32m INFO[0m [2mbore_cli::client[0m[2m:[0m connected to server [3mremote_port[0m[2m=[0m22884
[2m2026-05-14T21:37:19.765857Z[0m [32m INFO[0m [2mbore_cli::client[0m[2m:[0m listening at bore.pub:22884
Error: could not connect to bore.pub:7835

Caused by:
    No route to host (os error 65)
[2m2026-05-14T21:39:05.654699Z[0m [32m INFO[0m [2mbore_cli::client[0m[2m:[0m connected to server [3mremote_port[0m[2m=[0m9735
[2m2026-05-14T21:39:05.654766Z[0m [32m INFO[0m [2mbore_cli::client[0m[2m:[0m listening at bore.pub:9735
Error: could not connect to bore.pub:7835

Caused by:
    No route to host (os error 65)
[2m2026-05-14T21:40:51.864291Z[0m [32m INFO[0m [2mbore_cli::client[0m[2m:[0m connected to server [3mremote_port[0m[2m=[0m25294
[2m2026-05-14T21:40:51.864417Z[0m [32m INFO[0m [2mbore_cli::client[0m[2m:[0m listening at bore.pub:25294
Error: could not connect to bore.pub:7835

Caused by:
    No route to host (os error 65)
[2m2026-05-14T21:43:40.412276Z[0m [32m INFO[0m [2mbore_cli::client[0m[2m:[0m connected to server [3mremote_port[0m[2m=[0m26531
[2m2026-05-14T21:43:40.412400Z[0m [32m INFO[0m [2mbore_cli::client[0m[2m:[0m listening at bore.pub:26531
Error: could not connect to bore.pub:7835

Caused by:
    No route to host (os error 65)
[2m2026-05-14T21:45:28.972067Z[0m [32m INFO[0m [2mbore_cli::client[0m[2m:[0m connected to server [3mremote_port[0m[2m=[0m29984
[2m2026-05-14T21:45:28.972202Z[0m [32m INFO[0m [2mbore_cli::client[0m[2m:[0m listening at bore.pub:29984
Error: could not connect to bore.pub:7835

Caused by:
    No route to host (os error 65)
[2m2026-05-14T21:47:14.712816Z[0m [32m INFO[0m [2mbore_cli::client[0m[2m:[0m connected to server [3mremote_port[0m[2m=[0m16973
[2m2026-05-14T21:47:14.712939Z[0m [32m INFO[0m [2mbore_cli::client[0m[2m:[0m listening at bore.pub:16973
Error: could not connect to bore.pub:7835

Caused by:
    No route to host (os error 65)
[2m2026-05-14T21:49:51.813366Z[0m [32m INFO[0m [2mbore_cli::client[0m[2m:[0m connected to server [3mremote_port[0m[2m=[0m48349
[2m2026-05-14T21:49:51.813453Z[0m [32m INFO[0m [2mbore_cli::client[0m[2m:[0m listening at bore.pub:48349
Error: could not connect to bore.pub:7835

Caused by:
    No route to host (os error 65)
[2m2026-05-14T21:51:43.046911Z[0m [32m INFO[0m [2mbore_cli::client[0m[2m:[0m connected to server [3mremote_port[0m[2m=[0m24776
[2m2026-05-14T21:51:43.047042Z[0m [32m INFO[0m [2mbore_cli::client[0m[2m:[0m listening at bore.pub:24776
Error: could not connect to bore.pub:7835

Caused by:
    No route to host (os error 65)
[2m2026-05-14T21:53:31.705424Z[0m [32m INFO[0m [2mbore_cli::client[0m[2m:[0m connected to server [3mremote_port[0m[2m=[0m16923
[2m2026-05-14T21:53:31.705556Z[0m [32m INFO[0m [2mbore_cli::client[0m[2m:[0m listening at bore.pub:16923
Error: could not connect to bore.pub:7835

Caused by:
    No route to host (os error 65)
[2m2026-05-14T21:56:08.496948Z[0m [32m INFO[0m [2mbore_cli::client[0m[2m:[0m connected to server [3mremote_port[0m[2m=[0m34466
[2m2026-05-14T21:56:08.497082Z[0m [32m INFO[0m [2mbore_cli::client[0m[2m:[0m listening at bore.pub:34466
Error: could not connect to bore.pub:7835

Caused by:
    No route to host (os error 65)
[2m2026-05-14T21:57:47.153919Z[0m [32m INFO[0m [2mbore_cli::client[0m[2m:[0m connected to server [3mremote_port[0m[2m=[0m38238
[2m2026-05-14T21:57:47.154035Z[0m [32m INFO[0m [2mbore_cli::client[0m[2m:[0m listening at bore.pub:38238
Error: could not connect to bore.pub:7835

Caused by:
    No route to host (os error 65)
[2m2026-05-14T21:59:33.393684Z[0m [32m INFO[0m [2mbore_cli::client[0m[2m:[0m connected to server [3mremote_port[0m[2m=[0m51557
[2m2026-05-14T21:59:33.393808Z[0m [32m INFO[0m [2mbore_cli::client[0m[2m:[0m listening at bore.pub:51557
Error: could not connect to bore.pub:7835

Caused by:
    No route to host (os error 65)
[2m2026-05-14T22:02:20.981544Z[0m [32m INFO[0m [2mbore_cli::client[0m[2m:[0m connected to server [3mremote_port[0m[2m=[0m36028
[2m2026-05-14T22:02:20.981673Z[0m [32m INFO[0m [2mbore_cli::client[0m[2m:[0m listening at bore.pub:36028
Error: could not connect to bore.pub:7835

Caused by:
    No route to host (os error 65)
[2m2026-05-14T22:04:00.887155Z[0m [32m INFO[0m [2mbore_cli::client[0m[2m:[0m connected to server [3mremote_port[0m[2m=[0m14662
[2m2026-05-14T22:04:00.887302Z[0m [32m INFO[0m [2mbore_cli::client[0m[2m:[0m listening at bore.pub:14662
Error: could not connect to bore.pub:7835

Caused by:
    No route to host (os error 65)
[2m2026-05-14T22:05:46.674655Z[0m [32m INFO[0m [2mbore_cli::client[0m[2m:[0m connected to server [3mremote_port[0m[2m=[0m20769
[2m2026-05-14T22:05:46.674780Z[0m [32m INFO[0m [2mbore_cli::client[0m[2m:[0m listening at bore.pub:20769
Error: could not connect to bore.pub:7835

Caused by:
    No route to host (os error 65)
[2m2026-05-14T22:08:37.038964Z[0m [32m INFO[0m [2mbore_cli::client[0m[2m:[0m connected to server [3mremote_port[0m[2m=[0m50251
[2m2026-05-14T22:08:37.039120Z[0m [32m INFO[0m [2mbore_cli::client[0m[2m:[0m listening at bore.pub:50251
Error: could not connect to bore.pub:7835

Caused by:
    No route to host (os error 65)
[2m2026-05-14T22:10:28.228539Z[0m [32m INFO[0m [2mbore_cli::client[0m[2m:[0m connected to server [3mremote_port[0m[2m=[0m2739
[2m2026-05-14T22:10:28.228664Z[0m [32m INFO[0m [2mbore_cli::client[0m[2m:[0m listening at bore.pub:2739
Error: could not connect to bore.pub:7835

Caused by:
    No route to host (os error 65)
[2m2026-05-14T22:12:14.621099Z[0m [32m INFO[0m [2mbore_cli::client[0m[2m:[0m connected to server [3mremote_port[0m[2m=[0m40788
[2m2026-05-14T22:12:14.621225Z[0m [32m INFO[0m [2mbore_cli::client[0m[2m:[0m listening at bore.pub:40788
Error: could not connect to bore.pub:7835

Caused by:
    No route to host (os error 65)
[2m2026-05-14T22:14:43.148220Z[0m [32m INFO[0m [2mbore_cli::client[0m[2m:[0m connected to server [3mremote_port[0m[2m=[0m19495
[2m2026-05-14T22:14:43.148340Z[0m [32m INFO[0m [2mbore_cli::client[0m[2m:[0m listening at bore.pub:19495
Error: could not connect to bore.pub:7835

Caused by:
    No route to host (os error 65)
[2m2026-05-14T22:16:33.815928Z[0m [32m INFO[0m [2mbore_cli::client[0m[2m:[0m connected to server [3mremote_port[0m[2m=[0m5195
[2m2026-05-14T22:16:33.816083Z[0m [32m INFO[0m [2mbore_cli::client[0m[2m:[0m listening at bore.pub:5195
Error: could not connect to bore.pub:7835

Caused by:
    No route to host (os error 65)
[2m2026-05-14T22:18:13.434920Z[0m [32m INFO[0m [2mbore_cli::client[0m[2m:[0m connected to server [3mremote_port[0m[2m=[0m49324
[2m2026-05-14T22:18:13.435040Z[0m [32m INFO[0m [2mbore_cli::client[0m[2m:[0m listening at bore.pub:49324
Error: could not connect to bore.pub:7835

Caused by:
    No route to host (os error 65)
[2m2026-05-14T22:20:52.782225Z[0m [32m INFO[0m [2mbore_cli::client[0m[2m:[0m connected to server [3mremote_port[0m[2m=[0m11853
[2m2026-05-14T22:20:52.782353Z[0m [32m INFO[0m [2mbore_cli::client[0m[2m:[0m listening at bore.pub:11853
Error: could not connect to bore.pub:7835

Caused by:
    No route to host (os error 65)
[2m2026-05-14T22:22:43.799698Z[0m [32m INFO[0m [2mbore_cli::client[0m[2m:[0m connected to server [3mremote_port[0m[2m=[0m50058
[2m2026-05-14T22:22:43.799828Z[0m [32m INFO[0m [2mbore_cli::client[0m[2m:[0m listening at bore.pub:50058
Error: could not connect to bore.pub:7835

Caused by:
    No route to host (os error 65)
[2m2026-05-14T22:24:29.357251Z[0m [32m INFO[0m [2mbore_cli::client[0m[2m:[0m connected to server [3mremote_port[0m[2m=[0m12778
[2m2026-05-14T22:24:29.357385Z[0m [32m INFO[0m [2mbore_cli::client[0m[2m:[0m listening at bore.pub:12778
Error: could not connect to bore.pub:7835

Caused by:
    No route to host (os error 65)
[2m2026-05-14T22:26:56.965246Z[0m [32m INFO[0m [2mbore_cli::client[0m[2m:[0m connected to server [3mremote_port[0m[2m=[0m39910
[2m2026-05-14T22:26:56.965384Z[0m [32m INFO[0m [2mbore_cli::client[0m[2m:[0m listening at bore.pub:39910
Error: could not connect to bore.pub:7835

Caused by:
    No route to host (os error 65)
[2m2026-05-14T22:28:48.641206Z[0m [32m INFO[0m [2mbore_cli::client[0m[2m:[0m connected to server [3mremote_port[0m[2m=[0m32642
[2m2026-05-14T22:28:48.641333Z[0m [32m INFO[0m [2mbore_cli::client[0m[2m:[0m listening at bore.pub:32642
Error: could not connect to bore.pub:7835

Caused by:
    No route to host (os error 65)
[2m2026-05-14T22:30:31.768276Z[0m [32m INFO[0m [2mbore_cli::client[0m[2m:[0m connected to server [3mremote_port[0m[2m=[0m4017
[2m2026-05-14T22:30:31.768419Z[0m [32m INFO[0m [2mbore_cli::client[0m[2m:[0m listening at bore.pub:4017
Error: could not connect to bore.pub:7835

Caused by:
    No route to host (os error 65)
[2m2026-05-14T22:33:20.029557Z[0m [32m INFO[0m [2mbore_cli::client[0m[2m:[0m connected to server [3mremote_port[0m[2m=[0m12616
[2m2026-05-14T22:33:20.029698Z[0m [32m INFO[0m [2mbore_cli::client[0m[2m:[0m listening at bore.pub:12616
Error: could not connect to bore.pub:7835

Caused by:
    No route to host (os error 65)
[2m2026-05-14T22:35:10.778188Z[0m [32m INFO[0m [2mbore_cli::client[0m[2m:[0m connected to server [3mremote_port[0m[2m=[0m38265
[2m2026-05-14T22:35:10.778308Z[0m [32m INFO[0m [2mbore_cli::client[0m[2m:[0m listening at bore.pub:38265
Error: could not connect to bore.pub:7835

Caused by:
    No route to host (os error 65)
[2m2026-05-14T22:36:58.508999Z[0m [32m INFO[0m [2mbore_cli::client[0m[2m:[0m connected to server [3mremote_port[0m[2m=[0m9606
[2m2026-05-14T22:36:58.509149Z[0m [32m INFO[0m [2mbore_cli::client[0m[2m:[0m listening at bore.pub:9606
Error: could not connect to bore.pub:7835

Caused by:
    No route to host (os error 65)
[2m2026-05-14T23:41:00.727744Z[0m [32m INFO[0m [2mbore_cli::client[0m[2m:[0m connected to server [3mremote_port[0m[2m=[0m20275
[2m2026-05-14T23:41:00.727881Z[0m [32m INFO[0m [2mbore_cli::client[0m[2m:[0m listening at bore.pub:20275
Error: could not connect to bore.pub:7835

Caused by:
    No route to host (os error 65)
[2m2026-05-15T00:19:02.006888Z[0m [32m INFO[0m [2mbore_cli::client[0m[2m:[0m connected to server [3mremote_port[0m[2m=[0m29339
[2m2026-05-15T00:19:02.006930Z[0m [32m INFO[0m [2mbore_cli::client[0m[2m:[0m listening at bore.pub:29339
Error: could not connect to bore.pub:7835

Caused by:
    No route to host (os error 65)
[2m2026-05-15T00:38:09.075154Z[0m [32m INFO[0m [2mbore_cli::client[0m[2m:[0m connected to server [3mremote_port[0m[2m=[0m32176
[2m2026-05-15T00:38:09.075278Z[0m [32m INFO[0m [2mbore_cli::client[0m[2m:[0m listening at bore.pub:32176
Error: could not connect to bore.pub:7835

Caused by:
    No route to host (os error 65)
[2m2026-05-15T01:45:27.341720Z[0m [32m INFO[0m [2mbore_cli::client[0m[2m:[0m connected to server [3mremote_port[0m[2m=[0m55304
[2m2026-05-15T01:45:27.341849Z[0m [32m INFO[0m [2mbore_cli::client[0m[2m:[0m listening at bore.pub:55304
Error: could not connect to bore.pub:7835

Caused by:
    No route to host (os error 65)
[2m2026-05-15T02:31:10.924673Z[0m [32m INFO[0m [2mbore_cli::client[0m[2m:[0m connected to server [3mremote_port[0m[2m=[0m38086
[2m2026-05-15T02:31:10.924833Z[0m [32m INFO[0m [2mbore_cli::client[0m[2m:[0m listening at bore.pub:38086
Error: could not connect to bore.pub:7835

Caused by:
    No route to host (os error 65)
[2m2026-05-15T02:38:33.086832Z[0m [32m INFO[0m [2mbore_cli::client[0m[2m:[0m connected to server [3mremote_port[0m[2m=[0m42609
[2m2026-05-15T02:38:33.086985Z[0m [32m INFO[0m [2mbore_cli::client[0m[2m:[0m listening at bore.pub:42609
Error: could not connect to bore.pub:7835

Caused by:
    No route to host (os error 65)
[2m2026-05-15T03:49:16.250320Z[0m [32m INFO[0m [2mbore_cli::client[0m[2m:[0m connected to server [3mremote_port[0m[2m=[0m8598
[2m2026-05-15T03:49:16.250454Z[0m [32m INFO[0m [2mbore_cli::client[0m[2m:[0m listening at bore.pub:8598
Error: could not connect to bore.pub:7835

Caused by:
    No route to host (os error 65)
[2m2026-05-15T04:51:23.454101Z[0m [32m INFO[0m [2mbore_cli::client[0m[2m:[0m connected to server [3mremote_port[0m[2m=[0m14771
[2m2026-05-15T04:51:23.454240Z[0m [32m INFO[0m [2mbore_cli::client[0m[2m:[0m listening at bore.pub:14771
Error: could not connect to bore.pub:7835

Caused by:
    No route to host (os error 65)
[2m2026-05-15T05:30:10.062398Z[0m [32m INFO[0m [2mbore_cli::client[0m[2m:[0m connected to server [3mremote_port[0m[2m=[0m44922
[2m2026-05-15T05:30:10.062444Z[0m [32m INFO[0m [2mbore_cli::client[0m[2m:[0m listening at bore.pub:44922
Error: could not connect to bore.pub:7835

Caused by:
    No route to host (os error 65)
[2m2026-05-15T06:03:18.161181Z[0m [32m INFO[0m [2mbore_cli::client[0m[2m:[0m connected to server [3mremote_port[0m[2m=[0m44395
[2m2026-05-15T06:03:18.161257Z[0m [32m INFO[0m [2mbore_cli::client[0m[2m:[0m listening at bore.pub:44395
Error: could not connect to bore.pub:7835

Caused by:
    No route to host (os error 65)
[2m2026-05-15T06:32:06.738919Z[0m [32m INFO[0m [2mbore_cli::client[0m[2m:[0m connected to server [3mremote_port[0m[2m=[0m12284
[2m2026-05-15T06:32:06.739037Z[0m [32m INFO[0m [2mbore_cli::client[0m[2m:[0m listening at bore.pub:12284
Error: could not connect to bore.pub:7835

Caused by:
    No route to host (os error 65)
[2m2026-05-15T07:27:06.737714Z[0m [32m INFO[0m [2mbore_cli::client[0m[2m:[0m connected to server [3mremote_port[0m[2m=[0m11064
[2m2026-05-15T07:27:06.737830Z[0m [32m INFO[0m [2mbore_cli::client[0m[2m:[0m listening at bore.pub:11064
Error: could not connect to bore.pub:7835

Caused by:
    No route to host (os error 65)
[2m2026-05-15T08:44:17.930597Z[0m [32m INFO[0m [2mbore_cli::client[0m[2m:[0m connected to server [3mremote_port[0m[2m=[0m31917
[2m2026-05-15T08:44:17.930748Z[0m [32m INFO[0m [2mbore_cli::client[0m[2m:[0m listening at bore.pub:31917
Error: could not connect to bore.pub:7835

Caused by:
    No route to host (os error 65)
[2m2026-05-15T09:33:36.671280Z[0m [32m INFO[0m [2mbore_cli::client[0m[2m:[0m connected to server [3mremote_port[0m[2m=[0m19226
[2m2026-05-15T09:33:36.671399Z[0m [32m INFO[0m [2mbore_cli::client[0m[2m:[0m listening at bore.pub:19226
Error: could not connect to bore.pub:7835

Caused by:
    No route to host (os error 65)
[2m2026-05-15T10:14:33.063670Z[0m [32m INFO[0m [2mbore_cli::client[0m[2m:[0m connected to server [3mremote_port[0m[2m=[0m22092
[2m2026-05-15T10:14:33.063821Z[0m [32m INFO[0m [2mbore_cli::client[0m[2m:[0m listening at bore.pub:22092
Error: could not connect to bore.pub:7835

Caused by:
    No route to host (os error 65)
[2m2026-05-15T10:25:03.408612Z[0m [32m INFO[0m [2mbore_cli::client[0m[2m:[0m connected to server [3mremote_port[0m[2m=[0m17822
[2m2026-05-15T10:25:03.408762Z[0m [32m INFO[0m [2mbore_cli::client[0m[2m:[0m listening at bore.pub:17822
[2m2026-05-15T12:09:12.501659Z[0m [32m INFO[0m [2mbore_cli::client[0m[2m:[0m connected to server [3mremote_port[0m[2m=[0m19193
[2m2026-05-15T12:09:12.501751Z[0m [32m INFO[0m [2mbore_cli::client[0m[2m:[0m listening at bore.pub:19193
Error: could not connect to bore.pub:7835

Caused by:
    No route to host (os error 65)
[2m2026-05-15T12:43:13.319846Z[0m [32m INFO[0m [2mbore_cli::client[0m[2m:[0m connected to server [3mremote_port[0m[2m=[0m21960
[2m2026-05-15T12:43:13.319976Z[0m [32m INFO[0m [2mbore_cli::client[0m[2m:[0m listening at bore.pub:21960
Error: could not connect to bore.pub:7835

Caused by:
    No route to host (os error 65)
[2m2026-05-15T13:26:47.236297Z[0m [32m INFO[0m [2mbore_cli::client[0m[2m:[0m connected to server [3mremote_port[0m[2m=[0m55988
[2m2026-05-15T13:26:47.236432Z[0m [32m INFO[0m [2mbore_cli::client[0m[2m:[0m listening at bore.pub:55988
Error: could not connect to bore.pub:7835

Caused by:
    No route to host (os error 65)
[2m2026-05-15T13:59:12.631785Z[0m [32m INFO[0m [2mbore_cli::client[0m[2m:[0m connected to server [3mremote_port[0m[2m=[0m49606
[2m2026-05-15T13:59:12.631916Z[0m [32m INFO[0m [2mbore_cli::client[0m[2m:[0m listening at bore.pub:49606
Error: could not connect to bore.pub:7835

Caused by:
    No route to host (os error 65)
[2m2026-05-15T14:33:23.113060Z[0m [32m INFO[0m [2mbore_cli::client[0m[2m:[0m connected to server [3mremote_port[0m[2m=[0m44530
[2m2026-05-15T14:33:23.113198Z[0m [32m INFO[0m [2mbore_cli::client[0m[2m:[0m listening at bore.pub:44530
[2m2026-05-15T14:58:12.803262Z[0m [32m INFO[0m [2mbore_cli::client[0m[2m:[0m connected to server [3mremote_port[0m[2m=[0m1701
[2m2026-05-15T14:58:12.803392Z[0m [32m INFO[0m [2mbore_cli::client[0m[2m:[0m listening at bore.pub:1701
Error: could not connect to bore.pub:7835

Caused by:
    No route to host (os error 65)
[2m2026-05-15T15:26:18.998214Z[0m [32m INFO[0m [2mbore_cli::client[0m[2m:[0m connected to server [3mremote_port[0m[2m=[0m3103
[2m2026-05-15T15:26:18.998353Z[0m [32m INFO[0m [2mbore_cli::client[0m[2m:[0m listening at bore.pub:3103
Error: could not connect to bore.pub:7835

Caused by:
    No route to host (os error 65)
[2m2026-05-15T15:51:19.930836Z[0m [32m INFO[0m [2mbore_cli::client[0m[2m:[0m connected to server [3mremote_port[0m[2m=[0m40815
[2m2026-05-15T15:51:19.930980Z[0m [32m INFO[0m [2mbore_cli::client[0m[2m:[0m listening at bore.pub:40815
Error: could not connect to bore.pub:7835

Caused by:
    No route to host (os error 65)
[2m2026-05-15T16:32:20.707389Z[0m [32m INFO[0m [2mbore_cli::client[0m[2m:[0m connected to server [3mremote_port[0m[2m=[0m30342
[2m2026-05-15T16:32:20.707500Z[0m [32m INFO[0m [2mbore_cli::client[0m[2m:[0m listening at bore.pub:30342
Error: could not connect to bore.pub:7835

Caused by:
    No route to host (os error 65)
[2m2026-05-15T16:47:03.586156Z[0m [32m INFO[0m [2mbore_cli::client[0m[2m:[0m connected to server [3mremote_port[0m[2m=[0m13615
[2m2026-05-15T16:47:03.586289Z[0m [32m INFO[0m [2mbore_cli::client[0m[2m:[0m listening at bore.pub:13615
Error: could not connect to bore.pub:7835

Caused by:
    No route to host (os error 65)
[2m2026-05-15T17:09:19.590993Z[0m [32m INFO[0m [2mbore_cli::client[0m[2m:[0m connected to server [3mremote_port[0m[2m=[0m10660
[2m2026-05-15T17:09:19.591126Z[0m [32m INFO[0m [2mbore_cli::client[0m[2m:[0m listening at bore.pub:10660
Error: could not connect to bore.pub:7835

Caused by:
    No route to host (os error 65)
[2m2026-05-15T17:22:37.193470Z[0m [32m INFO[0m [2mbore_cli::client[0m[2m:[0m connected to server [3mremote_port[0m[2m=[0m61583
[2m2026-05-15T17:22:37.193580Z[0m [32m INFO[0m [2mbore_cli::client[0m[2m:[0m listening at bore.pub:61583
Error: could not connect to bore.pub:7835

Caused by:
    No route to host (os error 65)
[2m2026-05-15T17:45:18.773006Z[0m [32m INFO[0m [2mbore_cli::client[0m[2m:[0m connected to server [3mremote_port[0m[2m=[0m15256
[2m2026-05-15T17:45:18.773171Z[0m [32m INFO[0m [2mbore_cli::client[0m[2m:[0m listening at bore.pub:15256
Error: could not connect to bore.pub:7835

Caused by:
    No route to host (os error 65)
[2m2026-05-15T17:48:21.729458Z[0m [32m INFO[0m [2mbore_cli::client[0m[2m:[0m connected to server [3mremote_port[0m[2m=[0m39467
[2m2026-05-15T17:48:21.729615Z[0m [32m INFO[0m [2mbore_cli::client[0m[2m:[0m listening at bore.pub:39467
[2m2026-05-15T17:54:38.758582Z[0m [32m INFO[0m [2mbore_cli::client[0m[2m:[0m connected to server [3mremote_port[0m[2m=[0m34686
[2m2026-05-15T17:54:38.758811Z[0m [32m INFO[0m [2mbore_cli::client[0m[2m:[0m listening at bore.pub:34686
Error: could not connect to bore.pub:7835

Caused by:
    No route to host (os error 65)
[2m2026-05-15T17:57:45.730542Z[0m [32m INFO[0m [2mbore_cli::client[0m[2m:[0m connected to server [3mremote_port[0m[2m=[0m1791
[2m2026-05-15T17:57:45.730668Z[0m [32m INFO[0m [2mbore_cli::client[0m[2m:[0m listening at bore.pub:1791
[2m2026-05-15T17:57:56.020301Z[0m [32m INFO[0m [2mbore_cli::client[0m[2m:[0m connected to server [3mremote_port[0m[2m=[0m38476
[2m2026-05-15T17:57:56.020423Z[0m [32m INFO[0m [2mbore_cli::client[0m[2m:[0m listening at bore.pub:38476
Error: could not connect to bore.pub:7835

Caused by:
    No route to host (os error 65)
[2m2026-05-15T17:58:21.123964Z[0m [32m INFO[0m [2mbore_cli::client[0m[2m:[0m connected to server [3mremote_port[0m[2m=[0m35572
[2m2026-05-15T17:58:21.124103Z[0m [32m INFO[0m [2mbore_cli::client[0m[2m:[0m listening at bore.pub:35572
[2m2026-05-15T17:58:31.145471Z[0m [32m INFO[0m [2mbore_cli::client[0m[2m:[0m connected to server [3mremote_port[0m[2m=[0m61767
[2m2026-05-15T17:58:31.145607Z[0m [32m INFO[0m [2mbore_cli::client[0m[2m:[0m listening at bore.pub:61767
[2m2026-05-15T17:58:42.157812Z[0m [32m INFO[0m [2mbore_cli::client[0m[2m:[0m connected to server [3mremote_port[0m[2m=[0m58413
[2m2026-05-15T17:58:42.157938Z[0m [32m INFO[0m [2mbore_cli::client[0m[2m:[0m listening at bore.pub:58413
Error: could not connect to bore.pub:7835

Caused by:
    No route to host (os error 65)
[2m2026-05-15T17:59:12.364424Z[0m [32m INFO[0m [2mbore_cli::client[0m[2m:[0m connected to server [3mremote_port[0m[2m=[0m1943
[2m2026-05-15T17:59:12.364556Z[0m [32m INFO[0m [2mbore_cli::client[0m[2m:[0m listening at bore.pub:1943
[2m2026-05-15T17:59:22.949995Z[0m [32m INFO[0m [2mbore_cli::client[0m[2m:[0m connected to server [3mremote_port[0m[2m=[0m63353
[2m2026-05-15T17:59:22.950137Z[0m [32m INFO[0m [2mbore_cli::client[0m[2m:[0m listening at bore.pub:63353
[2m2026-05-15T17:59:33.852298Z[0m [32m INFO[0m [2mbore_cli::client[0m[2m:[0m connected to server [3mremote_port[0m[2m=[0m46157
[2m2026-05-15T17:59:33.852426Z[0m [32m INFO[0m [2mbore_cli::client[0m[2m:[0m listening at bore.pub:46157
[2m2026-05-15T17:59:44.727279Z[0m [32m INFO[0m [2mbore_cli::client[0m[2m:[0m connected to server [3mremote_port[0m[2m=[0m49880
[2m2026-05-15T17:59:44.727401Z[0m [32m INFO[0m [2mbore_cli::client[0m[2m:[0m listening at bore.pub:49880
Error: could not connect to bore.pub:7835

Caused by:
    No route to host (os error 65)
[2m2026-05-15T18:00:10.992556Z[0m [32m INFO[0m [2mbore_cli::client[0m[2m:[0m connected to server [3mremote_port[0m[2m=[0m55005
[2m2026-05-15T18:00:10.992697Z[0m [32m INFO[0m [2mbore_cli::client[0m[2m:[0m listening at bore.pub:55005
[2m2026-05-15T18:00:21.117373Z[0m [32m INFO[0m [2mbore_cli::client[0m[2m:[0m connected to server [3mremote_port[0m[2m=[0m3954
[2m2026-05-15T18:00:21.117503Z[0m [32m INFO[0m [2mbore_cli::client[0m[2m:[0m listening at bore.pub:3954
Error: could not connect to bore.pub:7835

Caused by:
    No route to host (os error 65)
[2m2026-05-15T18:00:54.035789Z[0m [32m INFO[0m [2mbore_cli::client[0m[2m:[0m connected to server [3mremote_port[0m[2m=[0m55939
[2m2026-05-15T18:00:54.035897Z[0m [32m INFO[0m [2mbore_cli::client[0m[2m:[0m listening at bore.pub:55939
Error: could not connect to bore.pub:7835

Caused by:
    No route to host (os error 65)
[2m2026-05-15T18:01:20.431247Z[0m [32m INFO[0m [2mbore_cli::client[0m[2m:[0m connected to server [3mremote_port[0m[2m=[0m38373
[2m2026-05-15T18:01:20.431378Z[0m [32m INFO[0m [2mbore_cli::client[0m[2m:[0m listening at bore.pub:38373
Error: could not connect to bore.pub:7835

Caused by:
    No route to host (os error 65)
[2m2026-05-15T18:01:58.848213Z[0m [32m INFO[0m [2mbore_cli::client[0m[2m:[0m connected to server [3mremote_port[0m[2m=[0m51652
[2m2026-05-15T18:01:58.848358Z[0m [32m INFO[0m [2mbore_cli::client[0m[2m:[0m listening at bore.pub:51652
Error: could not connect to bore.pub:7835

Caused by:
    No route to host (os error 65)
[2m2026-05-15T18:02:59.545205Z[0m [32m INFO[0m [2mbore_cli::client[0m[2m:[0m connected to server [3mremote_port[0m[2m=[0m64879
[2m2026-05-15T18:02:59.545349Z[0m [32m INFO[0m [2mbore_cli::client[0m[2m:[0m listening at bore.pub:64879
[2m2026-05-15T18:05:18.058900Z[0m [32m INFO[0m [2mbore_cli::client[0m[2m:[0m connected to server [3mremote_port[0m[2m=[0m24810
[2m2026-05-15T18:05:18.059034Z[0m [32m INFO[0m [2mbore_cli::client[0m[2m:[0m listening at bore.pub:24810
Error: could not connect to bore.pub:7835

Caused by:
    No route to host (os error 65)
[2m2026-05-15T18:19:19.473187Z[0m [32m INFO[0m [2mbore_cli::client[0m[2m:[0m connected to server [3mremote_port[0m[2m=[0m56262
[2m2026-05-15T18:19:19.473397Z[0m [32m INFO[0m [2mbore_cli::client[0m[2m:[0m listening at bore.pub:56262
Error: could not connect to bore.pub:7835

Caused by:
    No route to host (os error 65)
[2m2026-05-15T18:32:37.892003Z[0m [32m INFO[0m [2mbore_cli::client[0m[2m:[0m connected to server [3mremote_port[0m[2m=[0m55388
[2m2026-05-15T18:32:37.892130Z[0m [32m INFO[0m [2mbore_cli::client[0m[2m:[0m listening at bore.pub:55388
Error: could not connect to bore.pub:7835

Caused by:
    No route to host (os error 65)
[2m2026-05-15T18:51:25.287750Z[0m [32m INFO[0m [2mbore_cli::client[0m[2m:[0m connected to server [3mremote_port[0m[2m=[0m3985
[2m2026-05-15T18:51:25.287904Z[0m [32m INFO[0m [2mbore_cli::client[0m[2m:[0m listening at bore.pub:3985
Error: could not connect to bore.pub:7835

Caused by:
    No route to host (os error 65)
[2m2026-05-15T19:03:21.423437Z[0m [32m INFO[0m [2mbore_cli::client[0m[2m:[0m connected to server [3mremote_port[0m[2m=[0m41417
[2m2026-05-15T19:03:21.423573Z[0m [32m INFO[0m [2mbore_cli::client[0m[2m:[0m listening at bore.pub:41417
Error: could not connect to bore.pub:7835

Caused by:
    No route to host (os error 65)
[2m2026-05-15T19:12:18.125935Z[0m [32m INFO[0m [2mbore_cli::client[0m[2m:[0m connected to server [3mremote_port[0m[2m=[0m54711
[2m2026-05-15T19:12:18.126080Z[0m [32m INFO[0m [2mbore_cli::client[0m[2m:[0m listening at bore.pub:54711
Error: could not connect to bore.pub:7835

Caused by:
    No route to host (os error 65)
[2m2026-05-15T19:28:30.090789Z[0m [32m INFO[0m [2mbore_cli::client[0m[2m:[0m connected to server [3mremote_port[0m[2m=[0m39516
[2m2026-05-15T19:28:30.090924Z[0m [32m INFO[0m [2mbore_cli::client[0m[2m:[0m listening at bore.pub:39516
Error: could not connect to bore.pub:7835

Caused by:
    No route to host (os error 65)
[2m2026-05-15T19:32:37.868720Z[0m [32m INFO[0m [2mbore_cli::client[0m[2m:[0m connected to server [3mremote_port[0m[2m=[0m53313
[2m2026-05-15T19:32:37.868854Z[0m [32m INFO[0m [2mbore_cli::client[0m[2m:[0m listening at bore.pub:53313
Error: could not connect to bore.pub:7835

Caused by:
    No route to host (os error 65)
[2m2026-05-15T19:40:19.756966Z[0m [32m INFO[0m [2mbore_cli::client[0m[2m:[0m connected to server [3mremote_port[0m[2m=[0m55782
[2m2026-05-15T19:40:19.757096Z[0m [32m INFO[0m [2mbore_cli::client[0m[2m:[0m listening at bore.pub:55782
Error: could not connect to bore.pub:7835

Caused by:
    No route to host (os error 65)
[2m2026-05-15T19:58:44.257467Z[0m [32m INFO[0m [2mbore_cli::client[0m[2m:[0m connected to server [3mremote_port[0m[2m=[0m14447
[2m2026-05-15T19:58:44.257610Z[0m [32m INFO[0m [2mbore_cli::client[0m[2m:[0m listening at bore.pub:14447
Error: could not connect to bore.pub:7835

Caused by:
    No route to host (os error 65)
[2m2026-05-15T20:20:18.127391Z[0m [32m INFO[0m [2mbore_cli::client[0m[2m:[0m connected to server [3mremote_port[0m[2m=[0m6658
[2m2026-05-15T20:20:18.127518Z[0m [32m INFO[0m [2mbore_cli::client[0m[2m:[0m listening at bore.pub:6658
Error: could not connect to bore.pub:7835

Caused by:
    No route to host (os error 65)
[2m2026-05-15T20:41:21.321108Z[0m [32m INFO[0m [2mbore_cli::client[0m[2m:[0m connected to server [3mremote_port[0m[2m=[0m34985
[2m2026-05-15T20:41:21.321249Z[0m [32m INFO[0m [2mbore_cli::client[0m[2m:[0m listening at bore.pub:34985
Error: could not connect to bore.pub:7835

Caused by:
    No route to host (os error 65)
[2m2026-05-15T20:51:31.743434Z[0m [32m INFO[0m [2mbore_cli::client[0m[2m:[0m connected to server [3mremote_port[0m[2m=[0m47547
[2m2026-05-15T20:51:31.743561Z[0m [32m INFO[0m [2mbore_cli::client[0m[2m:[0m listening at bore.pub:47547
[2m2026-05-15T21:01:22.476146Z[0m [32m INFO[0m [2mbore_cli::client[0m[2m:[0m connected to server [3mremote_port[0m[2m=[0m57338
[2m2026-05-15T21:01:22.476285Z[0m [32m INFO[0m [2mbore_cli::client[0m[2m:[0m listening at bore.pub:57338
Error: could not connect to bore.pub:7835

Caused by:
    No route to host (os error 65)
[2m2026-05-15T21:14:37.035056Z[0m [32m INFO[0m [2mbore_cli::client[0m[2m:[0m connected to server [3mremote_port[0m[2m=[0m60784
[2m2026-05-15T21:14:37.035188Z[0m [32m INFO[0m [2mbore_cli::client[0m[2m:[0m listening at bore.pub:60784
Error: could not connect to bore.pub:7835

Caused by:
    No route to host (os error 65)
[2m2026-05-15T21:39:34.189012Z[0m [32m INFO[0m [2mbore_cli::client[0m[2m:[0m connected to server [3mremote_port[0m[2m=[0m23497
[2m2026-05-15T21:39:34.189140Z[0m [32m INFO[0m [2mbore_cli::client[0m[2m:[0m listening at bore.pub:23497
Error: could not connect to bore.pub:7835

Caused by:
    No route to host (os error 65)
[2m2026-05-15T21:58:55.660576Z[0m [32m INFO[0m [2mbore_cli::client[0m[2m:[0m connected to server [3mremote_port[0m[2m=[0m21302
[2m2026-05-15T21:58:55.660705Z[0m [32m INFO[0m [2mbore_cli::client[0m[2m:[0m listening at bore.pub:21302
Error: could not connect to bore.pub:7835

Caused by:
    No route to host (os error 65)
[2m2026-05-15T22:10:49.049334Z[0m [32m INFO[0m [2mbore_cli::client[0m[2m:[0m connected to server [3mremote_port[0m[2m=[0m41082
[2m2026-05-15T22:10:49.049414Z[0m [32m INFO[0m [2mbore_cli::client[0m[2m:[0m listening at bore.pub:41082
Error: could not connect to bore.pub:7835

Caused by:
    No route to host (os error 65)
[2m2026-05-15T22:37:00.768023Z[0m [32m INFO[0m [2mbore_cli::client[0m[2m:[0m connected to server [3mremote_port[0m[2m=[0m18241
[2m2026-05-15T22:37:00.768160Z[0m [32m INFO[0m [2mbore_cli::client[0m[2m:[0m listening at bore.pub:18241
Error: could not connect to bore.pub:7835

Caused by:
    No route to host (os error 65)
[2m2026-05-15T23:21:21.561865Z[0m [32m INFO[0m [2mbore_cli::client[0m[2m:[0m connected to server [3mremote_port[0m[2m=[0m17056
[2m2026-05-15T23:21:21.562031Z[0m [32m INFO[0m [2mbore_cli::client[0m[2m:[0m listening at bore.pub:17056
Error: could not connect to bore.pub:7835

Caused by:
    No route to host (os error 65)
[2m2026-05-15T23:45:14.269995Z[0m [32m INFO[0m [2mbore_cli::client[0m[2m:[0m connected to server [3mremote_port[0m[2m=[0m28978
[2m2026-05-15T23:45:14.270116Z[0m [32m INFO[0m [2mbore_cli::client[0m[2m:[0m listening at bore.pub:28978
Error: could not connect to bore.pub:7835

Caused by:
    No route to host (os error 65)
[2m2026-05-16T00:32:58.098932Z[0m [32m INFO[0m [2mbore_cli::client[0m[2m:[0m connected to server [3mremote_port[0m[2m=[0m25276
[2m2026-05-16T00:32:58.099057Z[0m [32m INFO[0m [2mbore_cli::client[0m[2m:[0m listening at bore.pub:25276
Error: could not connect to bore.pub:7835

Caused by:
    No route to host (os error 65)
[2m2026-05-16T01:17:19.767572Z[0m [32m INFO[0m [2mbore_cli::client[0m[2m:[0m connected to server [3mremote_port[0m[2m=[0m1621
[2m2026-05-16T01:17:19.767695Z[0m [32m INFO[0m [2mbore_cli::client[0m[2m:[0m listening at bore.pub:1621
Error: could not connect to bore.pub:7835

Caused by:
    No route to host (os error 65)
[2m2026-05-16T02:05:19.592931Z[0m [32m INFO[0m [2mbore_cli::client[0m[2m:[0m connected to server [3mremote_port[0m[2m=[0m17091
[2m2026-05-16T02:05:19.593071Z[0m [32m INFO[0m [2mbore_cli::client[0m[2m:[0m listening at bore.pub:17091
Error: could not connect to bore.pub:7835

Caused by:
    No route to host (os error 65)
[2m2026-05-16T02:55:19.347036Z[0m [32m INFO[0m [2mbore_cli::client[0m[2m:[0m connected to server [3mremote_port[0m[2m=[0m23893
[2m2026-05-16T02:55:19.347193Z[0m [32m INFO[0m [2mbore_cli::client[0m[2m:[0m listening at bore.pub:23893
Error: could not connect to bore.pub:7835

Caused by:
    No route to host (os error 65)
[2m2026-05-16T03:32:19.509527Z[0m [32m INFO[0m [2mbore_cli::client[0m[2m:[0m connected to server [3mremote_port[0m[2m=[0m63309
[2m2026-05-16T03:32:19.509665Z[0m [32m INFO[0m [2mbore_cli::client[0m[2m:[0m listening at bore.pub:63309
Error: could not connect to bore.pub:7835

Caused by:
    No route to host (os error 65)
[2m2026-05-16T04:25:20.528947Z[0m [32m INFO[0m [2mbore_cli::client[0m[2m:[0m connected to server [3mremote_port[0m[2m=[0m11776
[2m2026-05-16T04:25:20.529095Z[0m [32m INFO[0m [2mbore_cli::client[0m[2m:[0m listening at bore.pub:11776
Error: could not connect to bore.pub:7835

Caused by:
    No route to host (os error 65)
[2m2026-05-16T04:44:19.375543Z[0m [32m INFO[0m [2mbore_cli::client[0m[2m:[0m connected to server [3mremote_port[0m[2m=[0m7505
[2m2026-05-16T04:44:19.375666Z[0m [32m INFO[0m [2mbore_cli::client[0m[2m:[0m listening at bore.pub:7505
Error: could not connect to bore.pub:7835

Caused by:
    No route to host (os error 65)
[2m2026-05-16T05:53:19.317697Z[0m [32m INFO[0m [2mbore_cli::client[0m[2m:[0m connected to server [3mremote_port[0m[2m=[0m12302
[2m2026-05-16T05:53:19.317781Z[0m [32m INFO[0m [2mbore_cli::client[0m[2m:[0m listening at bore.pub:12302
Error: could not connect to bore.pub:7835

Caused by:
    No route to host (os error 65)
[2m2026-05-16T06:39:46.452991Z[0m [32m INFO[0m [2mbore_cli::client[0m[2m:[0m connected to server [3mremote_port[0m[2m=[0m29581
[2m2026-05-16T06:39:46.453152Z[0m [32m INFO[0m [2mbore_cli::client[0m[2m:[0m listening at bore.pub:29581
Error: could not connect to bore.pub:7835

Caused by:
    No route to host (os error 65)
[2m2026-05-16T06:59:47.021011Z[0m [32m INFO[0m [2mbore_cli::client[0m[2m:[0m connected to server [3mremote_port[0m[2m=[0m41567
[2m2026-05-16T06:59:47.021130Z[0m [32m INFO[0m [2mbore_cli::client[0m[2m:[0m listening at bore.pub:41567
Error: could not connect to bore.pub:7835

Caused by:
    No route to host (os error 65)
[2m2026-05-16T07:36:26.504433Z[0m [32m INFO[0m [2mbore_cli::client[0m[2m:[0m connected to server [3mremote_port[0m[2m=[0m45921
[2m2026-05-16T07:36:26.504556Z[0m [32m INFO[0m [2mbore_cli::client[0m[2m:[0m listening at bore.pub:45921
Error: could not connect to bore.pub:7835

Caused by:
    No route to host (os error 65)
[2m2026-05-16T07:44:48.070311Z[0m [32m INFO[0m [2mbore_cli::client[0m[2m:[0m connected to server [3mremote_port[0m[2m=[0m58980
[2m2026-05-16T07:44:48.070481Z[0m [32m INFO[0m [2mbore_cli::client[0m[2m:[0m listening at bore.pub:58980
Error: could not connect to bore.pub:7835

Caused by:
    No route to host (os error 65)
[2m2026-05-16T07:49:10.306618Z[0m [32m INFO[0m [2mbore_cli::client[0m[2m:[0m connected to server [3mremote_port[0m[2m=[0m19670
[2m2026-05-16T07:49:10.306748Z[0m [32m INFO[0m [2mbore_cli::client[0m[2m:[0m listening at bore.pub:19670
Error: could not connect to bore.pub:7835

Caused by:
    No route to host (os error 65)
[2m2026-05-16T07:53:03.332476Z[0m [32m INFO[0m [2mbore_cli::client[0m[2m:[0m connected to server [3mremote_port[0m[2m=[0m16447
[2m2026-05-16T07:53:03.332599Z[0m [32m INFO[0m [2mbore_cli::client[0m[2m:[0m listening at bore.pub:16447
Error: could not connect to bore.pub:7835

Caused by:
    No route to host (os error 65)
[2m2026-05-16T07:56:09.766148Z[0m [32m INFO[0m [2mbore_cli::client[0m[2m:[0m connected to server [3mremote_port[0m[2m=[0m14202
[2m2026-05-16T07:56:09.766272Z[0m [32m INFO[0m [2mbore_cli::client[0m[2m:[0m listening at bore.pub:14202
Error: could not connect to bore.pub:7835

Caused by:
    No route to host (os error 65)
[2m2026-05-16T08:18:31.847294Z[0m [32m INFO[0m [2mbore_cli::client[0m[2m:[0m connected to server [3mremote_port[0m[2m=[0m51268
[2m2026-05-16T08:18:31.847422Z[0m [32m INFO[0m [2mbore_cli::client[0m[2m:[0m listening at bore.pub:51268
Error: could not connect to bore.pub:7835

Caused by:
    No route to host (os error 65)
[2m2026-05-16T08:29:27.402098Z[0m [32m INFO[0m [2mbore_cli::client[0m[2m:[0m connected to server [3mremote_port[0m[2m=[0m54688
[2m2026-05-16T08:29:27.402214Z[0m [32m INFO[0m [2mbore_cli::client[0m[2m:[0m listening at bore.pub:54688
Error: could not connect to bore.pub:7835

Caused by:
    No route to host (os error 65)
[2m2026-05-16T08:31:39.430201Z[0m [32m INFO[0m [2mbore_cli::client[0m[2m:[0m connected to server [3mremote_port[0m[2m=[0m27184
[2m2026-05-16T08:31:39.430326Z[0m [32m INFO[0m [2mbore_cli::client[0m[2m:[0m listening at bore.pub:27184
Error: could not connect to bore.pub:7835

Caused by:
    No route to host (os error 65)
[2m2026-05-16T08:33:16.693390Z[0m [32m INFO[0m [2mbore_cli::client[0m[2m:[0m connected to server [3mremote_port[0m[2m=[0m42407
[2m2026-05-16T08:33:16.693550Z[0m [32m INFO[0m [2mbore_cli::client[0m[2m:[0m listening at bore.pub:42407
Error: could not connect to bore.pub:7835

Caused by:
    No route to host (os error 65)
[2m2026-05-16T08:34:47.817297Z[0m [32m INFO[0m [2mbore_cli::client[0m[2m:[0m connected to server [3mremote_port[0m[2m=[0m37849
[2m2026-05-16T08:34:47.817427Z[0m [32m INFO[0m [2mbore_cli::client[0m[2m:[0m listening at bore.pub:37849
Error: could not connect to bore.pub:7835

Caused by:
    No route to host (os error 65)
[2m2026-05-16T08:37:01.182919Z[0m [32m INFO[0m [2mbore_cli::client[0m[2m:[0m connected to server [3mremote_port[0m[2m=[0m32727
[2m2026-05-16T08:37:01.183050Z[0m [32m INFO[0m [2mbore_cli::client[0m[2m:[0m listening at bore.pub:32727
Error: could not connect to bore.pub:7835

Caused by:
    No route to host (os error 65)
[2m2026-05-16T08:38:34.099344Z[0m [32m INFO[0m [2mbore_cli::client[0m[2m:[0m connected to server [3mremote_port[0m[2m=[0m13814
[2m2026-05-16T08:38:34.099472Z[0m [32m INFO[0m [2mbore_cli::client[0m[2m:[0m listening at bore.pub:13814
[2m2026-05-16T08:39:58.312717Z[0m [32m INFO[0m [2mbore_cli::client[0m[2m:[0m connected to server [3mremote_port[0m[2m=[0m5778
[2m2026-05-16T08:39:58.312850Z[0m [32m INFO[0m [2mbore_cli::client[0m[2m:[0m listening at bore.pub:5778
[2m2026-05-16T08:42:28.056750Z[0m [32m INFO[0m [2mbore_cli::client[0m[2m:[0m connected to server [3mremote_port[0m[2m=[0m36558
[2m2026-05-16T08:42:28.056886Z[0m [32m INFO[0m [2mbore_cli::client[0m[2m:[0m listening at bore.pub:36558
Error: could not connect to bore.pub:7835

Caused by:
    No route to host (os error 65)
[2m2026-05-16T08:44:11.639601Z[0m [32m INFO[0m [2mbore_cli::client[0m[2m:[0m connected to server [3mremote_port[0m[2m=[0m8471
[2m2026-05-16T08:44:11.639728Z[0m [32m INFO[0m [2mbore_cli::client[0m[2m:[0m listening at bore.pub:8471
Error: could not connect to bore.pub:7835

Caused by:
    No route to host (os error 65)
[2m2026-05-16T08:45:59.885725Z[0m [32m INFO[0m [2mbore_cli::client[0m[2m:[0m connected to server [3mremote_port[0m[2m=[0m54688
[2m2026-05-16T08:45:59.885855Z[0m [32m INFO[0m [2mbore_cli::client[0m[2m:[0m listening at bore.pub:54688
Error: could not connect to bore.pub:7835

Caused by:
    No route to host (os error 65)
[2m2026-05-16T08:47:52.362523Z[0m [32m INFO[0m [2mbore_cli::client[0m[2m:[0m connected to server [3mremote_port[0m[2m=[0m1809
[2m2026-05-16T08:47:52.362651Z[0m [32m INFO[0m [2mbore_cli::client[0m[2m:[0m listening at bore.pub:1809
Error: could not connect to bore.pub:7835

Caused by:
    No route to host (os error 65)
[2m2026-05-16T08:49:44.115750Z[0m [32m INFO[0m [2mbore_cli::client[0m[2m:[0m connected to server [3mremote_port[0m[2m=[0m3892
[2m2026-05-16T08:49:44.115795Z[0m [32m INFO[0m [2mbore_cli::client[0m[2m:[0m listening at bore.pub:3892
Error: could not connect to bore.pub:7835

Caused by:
    No route to host (os error 65)
[2m2026-05-16T08:51:21.646548Z[0m [32m INFO[0m [2mbore_cli::client[0m[2m:[0m connected to server [3mremote_port[0m[2m=[0m64028
[2m2026-05-16T08:51:21.646706Z[0m [32m INFO[0m [2mbore_cli::client[0m[2m:[0m listening at bore.pub:64028
Error: could not connect to bore.pub:7835

Caused by:
    No route to host (os error 65)
[2m2026-05-16T08:53:49.956633Z[0m [32m INFO[0m [2mbore_cli::client[0m[2m:[0m connected to server [3mremote_port[0m[2m=[0m4759
[2m2026-05-16T08:53:49.956755Z[0m [32m INFO[0m [2mbore_cli::client[0m[2m:[0m listening at bore.pub:4759
Error: could not connect to bore.pub:7835

Caused by:
    No route to host (os error 65)
[2m2026-05-16T08:55:46.891761Z[0m [32m INFO[0m [2mbore_cli::client[0m[2m:[0m connected to server [3mremote_port[0m[2m=[0m46901
[2m2026-05-16T08:55:46.891884Z[0m [32m INFO[0m [2mbore_cli::client[0m[2m:[0m listening at bore.pub:46901
Error: could not connect to bore.pub:7835

Caused by:
    No route to host (os error 65)
[2m2026-05-16T08:59:16.310911Z[0m [32m INFO[0m [2mbore_cli::client[0m[2m:[0m connected to server [3mremote_port[0m[2m=[0m35486
[2m2026-05-16T08:59:16.311033Z[0m [32m INFO[0m [2mbore_cli::client[0m[2m:[0m listening at bore.pub:35486
[2m2026-05-16T09:00:42.553172Z[0m [32m INFO[0m [2mbore_cli::client[0m[2m:[0m connected to server [3mremote_port[0m[2m=[0m54584
[2m2026-05-16T09:00:42.553313Z[0m [32m INFO[0m [2mbore_cli::client[0m[2m:[0m listening at bore.pub:54584
Error: could not connect to bore.pub:7835

Caused by:
    No route to host (os error 65)
[2m2026-05-16T09:02:29.848185Z[0m [32m INFO[0m [2mbore_cli::client[0m[2m:[0m connected to server [3mremote_port[0m[2m=[0m27612
[2m2026-05-16T09:02:29.848333Z[0m [32m INFO[0m [2mbore_cli::client[0m[2m:[0m listening at bore.pub:27612
Error: could not connect to bore.pub:7835

Caused by:
    No route to host (os error 65)
[2m2026-05-16T09:04:50.943755Z[0m [32m INFO[0m [2mbore_cli::client[0m[2m:[0m connected to server [3mremote_port[0m[2m=[0m50652
[2m2026-05-16T09:04:50.943880Z[0m [32m INFO[0m [2mbore_cli::client[0m[2m:[0m listening at bore.pub:50652
Error: could not connect to bore.pub:7835

Caused by:
    No route to host (os error 65)
[2m2026-05-16T09:06:20.870841Z[0m [32m INFO[0m [2mbore_cli::client[0m[2m:[0m connected to server [3mremote_port[0m[2m=[0m22913
[2m2026-05-16T09:06:20.870966Z[0m [32m INFO[0m [2mbore_cli::client[0m[2m:[0m listening at bore.pub:22913
Error: could not connect to bore.pub:7835

Caused by:
    No route to host (os error 65)
[2m2026-05-16T09:09:20.195678Z[0m [32m INFO[0m [2mbore_cli::client[0m[2m:[0m connected to server [3mremote_port[0m[2m=[0m57626
[2m2026-05-16T09:09:20.195823Z[0m [32m INFO[0m [2mbore_cli::client[0m[2m:[0m listening at bore.pub:57626
Error: could not connect to bore.pub:7835

Caused by:
    No route to host (os error 65)
[2m2026-05-16T09:11:00.251880Z[0m [32m INFO[0m [2mbore_cli::client[0m[2m:[0m connected to server [3mremote_port[0m[2m=[0m22100
[2m2026-05-16T09:11:00.252038Z[0m [32m INFO[0m [2mbore_cli::client[0m[2m:[0m listening at bore.pub:22100
Error: could not connect to bore.pub:7835

Caused by:
    No route to host (os error 65)
[2m2026-05-16T09:12:45.412183Z[0m [32m INFO[0m [2mbore_cli::client[0m[2m:[0m connected to server [3mremote_port[0m[2m=[0m9194
[2m2026-05-16T09:12:45.412335Z[0m [32m INFO[0m [2mbore_cli::client[0m[2m:[0m listening at bore.pub:9194
Error: could not connect to bore.pub:7835

Caused by:
    No route to host (os error 65)
[2m2026-05-16T09:14:23.494318Z[0m [32m INFO[0m [2mbore_cli::client[0m[2m:[0m connected to server [3mremote_port[0m[2m=[0m48812
[2m2026-05-16T09:14:23.494467Z[0m [32m INFO[0m [2mbore_cli::client[0m[2m:[0m listening at bore.pub:48812
Error: could not connect to bore.pub:7835

Caused by:
    No route to host (os error 65)
[2m2026-05-16T09:16:08.353888Z[0m [32m INFO[0m [2mbore_cli::client[0m[2m:[0m connected to server [3mremote_port[0m[2m=[0m31306
[2m2026-05-16T09:16:08.354034Z[0m [32m INFO[0m [2mbore_cli::client[0m[2m:[0m listening at bore.pub:31306
Error: could not connect to bore.pub:7835

Caused by:
    No route to host (os error 65)
[2m2026-05-16T09:18:54.623320Z[0m [32m INFO[0m [2mbore_cli::client[0m[2m:[0m connected to server [3mremote_port[0m[2m=[0m11506
[2m2026-05-16T09:18:54.623446Z[0m [32m INFO[0m [2mbore_cli::client[0m[2m:[0m listening at bore.pub:11506
Error: could not connect to bore.pub:7835

Caused by:
    No route to host (os error 65)
[2m2026-05-16T09:20:31.309346Z[0m [32m INFO[0m [2mbore_cli::client[0m[2m:[0m connected to server [3mremote_port[0m[2m=[0m52559
[2m2026-05-16T09:20:31.309480Z[0m [32m INFO[0m [2mbore_cli::client[0m[2m:[0m listening at bore.pub:52559
Error: could not connect to bore.pub:7835

Caused by:
    No route to host (os error 65)
[2m2026-05-16T09:22:09.303266Z[0m [32m INFO[0m [2mbore_cli::client[0m[2m:[0m connected to server [3mremote_port[0m[2m=[0m8857
[2m2026-05-16T09:22:09.303390Z[0m [32m INFO[0m [2mbore_cli::client[0m[2m:[0m listening at bore.pub:8857
Error: could not connect to bore.pub:7835

Caused by:
    No route to host (os error 65)
[2m2026-05-16T09:25:00.496494Z[0m [32m INFO[0m [2mbore_cli::client[0m[2m:[0m connected to server [3mremote_port[0m[2m=[0m15451
[2m2026-05-16T09:25:00.496627Z[0m [32m INFO[0m [2mbore_cli::client[0m[2m:[0m listening at bore.pub:15451
Error: could not connect to bore.pub:7835

Caused by:
    No route to host (os error 65)
[2m2026-05-16T09:26:33.434116Z[0m [32m INFO[0m [2mbore_cli::client[0m[2m:[0m connected to server [3mremote_port[0m[2m=[0m59338
[2m2026-05-16T09:26:33.434245Z[0m [32m INFO[0m [2mbore_cli::client[0m[2m:[0m listening at bore.pub:59338
Error: could not connect to bore.pub:7835

Caused by:
    No route to host (os error 65)
[2m2026-05-16T09:28:18.806566Z[0m [32m INFO[0m [2mbore_cli::client[0m[2m:[0m connected to server [3mremote_port[0m[2m=[0m47666
[2m2026-05-16T09:28:18.806713Z[0m [32m INFO[0m [2mbore_cli::client[0m[2m:[0m listening at bore.pub:47666
Error: could not connect to bore.pub:7835

Caused by:
    No route to host (os error 65)
[2m2026-05-16T10:25:46.915594Z[0m [32m INFO[0m [2mbore_cli::client[0m[2m:[0m connected to server [3mremote_port[0m[2m=[0m4450
[2m2026-05-16T10:25:46.915659Z[0m [32m INFO[0m [2mbore_cli::client[0m[2m:[0m listening at bore.pub:4450
Error: could not connect to bore.pub:7835

Caused by:
    No route to host (os error 65)
[2m2026-05-16T10:40:13.456315Z[0m [32m INFO[0m [2mbore_cli::client[0m[2m:[0m connected to server [3mremote_port[0m[2m=[0m36097
[2m2026-05-16T10:40:13.456445Z[0m [32m INFO[0m [2mbore_cli::client[0m[2m:[0m listening at bore.pub:36097
Error: could not connect to bore.pub:7835

Caused by:
    No route to host (os error 65)
[2m2026-05-16T10:49:02.656586Z[0m [32m INFO[0m [2mbore_cli::client[0m[2m:[0m connected to server [3mremote_port[0m[2m=[0m2885
[2m2026-05-16T10:49:02.656717Z[0m [32m INFO[0m [2mbore_cli::client[0m[2m:[0m listening at bore.pub:2885
Error: could not connect to bore.pub:7835

Caused by:
    No route to host (os error 65)
[2m2026-05-16T10:54:13.750286Z[0m [32m INFO[0m [2mbore_cli::client[0m[2m:[0m connected to server [3mremote_port[0m[2m=[0m61907
[2m2026-05-16T10:54:13.750430Z[0m [32m INFO[0m [2mbore_cli::client[0m[2m:[0m listening at bore.pub:61907
Error: could not connect to bore.pub:7835

Caused by:
    No route to host (os error 65)
[2m2026-05-16T11:02:36.937336Z[0m [32m INFO[0m [2mbore_cli::client[0m[2m:[0m connected to server [3mremote_port[0m[2m=[0m27012
[2m2026-05-16T11:02:36.937450Z[0m [32m INFO[0m [2mbore_cli::client[0m[2m:[0m listening at bore.pub:27012
Error: could not connect to bore.pub:7835

Caused by:
    No route to host (os error 65)
[2m2026-05-16T11:04:46.517412Z[0m [32m INFO[0m [2mbore_cli::client[0m[2m:[0m connected to server [3mremote_port[0m[2m=[0m20660
[2m2026-05-16T11:04:46.517549Z[0m [32m INFO[0m [2mbore_cli::client[0m[2m:[0m listening at bore.pub:20660
Error: could not connect to bore.pub:7835

Caused by:
    No route to host (os error 65)
[2m2026-05-16T11:07:41.230846Z[0m [32m INFO[0m [2mbore_cli::client[0m[2m:[0m connected to server [3mremote_port[0m[2m=[0m7177
[2m2026-05-16T11:07:41.230966Z[0m [32m INFO[0m [2mbore_cli::client[0m[2m:[0m listening at bore.pub:7177
Error: could not connect to bore.pub:7835

Caused by:
    No route to host (os error 65)
[2m2026-05-16T11:19:40.728210Z[0m [32m INFO[0m [2mbore_cli::client[0m[2m:[0m connected to server [3mremote_port[0m[2m=[0m61430
[2m2026-05-16T11:19:40.728340Z[0m [32m INFO[0m [2mbore_cli::client[0m[2m:[0m listening at bore.pub:61430
[2m2026-05-16T11:23:53.554881Z[0m [32m INFO[0m [2mbore_cli::client[0m[2m:[0m connected to server [3mremote_port[0m[2m=[0m21952
[2m2026-05-16T11:23:53.555024Z[0m [32m INFO[0m [2mbore_cli::client[0m[2m:[0m listening at bore.pub:21952
Error: could not connect to bore.pub:7835

Caused by:
    No route to host (os error 65)
[2m2026-05-16T11:33:39.187156Z[0m [32m INFO[0m [2mbore_cli::client[0m[2m:[0m connected to server [3mremote_port[0m[2m=[0m42379
[2m2026-05-16T11:33:39.187289Z[0m [32m INFO[0m [2mbore_cli::client[0m[2m:[0m listening at bore.pub:42379
Error: could not connect to bore.pub:7835

Caused by:
    No route to host (os error 65)
[2m2026-05-16T11:36:55.720664Z[0m [32m INFO[0m [2mbore_cli::client[0m[2m:[0m connected to server [3mremote_port[0m[2m=[0m9833
[2m2026-05-16T11:36:55.720808Z[0m [32m INFO[0m [2mbore_cli::client[0m[2m:[0m listening at bore.pub:9833
Error: could not connect to bore.pub:7835

Caused by:
    No route to host (os error 65)
[2m2026-05-16T11:40:26.062863Z[0m [32m INFO[0m [2mbore_cli::client[0m[2m:[0m connected to server [3mremote_port[0m[2m=[0m6350
[2m2026-05-16T11:40:26.062997Z[0m [32m INFO[0m [2mbore_cli::client[0m[2m:[0m listening at bore.pub:6350
Error: could not connect to bore.pub:7835

Caused by:
    No route to host (os error 65)
[2m2026-05-16T11:47:19.838201Z[0m [32m INFO[0m [2mbore_cli::client[0m[2m:[0m connected to server [3mremote_port[0m[2m=[0m65291
[2m2026-05-16T11:47:19.838341Z[0m [32m INFO[0m [2mbore_cli::client[0m[2m:[0m listening at bore.pub:65291
Error: could not connect to bore.pub:7835

Caused by:
    No route to host (os error 65)
[2m2026-05-16T11:52:27.351767Z[0m [32m INFO[0m [2mbore_cli::client[0m[2m:[0m connected to server [3mremote_port[0m[2m=[0m20764
[2m2026-05-16T11:52:27.351886Z[0m [32m INFO[0m [2mbore_cli::client[0m[2m:[0m listening at bore.pub:20764
Error: could not connect to bore.pub:7835

Caused by:
    No route to host (os error 65)
[2m2026-05-16T11:54:04.138810Z[0m [32m INFO[0m [2mbore_cli::client[0m[2m:[0m connected to server [3mremote_port[0m[2m=[0m37671
[2m2026-05-16T11:54:04.138926Z[0m [32m INFO[0m [2mbore_cli::client[0m[2m:[0m listening at bore.pub:37671
Error: could not connect to bore.pub:7835

Caused by:
    No route to host (os error 65)
[2m2026-05-16T12:06:33.816143Z[0m [32m INFO[0m [2mbore_cli::client[0m[2m:[0m connected to server [3mremote_port[0m[2m=[0m26754
[2m2026-05-16T12:06:33.816267Z[0m [32m INFO[0m [2mbore_cli::client[0m[2m:[0m listening at bore.pub:26754
Error: could not connect to bore.pub:7835

Caused by:
    No route to host (os error 65)
[2m2026-05-16T12:07:59.308364Z[0m [32m INFO[0m [2mbore_cli::client[0m[2m:[0m connected to server [3mremote_port[0m[2m=[0m57793
[2m2026-05-16T12:07:59.308493Z[0m [32m INFO[0m [2mbore_cli::client[0m[2m:[0m listening at bore.pub:57793
Error: could not connect to bore.pub:7835

Caused by:
    No route to host (os error 65)
[2m2026-05-16T12:11:14.207449Z[0m [32m INFO[0m [2mbore_cli::client[0m[2m:[0m connected to server [3mremote_port[0m[2m=[0m24682
[2m2026-05-16T12:11:14.207603Z[0m [32m INFO[0m [2mbore_cli::client[0m[2m:[0m listening at bore.pub:24682
Error: could not connect to bore.pub:7835

Caused by:
    No route to host (os error 65)
[2m2026-05-16T12:13:08.087955Z[0m [32m INFO[0m [2mbore_cli::client[0m[2m:[0m connected to server [3mremote_port[0m[2m=[0m63125
[2m2026-05-16T12:13:08.088088Z[0m [32m INFO[0m [2mbore_cli::client[0m[2m:[0m listening at bore.pub:63125
Error: could not connect to bore.pub:7835

Caused by:
    No route to host (os error 65)
[2m2026-05-16T12:14:41.111590Z[0m [32m INFO[0m [2mbore_cli::client[0m[2m:[0m connected to server [3mremote_port[0m[2m=[0m7367
[2m2026-05-16T12:14:41.111724Z[0m [32m INFO[0m [2mbore_cli::client[0m[2m:[0m listening at bore.pub:7367
Error: could not connect to bore.pub:7835

Caused by:
    No route to host (os error 65)
[2m2026-05-16T12:17:34.319390Z[0m [32m INFO[0m [2mbore_cli::client[0m[2m:[0m connected to server [3mremote_port[0m[2m=[0m65387
[2m2026-05-16T12:17:34.319540Z[0m [32m INFO[0m [2mbore_cli::client[0m[2m:[0m listening at bore.pub:65387
Error: could not connect to bore.pub:7835

Caused by:
    No route to host (os error 65)
[2m2026-05-16T12:19:33.675086Z[0m [32m INFO[0m [2mbore_cli::client[0m[2m:[0m connected to server [3mremote_port[0m[2m=[0m30259
[2m2026-05-16T12:19:33.675221Z[0m [32m INFO[0m [2mbore_cli::client[0m[2m:[0m listening at bore.pub:30259
Error: could not connect to bore.pub:7835

Caused by:
    No route to host (os error 65)
[2m2026-05-16T12:59:18.056199Z[0m [32m INFO[0m [2mbore_cli::client[0m[2m:[0m connected to server [3mremote_port[0m[2m=[0m17834
[2m2026-05-16T12:59:18.056346Z[0m [32m INFO[0m [2mbore_cli::client[0m[2m:[0m listening at bore.pub:17834
Error: could not connect to bore.pub:7835

Caused by:
    No route to host (os error 65)
[2m2026-05-16T13:43:12.732692Z[0m [32m INFO[0m [2mbore_cli::client[0m[2m:[0m connected to server [3mremote_port[0m[2m=[0m58219
[2m2026-05-16T13:43:12.732829Z[0m [32m INFO[0m [2mbore_cli::client[0m[2m:[0m listening at bore.pub:58219
Error: could not connect to bore.pub:7835

Caused by:
    No route to host (os error 65)
[2m2026-05-16T14:03:28.528473Z[0m [32m INFO[0m [2mbore_cli::client[0m[2m:[0m connected to server [3mremote_port[0m[2m=[0m19201
[2m2026-05-16T14:03:28.528618Z[0m [32m INFO[0m [2mbore_cli::client[0m[2m:[0m listening at bore.pub:19201
Error: could not connect to bore.pub:7835

Caused by:
    No route to host (os error 65)
[2m2026-05-16T14:38:18.463716Z[0m [32m INFO[0m [2mbore_cli::client[0m[2m:[0m connected to server [3mremote_port[0m[2m=[0m8701
[2m2026-05-16T14:38:18.463840Z[0m [32m INFO[0m [2mbore_cli::client[0m[2m:[0m listening at bore.pub:8701
Error: could not connect to bore.pub:7835

Caused by:
    No route to host (os error 65)
[2m2026-05-16T14:43:36.713792Z[0m [32m INFO[0m [2mbore_cli::client[0m[2m:[0m connected to server [3mremote_port[0m[2m=[0m44729
[2m2026-05-16T14:43:36.713957Z[0m [32m INFO[0m [2mbore_cli::client[0m[2m:[0m listening at bore.pub:44729
Error: could not connect to bore.pub:7835

Caused by:
    No route to host (os error 65)
[2m2026-05-16T14:45:51.494764Z[0m [32m INFO[0m [2mbore_cli::client[0m[2m:[0m connected to server [3mremote_port[0m[2m=[0m40108
[2m2026-05-16T14:45:51.494894Z[0m [32m INFO[0m [2mbore_cli::client[0m[2m:[0m listening at bore.pub:40108
Error: could not connect to bore.pub:7835

Caused by:
    No route to host (os error 65)
[2m2026-05-16T14:51:33.840186Z[0m [32m INFO[0m [2mbore_cli::client[0m[2m:[0m connected to server [3mremote_port[0m[2m=[0m16195
[2m2026-05-16T14:51:33.840323Z[0m [32m INFO[0m [2mbore_cli::client[0m[2m:[0m listening at bore.pub:16195
Error: could not connect to bore.pub:7835

Caused by:
    No route to host (os error 65)
[2m2026-05-16T14:53:07.266582Z[0m [32m INFO[0m [2mbore_cli::client[0m[2m:[0m connected to server [3mremote_port[0m[2m=[0m25107
[2m2026-05-16T14:53:07.266712Z[0m [32m INFO[0m [2mbore_cli::client[0m[2m:[0m listening at bore.pub:25107
Error: could not connect to bore.pub:7835

Caused by:
    No route to host (os error 65)
[2m2026-05-16T14:56:41.501315Z[0m [32m INFO[0m [2mbore_cli::client[0m[2m:[0m connected to server [3mremote_port[0m[2m=[0m41111
[2m2026-05-16T14:56:41.501431Z[0m [32m INFO[0m [2mbore_cli::client[0m[2m:[0m listening at bore.pub:41111
Error: could not connect to bore.pub:7835

Caused by:
    No route to host (os error 65)
[2m2026-05-16T14:58:10.277796Z[0m [32m INFO[0m [2mbore_cli::client[0m[2m:[0m connected to server [3mremote_port[0m[2m=[0m15770
[2m2026-05-16T14:58:10.277919Z[0m [32m INFO[0m [2mbore_cli::client[0m[2m:[0m listening at bore.pub:15770
Error: could not connect to bore.pub:7835

Caused by:
    No route to host (os error 65)
[2m2026-05-16T15:01:38.071649Z[0m [32m INFO[0m [2mbore_cli::client[0m[2m:[0m connected to server [3mremote_port[0m[2m=[0m54043
[2m2026-05-16T15:01:38.071782Z[0m [32m INFO[0m [2mbore_cli::client[0m[2m:[0m listening at bore.pub:54043
Error: could not connect to bore.pub:7835

Caused by:
    No route to host (os error 65)
[2m2026-05-16T15:09:56.250991Z[0m [32m INFO[0m [2mbore_cli::client[0m[2m:[0m connected to server [3mremote_port[0m[2m=[0m45676
[2m2026-05-16T15:09:56.251125Z[0m [32m INFO[0m [2mbore_cli::client[0m[2m:[0m listening at bore.pub:45676
Error: could not connect to bore.pub:7835

Caused by:
    No route to host (os error 65)
[2m2026-05-16T15:12:10.345917Z[0m [32m INFO[0m [2mbore_cli::client[0m[2m:[0m connected to server [3mremote_port[0m[2m=[0m18531
[2m2026-05-16T15:12:10.346050Z[0m [32m INFO[0m [2mbore_cli::client[0m[2m:[0m listening at bore.pub:18531
Error: could not connect to bore.pub:7835

Caused by:
    No route to host (os error 65)
[2m2026-05-16T15:13:41.786353Z[0m [32m INFO[0m [2mbore_cli::client[0m[2m:[0m connected to server [3mremote_port[0m[2m=[0m42877
[2m2026-05-16T15:13:41.786423Z[0m [32m INFO[0m [2mbore_cli::client[0m[2m:[0m listening at bore.pub:42877
Error: could not connect to bore.pub:7835

Caused by:
    No route to host (os error 65)
[2m2026-05-16T15:16:29.279494Z[0m [32m INFO[0m [2mbore_cli::client[0m[2m:[0m connected to server [3mremote_port[0m[2m=[0m39031
[2m2026-05-16T15:16:29.279639Z[0m [32m INFO[0m [2mbore_cli::client[0m[2m:[0m listening at bore.pub:39031
[2m2026-05-16T15:17:57.038713Z[0m [32m INFO[0m [2mbore_cli::client[0m[2m:[0m connected to server [3mremote_port[0m[2m=[0m26988
[2m2026-05-16T15:17:57.038838Z[0m [32m INFO[0m [2mbore_cli::client[0m[2m:[0m listening at bore.pub:26988
Error: could not connect to bore.pub:7835

Caused by:
    No route to host (os error 65)
[2m2026-05-16T15:19:41.746374Z[0m [32m INFO[0m [2mbore_cli::client[0m[2m:[0m connected to server [3mremote_port[0m[2m=[0m46814
[2m2026-05-16T15:19:41.746512Z[0m [32m INFO[0m [2mbore_cli::client[0m[2m:[0m listening at bore.pub:46814
Error: could not connect to bore.pub:7835

Caused by:
    No route to host (os error 65)
[2m2026-05-16T15:22:26.911765Z[0m [32m INFO[0m [2mbore_cli::client[0m[2m:[0m connected to server [3mremote_port[0m[2m=[0m19399
[2m2026-05-16T15:22:26.911878Z[0m [32m INFO[0m [2mbore_cli::client[0m[2m:[0m listening at bore.pub:19399
Error: could not connect to bore.pub:7835

Caused by:
    No route to host (os error 65)
[2m2026-05-16T15:25:35.328758Z[0m [32m INFO[0m [2mbore_cli::client[0m[2m:[0m connected to server [3mremote_port[0m[2m=[0m55550
[2m2026-05-16T15:25:35.328862Z[0m [32m INFO[0m [2mbore_cli::client[0m[2m:[0m listening at bore.pub:55550
Error: could not connect to bore.pub:7835

Caused by:
    No route to host (os error 65)
[2m2026-05-16T15:26:41.436578Z[0m [32m INFO[0m [2mbore_cli::client[0m[2m:[0m connected to server [3mremote_port[0m[2m=[0m58235
[2m2026-05-16T15:26:41.436727Z[0m [32m INFO[0m [2mbore_cli::client[0m[2m:[0m listening at bore.pub:58235
Error: could not connect to bore.pub:7835

Caused by:
    No route to host (os error 65)
[2m2026-05-16T15:28:14.618119Z[0m [32m INFO[0m [2mbore_cli::client[0m[2m:[0m connected to server [3mremote_port[0m[2m=[0m23793
[2m2026-05-16T15:28:14.618246Z[0m [32m INFO[0m [2mbore_cli::client[0m[2m:[0m listening at bore.pub:23793
[2m2026-05-16T15:35:31.782738Z[0m [32m INFO[0m [2mbore_cli::client[0m[2m:[0m connected to server [3mremote_port[0m[2m=[0m2486
[2m2026-05-16T15:35:31.782891Z[0m [32m INFO[0m [2mbore_cli::client[0m[2m:[0m listening at bore.pub:2486
Error: could not connect to bore.pub:7835

Caused by:
    No route to host (os error 65)
[2m2026-05-16T15:37:40.016407Z[0m [32m INFO[0m [2mbore_cli::client[0m[2m:[0m connected to server [3mremote_port[0m[2m=[0m57406
[2m2026-05-16T15:37:40.016523Z[0m [32m INFO[0m [2mbore_cli::client[0m[2m:[0m listening at bore.pub:57406
Error: could not connect to bore.pub:7835

Caused by:
    No route to host (os error 65)
[2m2026-05-16T15:44:58.015177Z[0m [32m INFO[0m [2mbore_cli::client[0m[2m:[0m connected to server [3mremote_port[0m[2m=[0m49377
[2m2026-05-16T15:44:58.015304Z[0m [32m INFO[0m [2mbore_cli::client[0m[2m:[0m listening at bore.pub:49377
Error: could not connect to bore.pub:7835

Caused by:
    No route to host (os error 65)
[2m2026-05-16T15:46:41.254587Z[0m [32m INFO[0m [2mbore_cli::client[0m[2m:[0m connected to server [3mremote_port[0m[2m=[0m34141
[2m2026-05-16T15:46:41.254745Z[0m [32m INFO[0m [2mbore_cli::client[0m[2m:[0m listening at bore.pub:34141
Error: could not connect to bore.pub:7835

Caused by:
    No route to host (os error 65)
[2m2026-05-16T15:48:11.957457Z[0m [32m INFO[0m [2mbore_cli::client[0m[2m:[0m connected to server [3mremote_port[0m[2m=[0m33233
[2m2026-05-16T15:48:11.957577Z[0m [32m INFO[0m [2mbore_cli::client[0m[2m:[0m listening at bore.pub:33233
Error: could not connect to bore.pub:7835

Caused by:
    No route to host (os error 65)
[2m2026-05-16T15:49:41.834592Z[0m [32m INFO[0m [2mbore_cli::client[0m[2m:[0m connected to server [3mremote_port[0m[2m=[0m54011
[2m2026-05-16T15:49:41.834714Z[0m [32m INFO[0m [2mbore_cli::client[0m[2m:[0m listening at bore.pub:54011
Error: could not connect to bore.pub:7835

Caused by:
    No route to host (os error 65)
[2m2026-05-16T15:51:09.357291Z[0m [32m INFO[0m [2mbore_cli::client[0m[2m:[0m connected to server [3mremote_port[0m[2m=[0m45269
[2m2026-05-16T15:51:09.357454Z[0m [32m INFO[0m [2mbore_cli::client[0m[2m:[0m listening at bore.pub:45269
[2m2026-05-16T15:52:24.521228Z[0m [32m INFO[0m [2mbore_cli::client[0m[2m:[0m connected to server [3mremote_port[0m[2m=[0m11768
[2m2026-05-16T15:52:24.521369Z[0m [32m INFO[0m [2mbore_cli::client[0m[2m:[0m listening at bore.pub:11768
Error: could not connect to bore.pub:7835

Caused by:
    No route to host (os error 65)
[2m2026-05-16T15:54:34.231011Z[0m [32m INFO[0m [2mbore_cli::client[0m[2m:[0m connected to server [3mremote_port[0m[2m=[0m14122
[2m2026-05-16T15:54:34.231144Z[0m [32m INFO[0m [2mbore_cli::client[0m[2m:[0m listening at bore.pub:14122
Error: could not connect to bore.pub:7835

Caused by:
    No route to host (os error 65)
[2m2026-05-16T15:56:06.423981Z[0m [32m INFO[0m [2mbore_cli::client[0m[2m:[0m connected to server [3mremote_port[0m[2m=[0m27310
[2m2026-05-16T15:56:06.424119Z[0m [32m INFO[0m [2mbore_cli::client[0m[2m:[0m listening at bore.pub:27310
Error: could not connect to bore.pub:7835

Caused by:
    No route to host (os error 65)
[2m2026-05-16T15:58:04.274393Z[0m [32m INFO[0m [2mbore_cli::client[0m[2m:[0m connected to server [3mremote_port[0m[2m=[0m21960
[2m2026-05-16T15:58:04.274539Z[0m [32m INFO[0m [2mbore_cli::client[0m[2m:[0m listening at bore.pub:21960
Error: could not connect to bore.pub:7835

Caused by:
    No route to host (os error 65)
[2m2026-05-16T16:00:05.188394Z[0m [32m INFO[0m [2mbore_cli::client[0m[2m:[0m connected to server [3mremote_port[0m[2m=[0m31408
[2m2026-05-16T16:00:05.188548Z[0m [32m INFO[0m [2mbore_cli::client[0m[2m:[0m listening at bore.pub:31408
Error: could not connect to bore.pub:7835

Caused by:
    No route to host (os error 65)
[2m2026-05-16T16:01:41.522060Z[0m [32m INFO[0m [2mbore_cli::client[0m[2m:[0m connected to server [3mremote_port[0m[2m=[0m63050
[2m2026-05-16T16:01:41.522183Z[0m [32m INFO[0m [2mbore_cli::client[0m[2m:[0m listening at bore.pub:63050
Error: could not connect to bore.pub:7835

Caused by:
    No route to host (os error 65)
[2m2026-05-16T16:03:17.349323Z[0m [32m INFO[0m [2mbore_cli::client[0m[2m:[0m connected to server [3mremote_port[0m[2m=[0m29684
[2m2026-05-16T16:03:17.349478Z[0m [32m INFO[0m [2mbore_cli::client[0m[2m:[0m listening at bore.pub:29684
Error: could not connect to bore.pub:7835

Caused by:
    No route to host (os error 65)
[2m2026-05-16T16:05:16.210489Z[0m [32m INFO[0m [2mbore_cli::client[0m[2m:[0m connected to server [3mremote_port[0m[2m=[0m57124
[2m2026-05-16T16:05:16.210597Z[0m [32m INFO[0m [2mbore_cli::client[0m[2m:[0m listening at bore.pub:57124
Error: could not connect to bore.pub:7835

Caused by:
    No route to host (os error 65)
[2m2026-05-16T16:06:52.441280Z[0m [32m INFO[0m [2mbore_cli::client[0m[2m:[0m connected to server [3mremote_port[0m[2m=[0m3218
[2m2026-05-16T16:06:52.441406Z[0m [32m INFO[0m [2mbore_cli::client[0m[2m:[0m listening at bore.pub:3218
Error: could not connect to bore.pub:7835

Caused by:
    No route to host (os error 65)
[2m2026-05-16T16:09:56.880388Z[0m [32m INFO[0m [2mbore_cli::client[0m[2m:[0m connected to server [3mremote_port[0m[2m=[0m25502
[2m2026-05-16T16:09:56.880531Z[0m [32m INFO[0m [2mbore_cli::client[0m[2m:[0m listening at bore.pub:25502
Error: could not connect to bore.pub:7835

Caused by:
    No route to host (os error 65)
[2m2026-05-16T16:11:37.759813Z[0m [32m INFO[0m [2mbore_cli::client[0m[2m:[0m connected to server [3mremote_port[0m[2m=[0m12400
[2m2026-05-16T16:11:37.759968Z[0m [32m INFO[0m [2mbore_cli::client[0m[2m:[0m listening at bore.pub:12400
Error: could not connect to bore.pub:7835

Caused by:
    No route to host (os error 65)
[2m2026-05-16T16:14:25.171646Z[0m [32m INFO[0m [2mbore_cli::client[0m[2m:[0m connected to server [3mremote_port[0m[2m=[0m38479
[2m2026-05-16T16:14:25.171783Z[0m [32m INFO[0m [2mbore_cli::client[0m[2m:[0m listening at bore.pub:38479
Error: could not connect to bore.pub:7835

Caused by:
    No route to host (os error 65)
[2m2026-05-16T16:16:02.522497Z[0m [32m INFO[0m [2mbore_cli::client[0m[2m:[0m connected to server [3mremote_port[0m[2m=[0m7035
[2m2026-05-16T16:16:02.522619Z[0m [32m INFO[0m [2mbore_cli::client[0m[2m:[0m listening at bore.pub:7035
Error: could not connect to bore.pub:7835

Caused by:
    No route to host (os error 65)
[2m2026-05-16T16:17:36.463968Z[0m [32m INFO[0m [2mbore_cli::client[0m[2m:[0m connected to server [3mremote_port[0m[2m=[0m23274
[2m2026-05-16T16:17:36.464037Z[0m [32m INFO[0m [2mbore_cli::client[0m[2m:[0m listening at bore.pub:23274
Error: could not connect to bore.pub:7835

Caused by:
    No route to host (os error 65)
[2m2026-05-16T16:19:35.012801Z[0m [32m INFO[0m [2mbore_cli::client[0m[2m:[0m connected to server [3mremote_port[0m[2m=[0m25695
[2m2026-05-16T16:19:35.012954Z[0m [32m INFO[0m [2mbore_cli::client[0m[2m:[0m listening at bore.pub:25695
Error: could not connect to bore.pub:7835

Caused by:
    No route to host (os error 65)
[2m2026-05-16T16:21:17.077330Z[0m [32m INFO[0m [2mbore_cli::client[0m[2m:[0m connected to server [3mremote_port[0m[2m=[0m16498
[2m2026-05-16T16:21:17.077459Z[0m [32m INFO[0m [2mbore_cli::client[0m[2m:[0m listening at bore.pub:16498
Error: could not connect to bore.pub:7835

Caused by:
    No route to host (os error 65)
[2m2026-05-16T16:22:52.291074Z[0m [32m INFO[0m [2mbore_cli::client[0m[2m:[0m connected to server [3mremote_port[0m[2m=[0m24417
[2m2026-05-16T16:22:52.291197Z[0m [32m INFO[0m [2mbore_cli::client[0m[2m:[0m listening at bore.pub:24417
Error: could not connect to bore.pub:7835

Caused by:
    No route to host (os error 65)
[2m2026-05-16T16:24:30.863278Z[0m [32m INFO[0m [2mbore_cli::client[0m[2m:[0m connected to server [3mremote_port[0m[2m=[0m11974
[2m2026-05-16T16:24:30.863410Z[0m [32m INFO[0m [2mbore_cli::client[0m[2m:[0m listening at bore.pub:11974
Error: could not connect to bore.pub:7835

Caused by:
    No route to host (os error 65)
[2m2026-05-16T16:26:01.629878Z[0m [32m INFO[0m [2mbore_cli::client[0m[2m:[0m connected to server [3mremote_port[0m[2m=[0m56296
[2m2026-05-16T16:26:01.630013Z[0m [32m INFO[0m [2mbore_cli::client[0m[2m:[0m listening at bore.pub:56296
Error: could not connect to bore.pub:7835

Caused by:
    No route to host (os error 65)
[2m2026-05-16T16:27:27.653268Z[0m [32m INFO[0m [2mbore_cli::client[0m[2m:[0m connected to server [3mremote_port[0m[2m=[0m1815
[2m2026-05-16T16:27:27.653397Z[0m [32m INFO[0m [2mbore_cli::client[0m[2m:[0m listening at bore.pub:1815
Error: could not connect to bore.pub:7835

Caused by:
    No route to host (os error 65)
[2m2026-05-16T16:29:36.342448Z[0m [32m INFO[0m [2mbore_cli::client[0m[2m:[0m connected to server [3mremote_port[0m[2m=[0m49726
[2m2026-05-16T16:29:36.342580Z[0m [32m INFO[0m [2mbore_cli::client[0m[2m:[0m listening at bore.pub:49726
Error: could not connect to bore.pub:7835

Caused by:
    No route to host (os error 65)
[2m2026-05-16T16:31:14.480175Z[0m [32m INFO[0m [2mbore_cli::client[0m[2m:[0m connected to server [3mremote_port[0m[2m=[0m38139
[2m2026-05-16T16:31:14.480319Z[0m [32m INFO[0m [2mbore_cli::client[0m[2m:[0m listening at bore.pub:38139
Error: could not connect to bore.pub:7835

Caused by:
    No route to host (os error 65)
[2m2026-05-16T16:32:44.438496Z[0m [32m INFO[0m [2mbore_cli::client[0m[2m:[0m connected to server [3mremote_port[0m[2m=[0m16409
[2m2026-05-16T16:32:44.438615Z[0m [32m INFO[0m [2mbore_cli::client[0m[2m:[0m listening at bore.pub:16409
Error: could not connect to bore.pub:7835

Caused by:
    No route to host (os error 65)
[2m2026-05-16T16:35:03.646105Z[0m [32m INFO[0m [2mbore_cli::client[0m[2m:[0m connected to server [3mremote_port[0m[2m=[0m43689
[2m2026-05-16T16:35:03.646266Z[0m [32m INFO[0m [2mbore_cli::client[0m[2m:[0m listening at bore.pub:43689
Error: could not connect to bore.pub:7835

Caused by:
    No route to host (os error 65)
[2m2026-05-16T16:36:40.750206Z[0m [32m INFO[0m [2mbore_cli::client[0m[2m:[0m connected to server [3mremote_port[0m[2m=[0m7707
[2m2026-05-16T16:36:40.750343Z[0m [32m INFO[0m [2mbore_cli::client[0m[2m:[0m listening at bore.pub:7707
Error: could not connect to bore.pub:7835

Caused by:
    No route to host (os error 65)
[2m2026-05-16T16:38:20.960438Z[0m [32m INFO[0m [2mbore_cli::client[0m[2m:[0m connected to server [3mremote_port[0m[2m=[0m32274
[2m2026-05-16T16:38:20.960536Z[0m [32m INFO[0m [2mbore_cli::client[0m[2m:[0m listening at bore.pub:32274
Error: could not connect to bore.pub:7835

Caused by:
    No route to host (os error 65)
[2m2026-05-16T16:40:33.419138Z[0m [32m INFO[0m [2mbore_cli::client[0m[2m:[0m connected to server [3mremote_port[0m[2m=[0m19495
[2m2026-05-16T16:40:33.419279Z[0m [32m INFO[0m [2mbore_cli::client[0m[2m:[0m listening at bore.pub:19495
Error: could not connect to bore.pub:7835

Caused by:
    No route to host (os error 65)
[2m2026-05-16T16:42:06.179003Z[0m [32m INFO[0m [2mbore_cli::client[0m[2m:[0m connected to server [3mremote_port[0m[2m=[0m18437
[2m2026-05-16T16:42:06.179136Z[0m [32m INFO[0m [2mbore_cli::client[0m[2m:[0m listening at bore.pub:18437
Error: could not connect to bore.pub:7835

Caused by:
    No route to host (os error 65)
[2m2026-05-16T16:43:41.745917Z[0m [32m INFO[0m [2mbore_cli::client[0m[2m:[0m connected to server [3mremote_port[0m[2m=[0m2630
[2m2026-05-16T16:43:41.746045Z[0m [32m INFO[0m [2mbore_cli::client[0m[2m:[0m listening at bore.pub:2630
Error: could not connect to bore.pub:7835

Caused by:
    No route to host (os error 65)
[2m2026-05-16T16:45:41.655685Z[0m [32m INFO[0m [2mbore_cli::client[0m[2m:[0m connected to server [3mremote_port[0m[2m=[0m15788
[2m2026-05-16T16:45:41.655819Z[0m [32m INFO[0m [2mbore_cli::client[0m[2m:[0m listening at bore.pub:15788
Error: could not connect to bore.pub:7835

Caused by:
    No route to host (os error 65)
[2m2026-05-16T16:47:18.093033Z[0m [32m INFO[0m [2mbore_cli::client[0m[2m:[0m connected to server [3mremote_port[0m[2m=[0m7726
[2m2026-05-16T16:47:18.093158Z[0m [32m INFO[0m [2mbore_cli::client[0m[2m:[0m listening at bore.pub:7726
Error: could not connect to bore.pub:7835

Caused by:
    No route to host (os error 65)
[2m2026-05-16T16:48:51.495303Z[0m [32m INFO[0m [2mbore_cli::client[0m[2m:[0m connected to server [3mremote_port[0m[2m=[0m30612
[2m2026-05-16T16:48:51.495453Z[0m [32m INFO[0m [2mbore_cli::client[0m[2m:[0m listening at bore.pub:30612
Error: could not connect to bore.pub:7835

Caused by:
    No route to host (os error 65)
[2m2026-05-16T16:50:57.000597Z[0m [32m INFO[0m [2mbore_cli::client[0m[2m:[0m connected to server [3mremote_port[0m[2m=[0m43142
[2m2026-05-16T16:50:57.000743Z[0m [32m INFO[0m [2mbore_cli::client[0m[2m:[0m listening at bore.pub:43142
Error: could not connect to bore.pub:7835

Caused by:
    No route to host (os error 65)
[2m2026-05-16T16:52:31.860453Z[0m [32m INFO[0m [2mbore_cli::client[0m[2m:[0m connected to server [3mremote_port[0m[2m=[0m51587
[2m2026-05-16T16:52:31.860579Z[0m [32m INFO[0m [2mbore_cli::client[0m[2m:[0m listening at bore.pub:51587
Error: could not connect to bore.pub:7835

Caused by:
    No route to host (os error 65)
[2m2026-05-16T16:54:02.662395Z[0m [32m INFO[0m [2mbore_cli::client[0m[2m:[0m connected to server [3mremote_port[0m[2m=[0m53835
[2m2026-05-16T16:54:02.662522Z[0m [32m INFO[0m [2mbore_cli::client[0m[2m:[0m listening at bore.pub:53835
Error: could not connect to bore.pub:7835

Caused by:
    No route to host (os error 65)
[2m2026-05-16T16:56:16.292498Z[0m [32m INFO[0m [2mbore_cli::client[0m[2m:[0m connected to server [3mremote_port[0m[2m=[0m49365
[2m2026-05-16T16:56:16.292612Z[0m [32m INFO[0m [2mbore_cli::client[0m[2m:[0m listening at bore.pub:49365
Error: could not connect to bore.pub:7835

Caused by:
    No route to host (os error 65)
[2m2026-05-16T16:58:00.717163Z[0m [32m INFO[0m [2mbore_cli::client[0m[2m:[0m connected to server [3mremote_port[0m[2m=[0m37925
[2m2026-05-16T16:58:00.717257Z[0m [32m INFO[0m [2mbore_cli::client[0m[2m:[0m listening at bore.pub:37925
Error: could not connect to bore.pub:7835

Caused by:
    No route to host (os error 65)
[2m2026-05-16T16:59:37.366980Z[0m [32m INFO[0m [2mbore_cli::client[0m[2m:[0m connected to server [3mremote_port[0m[2m=[0m2209
[2m2026-05-16T16:59:37.367118Z[0m [32m INFO[0m [2mbore_cli::client[0m[2m:[0m listening at bore.pub:2209
Error: could not connect to bore.pub:7835

Caused by:
    No route to host (os error 65)
[2m2026-05-16T17:01:25.353732Z[0m [32m INFO[0m [2mbore_cli::client[0m[2m:[0m connected to server [3mremote_port[0m[2m=[0m64639
[2m2026-05-16T17:01:25.353862Z[0m [32m INFO[0m [2mbore_cli::client[0m[2m:[0m listening at bore.pub:64639
Error: could not connect to bore.pub:7835

Caused by:
    No route to host (os error 65)
[2m2026-05-16T17:02:55.297458Z[0m [32m INFO[0m [2mbore_cli::client[0m[2m:[0m connected to server [3mremote_port[0m[2m=[0m9323
[2m2026-05-16T17:02:55.297580Z[0m [32m INFO[0m [2mbore_cli::client[0m[2m:[0m listening at bore.pub:9323
[2m2026-05-16T17:04:15.519455Z[0m [32m INFO[0m [2mbore_cli::client[0m[2m:[0m connected to server [3mremote_port[0m[2m=[0m18771
[2m2026-05-16T17:04:15.519572Z[0m [32m INFO[0m [2mbore_cli::client[0m[2m:[0m listening at bore.pub:18771
Error: could not connect to bore.pub:7835

Caused by:
    No route to host (os error 65)
[2m2026-05-16T17:05:36.104259Z[0m [32m INFO[0m [2mbore_cli::client[0m[2m:[0m connected to server [3mremote_port[0m[2m=[0m51853
[2m2026-05-16T17:05:36.104415Z[0m [32m INFO[0m [2mbore_cli::client[0m[2m:[0m listening at bore.pub:51853
Error: could not connect to bore.pub:7835

Caused by:
    No route to host (os error 65)
[2m2026-05-16T17:07:15.339672Z[0m [32m INFO[0m [2mbore_cli::client[0m[2m:[0m connected to server [3mremote_port[0m[2m=[0m26358
[2m2026-05-16T17:07:15.339799Z[0m [32m INFO[0m [2mbore_cli::client[0m[2m:[0m listening at bore.pub:26358
Error: could not connect to bore.pub:7835

Caused by:
    No route to host (os error 65)
[2m2026-05-16T17:08:41.789973Z[0m [32m INFO[0m [2mbore_cli::client[0m[2m:[0m connected to server [3mremote_port[0m[2m=[0m44804
[2m2026-05-16T17:08:41.790103Z[0m [32m INFO[0m [2mbore_cli::client[0m[2m:[0m listening at bore.pub:44804
Error: could not connect to bore.pub:7835

Caused by:
    No route to host (os error 65)
[2m2026-05-16T17:10:19.821025Z[0m [32m INFO[0m [2mbore_cli::client[0m[2m:[0m connected to server [3mremote_port[0m[2m=[0m49700
[2m2026-05-16T17:10:19.821150Z[0m [32m INFO[0m [2mbore_cli::client[0m[2m:[0m listening at bore.pub:49700
Error: could not connect to bore.pub:7835

Caused by:
    No route to host (os error 65)
[2m2026-05-16T17:12:05.741146Z[0m [32m INFO[0m [2mbore_cli::client[0m[2m:[0m connected to server [3mremote_port[0m[2m=[0m47828
[2m2026-05-16T17:12:05.741313Z[0m [32m INFO[0m [2mbore_cli::client[0m[2m:[0m listening at bore.pub:47828
Error: could not connect to bore.pub:7835

Caused by:
    No route to host (os error 65)
[2m2026-05-16T17:13:41.010317Z[0m [32m INFO[0m [2mbore_cli::client[0m[2m:[0m connected to server [3mremote_port[0m[2m=[0m32484
[2m2026-05-16T17:13:41.010401Z[0m [32m INFO[0m [2mbore_cli::client[0m[2m:[0m listening at bore.pub:32484
Error: could not connect to bore.pub:7835

Caused by:
    No route to host (os error 65)
[2m2026-05-16T17:15:14.040258Z[0m [32m INFO[0m [2mbore_cli::client[0m[2m:[0m connected to server [3mremote_port[0m[2m=[0m17668
[2m2026-05-16T17:15:14.040382Z[0m [32m INFO[0m [2mbore_cli::client[0m[2m:[0m listening at bore.pub:17668
Error: could not connect to bore.pub:7835

Caused by:
    No route to host (os error 65)
[2m2026-05-16T17:17:16.597078Z[0m [32m INFO[0m [2mbore_cli::client[0m[2m:[0m connected to server [3mremote_port[0m[2m=[0m15957
[2m2026-05-16T17:17:16.597194Z[0m [32m INFO[0m [2mbore_cli::client[0m[2m:[0m listening at bore.pub:15957
[2m2026-05-16T17:19:15.038038Z[0m [32m INFO[0m [2mbore_cli::client[0m[2m:[0m connected to server [3mremote_port[0m[2m=[0m44032
[2m2026-05-16T17:19:15.038181Z[0m [32m INFO[0m [2mbore_cli::client[0m[2m:[0m listening at bore.pub:44032
Error: could not connect to bore.pub:7835

Caused by:
    No route to host (os error 65)
[2m2026-05-16T17:21:08.976358Z[0m [32m INFO[0m [2mbore_cli::client[0m[2m:[0m connected to server [3mremote_port[0m[2m=[0m40503
[2m2026-05-16T17:21:08.976485Z[0m [32m INFO[0m [2mbore_cli::client[0m[2m:[0m listening at bore.pub:40503
Error: could not connect to bore.pub:7835

Caused by:
    No route to host (os error 65)
[2m2026-05-16T17:22:50.552312Z[0m [32m INFO[0m [2mbore_cli::client[0m[2m:[0m connected to server [3mremote_port[0m[2m=[0m43419
[2m2026-05-16T17:22:50.552406Z[0m [32m INFO[0m [2mbore_cli::client[0m[2m:[0m listening at bore.pub:43419
Error: could not connect to bore.pub:7835

Caused by:
    No route to host (os error 65)
[2m2026-05-16T17:24:34.683373Z[0m [32m INFO[0m [2mbore_cli::client[0m[2m:[0m connected to server [3mremote_port[0m[2m=[0m45634
[2m2026-05-16T17:24:34.683501Z[0m [32m INFO[0m [2mbore_cli::client[0m[2m:[0m listening at bore.pub:45634
Error: could not connect to bore.pub:7835

Caused by:
    No route to host (os error 65)
[2m2026-05-16T17:26:18.113558Z[0m [32m INFO[0m [2mbore_cli::client[0m[2m:[0m connected to server [3mremote_port[0m[2m=[0m1887
[2m2026-05-16T17:26:18.113689Z[0m [32m INFO[0m [2mbore_cli::client[0m[2m:[0m listening at bore.pub:1887
Error: could not connect to bore.pub:7835

Caused by:
    No route to host (os error 65)
[2m2026-05-16T17:28:20.364090Z[0m [32m INFO[0m [2mbore_cli::client[0m[2m:[0m connected to server [3mremote_port[0m[2m=[0m6599
[2m2026-05-16T17:28:20.364241Z[0m [32m INFO[0m [2mbore_cli::client[0m[2m:[0m listening at bore.pub:6599
Error: could not connect to bore.pub:7835

Caused by:
    No route to host (os error 65)
[2m2026-05-16T17:30:00.610791Z[0m [32m INFO[0m [2mbore_cli::client[0m[2m:[0m connected to server [3mremote_port[0m[2m=[0m6280
[2m2026-05-16T17:30:00.610934Z[0m [32m INFO[0m [2mbore_cli::client[0m[2m:[0m listening at bore.pub:6280
Error: could not connect to bore.pub:7835

Caused by:
    No route to host (os error 65)
[2m2026-05-16T17:31:41.634603Z[0m [32m INFO[0m [2mbore_cli::client[0m[2m:[0m connected to server [3mremote_port[0m[2m=[0m51259
[2m2026-05-16T17:31:41.634751Z[0m [32m INFO[0m [2mbore_cli::client[0m[2m:[0m listening at bore.pub:51259
Error: could not connect to bore.pub:7835

Caused by:
    No route to host (os error 65)
[2m2026-05-16T17:33:42.260009Z[0m [32m INFO[0m [2mbore_cli::client[0m[2m:[0m connected to server [3mremote_port[0m[2m=[0m32488
[2m2026-05-16T17:33:42.260146Z[0m [32m INFO[0m [2mbore_cli::client[0m[2m:[0m listening at bore.pub:32488
[2m2026-05-16T17:35:13.272267Z[0m [32m INFO[0m [2mbore_cli::client[0m[2m:[0m connected to server [3mremote_port[0m[2m=[0m39523
[2m2026-05-16T17:35:13.272407Z[0m [32m INFO[0m [2mbore_cli::client[0m[2m:[0m listening at bore.pub:39523
Error: could not connect to bore.pub:7835

Caused by:
    No route to host (os error 65)
[2m2026-05-16T17:36:57.894458Z[0m [32m INFO[0m [2mbore_cli::client[0m[2m:[0m connected to server [3mremote_port[0m[2m=[0m1737
[2m2026-05-16T17:36:57.894586Z[0m [32m INFO[0m [2mbore_cli::client[0m[2m:[0m listening at bore.pub:1737
Error: could not connect to bore.pub:7835

Caused by:
    No route to host (os error 65)
[2m2026-05-16T17:39:13.248745Z[0m [32m INFO[0m [2mbore_cli::client[0m[2m:[0m connected to server [3mremote_port[0m[2m=[0m22670
[2m2026-05-16T17:39:13.248899Z[0m [32m INFO[0m [2mbore_cli::client[0m[2m:[0m listening at bore.pub:22670
Error: could not connect to bore.pub:7835

Caused by:
    No route to host (os error 65)
[2m2026-05-16T17:40:41.775951Z[0m [32m INFO[0m [2mbore_cli::client[0m[2m:[0m connected to server [3mremote_port[0m[2m=[0m1194
[2m2026-05-16T17:40:41.776082Z[0m [32m INFO[0m [2mbore_cli::client[0m[2m:[0m listening at bore.pub:1194
Error: could not connect to bore.pub:7835

Caused by:
    No route to host (os error 65)
[2m2026-05-16T17:42:18.990701Z[0m [32m INFO[0m [2mbore_cli::client[0m[2m:[0m connected to server [3mremote_port[0m[2m=[0m48016
[2m2026-05-16T17:42:18.990833Z[0m [32m INFO[0m [2mbore_cli::client[0m[2m:[0m listening at bore.pub:48016
Error: could not connect to bore.pub:7835

Caused by:
    No route to host (os error 65)
[2m2026-05-16T17:44:41.028486Z[0m [32m INFO[0m [2mbore_cli::client[0m[2m:[0m connected to server [3mremote_port[0m[2m=[0m53319
[2m2026-05-16T17:44:41.028607Z[0m [32m INFO[0m [2mbore_cli::client[0m[2m:[0m listening at bore.pub:53319
Error: could not connect to bore.pub:7835

Caused by:
    No route to host (os error 65)
[2m2026-05-16T17:46:21.055530Z[0m [32m INFO[0m [2mbore_cli::client[0m[2m:[0m connected to server [3mremote_port[0m[2m=[0m22554
[2m2026-05-16T17:46:21.055632Z[0m [32m INFO[0m [2mbore_cli::client[0m[2m:[0m listening at bore.pub:22554
Error: could not connect to bore.pub:7835

Caused by:
    No route to host (os error 65)
[2m2026-05-16T17:47:57.872978Z[0m [32m INFO[0m [2mbore_cli::client[0m[2m:[0m connected to server [3mremote_port[0m[2m=[0m63982
[2m2026-05-16T17:47:57.873106Z[0m [32m INFO[0m [2mbore_cli::client[0m[2m:[0m listening at bore.pub:63982
Error: could not connect to bore.pub:7835

Caused by:
    No route to host (os error 65)
[2m2026-05-16T17:49:58.557097Z[0m [32m INFO[0m [2mbore_cli::client[0m[2m:[0m connected to server [3mremote_port[0m[2m=[0m51873
[2m2026-05-16T17:49:58.557231Z[0m [32m INFO[0m [2mbore_cli::client[0m[2m:[0m listening at bore.pub:51873
Error: could not connect to bore.pub:7835

Caused by:
    No route to host (os error 65)
[2m2026-05-16T17:51:36.017878Z[0m [32m INFO[0m [2mbore_cli::client[0m[2m:[0m connected to server [3mremote_port[0m[2m=[0m13459
[2m2026-05-16T17:51:36.018011Z[0m [32m INFO[0m [2mbore_cli::client[0m[2m:[0m listening at bore.pub:13459
Error: could not connect to bore.pub:7835

Caused by:
    No route to host (os error 65)
[2m2026-05-16T17:53:12.631274Z[0m [32m INFO[0m [2mbore_cli::client[0m[2m:[0m connected to server [3mremote_port[0m[2m=[0m60113
[2m2026-05-16T17:53:12.631402Z[0m [32m INFO[0m [2mbore_cli::client[0m[2m:[0m listening at bore.pub:60113
Error: could not connect to bore.pub:7835

Caused by:
    No route to host (os error 65)
[2m2026-05-16T17:55:34.251190Z[0m [32m INFO[0m [2mbore_cli::client[0m[2m:[0m connected to server [3mremote_port[0m[2m=[0m51515
[2m2026-05-16T17:55:34.251324Z[0m [32m INFO[0m [2mbore_cli::client[0m[2m:[0m listening at bore.pub:51515
Error: could not connect to bore.pub:7835

Caused by:
    No route to host (os error 65)
[2m2026-05-16T17:57:19.411243Z[0m [32m INFO[0m [2mbore_cli::client[0m[2m:[0m connected to server [3mremote_port[0m[2m=[0m35809
[2m2026-05-16T17:57:19.411380Z[0m [32m INFO[0m [2mbore_cli::client[0m[2m:[0m listening at bore.pub:35809
Error: could not connect to bore.pub:7835

Caused by:
    No route to host (os error 65)
[2m2026-05-16T17:58:59.569636Z[0m [32m INFO[0m [2mbore_cli::client[0m[2m:[0m connected to server [3mremote_port[0m[2m=[0m15558
[2m2026-05-16T17:58:59.569775Z[0m [32m INFO[0m [2mbore_cli::client[0m[2m:[0m listening at bore.pub:15558
Error: could not connect to bore.pub:7835

Caused by:
    No route to host (os error 65)
[2m2026-05-16T18:00:48.252527Z[0m [32m INFO[0m [2mbore_cli::client[0m[2m:[0m connected to server [3mremote_port[0m[2m=[0m45042
[2m2026-05-16T18:00:48.252684Z[0m [32m INFO[0m [2mbore_cli::client[0m[2m:[0m listening at bore.pub:45042
Error: could not connect to bore.pub:7835

Caused by:
    No route to host (os error 65)
[2m2026-05-16T18:02:29.338124Z[0m [32m INFO[0m [2mbore_cli::client[0m[2m:[0m connected to server [3mremote_port[0m[2m=[0m32531
[2m2026-05-16T18:02:29.338256Z[0m [32m INFO[0m [2mbore_cli::client[0m[2m:[0m listening at bore.pub:32531
Error: could not connect to bore.pub:7835

Caused by:
    No route to host (os error 65)
[2m2026-05-16T18:04:12.513681Z[0m [32m INFO[0m [2mbore_cli::client[0m[2m:[0m connected to server [3mremote_port[0m[2m=[0m35314
[2m2026-05-16T18:04:12.513817Z[0m [32m INFO[0m [2mbore_cli::client[0m[2m:[0m listening at bore.pub:35314
Error: could not connect to bore.pub:7835

Caused by:
    No route to host (os error 65)
[2m2026-05-16T18:06:20.567354Z[0m [32m INFO[0m [2mbore_cli::client[0m[2m:[0m connected to server [3mremote_port[0m[2m=[0m19098
[2m2026-05-16T18:06:20.567498Z[0m [32m INFO[0m [2mbore_cli::client[0m[2m:[0m listening at bore.pub:19098
Error: could not connect to bore.pub:7835

Caused by:
    No route to host (os error 65)
[2m2026-05-16T18:08:05.101847Z[0m [32m INFO[0m [2mbore_cli::client[0m[2m:[0m connected to server [3mremote_port[0m[2m=[0m20010
[2m2026-05-16T18:08:05.101967Z[0m [32m INFO[0m [2mbore_cli::client[0m[2m:[0m listening at bore.pub:20010
Error: could not connect to bore.pub:7835

Caused by:
    No route to host (os error 65)
[2m2026-05-16T18:09:41.968921Z[0m [32m INFO[0m [2mbore_cli::client[0m[2m:[0m connected to server [3mremote_port[0m[2m=[0m34020
[2m2026-05-16T18:09:41.969047Z[0m [32m INFO[0m [2mbore_cli::client[0m[2m:[0m listening at bore.pub:34020
Error: could not connect to bore.pub:7835

Caused by:
    No route to host (os error 65)
[2m2026-05-16T18:11:53.872419Z[0m [32m INFO[0m [2mbore_cli::client[0m[2m:[0m connected to server [3mremote_port[0m[2m=[0m46580
[2m2026-05-16T18:11:53.872489Z[0m [32m INFO[0m [2mbore_cli::client[0m[2m:[0m listening at bore.pub:46580
[2m2026-05-16T18:13:22.279983Z[0m [32m INFO[0m [2mbore_cli::client[0m[2m:[0m connected to server [3mremote_port[0m[2m=[0m28882
[2m2026-05-16T18:13:22.280116Z[0m [32m INFO[0m [2mbore_cli::client[0m[2m:[0m listening at bore.pub:28882
Error: could not connect to bore.pub:7835

Caused by:
    No route to host (os error 65)
[2m2026-05-16T18:15:18.962303Z[0m [32m INFO[0m [2mbore_cli::client[0m[2m:[0m connected to server [3mremote_port[0m[2m=[0m45162
[2m2026-05-16T18:15:18.962424Z[0m [32m INFO[0m [2mbore_cli::client[0m[2m:[0m listening at bore.pub:45162
Error: could not connect to bore.pub:7835

Caused by:
    No route to host (os error 65)
[2m2026-05-16T18:17:25.387076Z[0m [32m INFO[0m [2mbore_cli::client[0m[2m:[0m connected to server [3mremote_port[0m[2m=[0m56804
[2m2026-05-16T18:17:25.387196Z[0m [32m INFO[0m [2mbore_cli::client[0m[2m:[0m listening at bore.pub:56804
Error: could not connect to bore.pub:7835

Caused by:
    No route to host (os error 65)
[2m2026-05-16T18:19:05.616551Z[0m [32m INFO[0m [2mbore_cli::client[0m[2m:[0m connected to server [3mremote_port[0m[2m=[0m29036
[2m2026-05-16T18:19:05.616685Z[0m [32m INFO[0m [2mbore_cli::client[0m[2m:[0m listening at bore.pub:29036
[2m2026-05-16T18:20:32.323687Z[0m [32m INFO[0m [2mbore_cli::client[0m[2m:[0m connected to server [3mremote_port[0m[2m=[0m61359
[2m2026-05-16T18:20:32.323860Z[0m [32m INFO[0m [2mbore_cli::client[0m[2m:[0m listening at bore.pub:61359
Error: could not connect to bore.pub:7835

Caused by:
    No route to host (os error 65)
[2m2026-05-16T18:22:38.100374Z[0m [32m INFO[0m [2mbore_cli::client[0m[2m:[0m connected to server [3mremote_port[0m[2m=[0m29214
[2m2026-05-16T18:22:38.100493Z[0m [32m INFO[0m [2mbore_cli::client[0m[2m:[0m listening at bore.pub:29214
Error: could not connect to bore.pub:7835

Caused by:
    No route to host (os error 65)
[2m2026-05-16T18:24:08.203070Z[0m [32m INFO[0m [2mbore_cli::client[0m[2m:[0m connected to server [3mremote_port[0m[2m=[0m3669
[2m2026-05-16T18:24:08.203198Z[0m [32m INFO[0m [2mbore_cli::client[0m[2m:[0m listening at bore.pub:3669
Error: could not connect to bore.pub:7835

Caused by:
    No route to host (os error 65)
[2m2026-05-16T18:25:44.905521Z[0m [32m INFO[0m [2mbore_cli::client[0m[2m:[0m connected to server [3mremote_port[0m[2m=[0m16254
[2m2026-05-16T18:25:44.905596Z[0m [32m INFO[0m [2mbore_cli::client[0m[2m:[0m listening at bore.pub:16254
Error: could not connect to bore.pub:7835

Caused by:
    No route to host (os error 65)
[2m2026-05-16T18:28:02.677860Z[0m [32m INFO[0m [2mbore_cli::client[0m[2m:[0m connected to server [3mremote_port[0m[2m=[0m27547
[2m2026-05-16T18:28:02.677985Z[0m [32m INFO[0m [2mbore_cli::client[0m[2m:[0m listening at bore.pub:27547
Error: could not connect to bore.pub:7835

Caused by:
    No route to host (os error 65)
[2m2026-05-16T18:29:42.312127Z[0m [32m INFO[0m [2mbore_cli::client[0m[2m:[0m connected to server [3mremote_port[0m[2m=[0m18312
[2m2026-05-16T18:29:42.312247Z[0m [32m INFO[0m [2mbore_cli::client[0m[2m:[0m listening at bore.pub:18312
Error: could not connect to bore.pub:7835

Caused by:
    No route to host (os error 65)
[2m2026-05-16T18:31:20.698013Z[0m [32m INFO[0m [2mbore_cli::client[0m[2m:[0m connected to server [3mremote_port[0m[2m=[0m27584
[2m2026-05-16T18:31:20.698166Z[0m [32m INFO[0m [2mbore_cli::client[0m[2m:[0m listening at bore.pub:27584
[2m2026-05-16T18:33:23.543943Z[0m [32m INFO[0m [2mbore_cli::client[0m[2m:[0m connected to server [3mremote_port[0m[2m=[0m23623
[2m2026-05-16T18:33:23.544082Z[0m [32m INFO[0m [2mbore_cli::client[0m[2m:[0m listening at bore.pub:23623
Error: could not connect to bore.pub:7835

Caused by:
    No route to host (os error 65)
[2m2026-05-16T18:35:15.139456Z[0m [32m INFO[0m [2mbore_cli::client[0m[2m:[0m connected to server [3mremote_port[0m[2m=[0m6582
[2m2026-05-16T18:35:15.139580Z[0m [32m INFO[0m [2mbore_cli::client[0m[2m:[0m listening at bore.pub:6582
Error: could not connect to bore.pub:7835

Caused by:
    No route to host (os error 65)
[2m2026-05-16T18:38:41.549246Z[0m [32m INFO[0m [2mbore_cli::client[0m[2m:[0m connected to server [3mremote_port[0m[2m=[0m17898
[2m2026-05-16T18:38:41.549387Z[0m [32m INFO[0m [2mbore_cli::client[0m[2m:[0m listening at bore.pub:17898
Error: could not connect to bore.pub:7835

Caused by:
    No route to host (os error 65)
[2m2026-05-16T18:40:57.812302Z[0m [32m INFO[0m [2mbore_cli::client[0m[2m:[0m connected to server [3mremote_port[0m[2m=[0m20454
[2m2026-05-16T18:40:57.812463Z[0m [32m INFO[0m [2mbore_cli::client[0m[2m:[0m listening at bore.pub:20454
Error: could not connect to bore.pub:7835

Caused by:
    No route to host (os error 65)
[2m2026-05-16T18:42:33.822132Z[0m [32m INFO[0m [2mbore_cli::client[0m[2m:[0m connected to server [3mremote_port[0m[2m=[0m33258
[2m2026-05-16T18:42:33.822257Z[0m [32m INFO[0m [2mbore_cli::client[0m[2m:[0m listening at bore.pub:33258
Error: could not connect to bore.pub:7835

Caused by:
    No route to host (os error 65)
[2m2026-05-16T18:44:13.785584Z[0m [32m INFO[0m [2mbore_cli::client[0m[2m:[0m connected to server [3mremote_port[0m[2m=[0m17611
[2m2026-05-16T18:44:13.785727Z[0m [32m INFO[0m [2mbore_cli::client[0m[2m:[0m listening at bore.pub:17611
Error: could not connect to bore.pub:7835

Caused by:
    No route to host (os error 65)
[2m2026-05-16T18:46:17.029299Z[0m [32m INFO[0m [2mbore_cli::client[0m[2m:[0m connected to server [3mremote_port[0m[2m=[0m5107
[2m2026-05-16T18:46:17.029449Z[0m [32m INFO[0m [2mbore_cli::client[0m[2m:[0m listening at bore.pub:5107
Error: could not connect to bore.pub:7835

Caused by:
    No route to host (os error 65)
[2m2026-05-16T18:48:05.607117Z[0m [32m INFO[0m [2mbore_cli::client[0m[2m:[0m connected to server [3mremote_port[0m[2m=[0m32197
[2m2026-05-16T18:48:05.607263Z[0m [32m INFO[0m [2mbore_cli::client[0m[2m:[0m listening at bore.pub:32197
Error: could not connect to bore.pub:7835

Caused by:
    No route to host (os error 65)
[2m2026-05-16T18:49:41.536600Z[0m [32m INFO[0m [2mbore_cli::client[0m[2m:[0m connected to server [3mremote_port[0m[2m=[0m63377
[2m2026-05-16T18:49:41.536725Z[0m [32m INFO[0m [2mbore_cli::client[0m[2m:[0m listening at bore.pub:63377
Error: could not connect to bore.pub:7835

Caused by:
    No route to host (os error 65)
[2m2026-05-16T18:51:56.443944Z[0m [32m INFO[0m [2mbore_cli::client[0m[2m:[0m connected to server [3mremote_port[0m[2m=[0m63998
[2m2026-05-16T18:51:56.444067Z[0m [32m INFO[0m [2mbore_cli::client[0m[2m:[0m listening at bore.pub:63998
Error: could not connect to bore.pub:7835

Caused by:
    No route to host (os error 65)
[2m2026-05-16T18:53:37.712368Z[0m [32m INFO[0m [2mbore_cli::client[0m[2m:[0m connected to server [3mremote_port[0m[2m=[0m30490
[2m2026-05-16T18:53:37.712493Z[0m [32m INFO[0m [2mbore_cli::client[0m[2m:[0m listening at bore.pub:30490
Error: could not connect to bore.pub:7835

Caused by:
    No route to host (os error 65)
[2m2026-05-16T18:55:20.944310Z[0m [32m INFO[0m [2mbore_cli::client[0m[2m:[0m connected to server [3mremote_port[0m[2m=[0m27615
[2m2026-05-16T18:55:20.944442Z[0m [32m INFO[0m [2mbore_cli::client[0m[2m:[0m listening at bore.pub:27615
[2m2026-05-16T18:55:42.580302Z[0m [32m INFO[0m [1mproxy[0m[1m{[0m[3mid[0m[2m=[0m4e0ef437-f6da-4c3c-85f3-2ebe6aa77b98[1m}[0m[2m:[0m [2mbore_cli::client[0m[2m:[0m new connection
[2m2026-05-16T18:55:42.745444Z[0m [33m WARN[0m [1mproxy[0m[1m{[0m[3mid[0m[2m=[0m4e0ef437-f6da-4c3c-85f3-2ebe6aa77b98[1m}[0m[2m:[0m [2mbore_cli::client[0m[2m:[0m connection exited with error [3merr[0m[2m=[0mConnection reset by peer (os error 54)
Error: could not connect to bore.pub:7835

Caused by:
    No route to host (os error 65)
[2m2026-05-16T18:57:23.232824Z[0m [32m INFO[0m [2mbore_cli::client[0m[2m:[0m connected to server [3mremote_port[0m[2m=[0m14698
[2m2026-05-16T18:57:23.232905Z[0m [32m INFO[0m [2mbore_cli::client[0m[2m:[0m listening at bore.pub:14698
[2m2026-05-16T18:59:00.625791Z[0m [32m INFO[0m [2mbore_cli::client[0m[2m:[0m connected to server [3mremote_port[0m[2m=[0m61742
[2m2026-05-16T18:59:00.625943Z[0m [32m INFO[0m [2mbore_cli::client[0m[2m:[0m listening at bore.pub:61742
Error: could not connect to bore.pub:7835

Caused by:
    No route to host (os error 65)
[2m2026-05-16T19:00:41.537566Z[0m [32m INFO[0m [2mbore_cli::client[0m[2m:[0m connected to server [3mremote_port[0m[2m=[0m28482
[2m2026-05-16T19:00:41.537688Z[0m [32m INFO[0m [2mbore_cli::client[0m[2m:[0m listening at bore.pub:28482
Error: could not connect to bore.pub:7835

Caused by:
    No route to host (os error 65)
[2m2026-05-16T19:02:41.050925Z[0m [32m INFO[0m [2mbore_cli::client[0m[2m:[0m connected to server [3mremote_port[0m[2m=[0m56822
[2m2026-05-16T19:02:41.051002Z[0m [32m INFO[0m [2mbore_cli::client[0m[2m:[0m listening at bore.pub:56822
Error: could not connect to bore.pub:7835

Caused by:
    No route to host (os error 65)
[2m2026-05-16T19:04:25.714867Z[0m [32m INFO[0m [2mbore_cli::client[0m[2m:[0m connected to server [3mremote_port[0m[2m=[0m46595
[2m2026-05-16T19:04:25.715007Z[0m [32m INFO[0m [2mbore_cli::client[0m[2m:[0m listening at bore.pub:46595
Error: could not connect to bore.pub:7835

Caused by:
    No route to host (os error 65)
[2m2026-05-16T19:05:54.186422Z[0m [32m INFO[0m [2mbore_cli::client[0m[2m:[0m connected to server [3mremote_port[0m[2m=[0m1603
[2m2026-05-16T19:05:54.186559Z[0m [32m INFO[0m [2mbore_cli::client[0m[2m:[0m listening at bore.pub:1603
Error: could not connect to bore.pub:7835

Caused by:
    No route to host (os error 65)
[2m2026-05-16T19:08:11.167786Z[0m [32m INFO[0m [2mbore_cli::client[0m[2m:[0m connected to server [3mremote_port[0m[2m=[0m60462
[2m2026-05-16T19:08:11.167928Z[0m [32m INFO[0m [2mbore_cli::client[0m[2m:[0m listening at bore.pub:60462
Error: could not connect to bore.pub:7835

Caused by:
    No route to host (os error 65)
[2m2026-05-16T19:09:53.200152Z[0m [32m INFO[0m [2mbore_cli::client[0m[2m:[0m connected to server [3mremote_port[0m[2m=[0m53435
[2m2026-05-16T19:09:53.200289Z[0m [32m INFO[0m [2mbore_cli::client[0m[2m:[0m listening at bore.pub:53435
Error: could not connect to bore.pub:7835

Caused by:
    No route to host (os error 65)
[2m2026-05-16T19:11:31.755422Z[0m [32m INFO[0m [2mbore_cli::client[0m[2m:[0m connected to server [3mremote_port[0m[2m=[0m19435
[2m2026-05-16T19:11:31.755564Z[0m [32m INFO[0m [2mbore_cli::client[0m[2m:[0m listening at bore.pub:19435
Error: could not connect to bore.pub:7835

Caused by:
    No route to host (os error 65)
[2m2026-05-16T19:13:40.961441Z[0m [32m INFO[0m [2mbore_cli::client[0m[2m:[0m connected to server [3mremote_port[0m[2m=[0m30360
[2m2026-05-16T19:13:40.961532Z[0m [32m INFO[0m [2mbore_cli::client[0m[2m:[0m listening at bore.pub:30360
Error: could not connect to bore.pub:7835

Caused by:
    No route to host (os error 65)
[2m2026-05-16T19:15:18.299453Z[0m [32m INFO[0m [2mbore_cli::client[0m[2m:[0m connected to server [3mremote_port[0m[2m=[0m22696
[2m2026-05-16T19:15:18.299592Z[0m [32m INFO[0m [2mbore_cli::client[0m[2m:[0m listening at bore.pub:22696
Error: could not connect to bore.pub:7835

Caused by:
    No route to host (os error 65)
[2m2026-05-16T19:17:00.760299Z[0m [32m INFO[0m [2mbore_cli::client[0m[2m:[0m connected to server [3mremote_port[0m[2m=[0m29287
[2m2026-05-16T19:17:00.760419Z[0m [32m INFO[0m [2mbore_cli::client[0m[2m:[0m listening at bore.pub:29287
Error: could not connect to bore.pub:7835

Caused by:
    No route to host (os error 65)
[2m2026-05-16T19:19:05.657428Z[0m [32m INFO[0m [2mbore_cli::client[0m[2m:[0m connected to server [3mremote_port[0m[2m=[0m49350
[2m2026-05-16T19:19:05.657541Z[0m [32m INFO[0m [2mbore_cli::client[0m[2m:[0m listening at bore.pub:49350
Error: could not connect to bore.pub:7835

Caused by:
    No route to host (os error 65)
[2m2026-05-16T19:20:41.592253Z[0m [32m INFO[0m [2mbore_cli::client[0m[2m:[0m connected to server [3mremote_port[0m[2m=[0m27881
[2m2026-05-16T19:20:41.592375Z[0m [32m INFO[0m [2mbore_cli::client[0m[2m:[0m listening at bore.pub:27881
Error: could not connect to bore.pub:7835

Caused by:
    No route to host (os error 65)
[2m2026-05-16T19:22:20.211796Z[0m [32m INFO[0m [2mbore_cli::client[0m[2m:[0m connected to server [3mremote_port[0m[2m=[0m22003
[2m2026-05-16T19:22:20.211932Z[0m [32m INFO[0m [2mbore_cli::client[0m[2m:[0m listening at bore.pub:22003
Error: could not connect to bore.pub:7835

Caused by:
    No route to host (os error 65)
[2m2026-05-16T19:24:37.231564Z[0m [32m INFO[0m [2mbore_cli::client[0m[2m:[0m connected to server [3mremote_port[0m[2m=[0m41600
[2m2026-05-16T19:24:37.231735Z[0m [32m INFO[0m [2mbore_cli::client[0m[2m:[0m listening at bore.pub:41600
Error: could not connect to bore.pub:7835

Caused by:
    No route to host (os error 65)
[2m2026-05-16T19:26:24.127598Z[0m [32m INFO[0m [2mbore_cli::client[0m[2m:[0m connected to server [3mremote_port[0m[2m=[0m11015
[2m2026-05-16T19:26:24.127731Z[0m [32m INFO[0m [2mbore_cli::client[0m[2m:[0m listening at bore.pub:11015
Error: could not connect to bore.pub:7835

Caused by:
    No route to host (os error 65)
[2m2026-05-16T19:27:58.834916Z[0m [32m INFO[0m [2mbore_cli::client[0m[2m:[0m connected to server [3mremote_port[0m[2m=[0m54651
[2m2026-05-16T19:27:58.835045Z[0m [32m INFO[0m [2mbore_cli::client[0m[2m:[0m listening at bore.pub:54651
Error: could not connect to bore.pub:7835

Caused by:
    No route to host (os error 65)
[2m2026-05-16T19:29:53.887090Z[0m [32m INFO[0m [2mbore_cli::client[0m[2m:[0m connected to server [3mremote_port[0m[2m=[0m52689
[2m2026-05-16T19:29:53.887173Z[0m [32m INFO[0m [2mbore_cli::client[0m[2m:[0m listening at bore.pub:52689
Error: could not connect to bore.pub:7835

Caused by:
    No route to host (os error 65)
[2m2026-05-16T19:31:40.903960Z[0m [32m INFO[0m [2mbore_cli::client[0m[2m:[0m connected to server [3mremote_port[0m[2m=[0m39903
[2m2026-05-16T19:31:40.904091Z[0m [32m INFO[0m [2mbore_cli::client[0m[2m:[0m listening at bore.pub:39903
[2m2026-05-16T19:33:14.765335Z[0m [32m INFO[0m [2mbore_cli::client[0m[2m:[0m connected to server [3mremote_port[0m[2m=[0m51960
[2m2026-05-16T19:33:14.765464Z[0m [32m INFO[0m [2mbore_cli::client[0m[2m:[0m listening at bore.pub:51960
[2m2026-05-16T19:35:16.725057Z[0m [32m INFO[0m [2mbore_cli::client[0m[2m:[0m connected to server [3mremote_port[0m[2m=[0m11233
[2m2026-05-16T19:35:16.725189Z[0m [32m INFO[0m [2mbore_cli::client[0m[2m:[0m listening at bore.pub:11233
Error: could not connect to bore.pub:7835

Caused by:
    No route to host (os error 65)
[2m2026-05-16T19:39:36.273983Z[0m [32m INFO[0m [2mbore_cli::client[0m[2m:[0m connected to server [3mremote_port[0m[2m=[0m27516
[2m2026-05-16T19:39:36.274123Z[0m [32m INFO[0m [2mbore_cli::client[0m[2m:[0m listening at bore.pub:27516
Error: could not connect to bore.pub:7835

Caused by:
    No route to host (os error 65)
[2m2026-05-16T19:41:21.904574Z[0m [32m INFO[0m [2mbore_cli::client[0m[2m:[0m connected to server [3mremote_port[0m[2m=[0m16456
[2m2026-05-16T19:41:21.904710Z[0m [32m INFO[0m [2mbore_cli::client[0m[2m:[0m listening at bore.pub:16456
Error: could not connect to bore.pub:7835

Caused by:
    No route to host (os error 65)
[2m2026-05-16T19:43:24.651683Z[0m [32m INFO[0m [2mbore_cli::client[0m[2m:[0m connected to server [3mremote_port[0m[2m=[0m39650
[2m2026-05-16T19:43:24.651809Z[0m [32m INFO[0m [2mbore_cli::client[0m[2m:[0m listening at bore.pub:39650
Error: could not connect to bore.pub:7835

Caused by:
    No route to host (os error 65)
[2m2026-05-16T19:45:04.641637Z[0m [32m INFO[0m [2mbore_cli::client[0m[2m:[0m connected to server [3mremote_port[0m[2m=[0m18372
[2m2026-05-16T19:45:04.641794Z[0m [32m INFO[0m [2mbore_cli::client[0m[2m:[0m listening at bore.pub:18372
Error: could not connect to bore.pub:7835

Caused by:
    No route to host (os error 65)
[2m2026-05-16T19:46:41.453328Z[0m [32m INFO[0m [2mbore_cli::client[0m[2m:[0m connected to server [3mremote_port[0m[2m=[0m39635
[2m2026-05-16T19:46:41.453483Z[0m [32m INFO[0m [2mbore_cli::client[0m[2m:[0m listening at bore.pub:39635
Error: could not connect to bore.pub:7835

Caused by:
    No route to host (os error 65)
[2m2026-05-16T19:48:37.458413Z[0m [32m INFO[0m [2mbore_cli::client[0m[2m:[0m connected to server [3mremote_port[0m[2m=[0m27270
[2m2026-05-16T19:48:37.458530Z[0m [32m INFO[0m [2mbore_cli::client[0m[2m:[0m listening at bore.pub:27270
Error: could not connect to bore.pub:7835

Caused by:
    No route to host (os error 65)
[2m2026-05-16T19:52:34.460867Z[0m [32m INFO[0m [2mbore_cli::client[0m[2m:[0m connected to server [3mremote_port[0m[2m=[0m27351
[2m2026-05-16T19:52:34.461004Z[0m [32m INFO[0m [2mbore_cli::client[0m[2m:[0m listening at bore.pub:27351
Error: could not connect to bore.pub:7835

Caused by:
    No route to host (os error 65)
[2m2026-05-16T19:54:16.022431Z[0m [32m INFO[0m [2mbore_cli::client[0m[2m:[0m connected to server [3mremote_port[0m[2m=[0m6284
[2m2026-05-16T19:54:16.022563Z[0m [32m INFO[0m [2mbore_cli::client[0m[2m:[0m listening at bore.pub:6284
Error: could not connect to bore.pub:7835

Caused by:
    No route to host (os error 65)
[2m2026-05-16T19:56:41.536756Z[0m [32m INFO[0m [2mbore_cli::client[0m[2m:[0m connected to server [3mremote_port[0m[2m=[0m50534
[2m2026-05-16T19:56:41.536896Z[0m [32m INFO[0m [2mbore_cli::client[0m[2m:[0m listening at bore.pub:50534
Error: could not connect to bore.pub:7835

Caused by:
    No route to host (os error 65)
[2m2026-05-16T19:58:26.196872Z[0m [32m INFO[0m [2mbore_cli::client[0m[2m:[0m connected to server [3mremote_port[0m[2m=[0m43790
[2m2026-05-16T19:58:26.196993Z[0m [32m INFO[0m [2mbore_cli::client[0m[2m:[0m listening at bore.pub:43790
Error: could not connect to bore.pub:7835

Caused by:
    No route to host (os error 65)
[2m2026-05-16T20:00:41.962149Z[0m [32m INFO[0m [2mbore_cli::client[0m[2m:[0m connected to server [3mremote_port[0m[2m=[0m31708
[2m2026-05-16T20:00:41.962290Z[0m [32m INFO[0m [2mbore_cli::client[0m[2m:[0m listening at bore.pub:31708
Error: could not connect to bore.pub:7835

Caused by:
    No route to host (os error 65)
[2m2026-05-16T20:02:58.590474Z[0m [32m INFO[0m [2mbore_cli::client[0m[2m:[0m connected to server [3mremote_port[0m[2m=[0m11503
[2m2026-05-16T20:02:58.590534Z[0m [32m INFO[0m [2mbore_cli::client[0m[2m:[0m listening at bore.pub:11503
Error: could not connect to bore.pub:7835

Caused by:
    No route to host (os error 65)
[2m2026-05-16T20:04:43.691073Z[0m [32m INFO[0m [2mbore_cli::client[0m[2m:[0m connected to server [3mremote_port[0m[2m=[0m29353
[2m2026-05-16T20:04:43.691149Z[0m [32m INFO[0m [2mbore_cli::client[0m[2m:[0m listening at bore.pub:29353
Error: could not connect to bore.pub:7835

Caused by:
    No route to host (os error 65)
[2m2026-05-16T20:08:05.566768Z[0m [32m INFO[0m [2mbore_cli::client[0m[2m:[0m connected to server [3mremote_port[0m[2m=[0m35142
[2m2026-05-16T20:08:05.566915Z[0m [32m INFO[0m [2mbore_cli::client[0m[2m:[0m listening at bore.pub:35142
Error: could not connect to bore.pub:7835

Caused by:
    No route to host (os error 65)
[2m2026-05-16T20:10:42.186090Z[0m [32m INFO[0m [2mbore_cli::client[0m[2m:[0m connected to server [3mremote_port[0m[2m=[0m11738
[2m2026-05-16T20:10:42.186242Z[0m [32m INFO[0m [2mbore_cli::client[0m[2m:[0m listening at bore.pub:11738
Error: could not connect to bore.pub:7835

Caused by:
    No route to host (os error 65)
[2m2026-05-16T20:12:23.949759Z[0m [32m INFO[0m [2mbore_cli::client[0m[2m:[0m connected to server [3mremote_port[0m[2m=[0m2737
[2m2026-05-16T20:12:23.949897Z[0m [32m INFO[0m [2mbore_cli::client[0m[2m:[0m listening at bore.pub:2737
Error: could not connect to bore.pub:7835

Caused by:
    No route to host (os error 65)
[2m2026-05-16T20:15:08.004205Z[0m [32m INFO[0m [2mbore_cli::client[0m[2m:[0m connected to server [3mremote_port[0m[2m=[0m8403
[2m2026-05-16T20:15:08.004330Z[0m [32m INFO[0m [2mbore_cli::client[0m[2m:[0m listening at bore.pub:8403
Error: could not connect to bore.pub:7835

Caused by:
    No route to host (os error 65)
[2m2026-05-16T20:18:41.700957Z[0m [32m INFO[0m [2mbore_cli::client[0m[2m:[0m connected to server [3mremote_port[0m[2m=[0m28070
[2m2026-05-16T20:18:41.701088Z[0m [32m INFO[0m [2mbore_cli::client[0m[2m:[0m listening at bore.pub:28070
Error: could not connect to bore.pub:7835

Caused by:
    No route to host (os error 65)
[2m2026-05-16T20:20:26.294386Z[0m [32m INFO[0m [2mbore_cli::client[0m[2m:[0m connected to server [3mremote_port[0m[2m=[0m45627
[2m2026-05-16T20:20:26.294538Z[0m [32m INFO[0m [2mbore_cli::client[0m[2m:[0m listening at bore.pub:45627
Error: could not connect to bore.pub:7835

Caused by:
    No route to host (os error 65)
[2m2026-05-16T20:23:02.139202Z[0m [32m INFO[0m [2mbore_cli::client[0m[2m:[0m connected to server [3mremote_port[0m[2m=[0m39135
[2m2026-05-16T20:23:02.139324Z[0m [32m INFO[0m [2mbore_cli::client[0m[2m:[0m listening at bore.pub:39135
[2m2026-05-16T20:28:55.023657Z[0m [32m INFO[0m [2mbore_cli::client[0m[2m:[0m connected to server [3mremote_port[0m[2m=[0m64300
[2m2026-05-16T20:28:55.023793Z[0m [32m INFO[0m [2mbore_cli::client[0m[2m:[0m listening at bore.pub:64300
Error: could not connect to bore.pub:7835

Caused by:
    No route to host (os error 65)
[2m2026-05-16T20:30:40.586570Z[0m [32m INFO[0m [2mbore_cli::client[0m[2m:[0m connected to server [3mremote_port[0m[2m=[0m22973
[2m2026-05-16T20:30:40.586669Z[0m [32m INFO[0m [2mbore_cli::client[0m[2m:[0m listening at bore.pub:22973
Error: could not connect to bore.pub:7835

Caused by:
    No route to host (os error 65)
[2m2026-05-16T20:32:26.115127Z[0m [32m INFO[0m [2mbore_cli::client[0m[2m:[0m connected to server [3mremote_port[0m[2m=[0m52457
[2m2026-05-16T20:32:26.115252Z[0m [32m INFO[0m [2mbore_cli::client[0m[2m:[0m listening at bore.pub:52457
Error: could not connect to bore.pub:7835

Caused by:
    No route to host (os error 65)
[2m2026-05-16T20:34:37.473011Z[0m [32m INFO[0m [2mbore_cli::client[0m[2m:[0m connected to server [3mremote_port[0m[2m=[0m11957
[2m2026-05-16T20:34:37.473085Z[0m [32m INFO[0m [2mbore_cli::client[0m[2m:[0m listening at bore.pub:11957
Error: could not connect to bore.pub:7835

Caused by:
    No route to host (os error 65)
[2m2026-05-16T20:36:25.590443Z[0m [32m INFO[0m [2mbore_cli::client[0m[2m:[0m connected to server [3mremote_port[0m[2m=[0m56813
[2m2026-05-16T20:36:25.590559Z[0m [32m INFO[0m [2mbore_cli::client[0m[2m:[0m listening at bore.pub:56813
Error: could not connect to bore.pub:7835

Caused by:
    No route to host (os error 65)
[2m2026-05-16T20:38:05.336487Z[0m [32m INFO[0m [2mbore_cli::client[0m[2m:[0m connected to server [3mremote_port[0m[2m=[0m58331
[2m2026-05-16T20:38:05.336624Z[0m [32m INFO[0m [2mbore_cli::client[0m[2m:[0m listening at bore.pub:58331
Error: could not connect to bore.pub:7835

Caused by:
    No route to host (os error 65)
[2m2026-05-16T20:39:47.162056Z[0m [32m INFO[0m [2mbore_cli::client[0m[2m:[0m connected to server [3mremote_port[0m[2m=[0m43349
[2m2026-05-16T20:39:47.162208Z[0m [32m INFO[0m [2mbore_cli::client[0m[2m:[0m listening at bore.pub:43349
Error: could not connect to bore.pub:7835

Caused by:
    No route to host (os error 65)
[2m2026-05-16T20:41:27.896993Z[0m [32m INFO[0m [2mbore_cli::client[0m[2m:[0m connected to server [3mremote_port[0m[2m=[0m27168
[2m2026-05-16T20:41:27.897124Z[0m [32m INFO[0m [2mbore_cli::client[0m[2m:[0m listening at bore.pub:27168
Error: could not connect to bore.pub:7835

Caused by:
    No route to host (os error 65)
[2m2026-05-16T20:45:56.898034Z[0m [32m INFO[0m [2mbore_cli::client[0m[2m:[0m connected to server [3mremote_port[0m[2m=[0m61215
[2m2026-05-16T20:45:56.898164Z[0m [32m INFO[0m [2mbore_cli::client[0m[2m:[0m listening at bore.pub:61215
Error: could not connect to bore.pub:7835

Caused by:
    No route to host (os error 65)
[2m2026-05-16T20:48:46.472467Z[0m [32m INFO[0m [2mbore_cli::client[0m[2m:[0m connected to server [3mremote_port[0m[2m=[0m52497
[2m2026-05-16T20:48:46.472606Z[0m [32m INFO[0m [2mbore_cli::client[0m[2m:[0m listening at bore.pub:52497
Error: could not connect to bore.pub:7835

Caused by:
    No route to host (os error 65)
[2m2026-05-16T20:50:41.194476Z[0m [32m INFO[0m [2mbore_cli::client[0m[2m:[0m connected to server [3mremote_port[0m[2m=[0m38297
[2m2026-05-16T20:50:41.194624Z[0m [32m INFO[0m [2mbore_cli::client[0m[2m:[0m listening at bore.pub:38297
[2m2026-05-16T20:52:11.511712Z[0m [32m INFO[0m [2mbore_cli::client[0m[2m:[0m connected to server [3mremote_port[0m[2m=[0m29857
[2m2026-05-16T20:52:11.511858Z[0m [32m INFO[0m [2mbore_cli::client[0m[2m:[0m listening at bore.pub:29857
Error: could not connect to bore.pub:7835

Caused by:
    No route to host (os error 65)
[2m2026-05-16T20:54:19.923747Z[0m [32m INFO[0m [2mbore_cli::client[0m[2m:[0m connected to server [3mremote_port[0m[2m=[0m36045
[2m2026-05-16T20:54:19.923885Z[0m [32m INFO[0m [2mbore_cli::client[0m[2m:[0m listening at bore.pub:36045
Error: could not connect to bore.pub:7835

Caused by:
    No route to host (os error 65)
[2m2026-05-16T20:56:09.749141Z[0m [32m INFO[0m [2mbore_cli::client[0m[2m:[0m connected to server [3mremote_port[0m[2m=[0m42258
[2m2026-05-16T20:56:09.749269Z[0m [32m INFO[0m [2mbore_cli::client[0m[2m:[0m listening at bore.pub:42258
Error: could not connect to bore.pub:7835

Caused by:
    No route to host (os error 65)
[2m2026-05-16T20:59:41.197082Z[0m [32m INFO[0m [2mbore_cli::client[0m[2m:[0m connected to server [3mremote_port[0m[2m=[0m22674
[2m2026-05-16T20:59:41.197209Z[0m [32m INFO[0m [2mbore_cli::client[0m[2m:[0m listening at bore.pub:22674
Error: could not connect to bore.pub:7835

Caused by:
    No route to host (os error 65)
[2m2026-05-16T21:03:31.598279Z[0m [32m INFO[0m [2mbore_cli::client[0m[2m:[0m connected to server [3mremote_port[0m[2m=[0m64702
[2m2026-05-16T21:03:31.598396Z[0m [32m INFO[0m [2mbore_cli::client[0m[2m:[0m listening at bore.pub:64702
Error: could not connect to bore.pub:7835

Caused by:
    No route to host (os error 65)
[2m2026-05-16T21:05:14.740802Z[0m [32m INFO[0m [2mbore_cli::client[0m[2m:[0m connected to server [3mremote_port[0m[2m=[0m45019
[2m2026-05-16T21:05:14.740948Z[0m [32m INFO[0m [2mbore_cli::client[0m[2m:[0m listening at bore.pub:45019
Error: could not connect to bore.pub:7835

Caused by:
    No route to host (os error 65)
[2m2026-05-16T21:07:04.082140Z[0m [32m INFO[0m [2mbore_cli::client[0m[2m:[0m connected to server [3mremote_port[0m[2m=[0m5382
[2m2026-05-16T21:07:04.082307Z[0m [32m INFO[0m [2mbore_cli::client[0m[2m:[0m listening at bore.pub:5382
Error: could not connect to bore.pub:7835

Caused by:
    No route to host (os error 65)
[2m2026-05-16T21:09:10.323098Z[0m [32m INFO[0m [2mbore_cli::client[0m[2m:[0m connected to server [3mremote_port[0m[2m=[0m43584
[2m2026-05-16T21:09:10.323224Z[0m [32m INFO[0m [2mbore_cli::client[0m[2m:[0m listening at bore.pub:43584
Error: could not connect to bore.pub:7835

Caused by:
    No route to host (os error 65)
[2m2026-05-16T21:13:52.301649Z[0m [32m INFO[0m [2mbore_cli::client[0m[2m:[0m connected to server [3mremote_port[0m[2m=[0m12126
[2m2026-05-16T21:13:52.301783Z[0m [32m INFO[0m [2mbore_cli::client[0m[2m:[0m listening at bore.pub:12126
[2m2026-05-16T21:15:27.785360Z[0m [32m INFO[0m [2mbore_cli::client[0m[2m:[0m connected to server [3mremote_port[0m[2m=[0m21656
[2m2026-05-16T21:15:27.785490Z[0m [32m INFO[0m [2mbore_cli::client[0m[2m:[0m listening at bore.pub:21656
Error: could not connect to bore.pub:7835

Caused by:
    No route to host (os error 65)
[2m2026-05-16T21:17:48.009923Z[0m [32m INFO[0m [2mbore_cli::client[0m[2m:[0m connected to server [3mremote_port[0m[2m=[0m16107
[2m2026-05-16T21:17:48.010069Z[0m [32m INFO[0m [2mbore_cli::client[0m[2m:[0m listening at bore.pub:16107
Error: could not connect to bore.pub:7835

Caused by:
    No route to host (os error 65)
[2m2026-05-16T21:19:31.165691Z[0m [32m INFO[0m [2mbore_cli::client[0m[2m:[0m connected to server [3mremote_port[0m[2m=[0m40804
[2m2026-05-16T21:19:31.165805Z[0m [32m INFO[0m [2mbore_cli::client[0m[2m:[0m listening at bore.pub:40804
Error: could not connect to bore.pub:7835

Caused by:
    No route to host (os error 65)
[2m2026-05-16T21:21:18.276819Z[0m [32m INFO[0m [2mbore_cli::client[0m[2m:[0m connected to server [3mremote_port[0m[2m=[0m26262
[2m2026-05-16T21:21:18.276968Z[0m [32m INFO[0m [2mbore_cli::client[0m[2m:[0m listening at bore.pub:26262
Error: could not connect to bore.pub:7835

Caused by:
    No route to host (os error 65)
[2m2026-05-16T21:23:19.916928Z[0m [32m INFO[0m [2mbore_cli::client[0m[2m:[0m connected to server [3mremote_port[0m[2m=[0m46910
[2m2026-05-16T21:23:19.917063Z[0m [32m INFO[0m [2mbore_cli::client[0m[2m:[0m listening at bore.pub:46910
Error: could not connect to bore.pub:7835

Caused by:
    No route to host (os error 65)
[2m2026-05-16T21:25:00.797309Z[0m [32m INFO[0m [2mbore_cli::client[0m[2m:[0m connected to server [3mremote_port[0m[2m=[0m27413
[2m2026-05-16T21:25:00.797452Z[0m [32m INFO[0m [2mbore_cli::client[0m[2m:[0m listening at bore.pub:27413
Error: could not connect to bore.pub:7835

Caused by:
    No route to host (os error 65)
[2m2026-05-16T21:26:42.451185Z[0m [32m INFO[0m [2mbore_cli::client[0m[2m:[0m connected to server [3mremote_port[0m[2m=[0m31498
[2m2026-05-16T21:26:42.451303Z[0m [32m INFO[0m [2mbore_cli::client[0m[2m:[0m listening at bore.pub:31498
Error: could not connect to bore.pub:7835

Caused by:
    No route to host (os error 65)
[2m2026-05-16T21:28:43.979477Z[0m [32m INFO[0m [2mbore_cli::client[0m[2m:[0m connected to server [3mremote_port[0m[2m=[0m49703
[2m2026-05-16T21:28:43.979606Z[0m [32m INFO[0m [2mbore_cli::client[0m[2m:[0m listening at bore.pub:49703
Error: could not connect to bore.pub:7835

Caused by:
    No route to host (os error 65)
[2m2026-05-16T21:30:32.778196Z[0m [32m INFO[0m [2mbore_cli::client[0m[2m:[0m connected to server [3mremote_port[0m[2m=[0m21677
[2m2026-05-16T21:30:32.778345Z[0m [32m INFO[0m [2mbore_cli::client[0m[2m:[0m listening at bore.pub:21677
Error: could not connect to bore.pub:7835

Caused by:
    No route to host (os error 65)
[2m2026-05-16T21:32:12.868961Z[0m [32m INFO[0m [2mbore_cli::client[0m[2m:[0m connected to server [3mremote_port[0m[2m=[0m15677
[2m2026-05-16T21:32:12.869080Z[0m [32m INFO[0m [2mbore_cli::client[0m[2m:[0m listening at bore.pub:15677
Error: could not connect to bore.pub:7835

Caused by:
    No route to host (os error 65)
[2m2026-05-16T21:34:04.349698Z[0m [32m INFO[0m [2mbore_cli::client[0m[2m:[0m connected to server [3mremote_port[0m[2m=[0m44367
[2m2026-05-16T21:34:04.349821Z[0m [32m INFO[0m [2mbore_cli::client[0m[2m:[0m listening at bore.pub:44367
Error: could not connect to bore.pub:7835

Caused by:
    No route to host (os error 65)
[2m2026-05-16T21:35:31.288914Z[0m [32m INFO[0m [2mbore_cli::client[0m[2m:[0m connected to server [3mremote_port[0m[2m=[0m7678
[2m2026-05-16T21:35:31.289044Z[0m [32m INFO[0m [2mbore_cli::client[0m[2m:[0m listening at bore.pub:7678
Error: could not connect to bore.pub:7835

Caused by:
    No route to host (os error 65)
[2m2026-05-16T21:37:08.357795Z[0m [32m INFO[0m [2mbore_cli::client[0m[2m:[0m connected to server [3mremote_port[0m[2m=[0m36155
[2m2026-05-16T21:37:08.357919Z[0m [32m INFO[0m [2mbore_cli::client[0m[2m:[0m listening at bore.pub:36155
Error: could not connect to bore.pub:7835

Caused by:
    No route to host (os error 65)
[2m2026-05-16T21:39:32.998158Z[0m [32m INFO[0m [2mbore_cli::client[0m[2m:[0m connected to server [3mremote_port[0m[2m=[0m59420
[2m2026-05-16T21:39:32.998270Z[0m [32m INFO[0m [2mbore_cli::client[0m[2m:[0m listening at bore.pub:59420
Error: could not connect to bore.pub:7835

Caused by:
    No route to host (os error 65)
[2m2026-05-16T21:42:42.911606Z[0m [32m INFO[0m [2mbore_cli::client[0m[2m:[0m connected to server [3mremote_port[0m[2m=[0m12884
[2m2026-05-16T21:42:42.911726Z[0m [32m INFO[0m [2mbore_cli::client[0m[2m:[0m listening at bore.pub:12884
[2m2026-05-16T21:44:02.796297Z[0m [32m INFO[0m [2mbore_cli::client[0m[2m:[0m connected to server [3mremote_port[0m[2m=[0m30657
[2m2026-05-16T21:44:02.796430Z[0m [32m INFO[0m [2mbore_cli::client[0m[2m:[0m listening at bore.pub:30657
Error: could not connect to bore.pub:7835

Caused by:
    No route to host (os error 65)
[2m2026-05-16T21:47:52.085816Z[0m [32m INFO[0m [2mbore_cli::client[0m[2m:[0m connected to server [3mremote_port[0m[2m=[0m46555
[2m2026-05-16T21:47:52.085948Z[0m [32m INFO[0m [2mbore_cli::client[0m[2m:[0m listening at bore.pub:46555
Error: could not connect to bore.pub:7835

Caused by:
    No route to host (os error 65)
[2m2026-05-16T21:49:33.331304Z[0m [32m INFO[0m [2mbore_cli::client[0m[2m:[0m connected to server [3mremote_port[0m[2m=[0m43358
[2m2026-05-16T21:49:33.331441Z[0m [32m INFO[0m [2mbore_cli::client[0m[2m:[0m listening at bore.pub:43358
Error: could not connect to bore.pub:7835

Caused by:
    No route to host (os error 65)
[2m2026-05-16T21:51:10.912712Z[0m [32m INFO[0m [2mbore_cli::client[0m[2m:[0m connected to server [3mremote_port[0m[2m=[0m33215
[2m2026-05-16T21:51:10.912845Z[0m [32m INFO[0m [2mbore_cli::client[0m[2m:[0m listening at bore.pub:33215
Error: could not connect to bore.pub:7835

Caused by:
    No route to host (os error 65)
[2m2026-05-16T21:53:15.097556Z[0m [32m INFO[0m [2mbore_cli::client[0m[2m:[0m connected to server [3mremote_port[0m[2m=[0m33163
[2m2026-05-16T21:53:15.097683Z[0m [32m INFO[0m [2mbore_cli::client[0m[2m:[0m listening at bore.pub:33163
Error: could not connect to bore.pub:7835

Caused by:
    No route to host (os error 65)
[2m2026-05-16T21:54:56.093912Z[0m [32m INFO[0m [2mbore_cli::client[0m[2m:[0m connected to server [3mremote_port[0m[2m=[0m33913
[2m2026-05-16T21:54:56.094052Z[0m [32m INFO[0m [2mbore_cli::client[0m[2m:[0m listening at bore.pub:33913
Error: could not connect to bore.pub:7835

Caused by:
    No route to host (os error 65)
[2m2026-05-16T21:56:37.137777Z[0m [32m INFO[0m [2mbore_cli::client[0m[2m:[0m connected to server [3mremote_port[0m[2m=[0m54539
[2m2026-05-16T21:56:37.137925Z[0m [32m INFO[0m [2mbore_cli::client[0m[2m:[0m listening at bore.pub:54539
Error: could not connect to bore.pub:7835

Caused by:
    No route to host (os error 65)
[2m2026-05-16T21:58:55.087800Z[0m [32m INFO[0m [2mbore_cli::client[0m[2m:[0m connected to server [3mremote_port[0m[2m=[0m22050
[2m2026-05-16T21:58:55.087931Z[0m [32m INFO[0m [2mbore_cli::client[0m[2m:[0m listening at bore.pub:22050
[2m2026-05-16T21:59:18.785029Z[0m [32m INFO[0m [2mbore_cli::client[0m[2m:[0m connected to server [3mremote_port[0m[2m=[0m13150
[2m2026-05-16T21:59:18.785168Z[0m [32m INFO[0m [2mbore_cli::client[0m[2m:[0m listening at bore.pub:13150
Error: could not connect to bore.pub:7835

Caused by:
    No route to host (os error 65)
[2m2026-05-16T22:00:42.792232Z[0m [32m INFO[0m [2mbore_cli::client[0m[2m:[0m connected to server [3mremote_port[0m[2m=[0m57514
[2m2026-05-16T22:00:42.792320Z[0m [32m INFO[0m [2mbore_cli::client[0m[2m:[0m listening at bore.pub:57514
[2m2026-05-16T22:00:53.180975Z[0m [32m INFO[0m [2mbore_cli::client[0m[2m:[0m connected to server [3mremote_port[0m[2m=[0m29281
[2m2026-05-16T22:00:53.181100Z[0m [32m INFO[0m [2mbore_cli::client[0m[2m:[0m listening at bore.pub:29281
Error: could not connect to bore.pub:7835

Caused by:
    No route to host (os error 65)
[2m2026-05-16T22:01:19.932991Z[0m [32m INFO[0m [2mbore_cli::client[0m[2m:[0m connected to server [3mremote_port[0m[2m=[0m52068
[2m2026-05-16T22:01:19.933149Z[0m [32m INFO[0m [2mbore_cli::client[0m[2m:[0m listening at bore.pub:52068
[2m2026-05-16T22:01:30.377037Z[0m [32m INFO[0m [2mbore_cli::client[0m[2m:[0m connected to server [3mremote_port[0m[2m=[0m4299
[2m2026-05-16T22:01:30.377166Z[0m [32m INFO[0m [2mbore_cli::client[0m[2m:[0m listening at bore.pub:4299
Error: could not connect to bore.pub:7835

Caused by:
    No route to host (os error 65)
[2m2026-05-16T22:01:54.381621Z[0m [32m INFO[0m [2mbore_cli::client[0m[2m:[0m connected to server [3mremote_port[0m[2m=[0m1158
[2m2026-05-16T22:01:54.381740Z[0m [32m INFO[0m [2mbore_cli::client[0m[2m:[0m listening at bore.pub:1158
Error: could not connect to bore.pub:7835

Caused by:
    No route to host (os error 65)
[2m2026-05-16T22:02:24.817761Z[0m [32m INFO[0m [2mbore_cli::client[0m[2m:[0m connected to server [3mremote_port[0m[2m=[0m44536
[2m2026-05-16T22:02:24.817931Z[0m [32m INFO[0m [2mbore_cli::client[0m[2m:[0m listening at bore.pub:44536
[2m2026-05-16T22:02:35.535002Z[0m [32m INFO[0m [2mbore_cli::client[0m[2m:[0m connected to server [3mremote_port[0m[2m=[0m13491
[2m2026-05-16T22:02:35.535134Z[0m [32m INFO[0m [2mbore_cli::client[0m[2m:[0m listening at bore.pub:13491
[2m2026-05-16T22:02:46.477238Z[0m [32m INFO[0m [2mbore_cli::client[0m[2m:[0m connected to server [3mremote_port[0m[2m=[0m51840
[2m2026-05-16T22:02:46.477357Z[0m [32m INFO[0m [2mbore_cli::client[0m[2m:[0m listening at bore.pub:51840
[2m2026-05-16T22:02:56.782776Z[0m [32m INFO[0m [2mbore_cli::client[0m[2m:[0m connected to server [3mremote_port[0m[2m=[0m51139
[2m2026-05-16T22:02:56.782914Z[0m [32m INFO[0m [2mbore_cli::client[0m[2m:[0m listening at bore.pub:51139
Error: could not connect to bore.pub:7835

Caused by:
    No route to host (os error 65)
[2m2026-05-16T22:03:18.081572Z[0m [32m INFO[0m [2mbore_cli::client[0m[2m:[0m connected to server [3mremote_port[0m[2m=[0m62698
[2m2026-05-16T22:03:18.081706Z[0m [32m INFO[0m [2mbore_cli::client[0m[2m:[0m listening at bore.pub:62698
Error: could not connect to bore.pub:7835

Caused by:
    No route to host (os error 65)
[2m2026-05-16T22:03:56.456450Z[0m [32m INFO[0m [2mbore_cli::client[0m[2m:[0m connected to server [3mremote_port[0m[2m=[0m47515
[2m2026-05-16T22:03:56.456578Z[0m [32m INFO[0m [2mbore_cli::client[0m[2m:[0m listening at bore.pub:47515
Error: could not connect to bore.pub:7835

Caused by:
    No route to host (os error 65)
[2m2026-05-16T22:04:36.585228Z[0m [32m INFO[0m [2mbore_cli::client[0m[2m:[0m connected to server [3mremote_port[0m[2m=[0m51396
[2m2026-05-16T22:04:36.585377Z[0m [32m INFO[0m [2mbore_cli::client[0m[2m:[0m listening at bore.pub:51396
[2m2026-05-16T22:04:47.136606Z[0m [32m INFO[0m [2mbore_cli::client[0m[2m:[0m connected to server [3mremote_port[0m[2m=[0m28621
[2m2026-05-16T22:04:47.136737Z[0m [32m INFO[0m [2mbore_cli::client[0m[2m:[0m listening at bore.pub:28621
Error: could not connect to bore.pub:7835

Caused by:
    No route to host (os error 65)
[2m2026-05-16T22:05:18.273307Z[0m [32m INFO[0m [2mbore_cli::client[0m[2m:[0m connected to server [3mremote_port[0m[2m=[0m31662
[2m2026-05-16T22:05:18.273453Z[0m [32m INFO[0m [2mbore_cli::client[0m[2m:[0m listening at bore.pub:31662
Error: could not connect to bore.pub:7835

Caused by:
    No route to host (os error 65)
[2m2026-05-16T22:06:10.632668Z[0m [32m INFO[0m [2mbore_cli::client[0m[2m:[0m connected to server [3mremote_port[0m[2m=[0m60228
[2m2026-05-16T22:06:10.632793Z[0m [32m INFO[0m [2mbore_cli::client[0m[2m:[0m listening at bore.pub:60228
Error: could not connect to bore.pub:7835

Caused by:
    No route to host (os error 65)
[2m2026-05-16T22:06:39.994820Z[0m [32m INFO[0m [2mbore_cli::client[0m[2m:[0m connected to server [3mremote_port[0m[2m=[0m27312
[2m2026-05-16T22:06:39.994981Z[0m [32m INFO[0m [2mbore_cli::client[0m[2m:[0m listening at bore.pub:27312
Error: could not connect to bore.pub:7835

Caused by:
    No route to host (os error 65)
[2m2026-05-16T22:07:15.058568Z[0m [32m INFO[0m [2mbore_cli::client[0m[2m:[0m connected to server [3mremote_port[0m[2m=[0m57180
[2m2026-05-16T22:07:15.058705Z[0m [32m INFO[0m [2mbore_cli::client[0m[2m:[0m listening at bore.pub:57180
Error: could not connect to bore.pub:7835

Caused by:
    No route to host (os error 65)
[2m2026-05-16T22:08:32.863564Z[0m [32m INFO[0m [2mbore_cli::client[0m[2m:[0m connected to server [3mremote_port[0m[2m=[0m47157
[2m2026-05-16T22:08:32.863701Z[0m [32m INFO[0m [2mbore_cli::client[0m[2m:[0m listening at bore.pub:47157
[2m2026-05-16T22:10:01.231800Z[0m [32m INFO[0m [1mproxy[0m[1m{[0m[3mid[0m[2m=[0md40c1c0e-d4d6-4fb3-a486-e12e804165b6[1m}[0m[2m:[0m [2mbore_cli::client[0m[2m:[0m new connection
Error: could not connect to bore.pub:7835

Caused by:
    No route to host (os error 65)
[2m2026-05-16T22:10:39.705119Z[0m [32m INFO[0m [2mbore_cli::client[0m[2m:[0m connected to server [3mremote_port[0m[2m=[0m16981
[2m2026-05-16T22:10:39.705290Z[0m [32m INFO[0m [2mbore_cli::client[0m[2m:[0m listening at bore.pub:16981
Error: could not connect to bore.pub:7835

Caused by:
    No route to host (os error 65)
[2m2026-05-16T22:13:20.646369Z[0m [32m INFO[0m [2mbore_cli::client[0m[2m:[0m connected to server [3mremote_port[0m[2m=[0m27509
[2m2026-05-16T22:13:20.646519Z[0m [32m INFO[0m [2mbore_cli::client[0m[2m:[0m listening at bore.pub:27509
Error: could not connect to bore.pub:7835

Caused by:
    No route to host (os error 65)
[2m2026-05-16T22:16:44.357559Z[0m [32m INFO[0m [2mbore_cli::client[0m[2m:[0m connected to server [3mremote_port[0m[2m=[0m25669
[2m2026-05-16T22:16:44.357714Z[0m [32m INFO[0m [2mbore_cli::client[0m[2m:[0m listening at bore.pub:25669
[2m2026-05-16T22:18:09.297062Z[0m [32m INFO[0m [2mbore_cli::client[0m[2m:[0m connected to server [3mremote_port[0m[2m=[0m37381
[2m2026-05-16T22:18:09.297194Z[0m [32m INFO[0m [2mbore_cli::client[0m[2m:[0m listening at bore.pub:37381
Error: could not connect to bore.pub:7835

Caused by:
    No route to host (os error 65)
[2m2026-05-16T22:20:26.061835Z[0m [32m INFO[0m [2mbore_cli::client[0m[2m:[0m connected to server [3mremote_port[0m[2m=[0m7147
[2m2026-05-16T22:20:26.061985Z[0m [32m INFO[0m [2mbore_cli::client[0m[2m:[0m listening at bore.pub:7147
Error: could not connect to bore.pub:7835

Caused by:
    No route to host (os error 65)
[2m2026-05-16T22:32:04.789449Z[0m [32m INFO[0m [2mbore_cli::client[0m[2m:[0m connected to server [3mremote_port[0m[2m=[0m51239
[2m2026-05-16T22:32:04.789540Z[0m [32m INFO[0m [2mbore_cli::client[0m[2m:[0m listening at bore.pub:51239
Error: could not connect to bore.pub:7835

Caused by:
    No route to host (os error 65)
[2m2026-05-16T23:13:19.554161Z[0m [32m INFO[0m [2mbore_cli::client[0m[2m:[0m connected to server [3mremote_port[0m[2m=[0m1798
[2m2026-05-16T23:13:19.554290Z[0m [32m INFO[0m [2mbore_cli::client[0m[2m:[0m listening at bore.pub:1798
Error: could not connect to bore.pub:7835

Caused by:
    No route to host (os error 65)
[2m2026-05-16T23:41:07.156495Z[0m [32m INFO[0m [2mbore_cli::client[0m[2m:[0m connected to server [3mremote_port[0m[2m=[0m7328
[2m2026-05-16T23:41:07.156626Z[0m [32m INFO[0m [2mbore_cli::client[0m[2m:[0m listening at bore.pub:7328
Error: could not connect to bore.pub:7835

Caused by:
    No route to host (os error 65)
[2m2026-05-17T00:01:07.244126Z[0m [32m INFO[0m [2mbore_cli::client[0m[2m:[0m connected to server [3mremote_port[0m[2m=[0m27292
[2m2026-05-17T00:01:07.244256Z[0m [32m INFO[0m [2mbore_cli::client[0m[2m:[0m listening at bore.pub:27292
[2m2026-05-17T00:31:57.046279Z[0m [32m INFO[0m [2mbore_cli::client[0m[2m:[0m connected to server [3mremote_port[0m[2m=[0m57473
[2m2026-05-17T00:31:57.046406Z[0m [32m INFO[0m [2mbore_cli::client[0m[2m:[0m listening at bore.pub:57473
Error: could not connect to bore.pub:7835

Caused by:
    No route to host (os error 65)
[2m2026-05-17T01:02:07.157955Z[0m [32m INFO[0m [2mbore_cli::client[0m[2m:[0m connected to server [3mremote_port[0m[2m=[0m59644
[2m2026-05-17T01:02:07.158111Z[0m [32m INFO[0m [2mbore_cli::client[0m[2m:[0m listening at bore.pub:59644
Error: could not connect to bore.pub:7835

Caused by:
    No route to host (os error 65)
[2m2026-05-17T02:30:13.030787Z[0m [32m INFO[0m [2mbore_cli::client[0m[2m:[0m connected to server [3mremote_port[0m[2m=[0m16071
[2m2026-05-17T02:30:13.030908Z[0m [32m INFO[0m [2mbore_cli::client[0m[2m:[0m listening at bore.pub:16071
Error: could not connect to bore.pub:7835

Caused by:
    No route to host (os error 65)
[2m2026-05-17T03:37:06.659477Z[0m [32m INFO[0m [2mbore_cli::client[0m[2m:[0m connected to server [3mremote_port[0m[2m=[0m7514
[2m2026-05-17T03:37:06.659603Z[0m [32m INFO[0m [2mbore_cli::client[0m[2m:[0m listening at bore.pub:7514
Error: could not connect to bore.pub:7835

Caused by:
    No route to host (os error 65)
[2m2026-05-17T04:24:08.800482Z[0m [32m INFO[0m [2mbore_cli::client[0m[2m:[0m connected to server [3mremote_port[0m[2m=[0m30161
[2m2026-05-17T04:24:08.800623Z[0m [32m INFO[0m [2mbore_cli::client[0m[2m:[0m listening at bore.pub:30161
Error: could not connect to bore.pub:7835

Caused by:
    No route to host (os error 65)
[2m2026-05-17T05:12:07.467539Z[0m [32m INFO[0m [2mbore_cli::client[0m[2m:[0m connected to server [3mremote_port[0m[2m=[0m12204
[2m2026-05-17T05:12:07.467609Z[0m [32m INFO[0m [2mbore_cli::client[0m[2m:[0m listening at bore.pub:12204
Error: could not connect to bore.pub:7835

Caused by:
    No route to host (os error 65)
[2m2026-05-17T05:35:19.939094Z[0m [32m INFO[0m [2mbore_cli::client[0m[2m:[0m connected to server [3mremote_port[0m[2m=[0m21030
[2m2026-05-17T05:35:19.939208Z[0m [32m INFO[0m [2mbore_cli::client[0m[2m:[0m listening at bore.pub:21030
Error: could not connect to bore.pub:7835

Caused by:
    No route to host (os error 65)
[2m2026-05-17T06:18:07.026950Z[0m [32m INFO[0m [2mbore_cli::client[0m[2m:[0m connected to server [3mremote_port[0m[2m=[0m38342
[2m2026-05-17T06:18:07.027096Z[0m [32m INFO[0m [2mbore_cli::client[0m[2m:[0m listening at bore.pub:38342
Error: could not connect to bore.pub:7835

Caused by:
    No route to host (os error 65)
[2m2026-05-17T06:41:29.120576Z[0m [32m INFO[0m [2mbore_cli::client[0m[2m:[0m connected to server [3mremote_port[0m[2m=[0m18952
[2m2026-05-17T06:41:29.120715Z[0m [32m INFO[0m [2mbore_cli::client[0m[2m:[0m listening at bore.pub:18952
Error: could not connect to bore.pub:7835

Caused by:
    No route to host (os error 65)
[2m2026-05-17T06:44:06.559856Z[0m [32m INFO[0m [2mbore_cli::client[0m[2m:[0m connected to server [3mremote_port[0m[2m=[0m1999
[2m2026-05-17T06:44:06.559987Z[0m [32m INFO[0m [2mbore_cli::client[0m[2m:[0m listening at bore.pub:1999
Error: could not connect to bore.pub:7835

Caused by:
    No route to host (os error 65)
[2m2026-05-17T06:47:06.693587Z[0m [32m INFO[0m [2mbore_cli::client[0m[2m:[0m connected to server [3mremote_port[0m[2m=[0m6705
[2m2026-05-17T06:47:06.693713Z[0m [32m INFO[0m [2mbore_cli::client[0m[2m:[0m listening at bore.pub:6705
Error: could not connect to bore.pub:7835

Caused by:
    No route to host (os error 65)
[2m2026-05-17T06:54:58.203083Z[0m [32m INFO[0m [2mbore_cli::client[0m[2m:[0m connected to server [3mremote_port[0m[2m=[0m38515
[2m2026-05-17T06:54:58.203206Z[0m [32m INFO[0m [2mbore_cli::client[0m[2m:[0m listening at bore.pub:38515
Error: could not connect to bore.pub:7835

Caused by:
    No route to host (os error 65)
[2m2026-05-17T08:05:49.178094Z[0m [32m INFO[0m [2mbore_cli::client[0m[2m:[0m connected to server [3mremote_port[0m[2m=[0m36999
[2m2026-05-17T08:05:49.178241Z[0m [32m INFO[0m [2mbore_cli::client[0m[2m:[0m listening at bore.pub:36999
Error: could not connect to bore.pub:7835

Caused by:
    No route to host (os error 65)
[2m2026-05-17T08:10:42.665674Z[0m [32m INFO[0m [2mbore_cli::client[0m[2m:[0m connected to server [3mremote_port[0m[2m=[0m44111
[2m2026-05-17T08:10:42.665798Z[0m [32m INFO[0m [2mbore_cli::client[0m[2m:[0m listening at bore.pub:44111
Error: could not connect to bore.pub:7835

Caused by:
    No route to host (os error 65)
[2m2026-05-17T08:14:50.561368Z[0m [32m INFO[0m [2mbore_cli::client[0m[2m:[0m connected to server [3mremote_port[0m[2m=[0m13068
[2m2026-05-17T08:14:50.561490Z[0m [32m INFO[0m [2mbore_cli::client[0m[2m:[0m listening at bore.pub:13068
[2m2026-05-17T08:18:55.320421Z[0m [32m INFO[0m [2mbore_cli::client[0m[2m:[0m connected to server [3mremote_port[0m[2m=[0m23656
[2m2026-05-17T08:18:55.320554Z[0m [32m INFO[0m [2mbore_cli::client[0m[2m:[0m listening at bore.pub:23656
Error: could not connect to bore.pub:7835

Caused by:
    No route to host (os error 65)
[2m2026-05-17T08:23:30.350267Z[0m [32m INFO[0m [2mbore_cli::client[0m[2m:[0m connected to server [3mremote_port[0m[2m=[0m43497
[2m2026-05-17T08:23:30.350422Z[0m [32m INFO[0m [2mbore_cli::client[0m[2m:[0m listening at bore.pub:43497
Error: could not connect to bore.pub:7835

Caused by:
    No route to host (os error 65)
[2m2026-05-17T08:27:53.292381Z[0m [32m INFO[0m [2mbore_cli::client[0m[2m:[0m connected to server [3mremote_port[0m[2m=[0m35120
[2m2026-05-17T08:27:53.292517Z[0m [32m INFO[0m [2mbore_cli::client[0m[2m:[0m listening at bore.pub:35120
Error: could not connect to bore.pub:7835

Caused by:
    No route to host (os error 65)
[2m2026-05-17T08:52:56.407152Z[0m [32m INFO[0m [2mbore_cli::client[0m[2m:[0m connected to server [3mremote_port[0m[2m=[0m3321
[2m2026-05-17T08:52:56.407285Z[0m [32m INFO[0m [2mbore_cli::client[0m[2m:[0m listening at bore.pub:3321
[2m2026-05-17T08:54:43.271024Z[0m [32m INFO[0m [2mbore_cli::client[0m[2m:[0m connected to server [3mremote_port[0m[2m=[0m20439
[2m2026-05-17T08:54:43.271156Z[0m [32m INFO[0m [2mbore_cli::client[0m[2m:[0m listening at bore.pub:20439
Error: could not connect to bore.pub:7835

Caused by:
    No route to host (os error 65)
[2m2026-05-17T08:56:33.430781Z[0m [32m INFO[0m [2mbore_cli::client[0m[2m:[0m connected to server [3mremote_port[0m[2m=[0m65332
[2m2026-05-17T08:56:33.430876Z[0m [32m INFO[0m [2mbore_cli::client[0m[2m:[0m listening at bore.pub:65332
Error: could not connect to bore.pub:7835

Caused by:
    No route to host (os error 65)
[2m2026-05-17T08:58:20.023948Z[0m [32m INFO[0m [2mbore_cli::client[0m[2m:[0m connected to server [3mremote_port[0m[2m=[0m25401
[2m2026-05-17T08:58:20.024061Z[0m [32m INFO[0m [2mbore_cli::client[0m[2m:[0m listening at bore.pub:25401
Error: could not connect to bore.pub:7835

Caused by:
    No route to host (os error 65)
[2m2026-05-17T08:59:58.578207Z[0m [32m INFO[0m [2mbore_cli::client[0m[2m:[0m connected to server [3mremote_port[0m[2m=[0m56551
[2m2026-05-17T08:59:58.578340Z[0m [32m INFO[0m [2mbore_cli::client[0m[2m:[0m listening at bore.pub:56551
Error: could not connect to bore.pub:7835

Caused by:
    No route to host (os error 65)
[2m2026-05-17T09:01:31.149428Z[0m [32m INFO[0m [2mbore_cli::client[0m[2m:[0m connected to server [3mremote_port[0m[2m=[0m25202
[2m2026-05-17T09:01:31.149560Z[0m [32m INFO[0m [2mbore_cli::client[0m[2m:[0m listening at bore.pub:25202
[2m2026-05-17T09:03:25.522921Z[0m [32m INFO[0m [2mbore_cli::client[0m[2m:[0m connected to server [3mremote_port[0m[2m=[0m46700
[2m2026-05-17T09:03:25.523051Z[0m [32m INFO[0m [2mbore_cli::client[0m[2m:[0m listening at bore.pub:46700
Error: could not connect to bore.pub:7835

Caused by:
    No route to host (os error 65)
[2m2026-05-17T09:05:00.069604Z[0m [32m INFO[0m [2mbore_cli::client[0m[2m:[0m connected to server [3mremote_port[0m[2m=[0m54228
[2m2026-05-17T09:05:00.069747Z[0m [32m INFO[0m [2mbore_cli::client[0m[2m:[0m listening at bore.pub:54228
Error: could not connect to bore.pub:7835

Caused by:
    No route to host (os error 65)
[2m2026-05-17T09:06:25.277983Z[0m [32m INFO[0m [2mbore_cli::client[0m[2m:[0m connected to server [3mremote_port[0m[2m=[0m13466
[2m2026-05-17T09:06:25.278104Z[0m [32m INFO[0m [2mbore_cli::client[0m[2m:[0m listening at bore.pub:13466
Error: could not connect to bore.pub:7835

Caused by:
    No route to host (os error 65)
[2m2026-05-17T09:10:01.269471Z[0m [32m INFO[0m [2mbore_cli::client[0m[2m:[0m connected to server [3mremote_port[0m[2m=[0m24869
[2m2026-05-17T09:10:01.269610Z[0m [32m INFO[0m [2mbore_cli::client[0m[2m:[0m listening at bore.pub:24869
Error: could not connect to bore.pub:7835

Caused by:
    No route to host (os error 65)
[2m2026-05-17T09:11:13.848332Z[0m [32m INFO[0m [2mbore_cli::client[0m[2m:[0m connected to server [3mremote_port[0m[2m=[0m17166
[2m2026-05-17T09:11:13.848473Z[0m [32m INFO[0m [2mbore_cli::client[0m[2m:[0m listening at bore.pub:17166
Error: could not connect to bore.pub:7835

Caused by:
    No route to host (os error 65)
[2m2026-05-17T09:12:47.362482Z[0m [32m INFO[0m [2mbore_cli::client[0m[2m:[0m connected to server [3mremote_port[0m[2m=[0m56401
[2m2026-05-17T09:12:47.362620Z[0m [32m INFO[0m [2mbore_cli::client[0m[2m:[0m listening at bore.pub:56401
Error: could not connect to bore.pub:7835

Caused by:
    No route to host (os error 65)
[2m2026-05-17T09:39:19.397166Z[0m [32m INFO[0m [2mbore_cli::client[0m[2m:[0m connected to server [3mremote_port[0m[2m=[0m43772
[2m2026-05-17T09:39:19.397293Z[0m [32m INFO[0m [2mbore_cli::client[0m[2m:[0m listening at bore.pub:43772
Error: could not connect to bore.pub:7835

Caused by:
    No route to host (os error 65)
[2m2026-05-17T09:52:15.633382Z[0m [32m INFO[0m [2mbore_cli::client[0m[2m:[0m connected to server [3mremote_port[0m[2m=[0m49260
[2m2026-05-17T09:52:15.633507Z[0m [32m INFO[0m [2mbore_cli::client[0m[2m:[0m listening at bore.pub:49260
Error: could not connect to bore.pub:7835

Caused by:
    No route to host (os error 65)
[2m2026-05-17T09:57:21.815987Z[0m [32m INFO[0m [2mbore_cli::client[0m[2m:[0m connected to server [3mremote_port[0m[2m=[0m30281
[2m2026-05-17T09:57:21.816113Z[0m [32m INFO[0m [2mbore_cli::client[0m[2m:[0m listening at bore.pub:30281
Error: could not connect to bore.pub:7835

Caused by:
    No route to host (os error 65)
[2m2026-05-17T09:59:03.234507Z[0m [32m INFO[0m [2mbore_cli::client[0m[2m:[0m connected to server [3mremote_port[0m[2m=[0m29560
[2m2026-05-17T09:59:03.234649Z[0m [32m INFO[0m [2mbore_cli::client[0m[2m:[0m listening at bore.pub:29560
Error: could not connect to bore.pub:7835

Caused by:
    No route to host (os error 65)
[2m2026-05-17T10:01:32.793764Z[0m [32m INFO[0m [2mbore_cli::client[0m[2m:[0m connected to server [3mremote_port[0m[2m=[0m43632
[2m2026-05-17T10:01:32.793881Z[0m [32m INFO[0m [2mbore_cli::client[0m[2m:[0m listening at bore.pub:43632
Error: could not connect to bore.pub:7835

Caused by:
    No route to host (os error 65)
[2m2026-05-17T10:03:08.156420Z[0m [32m INFO[0m [2mbore_cli::client[0m[2m:[0m connected to server [3mremote_port[0m[2m=[0m47695
[2m2026-05-17T10:03:08.156553Z[0m [32m INFO[0m [2mbore_cli::client[0m[2m:[0m listening at bore.pub:47695
Error: could not connect to bore.pub:7835

Caused by:
    No route to host (os error 65)
[2m2026-05-17T10:04:45.075509Z[0m [32m INFO[0m [2mbore_cli::client[0m[2m:[0m connected to server [3mremote_port[0m[2m=[0m57822
[2m2026-05-17T10:04:45.075642Z[0m [32m INFO[0m [2mbore_cli::client[0m[2m:[0m listening at bore.pub:57822
Error: could not connect to bore.pub:7835

Caused by:
    No route to host (os error 65)
[2m2026-05-17T10:08:29.897556Z[0m [32m INFO[0m [2mbore_cli::client[0m[2m:[0m connected to server [3mremote_port[0m[2m=[0m45620
[2m2026-05-17T10:08:29.897714Z[0m [32m INFO[0m [2mbore_cli::client[0m[2m:[0m listening at bore.pub:45620
Error: could not connect to bore.pub:7835

Caused by:
    No route to host (os error 65)
[2m2026-05-17T10:11:14.557546Z[0m [32m INFO[0m [2mbore_cli::client[0m[2m:[0m connected to server [3mremote_port[0m[2m=[0m30907
[2m2026-05-17T10:11:14.557679Z[0m [32m INFO[0m [2mbore_cli::client[0m[2m:[0m listening at bore.pub:30907
Error: could not connect to bore.pub:7835

Caused by:
    No route to host (os error 65)
[2m2026-05-17T10:13:03.605891Z[0m [32m INFO[0m [2mbore_cli::client[0m[2m:[0m connected to server [3mremote_port[0m[2m=[0m30500
[2m2026-05-17T10:13:03.606220Z[0m [32m INFO[0m [2mbore_cli::client[0m[2m:[0m listening at bore.pub:30500
Error: could not connect to bore.pub:7835

Caused by:
    No route to host (os error 65)
[2m2026-05-17T10:15:11.072683Z[0m [32m INFO[0m [2mbore_cli::client[0m[2m:[0m connected to server [3mremote_port[0m[2m=[0m53799
[2m2026-05-17T10:15:11.072813Z[0m [32m INFO[0m [2mbore_cli::client[0m[2m:[0m listening at bore.pub:53799
Error: could not connect to bore.pub:7835

Caused by:
    No route to host (os error 65)
[2m2026-05-17T10:17:09.282119Z[0m [32m INFO[0m [2mbore_cli::client[0m[2m:[0m connected to server [3mremote_port[0m[2m=[0m31341
[2m2026-05-17T10:17:09.282261Z[0m [32m INFO[0m [2mbore_cli::client[0m[2m:[0m listening at bore.pub:31341
Error: could not connect to bore.pub:7835

Caused by:
    No route to host (os error 65)
[2m2026-05-17T10:18:43.752375Z[0m [32m INFO[0m [2mbore_cli::client[0m[2m:[0m connected to server [3mremote_port[0m[2m=[0m4040
[2m2026-05-17T10:18:43.752496Z[0m [32m INFO[0m [2mbore_cli::client[0m[2m:[0m listening at bore.pub:4040
Error: could not connect to bore.pub:7835

Caused by:
    No route to host (os error 65)
[2m2026-05-17T10:21:39.714270Z[0m [32m INFO[0m [2mbore_cli::client[0m[2m:[0m connected to server [3mremote_port[0m[2m=[0m42177
[2m2026-05-17T10:21:39.714391Z[0m [32m INFO[0m [2mbore_cli::client[0m[2m:[0m listening at bore.pub:42177
Error: could not connect to bore.pub:7835

Caused by:
    No route to host (os error 65)
[2m2026-05-17T10:23:48.896580Z[0m [32m INFO[0m [2mbore_cli::client[0m[2m:[0m connected to server [3mremote_port[0m[2m=[0m25218
[2m2026-05-17T10:23:48.896714Z[0m [32m INFO[0m [2mbore_cli::client[0m[2m:[0m listening at bore.pub:25218
Error: could not connect to bore.pub:7835

Caused by:
    No route to host (os error 65)
[2m2026-05-17T10:25:18.880256Z[0m [32m INFO[0m [2mbore_cli::client[0m[2m:[0m connected to server [3mremote_port[0m[2m=[0m62494
[2m2026-05-17T10:25:18.880409Z[0m [32m INFO[0m [2mbore_cli::client[0m[2m:[0m listening at bore.pub:62494
Error: could not connect to bore.pub:7835

Caused by:
    No route to host (os error 65)
[2m2026-05-17T10:28:01.359090Z[0m [32m INFO[0m [2mbore_cli::client[0m[2m:[0m connected to server [3mremote_port[0m[2m=[0m26096
[2m2026-05-17T10:28:01.359225Z[0m [32m INFO[0m [2mbore_cli::client[0m[2m:[0m listening at bore.pub:26096
Error: could not connect to bore.pub:7835

Caused by:
    No route to host (os error 65)
[2m2026-05-17T10:29:34.136945Z[0m [32m INFO[0m [2mbore_cli::client[0m[2m:[0m connected to server [3mremote_port[0m[2m=[0m8504
[2m2026-05-17T10:29:34.137068Z[0m [32m INFO[0m [2mbore_cli::client[0m[2m:[0m listening at bore.pub:8504
Error: could not connect to bore.pub:7835

Caused by:
    No route to host (os error 65)
[2m2026-05-17T10:31:08.380427Z[0m [32m INFO[0m [2mbore_cli::client[0m[2m:[0m connected to server [3mremote_port[0m[2m=[0m58912
[2m2026-05-17T10:31:08.380550Z[0m [32m INFO[0m [2mbore_cli::client[0m[2m:[0m listening at bore.pub:58912
Error: could not connect to bore.pub:7835

Caused by:
    No route to host (os error 65)
[2m2026-05-17T10:33:56.814609Z[0m [32m INFO[0m [2mbore_cli::client[0m[2m:[0m connected to server [3mremote_port[0m[2m=[0m53115
[2m2026-05-17T10:33:56.814745Z[0m [32m INFO[0m [2mbore_cli::client[0m[2m:[0m listening at bore.pub:53115
Error: could not connect to bore.pub:7835

Caused by:
    No route to host (os error 65)
[2m2026-05-17T10:35:32.859090Z[0m [32m INFO[0m [2mbore_cli::client[0m[2m:[0m connected to server [3mremote_port[0m[2m=[0m12161
[2m2026-05-17T10:35:32.859176Z[0m [32m INFO[0m [2mbore_cli::client[0m[2m:[0m listening at bore.pub:12161
Error: could not connect to bore.pub:7835

Caused by:
    No route to host (os error 65)
[2m2026-05-17T10:37:15.670593Z[0m [32m INFO[0m [2mbore_cli::client[0m[2m:[0m connected to server [3mremote_port[0m[2m=[0m47310
[2m2026-05-17T10:37:15.670724Z[0m [32m INFO[0m [2mbore_cli::client[0m[2m:[0m listening at bore.pub:47310
Error: could not connect to bore.pub:7835

Caused by:
    No route to host (os error 65)
[2m2026-05-17T10:39:43.760500Z[0m [32m INFO[0m [2mbore_cli::client[0m[2m:[0m connected to server [3mremote_port[0m[2m=[0m62431
[2m2026-05-17T10:39:43.760625Z[0m [32m INFO[0m [2mbore_cli::client[0m[2m:[0m listening at bore.pub:62431
Error: could not connect to bore.pub:7835

Caused by:
    No route to host (os error 65)
[2m2026-05-17T10:41:15.244530Z[0m [32m INFO[0m [2mbore_cli::client[0m[2m:[0m connected to server [3mremote_port[0m[2m=[0m42634
[2m2026-05-17T10:41:15.244649Z[0m [32m INFO[0m [2mbore_cli::client[0m[2m:[0m listening at bore.pub:42634
Error: could not connect to bore.pub:7835

Caused by:
    No route to host (os error 65)
[2m2026-05-17T10:42:46.305335Z[0m [32m INFO[0m [2mbore_cli::client[0m[2m:[0m connected to server [3mremote_port[0m[2m=[0m65075
[2m2026-05-17T10:42:46.305474Z[0m [32m INFO[0m [2mbore_cli::client[0m[2m:[0m listening at bore.pub:65075
Error: could not connect to bore.pub:7835

Caused by:
    No route to host (os error 65)
[2m2026-05-17T10:45:00.396891Z[0m [32m INFO[0m [2mbore_cli::client[0m[2m:[0m connected to server [3mremote_port[0m[2m=[0m17221
[2m2026-05-17T10:45:00.397000Z[0m [32m INFO[0m [2mbore_cli::client[0m[2m:[0m listening at bore.pub:17221
[2m2026-05-17T10:46:22.897347Z[0m [32m INFO[0m [2mbore_cli::client[0m[2m:[0m connected to server [3mremote_port[0m[2m=[0m63740
[2m2026-05-17T10:46:22.897481Z[0m [32m INFO[0m [2mbore_cli::client[0m[2m:[0m listening at bore.pub:63740
Error: could not connect to bore.pub:7835

Caused by:
    No route to host (os error 65)
[2m2026-05-17T10:50:18.310774Z[0m [32m INFO[0m [2mbore_cli::client[0m[2m:[0m connected to server [3mremote_port[0m[2m=[0m24255
[2m2026-05-17T10:50:18.310926Z[0m [32m INFO[0m [2mbore_cli::client[0m[2m:[0m listening at bore.pub:24255
Error: could not connect to bore.pub:7835

Caused by:
    No route to host (os error 65)
[2m2026-05-17T10:51:14.832036Z[0m [32m INFO[0m [2mbore_cli::client[0m[2m:[0m connected to server [3mremote_port[0m[2m=[0m15054
[2m2026-05-17T10:51:14.832188Z[0m [32m INFO[0m [2mbore_cli::client[0m[2m:[0m listening at bore.pub:15054
Error: could not connect to bore.pub:7835

Caused by:
    No route to host (os error 65)
[2m2026-05-17T10:52:02.371019Z[0m [32m INFO[0m [2mbore_cli::client[0m[2m:[0m connected to server [3mremote_port[0m[2m=[0m17166
[2m2026-05-17T10:52:02.371166Z[0m [32m INFO[0m [2mbore_cli::client[0m[2m:[0m listening at bore.pub:17166
Error: could not connect to bore.pub:7835

Caused by:
    No route to host (os error 65)
[2m2026-05-17T10:52:25.067102Z[0m [32m INFO[0m [2mbore_cli::client[0m[2m:[0m connected to server [3mremote_port[0m[2m=[0m28676
[2m2026-05-17T10:52:25.067238Z[0m [32m INFO[0m [2mbore_cli::client[0m[2m:[0m listening at bore.pub:28676
[2m2026-05-17T10:52:35.650337Z[0m [32m INFO[0m [2mbore_cli::client[0m[2m:[0m connected to server [3mremote_port[0m[2m=[0m58871
[2m2026-05-17T10:52:35.650450Z[0m [32m INFO[0m [2mbore_cli::client[0m[2m:[0m listening at bore.pub:58871
Error: could not connect to bore.pub:7835

Caused by:
    No route to host (os error 65)
[2m2026-05-17T10:53:06.475882Z[0m [32m INFO[0m [2mbore_cli::client[0m[2m:[0m connected to server [3mremote_port[0m[2m=[0m13912
[2m2026-05-17T10:53:06.476014Z[0m [32m INFO[0m [2mbore_cli::client[0m[2m:[0m listening at bore.pub:13912
Error: could not connect to bore.pub:7835

Caused by:
    No route to host (os error 65)
[2m2026-05-17T10:53:29.900852Z[0m [32m INFO[0m [2mbore_cli::client[0m[2m:[0m connected to server [3mremote_port[0m[2m=[0m24898
[2m2026-05-17T10:53:29.900982Z[0m [32m INFO[0m [2mbore_cli::client[0m[2m:[0m listening at bore.pub:24898
Error: could not connect to bore.pub:7835

Caused by:
    No route to host (os error 65)
[2m2026-05-17T10:53:55.236399Z[0m [32m INFO[0m [2mbore_cli::client[0m[2m:[0m connected to server [3mremote_port[0m[2m=[0m10890
[2m2026-05-17T10:53:55.236519Z[0m [32m INFO[0m [2mbore_cli::client[0m[2m:[0m listening at bore.pub:10890
Error: could not connect to bore.pub:7835

Caused by:
    No route to host (os error 65)
[2m2026-05-17T10:54:23.530620Z[0m [32m INFO[0m [2mbore_cli::client[0m[2m:[0m connected to server [3mremote_port[0m[2m=[0m1962
[2m2026-05-17T10:54:23.530742Z[0m [32m INFO[0m [2mbore_cli::client[0m[2m:[0m listening at bore.pub:1962
Error: could not connect to bore.pub:7835

Caused by:
    No route to host (os error 65)
[2m2026-05-17T10:55:45.731283Z[0m [32m INFO[0m [2mbore_cli::client[0m[2m:[0m connected to server [3mremote_port[0m[2m=[0m17606
[2m2026-05-17T10:55:45.731421Z[0m [32m INFO[0m [2mbore_cli::client[0m[2m:[0m listening at bore.pub:17606
Error: could not connect to bore.pub:7835

Caused by:
    No route to host (os error 65)
[2m2026-05-17T10:56:39.220503Z[0m [32m INFO[0m [2mbore_cli::client[0m[2m:[0m connected to server [3mremote_port[0m[2m=[0m25330
[2m2026-05-17T10:56:39.220641Z[0m [32m INFO[0m [2mbore_cli::client[0m[2m:[0m listening at bore.pub:25330
Error: could not connect to bore.pub:7835

Caused by:
    No route to host (os error 65)
[2m2026-05-17T10:57:32.806761Z[0m [32m INFO[0m [2mbore_cli::client[0m[2m:[0m connected to server [3mremote_port[0m[2m=[0m19663
[2m2026-05-17T10:57:32.806833Z[0m [32m INFO[0m [2mbore_cli::client[0m[2m:[0m listening at bore.pub:19663
Error: could not connect to bore.pub:7835

Caused by:
    No route to host (os error 65)
[2m2026-05-17T10:58:48.750520Z[0m [32m INFO[0m [2mbore_cli::client[0m[2m:[0m connected to server [3mremote_port[0m[2m=[0m57121
[2m2026-05-17T10:58:48.750642Z[0m [32m INFO[0m [2mbore_cli::client[0m[2m:[0m listening at bore.pub:57121
Error: could not connect to bore.pub:7835

Caused by:
    No route to host (os error 65)
[2m2026-05-17T11:00:13.596422Z[0m [32m INFO[0m [2mbore_cli::client[0m[2m:[0m connected to server [3mremote_port[0m[2m=[0m26810
[2m2026-05-17T11:00:13.596562Z[0m [32m INFO[0m [2mbore_cli::client[0m[2m:[0m listening at bore.pub:26810
Error: could not connect to bore.pub:7835

Caused by:
    No route to host (os error 65)
[2m2026-05-17T11:01:34.730704Z[0m [32m INFO[0m [2mbore_cli::client[0m[2m:[0m connected to server [3mremote_port[0m[2m=[0m55416
[2m2026-05-17T11:01:34.730856Z[0m [32m INFO[0m [2mbore_cli::client[0m[2m:[0m listening at bore.pub:55416
Error: could not connect to bore.pub:7835

Caused by:
    No route to host (os error 65)
[2m2026-05-17T11:03:05.610343Z[0m [32m INFO[0m [2mbore_cli::client[0m[2m:[0m connected to server [3mremote_port[0m[2m=[0m46788
[2m2026-05-17T11:03:05.610474Z[0m [32m INFO[0m [2mbore_cli::client[0m[2m:[0m listening at bore.pub:46788
Error: could not connect to bore.pub:7835

Caused by:
    No route to host (os error 65)
[2m2026-05-17T11:04:34.700148Z[0m [32m INFO[0m [2mbore_cli::client[0m[2m:[0m connected to server [3mremote_port[0m[2m=[0m61772
[2m2026-05-17T11:04:34.700267Z[0m [32m INFO[0m [2mbore_cli::client[0m[2m:[0m listening at bore.pub:61772
Error: could not connect to bore.pub:7835

Caused by:
    No route to host (os error 65)
[2m2026-05-17T11:06:33.615949Z[0m [32m INFO[0m [2mbore_cli::client[0m[2m:[0m connected to server [3mremote_port[0m[2m=[0m37253
[2m2026-05-17T11:06:33.616068Z[0m [32m INFO[0m [2mbore_cli::client[0m[2m:[0m listening at bore.pub:37253
Error: could not connect to bore.pub:7835

Caused by:
    No route to host (os error 65)
[2m2026-05-17T11:08:05.760450Z[0m [32m INFO[0m [2mbore_cli::client[0m[2m:[0m connected to server [3mremote_port[0m[2m=[0m37119
[2m2026-05-17T11:08:05.760582Z[0m [32m INFO[0m [2mbore_cli::client[0m[2m:[0m listening at bore.pub:37119
Error: could not connect to bore.pub:7835

Caused by:
    No route to host (os error 65)
[2m2026-05-17T11:09:34.613552Z[0m [32m INFO[0m [2mbore_cli::client[0m[2m:[0m connected to server [3mremote_port[0m[2m=[0m21270
[2m2026-05-17T11:09:34.613674Z[0m [32m INFO[0m [2mbore_cli::client[0m[2m:[0m listening at bore.pub:21270
Error: could not connect to bore.pub:7835

Caused by:
    No route to host (os error 65)
[2m2026-05-17T11:11:52.476708Z[0m [32m INFO[0m [2mbore_cli::client[0m[2m:[0m connected to server [3mremote_port[0m[2m=[0m31540
[2m2026-05-17T11:11:52.476851Z[0m [32m INFO[0m [2mbore_cli::client[0m[2m:[0m listening at bore.pub:31540
Error: could not connect to bore.pub:7835

Caused by:
    No route to host (os error 65)
[2m2026-05-17T11:13:14.416555Z[0m [32m INFO[0m [2mbore_cli::client[0m[2m:[0m connected to server [3mremote_port[0m[2m=[0m33793
[2m2026-05-17T11:13:14.416682Z[0m [32m INFO[0m [2mbore_cli::client[0m[2m:[0m listening at bore.pub:33793
Error: could not connect to bore.pub:7835

Caused by:
    No route to host (os error 65)
[2m2026-05-17T11:14:40.708536Z[0m [32m INFO[0m [2mbore_cli::client[0m[2m:[0m connected to server [3mremote_port[0m[2m=[0m14695
[2m2026-05-17T11:14:40.708660Z[0m [32m INFO[0m [2mbore_cli::client[0m[2m:[0m listening at bore.pub:14695
Error: could not connect to bore.pub:7835

Caused by:
    No route to host (os error 65)
[2m2026-05-17T11:17:06.330492Z[0m [32m INFO[0m [2mbore_cli::client[0m[2m:[0m connected to server [3mremote_port[0m[2m=[0m24252
[2m2026-05-17T11:17:06.330629Z[0m [32m INFO[0m [2mbore_cli::client[0m[2m:[0m listening at bore.pub:24252
Error: could not connect to bore.pub:7835

Caused by:
    No route to host (os error 65)
[2m2026-05-17T11:18:27.659189Z[0m [32m INFO[0m [2mbore_cli::client[0m[2m:[0m connected to server [3mremote_port[0m[2m=[0m6324
[2m2026-05-17T11:18:27.659318Z[0m [32m INFO[0m [2mbore_cli::client[0m[2m:[0m listening at bore.pub:6324
Error: could not connect to bore.pub:7835

Caused by:
    No route to host (os error 65)
[2m2026-05-17T11:20:03.770430Z[0m [32m INFO[0m [2mbore_cli::client[0m[2m:[0m connected to server [3mremote_port[0m[2m=[0m29342
[2m2026-05-17T11:20:03.770559Z[0m [32m INFO[0m [2mbore_cli::client[0m[2m:[0m listening at bore.pub:29342
Error: could not connect to bore.pub:7835

Caused by:
    No route to host (os error 65)
[2m2026-05-17T11:22:18.031283Z[0m [32m INFO[0m [2mbore_cli::client[0m[2m:[0m connected to server [3mremote_port[0m[2m=[0m55809
[2m2026-05-17T11:22:18.031418Z[0m [32m INFO[0m [2mbore_cli::client[0m[2m:[0m listening at bore.pub:55809
Error: could not connect to bore.pub:7835

Caused by:
    No route to host (os error 65)
[2m2026-05-17T11:23:46.506591Z[0m [32m INFO[0m [2mbore_cli::client[0m[2m:[0m connected to server [3mremote_port[0m[2m=[0m41155
[2m2026-05-17T11:23:46.506709Z[0m [32m INFO[0m [2mbore_cli::client[0m[2m:[0m listening at bore.pub:41155
Error: could not connect to bore.pub:7835

Caused by:
    No route to host (os error 65)
[2m2026-05-17T11:25:13.938984Z[0m [32m INFO[0m [2mbore_cli::client[0m[2m:[0m connected to server [3mremote_port[0m[2m=[0m33515
[2m2026-05-17T11:25:13.939118Z[0m [32m INFO[0m [2mbore_cli::client[0m[2m:[0m listening at bore.pub:33515
Error: could not connect to bore.pub:7835

Caused by:
    No route to host (os error 65)
[2m2026-05-17T11:27:30.370569Z[0m [32m INFO[0m [2mbore_cli::client[0m[2m:[0m connected to server [3mremote_port[0m[2m=[0m33022
[2m2026-05-17T11:27:30.370725Z[0m [32m INFO[0m [2mbore_cli::client[0m[2m:[0m listening at bore.pub:33022
Error: could not connect to bore.pub:7835

Caused by:
    No route to host (os error 65)
[2m2026-05-17T11:28:57.903105Z[0m [32m INFO[0m [2mbore_cli::client[0m[2m:[0m connected to server [3mremote_port[0m[2m=[0m6047
[2m2026-05-17T11:28:57.903250Z[0m [32m INFO[0m [2mbore_cli::client[0m[2m:[0m listening at bore.pub:6047
[2m2026-05-17T11:30:29.763364Z[0m [32m INFO[0m [2mbore_cli::client[0m[2m:[0m connected to server [3mremote_port[0m[2m=[0m35961
[2m2026-05-17T11:30:29.763491Z[0m [32m INFO[0m [2mbore_cli::client[0m[2m:[0m listening at bore.pub:35961
Error: could not connect to bore.pub:7835

Caused by:
    No route to host (os error 65)
[2m2026-05-17T11:32:06.088721Z[0m [32m INFO[0m [2mbore_cli::client[0m[2m:[0m connected to server [3mremote_port[0m[2m=[0m29634
[2m2026-05-17T11:32:06.088869Z[0m [32m INFO[0m [2mbore_cli::client[0m[2m:[0m listening at bore.pub:29634
Error: could not connect to bore.pub:7835

Caused by:
    No route to host (os error 65)
[2m2026-05-17T11:33:35.612501Z[0m [32m INFO[0m [2mbore_cli::client[0m[2m:[0m connected to server [3mremote_port[0m[2m=[0m53678
[2m2026-05-17T11:33:35.612631Z[0m [32m INFO[0m [2mbore_cli::client[0m[2m:[0m listening at bore.pub:53678
Error: could not connect to bore.pub:7835

Caused by:
    No route to host (os error 65)
[2m2026-05-17T11:35:49.910718Z[0m [32m INFO[0m [2mbore_cli::client[0m[2m:[0m connected to server [3mremote_port[0m[2m=[0m37277
[2m2026-05-17T11:35:49.910833Z[0m [32m INFO[0m [2mbore_cli::client[0m[2m:[0m listening at bore.pub:37277
Error: could not connect to bore.pub:7835

Caused by:
    No route to host (os error 65)
[2m2026-05-17T11:41:08.167277Z[0m [32m INFO[0m [2mbore_cli::client[0m[2m:[0m connected to server [3mremote_port[0m[2m=[0m50193
[2m2026-05-17T11:41:08.167419Z[0m [32m INFO[0m [2mbore_cli::client[0m[2m:[0m listening at bore.pub:50193
Error: could not connect to bore.pub:7835

Caused by:
    No route to host (os error 65)
[2m2026-05-17T11:42:29.274967Z[0m [32m INFO[0m [2mbore_cli::client[0m[2m:[0m connected to server [3mremote_port[0m[2m=[0m9654
[2m2026-05-17T11:42:29.275074Z[0m [32m INFO[0m [2mbore_cli::client[0m[2m:[0m listening at bore.pub:9654
Error: could not connect to bore.pub:7835

Caused by:
    No route to host (os error 65)
[2m2026-05-17T11:44:25.898459Z[0m [32m INFO[0m [2mbore_cli::client[0m[2m:[0m connected to server [3mremote_port[0m[2m=[0m64297
[2m2026-05-17T11:44:25.898588Z[0m [32m INFO[0m [2mbore_cli::client[0m[2m:[0m listening at bore.pub:64297
Error: could not connect to bore.pub:7835

Caused by:
    No route to host (os error 65)
[2m2026-05-17T11:45:54.827646Z[0m [32m INFO[0m [2mbore_cli::client[0m[2m:[0m connected to server [3mremote_port[0m[2m=[0m1391
[2m2026-05-17T11:45:54.827778Z[0m [32m INFO[0m [2mbore_cli::client[0m[2m:[0m listening at bore.pub:1391
Error: could not connect to bore.pub:7835

Caused by:
    No route to host (os error 65)
[2m2026-05-17T12:08:35.821926Z[0m [32m INFO[0m [2mbore_cli::client[0m[2m:[0m connected to server [3mremote_port[0m[2m=[0m57686
[2m2026-05-17T12:08:35.822079Z[0m [32m INFO[0m [2mbore_cli::client[0m[2m:[0m listening at bore.pub:57686
Error: could not connect to bore.pub:7835

Caused by:
    No route to host (os error 65)
[2m2026-05-17T12:11:19.284167Z[0m [32m INFO[0m [2mbore_cli::client[0m[2m:[0m connected to server [3mremote_port[0m[2m=[0m52318
[2m2026-05-17T12:11:19.284316Z[0m [32m INFO[0m [2mbore_cli::client[0m[2m:[0m listening at bore.pub:52318
Error: could not connect to bore.pub:7835

Caused by:
    No route to host (os error 65)
[2m2026-05-17T12:13:43.437847Z[0m [32m INFO[0m [2mbore_cli::client[0m[2m:[0m connected to server [3mremote_port[0m[2m=[0m54760
[2m2026-05-17T12:13:43.438003Z[0m [32m INFO[0m [2mbore_cli::client[0m[2m:[0m listening at bore.pub:54760
Error: could not connect to bore.pub:7835

Caused by:
    No route to host (os error 65)
[2m2026-05-17T12:15:10.872074Z[0m [32m INFO[0m [2mbore_cli::client[0m[2m:[0m connected to server [3mremote_port[0m[2m=[0m45031
[2m2026-05-17T12:15:10.872197Z[0m [32m INFO[0m [2mbore_cli::client[0m[2m:[0m listening at bore.pub:45031
Error: could not connect to bore.pub:7835

Caused by:
    No route to host (os error 65)
[2m2026-05-17T12:16:45.014034Z[0m [32m INFO[0m [2mbore_cli::client[0m[2m:[0m connected to server [3mremote_port[0m[2m=[0m27381
[2m2026-05-17T12:16:45.014211Z[0m [32m INFO[0m [2mbore_cli::client[0m[2m:[0m listening at bore.pub:27381
Error: could not connect to bore.pub:7835

Caused by:
    No route to host (os error 65)
[2m2026-05-17T12:18:42.807301Z[0m [32m INFO[0m [2mbore_cli::client[0m[2m:[0m connected to server [3mremote_port[0m[2m=[0m12630
[2m2026-05-17T12:18:42.807425Z[0m [32m INFO[0m [2mbore_cli::client[0m[2m:[0m listening at bore.pub:12630
Error: could not connect to bore.pub:7835

Caused by:
    No route to host (os error 65)
[2m2026-05-17T12:20:12.902474Z[0m [32m INFO[0m [2mbore_cli::client[0m[2m:[0m connected to server [3mremote_port[0m[2m=[0m27161
[2m2026-05-17T12:20:12.902605Z[0m [32m INFO[0m [2mbore_cli::client[0m[2m:[0m listening at bore.pub:27161
Error: could not connect to bore.pub:7835

Caused by:
    No route to host (os error 65)
[2m2026-05-17T12:23:14.723671Z[0m [32m INFO[0m [2mbore_cli::client[0m[2m:[0m connected to server [3mremote_port[0m[2m=[0m5466
[2m2026-05-17T12:23:14.723804Z[0m [32m INFO[0m [2mbore_cli::client[0m[2m:[0m listening at bore.pub:5466
Error: could not connect to bore.pub:7835

Caused by:
    No route to host (os error 65)
[2m2026-05-17T12:24:37.321582Z[0m [32m INFO[0m [2mbore_cli::client[0m[2m:[0m connected to server [3mremote_port[0m[2m=[0m52623
[2m2026-05-17T12:24:37.321720Z[0m [32m INFO[0m [2mbore_cli::client[0m[2m:[0m listening at bore.pub:52623
Error: could not connect to bore.pub:7835

Caused by:
    No route to host (os error 65)
[2m2026-05-17T12:26:40.926572Z[0m [32m INFO[0m [2mbore_cli::client[0m[2m:[0m connected to server [3mremote_port[0m[2m=[0m55681
[2m2026-05-17T12:26:40.926700Z[0m [32m INFO[0m [2mbore_cli::client[0m[2m:[0m listening at bore.pub:55681
Error: could not connect to bore.pub:7835

Caused by:
    No route to host (os error 65)
[2m2026-05-17T12:28:10.419024Z[0m [32m INFO[0m [2mbore_cli::client[0m[2m:[0m connected to server [3mremote_port[0m[2m=[0m18616
[2m2026-05-17T12:28:10.419182Z[0m [32m INFO[0m [2mbore_cli::client[0m[2m:[0m listening at bore.pub:18616
Error: could not connect to bore.pub:7835

Caused by:
    No route to host (os error 65)
[2m2026-05-17T12:29:36.662990Z[0m [32m INFO[0m [2mbore_cli::client[0m[2m:[0m connected to server [3mremote_port[0m[2m=[0m48320
[2m2026-05-17T12:29:36.663116Z[0m [32m INFO[0m [2mbore_cli::client[0m[2m:[0m listening at bore.pub:48320
Error: could not connect to bore.pub:7835

Caused by:
    No route to host (os error 65)
[2m2026-05-17T12:31:53.079491Z[0m [32m INFO[0m [2mbore_cli::client[0m[2m:[0m connected to server [3mremote_port[0m[2m=[0m16768
[2m2026-05-17T12:31:53.079636Z[0m [32m INFO[0m [2mbore_cli::client[0m[2m:[0m listening at bore.pub:16768
Error: could not connect to bore.pub:7835

Caused by:
    No route to host (os error 65)
[2m2026-05-17T12:33:13.783241Z[0m [32m INFO[0m [2mbore_cli::client[0m[2m:[0m connected to server [3mremote_port[0m[2m=[0m44387
[2m2026-05-17T12:33:13.783358Z[0m [32m INFO[0m [2mbore_cli::client[0m[2m:[0m listening at bore.pub:44387
Error: could not connect to bore.pub:7835

Caused by:
    No route to host (os error 65)
[2m2026-05-17T12:34:39.102743Z[0m [32m INFO[0m [2mbore_cli::client[0m[2m:[0m connected to server [3mremote_port[0m[2m=[0m26629
[2m2026-05-17T12:34:39.102878Z[0m [32m INFO[0m [2mbore_cli::client[0m[2m:[0m listening at bore.pub:26629
Error: could not connect to bore.pub:7835

Caused by:
    No route to host (os error 65)
[2m2026-05-17T12:41:42.995217Z[0m [32m INFO[0m [2mbore_cli::client[0m[2m:[0m connected to server [3mremote_port[0m[2m=[0m45701
[2m2026-05-17T12:41:42.995325Z[0m [32m INFO[0m [2mbore_cli::client[0m[2m:[0m listening at bore.pub:45701
Error: could not connect to bore.pub:7835

Caused by:
    No route to host (os error 65)
[2m2026-05-17T12:43:13.722321Z[0m [32m INFO[0m [2mbore_cli::client[0m[2m:[0m connected to server [3mremote_port[0m[2m=[0m46772
[2m2026-05-17T12:43:13.722461Z[0m [32m INFO[0m [2mbore_cli::client[0m[2m:[0m listening at bore.pub:46772
Error: could not connect to bore.pub:7835

Caused by:
    No route to host (os error 65)
[2m2026-05-17T12:44:41.295238Z[0m [32m INFO[0m [2mbore_cli::client[0m[2m:[0m connected to server [3mremote_port[0m[2m=[0m40803
[2m2026-05-17T12:44:41.295367Z[0m [32m INFO[0m [2mbore_cli::client[0m[2m:[0m listening at bore.pub:40803
Error: could not connect to bore.pub:7835

Caused by:
    No route to host (os error 65)
[2m2026-05-17T12:46:52.930951Z[0m [32m INFO[0m [2mbore_cli::client[0m[2m:[0m connected to server [3mremote_port[0m[2m=[0m6323
[2m2026-05-17T12:46:52.931105Z[0m [32m INFO[0m [2mbore_cli::client[0m[2m:[0m listening at bore.pub:6323
Error: could not connect to bore.pub:7835

Caused by:
    No route to host (os error 65)
[2m2026-05-17T12:48:22.967662Z[0m [32m INFO[0m [2mbore_cli::client[0m[2m:[0m connected to server [3mremote_port[0m[2m=[0m51627
[2m2026-05-17T12:48:22.967800Z[0m [32m INFO[0m [2mbore_cli::client[0m[2m:[0m listening at bore.pub:51627
Error: could not connect to bore.pub:7835

Caused by:
    No route to host (os error 65)
[2m2026-05-17T12:49:51.019782Z[0m [32m INFO[0m [2mbore_cli::client[0m[2m:[0m connected to server [3mremote_port[0m[2m=[0m64556
[2m2026-05-17T12:49:51.019909Z[0m [32m INFO[0m [2mbore_cli::client[0m[2m:[0m listening at bore.pub:64556
Error: could not connect to bore.pub:7835

Caused by:
    No route to host (os error 65)
[2m2026-05-17T12:52:12.100410Z[0m [32m INFO[0m [2mbore_cli::client[0m[2m:[0m connected to server [3mremote_port[0m[2m=[0m48373
[2m2026-05-17T12:52:12.100528Z[0m [32m INFO[0m [2mbore_cli::client[0m[2m:[0m listening at bore.pub:48373
Error: could not connect to bore.pub:7835

Caused by:
    No route to host (os error 65)
[2m2026-05-17T12:53:44.086135Z[0m [32m INFO[0m [2mbore_cli::client[0m[2m:[0m connected to server [3mremote_port[0m[2m=[0m47981
[2m2026-05-17T12:53:44.086251Z[0m [32m INFO[0m [2mbore_cli::client[0m[2m:[0m listening at bore.pub:47981
Error: could not connect to bore.pub:7835

Caused by:
    No route to host (os error 65)
[2m2026-05-17T12:55:43.065655Z[0m [32m INFO[0m [2mbore_cli::client[0m[2m:[0m connected to server [3mremote_port[0m[2m=[0m44434
[2m2026-05-17T12:55:43.065777Z[0m [32m INFO[0m [2mbore_cli::client[0m[2m:[0m listening at bore.pub:44434
Error: could not connect to bore.pub:7835

Caused by:
    No route to host (os error 65)
[2m2026-05-17T12:57:49.213493Z[0m [32m INFO[0m [2mbore_cli::client[0m[2m:[0m connected to server [3mremote_port[0m[2m=[0m39544
[2m2026-05-17T12:57:49.213629Z[0m [32m INFO[0m [2mbore_cli::client[0m[2m:[0m listening at bore.pub:39544
[2m2026-05-17T12:59:10.033462Z[0m [32m INFO[0m [2mbore_cli::client[0m[2m:[0m connected to server [3mremote_port[0m[2m=[0m34400
[2m2026-05-17T12:59:10.033587Z[0m [32m INFO[0m [2mbore_cli::client[0m[2m:[0m listening at bore.pub:34400
Error: could not connect to bore.pub:7835

Caused by:
    No route to host (os error 65)
[2m2026-05-17T13:00:51.170454Z[0m [32m INFO[0m [2mbore_cli::client[0m[2m:[0m connected to server [3mremote_port[0m[2m=[0m21577
[2m2026-05-17T13:00:51.170569Z[0m [32m INFO[0m [2mbore_cli::client[0m[2m:[0m listening at bore.pub:21577
Error: could not connect to bore.pub:7835

Caused by:
    No route to host (os error 65)
[2m2026-05-17T13:02:59.687278Z[0m [32m INFO[0m [2mbore_cli::client[0m[2m:[0m connected to server [3mremote_port[0m[2m=[0m41516
[2m2026-05-17T13:02:59.687390Z[0m [32m INFO[0m [2mbore_cli::client[0m[2m:[0m listening at bore.pub:41516
Error: could not connect to bore.pub:7835

Caused by:
    No route to host (os error 65)
[2m2026-05-17T13:04:32.849886Z[0m [32m INFO[0m [2mbore_cli::client[0m[2m:[0m connected to server [3mremote_port[0m[2m=[0m47910
[2m2026-05-17T13:04:32.850024Z[0m [32m INFO[0m [2mbore_cli::client[0m[2m:[0m listening at bore.pub:47910
Error: could not connect to bore.pub:7835

Caused by:
    No route to host (os error 65)
[2m2026-05-17T13:05:59.807836Z[0m [32m INFO[0m [2mbore_cli::client[0m[2m:[0m connected to server [3mremote_port[0m[2m=[0m62027
[2m2026-05-17T13:05:59.807882Z[0m [32m INFO[0m [2mbore_cli::client[0m[2m:[0m listening at bore.pub:62027
Error: could not connect to bore.pub:7835

Caused by:
    No route to host (os error 65)
[2m2026-05-17T13:08:22.175742Z[0m [32m INFO[0m [2mbore_cli::client[0m[2m:[0m connected to server [3mremote_port[0m[2m=[0m49725
[2m2026-05-17T13:08:22.175868Z[0m [32m INFO[0m [2mbore_cli::client[0m[2m:[0m listening at bore.pub:49725
Error: could not connect to bore.pub:7835

Caused by:
    No route to host (os error 65)
[2m2026-05-17T13:09:53.568923Z[0m [32m INFO[0m [2mbore_cli::client[0m[2m:[0m connected to server [3mremote_port[0m[2m=[0m58140
[2m2026-05-17T13:09:53.569060Z[0m [32m INFO[0m [2mbore_cli::client[0m[2m:[0m listening at bore.pub:58140
Error: could not connect to bore.pub:7835

Caused by:
    No route to host (os error 65)
[2m2026-05-17T13:11:19.744322Z[0m [32m INFO[0m [2mbore_cli::client[0m[2m:[0m connected to server [3mremote_port[0m[2m=[0m33604
[2m2026-05-17T13:11:19.744461Z[0m [32m INFO[0m [2mbore_cli::client[0m[2m:[0m listening at bore.pub:33604
Error: could not connect to bore.pub:7835

Caused by:
    No route to host (os error 65)
[2m2026-05-17T13:13:50.781547Z[0m [32m INFO[0m [2mbore_cli::client[0m[2m:[0m connected to server [3mremote_port[0m[2m=[0m36604
[2m2026-05-17T13:13:50.781663Z[0m [32m INFO[0m [2mbore_cli::client[0m[2m:[0m listening at bore.pub:36604
Error: could not connect to bore.pub:7835

Caused by:
    No route to host (os error 65)
[2m2026-05-17T13:15:10.320902Z[0m [32m INFO[0m [2mbore_cli::client[0m[2m:[0m connected to server [3mremote_port[0m[2m=[0m24534
[2m2026-05-17T13:15:10.321042Z[0m [32m INFO[0m [2mbore_cli::client[0m[2m:[0m listening at bore.pub:24534
Error: could not connect to bore.pub:7835

Caused by:
    No route to host (os error 65)
[2m2026-05-17T13:16:33.881147Z[0m [32m INFO[0m [2mbore_cli::client[0m[2m:[0m connected to server [3mremote_port[0m[2m=[0m30425
[2m2026-05-17T13:16:33.881277Z[0m [32m INFO[0m [2mbore_cli::client[0m[2m:[0m listening at bore.pub:30425
Error: could not connect to bore.pub:7835

Caused by:
    No route to host (os error 65)
[2m2026-05-17T13:18:17.566804Z[0m [32m INFO[0m [2mbore_cli::client[0m[2m:[0m connected to server [3mremote_port[0m[2m=[0m10295
[2m2026-05-17T13:18:17.566948Z[0m [32m INFO[0m [2mbore_cli::client[0m[2m:[0m listening at bore.pub:10295
Error: could not connect to bore.pub:7835

Caused by:
    No route to host (os error 65)
[2m2026-05-17T13:19:45.984195Z[0m [32m INFO[0m [2mbore_cli::client[0m[2m:[0m connected to server [3mremote_port[0m[2m=[0m56036
[2m2026-05-17T13:19:45.984365Z[0m [32m INFO[0m [2mbore_cli::client[0m[2m:[0m listening at bore.pub:56036
Error: could not connect to bore.pub:7835

Caused by:
    No route to host (os error 65)
[2m2026-05-17T13:21:28.580097Z[0m [32m INFO[0m [2mbore_cli::client[0m[2m:[0m connected to server [3mremote_port[0m[2m=[0m13730
[2m2026-05-17T13:21:28.580257Z[0m [32m INFO[0m [2mbore_cli::client[0m[2m:[0m listening at bore.pub:13730
Error: could not connect to bore.pub:7835

Caused by:
    No route to host (os error 65)
[2m2026-05-17T13:23:59.890472Z[0m [32m INFO[0m [2mbore_cli::client[0m[2m:[0m connected to server [3mremote_port[0m[2m=[0m11946
[2m2026-05-17T13:23:59.890631Z[0m [32m INFO[0m [2mbore_cli::client[0m[2m:[0m listening at bore.pub:11946
Error: could not connect to bore.pub:7835

Caused by:
    No route to host (os error 65)
[2m2026-05-17T13:25:27.270205Z[0m [32m INFO[0m [2mbore_cli::client[0m[2m:[0m connected to server [3mremote_port[0m[2m=[0m61861
[2m2026-05-17T13:25:27.270365Z[0m [32m INFO[0m [2mbore_cli::client[0m[2m:[0m listening at bore.pub:61861
Error: could not connect to bore.pub:7835

Caused by:
    No route to host (os error 65)
[2m2026-05-17T13:26:52.364277Z[0m [32m INFO[0m [2mbore_cli::client[0m[2m:[0m connected to server [3mremote_port[0m[2m=[0m34236
[2m2026-05-17T13:26:52.364440Z[0m [32m INFO[0m [2mbore_cli::client[0m[2m:[0m listening at bore.pub:34236
Error: could not connect to bore.pub:7835

Caused by:
    No route to host (os error 65)
[2m2026-05-17T13:29:17.587387Z[0m [32m INFO[0m [2mbore_cli::client[0m[2m:[0m connected to server [3mremote_port[0m[2m=[0m29858
[2m2026-05-17T13:29:17.587541Z[0m [32m INFO[0m [2mbore_cli::client[0m[2m:[0m listening at bore.pub:29858
Error: could not connect to bore.pub:7835

Caused by:
    No route to host (os error 65)
[2m2026-05-17T13:30:45.721294Z[0m [32m INFO[0m [2mbore_cli::client[0m[2m:[0m connected to server [3mremote_port[0m[2m=[0m35091
[2m2026-05-17T13:30:45.721426Z[0m [32m INFO[0m [2mbore_cli::client[0m[2m:[0m listening at bore.pub:35091
Error: could not connect to bore.pub:7835

Caused by:
    No route to host (os error 65)
[2m2026-05-17T13:32:15.181011Z[0m [32m INFO[0m [2mbore_cli::client[0m[2m:[0m connected to server [3mremote_port[0m[2m=[0m48013
[2m2026-05-17T13:32:15.181141Z[0m [32m INFO[0m [2mbore_cli::client[0m[2m:[0m listening at bore.pub:48013
Error: could not connect to bore.pub:7835

Caused by:
    No route to host (os error 65)
[2m2026-05-17T13:34:15.801278Z[0m [32m INFO[0m [2mbore_cli::client[0m[2m:[0m connected to server [3mremote_port[0m[2m=[0m50752
[2m2026-05-17T13:34:15.801411Z[0m [32m INFO[0m [2mbore_cli::client[0m[2m:[0m listening at bore.pub:50752
Error: could not connect to bore.pub:7835

Caused by:
    No route to host (os error 65)
[2m2026-05-17T13:35:42.886947Z[0m [32m INFO[0m [2mbore_cli::client[0m[2m:[0m connected to server [3mremote_port[0m[2m=[0m45997
[2m2026-05-17T13:35:42.887083Z[0m [32m INFO[0m [2mbore_cli::client[0m[2m:[0m listening at bore.pub:45997
Error: could not connect to bore.pub:7835

Caused by:
    No route to host (os error 65)
[2m2026-05-17T13:38:24.485863Z[0m [32m INFO[0m [2mbore_cli::client[0m[2m:[0m connected to server [3mremote_port[0m[2m=[0m47949
[2m2026-05-17T13:38:24.485975Z[0m [32m INFO[0m [2mbore_cli::client[0m[2m:[0m listening at bore.pub:47949
Error: could not connect to bore.pub:7835

Caused by:
    No route to host (os error 65)
[2m2026-05-17T13:40:43.241678Z[0m [32m INFO[0m [2mbore_cli::client[0m[2m:[0m connected to server [3mremote_port[0m[2m=[0m65009
[2m2026-05-17T13:40:43.241815Z[0m [32m INFO[0m [2mbore_cli::client[0m[2m:[0m listening at bore.pub:65009
Error: could not connect to bore.pub:7835

Caused by:
    No route to host (os error 65)
[2m2026-05-17T13:42:20.080437Z[0m [32m INFO[0m [2mbore_cli::client[0m[2m:[0m connected to server [3mremote_port[0m[2m=[0m26868
[2m2026-05-17T13:42:20.080569Z[0m [32m INFO[0m [2mbore_cli::client[0m[2m:[0m listening at bore.pub:26868
Error: could not connect to bore.pub:7835

Caused by:
    No route to host (os error 65)
[2m2026-05-17T13:43:45.073270Z[0m [32m INFO[0m [2mbore_cli::client[0m[2m:[0m connected to server [3mremote_port[0m[2m=[0m30939
[2m2026-05-17T13:43:45.073405Z[0m [32m INFO[0m [2mbore_cli::client[0m[2m:[0m listening at bore.pub:30939
Error: could not connect to bore.pub:7835

Caused by:
    No route to host (os error 65)
[2m2026-05-17T13:46:07.629069Z[0m [32m INFO[0m [2mbore_cli::client[0m[2m:[0m connected to server [3mremote_port[0m[2m=[0m43103
[2m2026-05-17T13:46:07.629228Z[0m [32m INFO[0m [2mbore_cli::client[0m[2m:[0m listening at bore.pub:43103
Error: could not connect to bore.pub:7835

Caused by:
    No route to host (os error 65)
[2m2026-05-17T13:47:34.822848Z[0m [32m INFO[0m [2mbore_cli::client[0m[2m:[0m connected to server [3mremote_port[0m[2m=[0m11815
[2m2026-05-17T13:47:34.822999Z[0m [32m INFO[0m [2mbore_cli::client[0m[2m:[0m listening at bore.pub:11815
Error: could not connect to bore.pub:7835

Caused by:
    No route to host (os error 65)
[2m2026-05-17T13:48:41.493580Z[0m [32m INFO[0m [2mbore_cli::client[0m[2m:[0m connected to server [3mremote_port[0m[2m=[0m49006
[2m2026-05-17T13:48:41.493686Z[0m [32m INFO[0m [2mbore_cli::client[0m[2m:[0m listening at bore.pub:49006
Error: could not connect to bore.pub:7835

Caused by:
    No route to host (os error 65)
[2m2026-05-17T13:50:09.586210Z[0m [32m INFO[0m [2mbore_cli::client[0m[2m:[0m connected to server [3mremote_port[0m[2m=[0m36357
[2m2026-05-17T13:50:09.586351Z[0m [32m INFO[0m [2mbore_cli::client[0m[2m:[0m listening at bore.pub:36357
Error: could not connect to bore.pub:7835

Caused by:
    No route to host (os error 65)
[2m2026-05-17T13:51:37.251471Z[0m [32m INFO[0m [2mbore_cli::client[0m[2m:[0m connected to server [3mremote_port[0m[2m=[0m24068
[2m2026-05-17T13:51:37.251594Z[0m [32m INFO[0m [2mbore_cli::client[0m[2m:[0m listening at bore.pub:24068
Error: could not connect to bore.pub:7835

Caused by:
    No route to host (os error 65)
[2m2026-05-17T13:52:59.053750Z[0m [32m INFO[0m [2mbore_cli::client[0m[2m:[0m connected to server [3mremote_port[0m[2m=[0m24573
[2m2026-05-17T13:52:59.053883Z[0m [32m INFO[0m [2mbore_cli::client[0m[2m:[0m listening at bore.pub:24573
Error: could not connect to bore.pub:7835

Caused by:
    No route to host (os error 65)
[2m2026-05-17T13:54:28.563331Z[0m [32m INFO[0m [2mbore_cli::client[0m[2m:[0m connected to server [3mremote_port[0m[2m=[0m58772
[2m2026-05-17T13:54:28.563461Z[0m [32m INFO[0m [2mbore_cli::client[0m[2m:[0m listening at bore.pub:58772
Error: could not connect to bore.pub:7835

Caused by:
    No route to host (os error 65)
[2m2026-05-17T13:56:24.278407Z[0m [32m INFO[0m [2mbore_cli::client[0m[2m:[0m connected to server [3mremote_port[0m[2m=[0m26910
[2m2026-05-17T13:56:24.278538Z[0m [32m INFO[0m [2mbore_cli::client[0m[2m:[0m listening at bore.pub:26910
Error: could not connect to bore.pub:7835

Caused by:
    No route to host (os error 65)
[2m2026-05-17T13:58:02.925507Z[0m [32m INFO[0m [2mbore_cli::client[0m[2m:[0m connected to server [3mremote_port[0m[2m=[0m58909
[2m2026-05-17T13:58:02.925636Z[0m [32m INFO[0m [2mbore_cli::client[0m[2m:[0m listening at bore.pub:58909
Error: could not connect to bore.pub:7835

Caused by:
    No route to host (os error 65)
[2m2026-05-17T13:59:33.512923Z[0m [32m INFO[0m [2mbore_cli::client[0m[2m:[0m connected to server [3mremote_port[0m[2m=[0m14840
[2m2026-05-17T13:59:33.513047Z[0m [32m INFO[0m [2mbore_cli::client[0m[2m:[0m listening at bore.pub:14840
Error: could not connect to bore.pub:7835

Caused by:
    No route to host (os error 65)
[2m2026-05-17T14:02:06.877856Z[0m [32m INFO[0m [2mbore_cli::client[0m[2m:[0m connected to server [3mremote_port[0m[2m=[0m29373
[2m2026-05-17T14:02:06.878019Z[0m [32m INFO[0m [2mbore_cli::client[0m[2m:[0m listening at bore.pub:29373
Error: could not connect to bore.pub:7835

Caused by:
    No route to host (os error 65)
[2m2026-05-17T14:03:48.610033Z[0m [32m INFO[0m [2mbore_cli::client[0m[2m:[0m connected to server [3mremote_port[0m[2m=[0m32333
[2m2026-05-17T14:03:48.610158Z[0m [32m INFO[0m [2mbore_cli::client[0m[2m:[0m listening at bore.pub:32333
Error: could not connect to bore.pub:7835

Caused by:
    No route to host (os error 65)
[2m2026-05-17T14:05:24.392280Z[0m [32m INFO[0m [2mbore_cli::client[0m[2m:[0m connected to server [3mremote_port[0m[2m=[0m19606
[2m2026-05-17T14:05:24.392352Z[0m [32m INFO[0m [2mbore_cli::client[0m[2m:[0m listening at bore.pub:19606
Error: could not connect to bore.pub:7835

Caused by:
    No route to host (os error 65)
[2m2026-05-17T14:07:58.216935Z[0m [32m INFO[0m [2mbore_cli::client[0m[2m:[0m connected to server [3mremote_port[0m[2m=[0m19620
[2m2026-05-17T14:07:58.217059Z[0m [32m INFO[0m [2mbore_cli::client[0m[2m:[0m listening at bore.pub:19620
Error: could not connect to bore.pub:7835

Caused by:
    No route to host (os error 65)
[2m2026-05-17T14:09:30.941640Z[0m [32m INFO[0m [2mbore_cli::client[0m[2m:[0m connected to server [3mremote_port[0m[2m=[0m32225
[2m2026-05-17T14:09:30.941777Z[0m [32m INFO[0m [2mbore_cli::client[0m[2m:[0m listening at bore.pub:32225
Error: could not connect to bore.pub:7835

Caused by:
    No route to host (os error 65)
[2m2026-05-17T14:11:07.330882Z[0m [32m INFO[0m [2mbore_cli::client[0m[2m:[0m connected to server [3mremote_port[0m[2m=[0m53608
[2m2026-05-17T14:11:07.331012Z[0m [32m INFO[0m [2mbore_cli::client[0m[2m:[0m listening at bore.pub:53608
Error: could not connect to bore.pub:7835

Caused by:
    No route to host (os error 65)
[2m2026-05-17T14:13:18.308872Z[0m [32m INFO[0m [2mbore_cli::client[0m[2m:[0m connected to server [3mremote_port[0m[2m=[0m4114
[2m2026-05-17T14:13:18.309022Z[0m [32m INFO[0m [2mbore_cli::client[0m[2m:[0m listening at bore.pub:4114
Error: could not connect to bore.pub:7835

Caused by:
    No route to host (os error 65)
[2m2026-05-17T14:14:43.450217Z[0m [32m INFO[0m [2mbore_cli::client[0m[2m:[0m connected to server [3mremote_port[0m[2m=[0m60102
[2m2026-05-17T14:14:43.450350Z[0m [32m INFO[0m [2mbore_cli::client[0m[2m:[0m listening at bore.pub:60102
Error: could not connect to bore.pub:7835

Caused by:
    No route to host (os error 65)
[2m2026-05-17T14:16:31.511958Z[0m [32m INFO[0m [2mbore_cli::client[0m[2m:[0m connected to server [3mremote_port[0m[2m=[0m47954
[2m2026-05-17T14:16:31.512088Z[0m [32m INFO[0m [2mbore_cli::client[0m[2m:[0m listening at bore.pub:47954
Error: could not connect to bore.pub:7835

Caused by:
    No route to host (os error 65)
[2m2026-05-17T14:20:42.647686Z[0m [32m INFO[0m [2mbore_cli::client[0m[2m:[0m connected to server [3mremote_port[0m[2m=[0m11950
[2m2026-05-17T14:20:42.647803Z[0m [32m INFO[0m [2mbore_cli::client[0m[2m:[0m listening at bore.pub:11950
Error: could not connect to bore.pub:7835

Caused by:
    No route to host (os error 65)
[2m2026-05-17T14:22:14.651371Z[0m [32m INFO[0m [2mbore_cli::client[0m[2m:[0m connected to server [3mremote_port[0m[2m=[0m30856
[2m2026-05-17T14:22:14.651520Z[0m [32m INFO[0m [2mbore_cli::client[0m[2m:[0m listening at bore.pub:30856
Error: could not connect to bore.pub:7835

Caused by:
    No route to host (os error 65)
[2m2026-05-17T14:23:52.403389Z[0m [32m INFO[0m [2mbore_cli::client[0m[2m:[0m connected to server [3mremote_port[0m[2m=[0m22722
[2m2026-05-17T14:23:52.403522Z[0m [32m INFO[0m [2mbore_cli::client[0m[2m:[0m listening at bore.pub:22722
Error: could not connect to bore.pub:7835

Caused by:
    No route to host (os error 65)
[2m2026-05-17T14:28:29.069727Z[0m [32m INFO[0m [2mbore_cli::client[0m[2m:[0m connected to server [3mremote_port[0m[2m=[0m5825
[2m2026-05-17T14:28:29.069851Z[0m [32m INFO[0m [2mbore_cli::client[0m[2m:[0m listening at bore.pub:5825
Error: could not connect to bore.pub:7835

Caused by:
    No route to host (os error 65)
[2m2026-05-17T14:29:46.586245Z[0m [32m INFO[0m [2mbore_cli::client[0m[2m:[0m connected to server [3mremote_port[0m[2m=[0m15845
[2m2026-05-17T14:29:46.586385Z[0m [32m INFO[0m [2mbore_cli::client[0m[2m:[0m listening at bore.pub:15845
Error: could not connect to bore.pub:7835

Caused by:
    No route to host (os error 65)
[2m2026-05-17T14:31:12.961797Z[0m [32m INFO[0m [2mbore_cli::client[0m[2m:[0m connected to server [3mremote_port[0m[2m=[0m38228
[2m2026-05-17T14:31:12.961928Z[0m [32m INFO[0m [2mbore_cli::client[0m[2m:[0m listening at bore.pub:38228
Error: could not connect to bore.pub:7835

Caused by:
    No route to host (os error 65)
[2m2026-05-17T14:32:34.507647Z[0m [32m INFO[0m [2mbore_cli::client[0m[2m:[0m connected to server [3mremote_port[0m[2m=[0m46159
[2m2026-05-17T14:32:34.507781Z[0m [32m INFO[0m [2mbore_cli::client[0m[2m:[0m listening at bore.pub:46159
Error: could not connect to bore.pub:7835

Caused by:
    No route to host (os error 65)
[2m2026-05-17T14:34:15.391688Z[0m [32m INFO[0m [2mbore_cli::client[0m[2m:[0m connected to server [3mremote_port[0m[2m=[0m42886
[2m2026-05-17T14:34:15.391837Z[0m [32m INFO[0m [2mbore_cli::client[0m[2m:[0m listening at bore.pub:42886
Error: could not connect to bore.pub:7835

Caused by:
    No route to host (os error 65)
[2m2026-05-17T14:35:47.738229Z[0m [32m INFO[0m [2mbore_cli::client[0m[2m:[0m connected to server [3mremote_port[0m[2m=[0m58375
[2m2026-05-17T14:35:47.738345Z[0m [32m INFO[0m [2mbore_cli::client[0m[2m:[0m listening at bore.pub:58375
Error: could not connect to bore.pub:7835

Caused by:
    No route to host (os error 65)
[2m2026-05-17T14:37:15.050340Z[0m [32m INFO[0m [2mbore_cli::client[0m[2m:[0m connected to server [3mremote_port[0m[2m=[0m59956
[2m2026-05-17T14:37:15.050465Z[0m [32m INFO[0m [2mbore_cli::client[0m[2m:[0m listening at bore.pub:59956
Error: could not connect to bore.pub:7835

Caused by:
    No route to host (os error 65)
[2m2026-05-17T14:39:36.166729Z[0m [32m INFO[0m [2mbore_cli::client[0m[2m:[0m connected to server [3mremote_port[0m[2m=[0m5522
[2m2026-05-17T14:39:36.166855Z[0m [32m INFO[0m [2mbore_cli::client[0m[2m:[0m listening at bore.pub:5522
Error: could not connect to bore.pub:7835

Caused by:
    No route to host (os error 65)
[2m2026-05-17T14:41:03.060652Z[0m [32m INFO[0m [2mbore_cli::client[0m[2m:[0m connected to server [3mremote_port[0m[2m=[0m28387
[2m2026-05-17T14:41:03.060783Z[0m [32m INFO[0m [2mbore_cli::client[0m[2m:[0m listening at bore.pub:28387
Error: could not connect to bore.pub:7835

Caused by:
    No route to host (os error 65)
[2m2026-05-17T14:42:27.444734Z[0m [32m INFO[0m [2mbore_cli::client[0m[2m:[0m connected to server [3mremote_port[0m[2m=[0m57192
[2m2026-05-17T14:42:27.444855Z[0m [32m INFO[0m [2mbore_cli::client[0m[2m:[0m listening at bore.pub:57192
Error: could not connect to bore.pub:7835

Caused by:
    No route to host (os error 65)
[2m2026-05-17T14:44:34.615536Z[0m [32m INFO[0m [2mbore_cli::client[0m[2m:[0m connected to server [3mremote_port[0m[2m=[0m17300
[2m2026-05-17T14:44:34.615653Z[0m [32m INFO[0m [2mbore_cli::client[0m[2m:[0m listening at bore.pub:17300
Error: could not connect to bore.pub:7835

Caused by:
    No route to host (os error 65)
[2m2026-05-17T14:45:59.824783Z[0m [32m INFO[0m [2mbore_cli::client[0m[2m:[0m connected to server [3mremote_port[0m[2m=[0m20141
[2m2026-05-17T14:45:59.824907Z[0m [32m INFO[0m [2mbore_cli::client[0m[2m:[0m listening at bore.pub:20141
Error: could not connect to bore.pub:7835

Caused by:
    No route to host (os error 65)
[2m2026-05-17T14:47:22.070863Z[0m [32m INFO[0m [2mbore_cli::client[0m[2m:[0m connected to server [3mremote_port[0m[2m=[0m16006
[2m2026-05-17T14:47:22.070986Z[0m [32m INFO[0m [2mbore_cli::client[0m[2m:[0m listening at bore.pub:16006
Error: could not connect to bore.pub:7835

Caused by:
    No route to host (os error 65)
[2m2026-05-17T14:49:48.268867Z[0m [32m INFO[0m [2mbore_cli::client[0m[2m:[0m connected to server [3mremote_port[0m[2m=[0m13865
[2m2026-05-17T14:49:48.269003Z[0m [32m INFO[0m [2mbore_cli::client[0m[2m:[0m listening at bore.pub:13865
Error: could not connect to bore.pub:7835

Caused by:
    No route to host (os error 65)
[2m2026-05-17T14:51:17.476847Z[0m [32m INFO[0m [2mbore_cli::client[0m[2m:[0m connected to server [3mremote_port[0m[2m=[0m29490
[2m2026-05-17T14:51:17.476975Z[0m [32m INFO[0m [2mbore_cli::client[0m[2m:[0m listening at bore.pub:29490
Error: could not connect to bore.pub:7835

Caused by:
    No route to host (os error 65)
[2m2026-05-17T14:52:29.670107Z[0m [32m INFO[0m [2mbore_cli::client[0m[2m:[0m connected to server [3mremote_port[0m[2m=[0m1544
[2m2026-05-17T14:52:29.670267Z[0m [32m INFO[0m [2mbore_cli::client[0m[2m:[0m listening at bore.pub:1544
Error: could not connect to bore.pub:7835

Caused by:
    No route to host (os error 65)
[2m2026-05-17T14:54:00.192517Z[0m [32m INFO[0m [2mbore_cli::client[0m[2m:[0m connected to server [3mremote_port[0m[2m=[0m47147
[2m2026-05-17T14:54:00.192666Z[0m [32m INFO[0m [2mbore_cli::client[0m[2m:[0m listening at bore.pub:47147
Error: could not connect to bore.pub:7835

Caused by:
    No route to host (os error 65)
[2m2026-05-17T14:55:26.930448Z[0m [32m INFO[0m [2mbore_cli::client[0m[2m:[0m connected to server [3mremote_port[0m[2m=[0m40177
[2m2026-05-17T14:55:26.930565Z[0m [32m INFO[0m [2mbore_cli::client[0m[2m:[0m listening at bore.pub:40177
Error: could not connect to bore.pub:7835

Caused by:
    No route to host (os error 65)
[2m2026-05-17T14:56:56.461885Z[0m [32m INFO[0m [2mbore_cli::client[0m[2m:[0m connected to server [3mremote_port[0m[2m=[0m27237
[2m2026-05-17T14:56:56.462039Z[0m [32m INFO[0m [2mbore_cli::client[0m[2m:[0m listening at bore.pub:27237
Error: could not connect to bore.pub:7835

Caused by:
    No route to host (os error 65)
[2m2026-05-17T14:58:23.082049Z[0m [32m INFO[0m [2mbore_cli::client[0m[2m:[0m connected to server [3mremote_port[0m[2m=[0m24418
[2m2026-05-17T14:58:23.082233Z[0m [32m INFO[0m [2mbore_cli::client[0m[2m:[0m listening at bore.pub:24418
Error: could not connect to bore.pub:7835

Caused by:
    No route to host (os error 65)
[2m2026-05-17T14:59:51.601204Z[0m [32m INFO[0m [2mbore_cli::client[0m[2m:[0m connected to server [3mremote_port[0m[2m=[0m33581
[2m2026-05-17T14:59:51.601331Z[0m [32m INFO[0m [2mbore_cli::client[0m[2m:[0m listening at bore.pub:33581
Error: could not connect to bore.pub:7835

Caused by:
    No route to host (os error 65)
[2m2026-05-17T15:01:17.875272Z[0m [32m INFO[0m [2mbore_cli::client[0m[2m:[0m connected to server [3mremote_port[0m[2m=[0m39429
[2m2026-05-17T15:01:17.875405Z[0m [32m INFO[0m [2mbore_cli::client[0m[2m:[0m listening at bore.pub:39429
Error: could not connect to bore.pub:7835

Caused by:
    No route to host (os error 65)
[2m2026-05-17T15:02:47.285157Z[0m [32m INFO[0m [2mbore_cli::client[0m[2m:[0m connected to server [3mremote_port[0m[2m=[0m3797
[2m2026-05-17T15:02:47.285287Z[0m [32m INFO[0m [2mbore_cli::client[0m[2m:[0m listening at bore.pub:3797
Error: could not connect to bore.pub:7835

Caused by:
    No route to host (os error 65)
[2m2026-05-17T15:04:06.042974Z[0m [32m INFO[0m [2mbore_cli::client[0m[2m:[0m connected to server [3mremote_port[0m[2m=[0m46698
[2m2026-05-17T15:04:06.043094Z[0m [32m INFO[0m [2mbore_cli::client[0m[2m:[0m listening at bore.pub:46698
Error: could not connect to bore.pub:7835

Caused by:
    No route to host (os error 65)
[2m2026-05-17T15:05:38.875238Z[0m [32m INFO[0m [2mbore_cli::client[0m[2m:[0m connected to server [3mremote_port[0m[2m=[0m36359
[2m2026-05-17T15:05:38.875364Z[0m [32m INFO[0m [2mbore_cli::client[0m[2m:[0m listening at bore.pub:36359
Error: could not connect to bore.pub:7835

Caused by:
    No route to host (os error 65)
[2m2026-05-17T15:07:01.916352Z[0m [32m INFO[0m [2mbore_cli::client[0m[2m:[0m connected to server [3mremote_port[0m[2m=[0m22140
[2m2026-05-17T15:07:01.916517Z[0m [32m INFO[0m [2mbore_cli::client[0m[2m:[0m listening at bore.pub:22140
Error: could not connect to bore.pub:7835

Caused by:
    No route to host (os error 65)
[2m2026-05-17T15:08:21.793147Z[0m [32m INFO[0m [2mbore_cli::client[0m[2m:[0m connected to server [3mremote_port[0m[2m=[0m57788
[2m2026-05-17T15:08:21.793272Z[0m [32m INFO[0m [2mbore_cli::client[0m[2m:[0m listening at bore.pub:57788
Error: could not connect to bore.pub:7835

Caused by:
    No route to host (os error 65)
[2m2026-05-17T15:09:55.918274Z[0m [32m INFO[0m [2mbore_cli::client[0m[2m:[0m connected to server [3mremote_port[0m[2m=[0m23706
[2m2026-05-17T15:09:55.918439Z[0m [32m INFO[0m [2mbore_cli::client[0m[2m:[0m listening at bore.pub:23706
Error: could not connect to bore.pub:7835

Caused by:
    No route to host (os error 65)
[2m2026-05-17T15:12:25.198679Z[0m [32m INFO[0m [2mbore_cli::client[0m[2m:[0m connected to server [3mremote_port[0m[2m=[0m42533
[2m2026-05-17T15:12:25.198809Z[0m [32m INFO[0m [2mbore_cli::client[0m[2m:[0m listening at bore.pub:42533
Error: could not connect to bore.pub:7835

Caused by:
    No route to host (os error 65)
[2m2026-05-17T15:13:50.303924Z[0m [32m INFO[0m [2mbore_cli::client[0m[2m:[0m connected to server [3mremote_port[0m[2m=[0m13228
[2m2026-05-17T15:13:50.304003Z[0m [32m INFO[0m [2mbore_cli::client[0m[2m:[0m listening at bore.pub:13228
Error: could not connect to bore.pub:7835

Caused by:
    No route to host (os error 65)
[2m2026-05-17T15:15:10.795386Z[0m [32m INFO[0m [2mbore_cli::client[0m[2m:[0m connected to server [3mremote_port[0m[2m=[0m17844
[2m2026-05-17T15:15:10.795513Z[0m [32m INFO[0m [2mbore_cli::client[0m[2m:[0m listening at bore.pub:17844
Error: could not connect to bore.pub:7835

Caused by:
    No route to host (os error 65)
[2m2026-05-17T15:17:37.153671Z[0m [32m INFO[0m [2mbore_cli::client[0m[2m:[0m connected to server [3mremote_port[0m[2m=[0m45752
[2m2026-05-17T15:17:37.153823Z[0m [32m INFO[0m [2mbore_cli::client[0m[2m:[0m listening at bore.pub:45752
Error: could not connect to bore.pub:7835

Caused by:
    No route to host (os error 65)
[2m2026-05-17T15:19:00.431573Z[0m [32m INFO[0m [2mbore_cli::client[0m[2m:[0m connected to server [3mremote_port[0m[2m=[0m27195
[2m2026-05-17T15:19:00.431735Z[0m [32m INFO[0m [2mbore_cli::client[0m[2m:[0m listening at bore.pub:27195
Error: could not connect to bore.pub:7835

Caused by:
    No route to host (os error 65)
[2m2026-05-17T15:20:19.312205Z[0m [32m INFO[0m [2mbore_cli::client[0m[2m:[0m connected to server [3mremote_port[0m[2m=[0m13522
[2m2026-05-17T15:20:19.312334Z[0m [32m INFO[0m [2mbore_cli::client[0m[2m:[0m listening at bore.pub:13522
Error: could not connect to bore.pub:7835

Caused by:
    No route to host (os error 65)
[2m2026-05-17T15:30:18.723707Z[0m [32m INFO[0m [2mbore_cli::client[0m[2m:[0m connected to server [3mremote_port[0m[2m=[0m45662
[2m2026-05-17T15:30:18.723818Z[0m [32m INFO[0m [2mbore_cli::client[0m[2m:[0m listening at bore.pub:45662
Error: could not connect to bore.pub:7835

Caused by:
    No route to host (os error 65)
[2m2026-05-17T15:31:50.523816Z[0m [32m INFO[0m [2mbore_cli::client[0m[2m:[0m connected to server [3mremote_port[0m[2m=[0m38760
[2m2026-05-17T15:31:50.523953Z[0m [32m INFO[0m [2mbore_cli::client[0m[2m:[0m listening at bore.pub:38760
Error: could not connect to bore.pub:7835

Caused by:
    No route to host (os error 65)
[2m2026-05-17T16:57:24.400539Z[0m [32m INFO[0m [2mbore_cli::client[0m[2m:[0m connected to server [3mremote_port[0m[2m=[0m10137
[2m2026-05-17T16:57:24.400666Z[0m [32m INFO[0m [2mbore_cli::client[0m[2m:[0m listening at bore.pub:10137
Error: could not connect to bore.pub:7835

Caused by:
    No route to host (os error 65)
[2m2026-05-17T17:43:38.655032Z[0m [32m INFO[0m [2mbore_cli::client[0m[2m:[0m connected to server [3mremote_port[0m[2m=[0m35111
[2m2026-05-17T17:43:38.655171Z[0m [32m INFO[0m [2mbore_cli::client[0m[2m:[0m listening at bore.pub:35111
Error: could not connect to bore.pub:7835

Caused by:
    No route to host (os error 65)
[2m2026-05-17T18:05:50.729951Z[0m [32m INFO[0m [2mbore_cli::client[0m[2m:[0m connected to server [3mremote_port[0m[2m=[0m26365
[2m2026-05-17T18:05:50.730077Z[0m [32m INFO[0m [2mbore_cli::client[0m[2m:[0m listening at bore.pub:26365
Error: could not connect to bore.pub:7835

Caused by:
    No route to host (os error 65)
[2m2026-05-17T18:28:18.250852Z[0m [32m INFO[0m [2mbore_cli::client[0m[2m:[0m connected to server [3mremote_port[0m[2m=[0m52267
[2m2026-05-17T18:28:18.250974Z[0m [32m INFO[0m [2mbore_cli::client[0m[2m:[0m listening at bore.pub:52267
Error: could not connect to bore.pub:7835

Caused by:
    No route to host (os error 65)
[2m2026-05-17T19:18:40.377591Z[0m [32m INFO[0m [2mbore_cli::client[0m[2m:[0m connected to server [3mremote_port[0m[2m=[0m25896
[2m2026-05-17T19:18:40.377734Z[0m [32m INFO[0m [2mbore_cli::client[0m[2m:[0m listening at bore.pub:25896
Error: could not connect to bore.pub:7835

Caused by:
    No route to host (os error 65)
[2m2026-05-17T19:43:46.167186Z[0m [32m INFO[0m [2mbore_cli::client[0m[2m:[0m connected to server [3mremote_port[0m[2m=[0m32689
[2m2026-05-17T19:43:46.167323Z[0m [32m INFO[0m [2mbore_cli::client[0m[2m:[0m listening at bore.pub:32689
Error: could not connect to bore.pub:7835

Caused by:
    No route to host (os error 65)
[2m2026-05-17T19:56:52.783204Z[0m [32m INFO[0m [2mbore_cli::client[0m[2m:[0m connected to server [3mremote_port[0m[2m=[0m55873
[2m2026-05-17T19:56:52.783350Z[0m [32m INFO[0m [2mbore_cli::client[0m[2m:[0m listening at bore.pub:55873
Error: could not connect to bore.pub:7835

Caused by:
    No route to host (os error 65)
[2m2026-05-17T20:10:41.950692Z[0m [32m INFO[0m [2mbore_cli::client[0m[2m:[0m connected to server [3mremote_port[0m[2m=[0m43273
[2m2026-05-17T20:10:41.950844Z[0m [32m INFO[0m [2mbore_cli::client[0m[2m:[0m listening at bore.pub:43273
Error: could not connect to bore.pub:7835

Caused by:
    No route to host (os error 65)
[2m2026-05-17T20:59:16.935228Z[0m [32m INFO[0m [2mbore_cli::client[0m[2m:[0m connected to server [3mremote_port[0m[2m=[0m10841
[2m2026-05-17T20:59:16.935357Z[0m [32m INFO[0m [2mbore_cli::client[0m[2m:[0m listening at bore.pub:10841
Error: could not connect to bore.pub:7835

Caused by:
    No route to host (os error 65)
[2m2026-05-17T22:04:11.617588Z[0m [32m INFO[0m [2mbore_cli::client[0m[2m:[0m connected to server [3mremote_port[0m[2m=[0m34515
[2m2026-05-17T22:04:11.617712Z[0m [32m INFO[0m [2mbore_cli::client[0m[2m:[0m listening at bore.pub:34515
Error: could not connect to bore.pub:7835

Caused by:
    No route to host (os error 65)
[2m2026-05-17T22:40:13.946310Z[0m [32m INFO[0m [2mbore_cli::client[0m[2m:[0m connected to server [3mremote_port[0m[2m=[0m50664
[2m2026-05-17T22:40:13.946436Z[0m [32m INFO[0m [2mbore_cli::client[0m[2m:[0m listening at bore.pub:50664
Error: could not connect to bore.pub:7835

Caused by:
    No route to host (os error 65)
[2m2026-05-18T00:18:57.126414Z[0m [32m INFO[0m [2mbore_cli::client[0m[2m:[0m connected to server [3mremote_port[0m[2m=[0m59451
[2m2026-05-18T00:18:57.126556Z[0m [32m INFO[0m [2mbore_cli::client[0m[2m:[0m listening at bore.pub:59451
Error: could not connect to bore.pub:7835

Caused by:
    No route to host (os error 65)
[2m2026-05-18T01:42:21.712602Z[0m [32m INFO[0m [2mbore_cli::client[0m[2m:[0m connected to server [3mremote_port[0m[2m=[0m11999
[2m2026-05-18T01:42:21.712731Z[0m [32m INFO[0m [2mbore_cli::client[0m[2m:[0m listening at bore.pub:11999
Error: could not connect to bore.pub:7835

Caused by:
    No route to host (os error 65)
[2m2026-05-18T02:43:08.350168Z[0m [32m INFO[0m [2mbore_cli::client[0m[2m:[0m connected to server [3mremote_port[0m[2m=[0m35186
[2m2026-05-18T02:43:08.350275Z[0m [32m INFO[0m [2mbore_cli::client[0m[2m:[0m listening at bore.pub:35186
Error: could not connect to bore.pub:7835

Caused by:
    No route to host (os error 65)
[2m2026-05-18T03:30:10.398374Z[0m [32m INFO[0m [2mbore_cli::client[0m[2m:[0m connected to server [3mremote_port[0m[2m=[0m28113
[2m2026-05-18T03:30:10.398501Z[0m [32m INFO[0m [2mbore_cli::client[0m[2m:[0m listening at bore.pub:28113
Error: could not connect to bore.pub:7835

Caused by:
    No route to host (os error 65)
[2m2026-05-18T04:01:49.815198Z[0m [32m INFO[0m [2mbore_cli::client[0m[2m:[0m connected to server [3mremote_port[0m[2m=[0m11675
[2m2026-05-18T04:01:49.815260Z[0m [32m INFO[0m [2mbore_cli::client[0m[2m:[0m listening at bore.pub:11675
Error: could not connect to bore.pub:7835

Caused by:
    No route to host (os error 65)
[2m2026-05-18T05:05:26.223481Z[0m [32m INFO[0m [2mbore_cli::client[0m[2m:[0m connected to server [3mremote_port[0m[2m=[0m38247
[2m2026-05-18T05:05:26.223547Z[0m [32m INFO[0m [2mbore_cli::client[0m[2m:[0m listening at bore.pub:38247
Error: could not connect to bore.pub:7835

Caused by:
    No route to host (os error 65)
[2m2026-05-18T06:35:40.735268Z[0m [32m INFO[0m [2mbore_cli::client[0m[2m:[0m connected to server [3mremote_port[0m[2m=[0m5183
[2m2026-05-18T06:35:40.735339Z[0m [32m INFO[0m [2mbore_cli::client[0m[2m:[0m listening at bore.pub:5183
[2m2026-05-18T07:14:45.799139Z[0m [32m INFO[0m [2mbore_cli::client[0m[2m:[0m connected to server [3mremote_port[0m[2m=[0m41671
[2m2026-05-18T07:14:45.799272Z[0m [32m INFO[0m [2mbore_cli::client[0m[2m:[0m listening at bore.pub:41671
Error: could not connect to bore.pub:7835

Caused by:
    No route to host (os error 65)
[2m2026-05-18T08:02:22.103506Z[0m [32m INFO[0m [2mbore_cli::client[0m[2m:[0m connected to server [3mremote_port[0m[2m=[0m61152
[2m2026-05-18T08:02:22.103654Z[0m [32m INFO[0m [2mbore_cli::client[0m[2m:[0m listening at bore.pub:61152
Error: could not connect to bore.pub:7835

Caused by:
    No route to host (os error 65)
[2m2026-05-18T08:51:09.125215Z[0m [32m INFO[0m [2mbore_cli::client[0m[2m:[0m connected to server [3mremote_port[0m[2m=[0m24198
[2m2026-05-18T08:51:09.125350Z[0m [32m INFO[0m [2mbore_cli::client[0m[2m:[0m listening at bore.pub:24198
Error: could not connect to bore.pub:7835

Caused by:
    No route to host (os error 65)
[2m2026-05-18T09:13:52.926323Z[0m [32m INFO[0m [2mbore_cli::client[0m[2m:[0m connected to server [3mremote_port[0m[2m=[0m41981
[2m2026-05-18T09:13:52.926458Z[0m [32m INFO[0m [2mbore_cli::client[0m[2m:[0m listening at bore.pub:41981
Error: could not connect to bore.pub:7835

Caused by:
    No route to host (os error 65)
[2m2026-05-18T09:47:08.727955Z[0m [32m INFO[0m [2mbore_cli::client[0m[2m:[0m connected to server [3mremote_port[0m[2m=[0m10738
[2m2026-05-18T09:47:08.728081Z[0m [32m INFO[0m [2mbore_cli::client[0m[2m:[0m listening at bore.pub:10738
Error: could not connect to bore.pub:7835

Caused by:
    No route to host (os error 65)
[2m2026-05-18T10:15:33.222158Z[0m [32m INFO[0m [2mbore_cli::client[0m[2m:[0m connected to server [3mremote_port[0m[2m=[0m17246
[2m2026-05-18T10:15:33.222278Z[0m [32m INFO[0m [2mbore_cli::client[0m[2m:[0m listening at bore.pub:17246
Error: could not connect to bore.pub:7835

Caused by:
    No route to host (os error 65)
[2m2026-05-18T10:34:32.194166Z[0m [32m INFO[0m [2mbore_cli::client[0m[2m:[0m connected to server [3mremote_port[0m[2m=[0m30689
[2m2026-05-18T10:34:32.194293Z[0m [32m INFO[0m [2mbore_cli::client[0m[2m:[0m listening at bore.pub:30689
Error: could not connect to bore.pub:7835

Caused by:
    No route to host (os error 65)
[2m2026-05-18T11:30:26.132465Z[0m [32m INFO[0m [2mbore_cli::client[0m[2m:[0m connected to server [3mremote_port[0m[2m=[0m17723
[2m2026-05-18T11:30:26.132620Z[0m [32m INFO[0m [2mbore_cli::client[0m[2m:[0m listening at bore.pub:17723
[2m2026-05-18T12:23:29.691194Z[0m [32m INFO[0m [1mproxy[0m[1m{[0m[3mid[0m[2m=[0mc7264ae1-8765-402c-a31e-32d10484014f[1m}[0m[2m:[0m [2mbore_cli::client[0m[2m:[0m new connection
[2m2026-05-18T12:23:29.886710Z[0m [32m INFO[0m [1mproxy[0m[1m{[0m[3mid[0m[2m=[0mc7264ae1-8765-402c-a31e-32d10484014f[1m}[0m[2m:[0m [2mbore_cli::client[0m[2m:[0m connection exited
Error: could not connect to bore.pub:7835

Caused by:
    No route to host (os error 65)
[2m2026-05-18T12:44:05.771469Z[0m [32m INFO[0m [2mbore_cli::client[0m[2m:[0m connected to server [3mremote_port[0m[2m=[0m12604
[2m2026-05-18T12:44:05.771590Z[0m [32m INFO[0m [2mbore_cli::client[0m[2m:[0m listening at bore.pub:12604
[2m2026-05-18T13:21:36.075999Z[0m [32m INFO[0m [1mproxy[0m[1m{[0m[3mid[0m[2m=[0m4f9f28ae-d9bc-4873-b886-59e461cb39fa[1m}[0m[2m:[0m [2mbore_cli::client[0m[2m:[0m new connection
[2m2026-05-18T13:21:36.250556Z[0m [32m INFO[0m [1mproxy[0m[1m{[0m[3mid[0m[2m=[0m4f9f28ae-d9bc-4873-b886-59e461cb39fa[1m}[0m[2m:[0m [2mbore_cli::client[0m[2m:[0m connection exited
Error: could not connect to bore.pub:7835

Caused by:
    No route to host (os error 65)
[2m2026-05-18T13:24:14.115964Z[0m [32m INFO[0m [2mbore_cli::client[0m[2m:[0m connected to server [3mremote_port[0m[2m=[0m21546
[2m2026-05-18T13:24:14.116093Z[0m [32m INFO[0m [2mbore_cli::client[0m[2m:[0m listening at bore.pub:21546
Error: could not connect to bore.pub:7835

Caused by:
    No route to host (os error 65)
[2m2026-05-18T13:41:51.504035Z[0m [32m INFO[0m [2mbore_cli::client[0m[2m:[0m connected to server [3mremote_port[0m[2m=[0m31732
[2m2026-05-18T13:41:51.504204Z[0m [32m INFO[0m [2mbore_cli::client[0m[2m:[0m listening at bore.pub:31732
Error: could not connect to bore.pub:7835

Caused by:
    No route to host (os error 65)
[2m2026-05-18T14:17:10.394556Z[0m [32m INFO[0m [2mbore_cli::client[0m[2m:[0m connected to server [3mremote_port[0m[2m=[0m1266
[2m2026-05-18T14:17:10.394674Z[0m [32m INFO[0m [2mbore_cli::client[0m[2m:[0m listening at bore.pub:1266
Error: could not connect to bore.pub:7835

Caused by:
    No route to host (os error 65)
[2m2026-05-18T14:25:20.213746Z[0m [32m INFO[0m [2mbore_cli::client[0m[2m:[0m connected to server [3mremote_port[0m[2m=[0m40877
[2m2026-05-18T14:25:20.213897Z[0m [32m INFO[0m [2mbore_cli::client[0m[2m:[0m listening at bore.pub:40877
[2m2026-05-18T15:07:09.399026Z[0m [32m INFO[0m [1mproxy[0m[1m{[0m[3mid[0m[2m=[0mee265594-27b6-45d3-830e-8bcc77fb0201[1m}[0m[2m:[0m [2mbore_cli::client[0m[2m:[0m new connection
[2m2026-05-18T15:07:09.585580Z[0m [33m WARN[0m [1mproxy[0m[1m{[0m[3mid[0m[2m=[0mee265594-27b6-45d3-830e-8bcc77fb0201[1m}[0m[2m:[0m [2mbore_cli::client[0m[2m:[0m connection exited with error [3merr[0m[2m=[0mConnection reset by peer (os error 54)
Error: could not connect to bore.pub:7835

Caused by:
    No route to host (os error 65)
[2m2026-05-18T15:08:49.504121Z[0m [32m INFO[0m [2mbore_cli::client[0m[2m:[0m connected to server [3mremote_port[0m[2m=[0m3474
[2m2026-05-18T15:08:49.504253Z[0m [32m INFO[0m [2mbore_cli::client[0m[2m:[0m listening at bore.pub:3474
Error: could not connect to bore.pub:7835

Caused by:
    No route to host (os error 65)
[2m2026-05-18T15:47:54.613801Z[0m [32m INFO[0m [2mbore_cli::client[0m[2m:[0m connected to server [3mremote_port[0m[2m=[0m3061
[2m2026-05-18T15:47:54.613924Z[0m [32m INFO[0m [2mbore_cli::client[0m[2m:[0m listening at bore.pub:3061
[2m2026-05-18T15:49:01.881803Z[0m [32m INFO[0m [1mproxy[0m[1m{[0m[3mid[0m[2m=[0mf348cc76-5024-4cad-846a-487c3bc88fba[1m}[0m[2m:[0m [2mbore_cli::client[0m[2m:[0m new connection
[2m2026-05-18T15:49:02.059769Z[0m [32m INFO[0m [1mproxy[0m[1m{[0m[3mid[0m[2m=[0mf348cc76-5024-4cad-846a-487c3bc88fba[1m}[0m[2m:[0m [2mbore_cli::client[0m[2m:[0m connection exited
Error: could not connect to bore.pub:7835

Caused by:
    No route to host (os error 65)
[2m2026-05-18T16:05:54.840915Z[0m [32m INFO[0m [2mbore_cli::client[0m[2m:[0m connected to server [3mremote_port[0m[2m=[0m14775
[2m2026-05-18T16:05:54.841072Z[0m [32m INFO[0m [2mbore_cli::client[0m[2m:[0m listening at bore.pub:14775
Error: could not connect to bore.pub:7835

Caused by:
    No route to host (os error 65)
[2m2026-05-18T16:16:20.193134Z[0m [32m INFO[0m [2mbore_cli::client[0m[2m:[0m connected to server [3mremote_port[0m[2m=[0m7198
[2m2026-05-18T16:16:20.193267Z[0m [32m INFO[0m [2mbore_cli::client[0m[2m:[0m listening at bore.pub:7198
Error: could not connect to bore.pub:7835

Caused by:
    No route to host (os error 65)
[2m2026-05-18T16:39:45.361367Z[0m [32m INFO[0m [2mbore_cli::client[0m[2m:[0m connected to server [3mremote_port[0m[2m=[0m40519
[2m2026-05-18T16:39:45.361493Z[0m [32m INFO[0m [2mbore_cli::client[0m[2m:[0m listening at bore.pub:40519
Error: could not connect to bore.pub:7835

Caused by:
    No route to host (os error 65)
[2m2026-05-18T17:25:29.372636Z[0m [32m INFO[0m [2mbore_cli::client[0m[2m:[0m connected to server [3mremote_port[0m[2m=[0m52385
[2m2026-05-18T17:25:29.372765Z[0m [32m INFO[0m [2mbore_cli::client[0m[2m:[0m listening at bore.pub:52385
Error: could not connect to bore.pub:7835

Caused by:
    No route to host (os error 65)
[2m2026-05-18T17:55:57.910840Z[0m [32m INFO[0m [2mbore_cli::client[0m[2m:[0m connected to server [3mremote_port[0m[2m=[0m51137
[2m2026-05-18T17:55:57.910990Z[0m [32m INFO[0m [2mbore_cli::client[0m[2m:[0m listening at bore.pub:51137
Error: could not connect to bore.pub:7835

Caused by:
    No route to host (os error 65)
[2m2026-05-18T19:12:55.115299Z[0m [32m INFO[0m [2mbore_cli::client[0m[2m:[0m connected to server [3mremote_port[0m[2m=[0m64424
[2m2026-05-18T19:12:55.115462Z[0m [32m INFO[0m [2mbore_cli::client[0m[2m:[0m listening at bore.pub:64424
Error: could not connect to bore.pub:7835

Caused by:
    No route to host (os error 65)
[2m2026-05-18T19:51:09.615145Z[0m [32m INFO[0m [2mbore_cli::client[0m[2m:[0m connected to server [3mremote_port[0m[2m=[0m58008
[2m2026-05-18T19:51:09.615275Z[0m [32m INFO[0m [2mbore_cli::client[0m[2m:[0m listening at bore.pub:58008
Error: could not connect to bore.pub:7835

Caused by:
    No route to host (os error 65)
[2m2026-05-18T20:27:08.509908Z[0m [32m INFO[0m [2mbore_cli::client[0m[2m:[0m connected to server [3mremote_port[0m[2m=[0m51432
[2m2026-05-18T20:27:08.510039Z[0m [32m INFO[0m [2mbore_cli::client[0m[2m:[0m listening at bore.pub:51432
Error: could not connect to bore.pub:7835

Caused by:
    No route to host (os error 65)
[2m2026-05-18T21:06:05.433437Z[0m [32m INFO[0m [2mbore_cli::client[0m[2m:[0m connected to server [3mremote_port[0m[2m=[0m22267
[2m2026-05-18T21:06:05.433532Z[0m [32m INFO[0m [2mbore_cli::client[0m[2m:[0m listening at bore.pub:22267
Error: could not connect to bore.pub:7835

Caused by:
    No route to host (os error 65)
[2m2026-05-18T22:40:59.804549Z[0m [32m INFO[0m [2mbore_cli::client[0m[2m:[0m connected to server [3mremote_port[0m[2m=[0m21055
[2m2026-05-18T22:40:59.804672Z[0m [32m INFO[0m [2mbore_cli::client[0m[2m:[0m listening at bore.pub:21055
Error: could not connect to bore.pub:7835

Caused by:
    No route to host (os error 65)
[2m2026-05-18T23:00:24.195553Z[0m [32m INFO[0m [2mbore_cli::client[0m[2m:[0m connected to server [3mremote_port[0m[2m=[0m14629
[2m2026-05-18T23:00:24.195684Z[0m [32m INFO[0m [2mbore_cli::client[0m[2m:[0m listening at bore.pub:14629
Error: could not connect to bore.pub:7835

Caused by:
    No route to host (os error 65)
[2m2026-05-19T00:02:19.610846Z[0m [32m INFO[0m [2mbore_cli::client[0m[2m:[0m connected to server [3mremote_port[0m[2m=[0m30133
[2m2026-05-19T00:02:19.610968Z[0m [32m INFO[0m [2mbore_cli::client[0m[2m:[0m listening at bore.pub:30133
Error: could not connect to bore.pub:7835

Caused by:
    No route to host (os error 65)
[2m2026-05-19T01:50:13.815436Z[0m [32m INFO[0m [2mbore_cli::client[0m[2m:[0m connected to server [3mremote_port[0m[2m=[0m47669
[2m2026-05-19T01:50:13.815572Z[0m [32m INFO[0m [2mbore_cli::client[0m[2m:[0m listening at bore.pub:47669
Error: could not connect to bore.pub:7835

Caused by:
    No route to host (os error 65)
[2m2026-05-19T03:02:18.282022Z[0m [32m INFO[0m [2mbore_cli::client[0m[2m:[0m connected to server [3mremote_port[0m[2m=[0m57270
[2m2026-05-19T03:02:18.282188Z[0m [32m INFO[0m [2mbore_cli::client[0m[2m:[0m listening at bore.pub:57270
Error: could not connect to bore.pub:7835

Caused by:
    No route to host (os error 65)
[2m2026-05-19T03:52:14.659899Z[0m [32m INFO[0m [2mbore_cli::client[0m[2m:[0m connected to server [3mremote_port[0m[2m=[0m49057
[2m2026-05-19T03:52:14.660025Z[0m [32m INFO[0m [2mbore_cli::client[0m[2m:[0m listening at bore.pub:49057
Error: could not connect to bore.pub:7835

Caused by:
    No route to host (os error 65)
[2m2026-05-19T04:08:21.019488Z[0m [32m INFO[0m [2mbore_cli::client[0m[2m:[0m connected to server [3mremote_port[0m[2m=[0m28128
[2m2026-05-19T04:08:21.019617Z[0m [32m INFO[0m [2mbore_cli::client[0m[2m:[0m listening at bore.pub:28128
Error: could not connect to bore.pub:7835

Caused by:
    No route to host (os error 65)
[2m2026-05-19T05:41:51.332427Z[0m [32m INFO[0m [2mbore_cli::client[0m[2m:[0m connected to server [3mremote_port[0m[2m=[0m31338
[2m2026-05-19T05:41:51.332537Z[0m [32m INFO[0m [2mbore_cli::client[0m[2m:[0m listening at bore.pub:31338
Error: could not connect to bore.pub:7835

Caused by:
    No route to host (os error 65)
[2m2026-05-19T07:07:04.808289Z[0m [32m INFO[0m [2mbore_cli::client[0m[2m:[0m connected to server [3mremote_port[0m[2m=[0m32811
[2m2026-05-19T07:07:04.808412Z[0m [32m INFO[0m [2mbore_cli::client[0m[2m:[0m listening at bore.pub:32811
Error: could not connect to bore.pub:7835

Caused by:
    No route to host (os error 65)
[2m2026-05-19T07:34:09.311919Z[0m [32m INFO[0m [2mbore_cli::client[0m[2m:[0m connected to server [3mremote_port[0m[2m=[0m28491
[2m2026-05-19T07:34:09.312056Z[0m [32m INFO[0m [2mbore_cli::client[0m[2m:[0m listening at bore.pub:28491
[2m2026-05-19T08:24:25.852937Z[0m [32m INFO[0m [2mbore_cli::client[0m[2m:[0m connected to server [3mremote_port[0m[2m=[0m56009
[2m2026-05-19T08:24:25.853994Z[0m [32m INFO[0m [2mbore_cli::client[0m[2m:[0m listening at bore.pub:56009
