[growth] 23:00:05 [nel] Starting growth phase
[growth] 23:00:05 [nel] Next improvement: IMP-20260414-nel-002 — Build dependency vulnerability scanner — cross-reference CVEs against our packag (addresses W2)
[growth] 23:00:05 [nel] Growth execution result:
[growth] 23:00:05 [nel]   No package.json found at project root — check website/ or agents/sam/website/
[growth] 23:00:05 [nel] Updated GROWTH.md growth log
[growth] 23:00:05 [nel] Growth phase complete
grep: invalid option -- P
usage: grep [-abcdDEFGHhIiJLlMmnOopqRSsUVvwXxZz] [-A num] [-B num] [-C[num]]
	[-e pattern] [-f file] [--binary-files=value] [--color=when]
	[--context[=num]] [--directories=action] [--label] [--line-buffered]
	[--null] [pattern] [file ...]
grep: invalid option -- P
usage: grep [-abcdDEFGHhIiJLlMmnOopqRSsUVvwXxZz] [-A num] [-B num] [-C[num]]
	[-e pattern] [-f file] [--binary-files=value] [--color=when]
	[--context[=num]] [--directories=action] [--label] [--line-buffered]
	[--null] [pattern] [file ...]
grep: invalid option -- P
usage: grep [-abcdDEFGHhIiJLlMmnOopqRSsUVvwXxZz] [-A num] [-B num] [-C[num]]
	[-e pattern] [-f file] [--binary-files=value] [--color=when]
	[--context[=num]] [--directories=action] [--label] [--line-buffered]
	[--null] [pattern] [file ...]
grep: invalid option -- P
usage: grep [-abcdDEFGHhIiJLlMmnOopqRSsUVvwXxZz] [-A num] [-B num] [-C[num]]
	[-e pattern] [-f file] [--binary-files=value] [--color=when]
	[--context[=num]] [--directories=action] [--label] [--line-buffered]
	[--null] [pattern] [file ...]
✓ All projects passing sentinel checks
✓ Stale file scan: clean
! Found 16 broken links
Flag: flag-nel-001 [P2] Found 16 broken documentation links — fix or cleanup needed (from nel → kai)
  → What's Next: task created for next review cycle
! Found 25 scripts without test coverage
! Found 3 inefficient patterns
Flag: flag-nel-001 [P3] Found 3 code optimization opportunities — rolling improvement (from nel → kai, logged for weekly review)
! Audit found 7 issues
Flag: flag-nel-001 [P2] Audit found 7 system issues — review security/structure (from nel → kai)
  → What's Next: task created for next review cycle
✓ HQ state updated
✓ Report published: /Users/kai/Documents/Projects/Hyo/agents/sam/website/docs/nel/report-2026-04-18.md
✓ Self-review: nel pathway healthy
grep: invalid option -- P
usage: grep [-abcdDEFGHhIiJLlMmnOopqRSsUVvwXxZz] [-A num] [-B num] [-C[num]]
	[-e pattern] [-f file] [--binary-files=value] [--color=when]
	[--context[=num]] [--directories=action] [--label] [--line-buffered]
	[--null] [pattern] [file ...]
[SELF-REVIEW] nel: 11 findings — see /Users/kai/Documents/Projects/Hyo/agents/nel/logs/self-review-2026-04-18.md
Flag: flag-nel-001 [P2] [SELF-REVIEW] 1 untriggered files found (from nel → kai)
  → What's Next: task created for next review cycle
PLAYBOOK updated with research entry for 2026-04-18
[nel-research] 23:00:20 Findings archived to /Users/kai/Documents/Projects/Hyo/agents/ra/research/briefs/nel-2026-04-18.md
[nel-research] 23:00:20 Research cycle complete for nel
Nel reflection sections written to /tmp/nel-reflection-sections-20260418.json
Report: nel → research+reflection cycle: score=85, sentinel=4p/0f, cipher_leaks=0, reflection_published=yes
✓ Self-evolution logged: routine maintenance run
✓ Memory update: ACTIVE.md written
Self-delegated: nel-001 [P2] Fix 16 broken symlinks found during audit (nel → self, logged to kai)
Self-delegated: nel-001 [P3] Nel run complete: score=85, actions=1, sentinel=4/4 (nel → self, logged to kai)
✓ Dispatch: findings reported to Kai ledger
! System health acceptable, improvement opportunities identified.
[growth] 23:00:04 [nel] Starting growth phase
[growth] 23:00:04 [nel] Next improvement: IMP-20260414-nel-002 — Build dependency vulnerability scanner — cross-reference CVEs against our packag (addresses W2)
[growth] 23:00:04 [nel] Growth execution result:
[growth] 23:00:04 [nel]   No package.json found at project root — check website/ or agents/sam/website/
[growth] 23:00:04 [nel] Updated GROWTH.md growth log
[growth] 23:00:04 [nel] Growth phase complete
grep: invalid option -- P
usage: grep [-abcdDEFGHhIiJLlMmnOopqRSsUVvwXxZz] [-A num] [-B num] [-C[num]]
	[-e pattern] [-f file] [--binary-files=value] [--color=when]
	[--context[=num]] [--directories=action] [--label] [--line-buffered]
	[--null] [pattern] [file ...]
grep: invalid option -- P
usage: grep [-abcdDEFGHhIiJLlMmnOopqRSsUVvwXxZz] [-A num] [-B num] [-C[num]]
	[-e pattern] [-f file] [--binary-files=value] [--color=when]
	[--context[=num]] [--directories=action] [--label] [--line-buffered]
	[--null] [pattern] [file ...]
grep: invalid option -- P
usage: grep [-abcdDEFGHhIiJLlMmnOopqRSsUVvwXxZz] [-A num] [-B num] [-C[num]]
	[-e pattern] [-f file] [--binary-files=value] [--color=when]
	[--context[=num]] [--directories=action] [--label] [--line-buffered]
	[--null] [pattern] [file ...]
grep: invalid option -- P
usage: grep [-abcdDEFGHhIiJLlMmnOopqRSsUVvwXxZz] [-A num] [-B num] [-C[num]]
	[-e pattern] [-f file] [--binary-files=value] [--color=when]
	[--context[=num]] [--directories=action] [--label] [--line-buffered]
	[--null] [pattern] [file ...]
✓ All projects passing sentinel checks
✓ Stale file scan: clean
! Found 18 broken links
Flag: flag-nel-001 [P2] Found 18 broken documentation links — fix or cleanup needed (from nel → kai)
  → What's Next: task created for next review cycle
! Found 25 scripts without test coverage
! Found 3 inefficient patterns
Flag: flag-nel-001 [P3] Found 3 code optimization opportunities — rolling improvement (from nel → kai, logged for weekly review)
! Audit found 7 issues
Flag: flag-nel-001 [P2] Audit found 7 system issues — review security/structure (from nel → kai)
  → What's Next: task created for next review cycle
✓ HQ state updated
✓ Report published: /Users/kai/Documents/Projects/Hyo/agents/sam/website/docs/nel/report-2026-04-19.md
✓ Self-review: nel pathway healthy
grep: invalid option -- P
usage: grep [-abcdDEFGHhIiJLlMmnOopqRSsUVvwXxZz] [-A num] [-B num] [-C[num]]
	[-e pattern] [-f file] [--binary-files=value] [--color=when]
	[--context[=num]] [--directories=action] [--label] [--line-buffered]
	[--null] [pattern] [file ...]
[SELF-REVIEW] nel: 11 findings — see /Users/kai/Documents/Projects/Hyo/agents/nel/logs/self-review-2026-04-19.md
Flag: flag-nel-001 [P2] [SELF-REVIEW] 1 untriggered files found (from nel → kai)
  → What's Next: task created for next review cycle
PLAYBOOK updated with research entry for 2026-04-19
[nel-research] 23:00:33 Findings archived to /Users/kai/Documents/Projects/Hyo/agents/ra/research/briefs/nel-2026-04-19.md
[nel-research] 23:00:33 Research cycle complete for nel
Nel reflection sections written to /tmp/nel-reflection-sections-20260419.json
Report: nel → research+reflection cycle: score=85, sentinel=4p/0f, cipher_leaks=0, reflection_published=yes
✓ Self-evolution logged: routine maintenance run
✓ Memory update: ACTIVE.md written
Self-delegated: nel-001 [P2] Fix 18 broken symlinks found during audit (nel → self, logged to kai)
Self-delegated: nel-001 [P3] Nel run complete: score=85, actions=1, sentinel=4/4 (nel → self, logged to kai)
✓ Dispatch: findings reported to Kai ledger
! System health acceptable, improvement opportunities identified.
[growth] 23:00:04 [nel] Starting growth phase
[growth] 23:00:05 [nel] Next improvement: IMP-20260414-nel-002 — Build dependency vulnerability scanner — cross-reference CVEs against our packag (addresses W2)
[growth] 23:00:05 [nel] Growth execution result:
[growth] 23:00:05 [nel]   No package.json found at project root — check website/ or agents/sam/website/
[growth] 23:00:05 [nel] Updated GROWTH.md growth log
[growth] 23:00:05 [nel] Growth phase complete
grep: invalid option -- P
usage: grep [-abcdDEFGHhIiJLlMmnOopqRSsUVvwXxZz] [-A num] [-B num] [-C[num]]
	[-e pattern] [-f file] [--binary-files=value] [--color=when]
	[--context[=num]] [--directories=action] [--label] [--line-buffered]
	[--null] [pattern] [file ...]
grep: invalid option -- P
usage: grep [-abcdDEFGHhIiJLlMmnOopqRSsUVvwXxZz] [-A num] [-B num] [-C[num]]
	[-e pattern] [-f file] [--binary-files=value] [--color=when]
	[--context[=num]] [--directories=action] [--label] [--line-buffered]
	[--null] [pattern] [file ...]
grep: invalid option -- P
usage: grep [-abcdDEFGHhIiJLlMmnOopqRSsUVvwXxZz] [-A num] [-B num] [-C[num]]
	[-e pattern] [-f file] [--binary-files=value] [--color=when]
	[--context[=num]] [--directories=action] [--label] [--line-buffered]
	[--null] [pattern] [file ...]
grep: invalid option -- P
usage: grep [-abcdDEFGHhIiJLlMmnOopqRSsUVvwXxZz] [-A num] [-B num] [-C[num]]
	[-e pattern] [-f file] [--binary-files=value] [--color=when]
	[--context[=num]] [--directories=action] [--label] [--line-buffered]
	[--null] [pattern] [file ...]
✓ All projects passing sentinel checks
✓ Stale file scan: clean
! Found 20 broken links
Flag: flag-nel-001 [P2] Found 20 broken documentation links — fix or cleanup needed (from nel → kai)
  → What's Next: task created for next review cycle
! Found 25 scripts without test coverage
! Found 3 inefficient patterns
Flag: flag-nel-001 [P3] Found 3 code optimization opportunities — rolling improvement (from nel → kai, logged for weekly review)
! Audit found 7 issues
Flag: flag-nel-001 [P2] Audit found 7 system issues — review security/structure (from nel → kai)
  → What's Next: task created for next review cycle
✓ HQ state updated
✓ Report published: /Users/kai/Documents/Projects/Hyo/agents/sam/website/docs/nel/report-2026-04-20.md
✓ Self-review: nel pathway healthy
grep: invalid option -- P
usage: grep [-abcdDEFGHhIiJLlMmnOopqRSsUVvwXxZz] [-A num] [-B num] [-C[num]]
	[-e pattern] [-f file] [--binary-files=value] [--color=when]
	[--context[=num]] [--directories=action] [--label] [--line-buffered]
	[--null] [pattern] [file ...]
[SELF-REVIEW] nel: 11 findings — see /Users/kai/Documents/Projects/Hyo/agents/nel/logs/self-review-2026-04-20.md
Flag: flag-nel-001 [P2] [SELF-REVIEW] 1 untriggered files found (from nel → kai)
  → What's Next: task created for next review cycle
PLAYBOOK updated with research entry for 2026-04-20
[nel-research] 23:00:19 Findings archived to /Users/kai/Documents/Projects/Hyo/agents/ra/research/briefs/nel-2026-04-20.md
[nel-research] 23:00:19 Research cycle complete for nel
Nel reflection sections written to /tmp/nel-reflection-sections-20260420.json
Report: nel → research+reflection cycle: score=85, sentinel=4p/0f, cipher_leaks=0, reflection_published=yes
✓ Self-evolution logged: routine maintenance run
✓ Memory update: ACTIVE.md written
Self-delegated: nel-001 [P2] Fix 20 broken symlinks found during audit (nel → self, logged to kai)
Self-delegated: nel-001 [P3] Nel run complete: score=85, actions=1, sentinel=4/4 (nel → self, logged to kai)
✓ Dispatch: findings reported to Kai ledger
! System health acceptable, improvement opportunities identified.
[growth] 23:00:04 [nel] Starting growth phase
[growth] 23:00:04 [nel] ARIC: research already complete for 2026-04-21 — skipping
[growth] 23:00:04 [nel] No open IMP improvement tickets — growth phase idle
Updated IMP-20260414-nel-003
[0;32m[ticket][0m Updated IMP-20260414-nel-003
Updated TASK-20260418-nel-001
[0;32m[ticket][0m Updated TASK-20260418-nel-001
Updated TASK-20260419-nel-001
[0;32m[ticket][0m Updated TASK-20260419-nel-001
Updated TASK-20260420-nel-001
[0;32m[ticket][0m Updated TASK-20260420-nel-001
Updated TASK-20260421-nel-001
[0;32m[ticket][0m Updated TASK-20260421-nel-001
Updated TASK-20260421-nel-001
[0;32m[ticket][0m Updated TASK-20260421-nel-001
Updated TASK-20260421-nel-001
[0;32m[ticket][0m Updated TASK-20260421-nel-001
Updated TASK-20260421-sim-P2-regression-issues
[0;32m[ticket][0m Updated TASK-20260421-sim-P2-regression-issues
Updated TASK-20260421-infra-P1-active-md-missing
[0;32m[ticket][0m Updated TASK-20260421-infra-P1-active-md-missing
[ticket-hooks] nel cycle start: 9 tickets marked ACTIVE
grep: invalid option -- P
usage: grep [-abcdDEFGHhIiJLlMmnOopqRSsUVvwXxZz] [-A num] [-B num] [-C[num]]
	[-e pattern] [-f file] [--binary-files=value] [--color=when]
	[--context[=num]] [--directories=action] [--label] [--line-buffered]
	[--null] [pattern] [file ...]
grep: invalid option -- P
usage: grep [-abcdDEFGHhIiJLlMmnOopqRSsUVvwXxZz] [-A num] [-B num] [-C[num]]
	[-e pattern] [-f file] [--binary-files=value] [--color=when]
	[--context[=num]] [--directories=action] [--label] [--line-buffered]
	[--null] [pattern] [file ...]
grep: invalid option -- P
usage: grep [-abcdDEFGHhIiJLlMmnOopqRSsUVvwXxZz] [-A num] [-B num] [-C[num]]
	[-e pattern] [-f file] [--binary-files=value] [--color=when]
	[--context[=num]] [--directories=action] [--label] [--line-buffered]
	[--null] [pattern] [file ...]
grep: invalid option -- P
usage: grep [-abcdDEFGHhIiJLlMmnOopqRSsUVvwXxZz] [-A num] [-B num] [-C[num]]
	[-e pattern] [-f file] [--binary-files=value] [--color=when]
	[--context[=num]] [--directories=action] [--label] [--line-buffered]
	[--null] [pattern] [file ...]
✓ All projects passing sentinel checks
✓ Stale file scan: clean
! Found 20 broken links
Flag: flag-nel-001 [P2] Found 20 broken documentation links — fix or cleanup needed (from nel → kai)
  → What's Next: task created for next review cycle
! Found 32 scripts without test coverage
! Found 8 inefficient patterns
Flag: flag-nel-001 [P3] Found 8 code optimization opportunities — rolling improvement (from nel → kai, logged for weekly review)
! Audit found 7 issues
Flag: flag-nel-001 [P2] Audit found 7 system issues — review security/structure (from nel → kai)
  → What's Next: task created for next review cycle
✓ HQ state updated
✓ Report published: /Users/kai/Documents/Projects/Hyo/agents/sam/website/docs/nel/report-2026-04-21.md
✓ Self-review: nel pathway healthy
grep: invalid option -- P
usage: grep [-abcdDEFGHhIiJLlMmnOopqRSsUVvwXxZz] [-A num] [-B num] [-C[num]]
	[-e pattern] [-f file] [--binary-files=value] [--color=when]
	[--context[=num]] [--directories=action] [--label] [--line-buffered]
	[--null] [pattern] [file ...]
[SELF-REVIEW] nel: 16 findings — see /Users/kai/Documents/Projects/Hyo/agents/nel/logs/self-review-2026-04-21.md
Flag: flag-nel-001 [P2] [SELF-REVIEW] 3 untriggered files found (from nel → kai)
  → What's Next: task created for next review cycle
PLAYBOOK updated with research entry for 2026-04-21
[nel-research] 23:00:27 Findings archived to /Users/kai/Documents/Projects/Hyo/agents/ra/research/briefs/nel-2026-04-21.md
[nel-research] 23:00:27 Research cycle complete for nel
Nel reflection sections written to /tmp/nel-reflection-sections-20260421.json
[bluf-augment] nel: sections augmented — status: SHIPPED: IMP-20260414-nel-002 — Build dependency vulnerabili
Report: nel → research+reflection cycle: score=85, sentinel=4p/0f, cipher_leaks=0, reflection_published=yes
✓ Self-evolution logged: routine maintenance run
✓ Memory update: ACTIVE.md written
Self-delegated: nel-001 [P2] Fix 20 broken symlinks found during audit (nel → self, logged to kai)
Self-delegated: nel-001 [P3] Nel run complete: score=85, actions=1, sentinel=4/4 (nel → self, logged to kai)
✓ Dispatch: findings reported to Kai ledger
! System health acceptable, improvement opportunities identified.
[growth] 23:00:05 [nel] Starting growth phase
[growth] 23:00:05 [nel] ARIC: research already complete for 2026-04-22 — skipping
[growth] 23:00:06 [nel] No open IMP improvement tickets — growth phase idle
Updated TASK-20260422-nel-001
[0;32m[ticket][0m Updated TASK-20260422-nel-001
Updated TASK-20260422-nel-001
[0;32m[ticket][0m Updated TASK-20260422-nel-001
Updated TASK-20260422-nel-001
[0;32m[ticket][0m Updated TASK-20260422-nel-001
Updated TASK-20260422-nel-001
[0;32m[ticket][0m Updated TASK-20260422-nel-001
Updated TASK-20260422-nel-001
[0;32m[ticket][0m Updated TASK-20260422-nel-001
Updated TASK-20260422-nel-001
[0;32m[ticket][0m Updated TASK-20260422-nel-001
Updated TASK-20260422-nel-001
[0;32m[ticket][0m Updated TASK-20260422-nel-001
Updated TASK-20260422-nel-001
[0;32m[ticket][0m Updated TASK-20260422-nel-001
Updated TASK-20260422-nel-001
[0;32m[ticket][0m Updated TASK-20260422-nel-001
Updated TASK-20260422-nel-001
[0;32m[ticket][0m Updated TASK-20260422-nel-001
Updated TASK-20260422-nel-001
[0;32m[ticket][0m Updated TASK-20260422-nel-001
Updated TASK-20260422-nel-001
[0;32m[ticket][0m Updated TASK-20260422-nel-001
Updated TASK-20260422-nel-001
[0;32m[ticket][0m Updated TASK-20260422-nel-001
Updated TASK-20260422-nel-001
[0;32m[ticket][0m Updated TASK-20260422-nel-001
Updated TASK-20260422-nel-001
[0;32m[ticket][0m Updated TASK-20260422-nel-001
Updated TASK-20260422-nel-001
[0;32m[ticket][0m Updated TASK-20260422-nel-001
Updated TASK-20260422-nel-001
[0;32m[ticket][0m Updated TASK-20260422-nel-001
Updated TASK-20260422-nel-001
[0;32m[ticket][0m Updated TASK-20260422-nel-001
Updated TASK-20260422-nel-001
[0;32m[ticket][0m Updated TASK-20260422-nel-001
Updated TASK-20260422-nel-001
[0;32m[ticket][0m Updated TASK-20260422-nel-001
Updated TASK-20260422-nel-001
[0;32m[ticket][0m Updated TASK-20260422-nel-001
Updated TASK-20260422-nel-001
[0;32m[ticket][0m Updated TASK-20260422-nel-001
Updated TASK-20260422-nel-001
[0;32m[ticket][0m Updated TASK-20260422-nel-001
Updated TASK-20260422-nel-001
[0;32m[ticket][0m Updated TASK-20260422-nel-001
Updated TASK-20260422-nel-001
[0;32m[ticket][0m Updated TASK-20260422-nel-001
Updated TASK-20260422-nel-001
[0;32m[ticket][0m Updated TASK-20260422-nel-001
Updated TASK-20260422-nel-001
[0;32m[ticket][0m Updated TASK-20260422-nel-001
Updated TASK-20260422-nel-001
[0;32m[ticket][0m Updated TASK-20260422-nel-001
Updated TASK-20260422-nel-001
[0;32m[ticket][0m Updated TASK-20260422-nel-001
Updated TASK-20260422-nel-001
[0;32m[ticket][0m Updated TASK-20260422-nel-001
Updated TASK-20260422-nel-001
[0;32m[ticket][0m Updated TASK-20260422-nel-001
Updated TASK-20260422-nel-001
[0;32m[ticket][0m Updated TASK-20260422-nel-001
Updated TASK-20260422-nel-001
[0;32m[ticket][0m Updated TASK-20260422-nel-001
Updated TASK-20260422-nel-001
[0;32m[ticket][0m Updated TASK-20260422-nel-001
Updated TASK-20260422-nel-001
[0;32m[ticket][0m Updated TASK-20260422-nel-001
[ticket-hooks] nel cycle start: 35 tickets marked ACTIVE
grep: invalid option -- P
usage: grep [-abcdDEFGHhIiJLlMmnOopqRSsUVvwXxZz] [-A num] [-B num] [-C[num]]
	[-e pattern] [-f file] [--binary-files=value] [--color=when]
	[--context[=num]] [--directories=action] [--label] [--line-buffered]
	[--null] [pattern] [file ...]
grep: invalid option -- P
usage: grep [-abcdDEFGHhIiJLlMmnOopqRSsUVvwXxZz] [-A num] [-B num] [-C[num]]
	[-e pattern] [-f file] [--binary-files=value] [--color=when]
	[--context[=num]] [--directories=action] [--label] [--line-buffered]
	[--null] [pattern] [file ...]
grep: invalid option -- P
usage: grep [-abcdDEFGHhIiJLlMmnOopqRSsUVvwXxZz] [-A num] [-B num] [-C[num]]
	[-e pattern] [-f file] [--binary-files=value] [--color=when]
	[--context[=num]] [--directories=action] [--label] [--line-buffered]
	[--null] [pattern] [file ...]
grep: invalid option -- P
usage: grep [-abcdDEFGHhIiJLlMmnOopqRSsUVvwXxZz] [-A num] [-B num] [-C[num]]
	[-e pattern] [-f file] [--binary-files=value] [--color=when]
	[--context[=num]] [--directories=action] [--label] [--line-buffered]
	[--null] [pattern] [file ...]
✓ All projects passing sentinel checks
✓ Stale file scan: clean
! Found 20 broken links
Flag: flag-nel-001 [P2] Found 20 broken documentation links — fix or cleanup needed (from nel → kai)
  → What's Next: task created for next review cycle
! Found 34 scripts without test coverage
! Found 8 inefficient patterns
Flag: flag-nel-001 [P3] Found 8 code optimization opportunities — rolling improvement (from nel → kai, logged for weekly review)
! Audit found 7 issues
Flag: flag-nel-001 [P2] Audit found 7 system issues — review security/structure (from nel → kai)
  → What's Next: task created for next review cycle
✓ HQ state updated
✓ Report published: /Users/kai/Documents/Projects/Hyo/agents/sam/website/docs/nel/report-2026-04-22.md
✓ Self-review: nel pathway healthy
grep: invalid option -- P
usage: grep [-abcdDEFGHhIiJLlMmnOopqRSsUVvwXxZz] [-A num] [-B num] [-C[num]]
	[-e pattern] [-f file] [--binary-files=value] [--color=when]
	[--context[=num]] [--directories=action] [--label] [--line-buffered]
	[--null] [pattern] [file ...]
[SELF-REVIEW] nel: 13 findings — see /Users/kai/Documents/Projects/Hyo/agents/nel/logs/self-review-2026-04-22.md
PLAYBOOK updated with research entry for 2026-04-22
[nel-research] 23:00:58 Findings archived to /Users/kai/Documents/Projects/Hyo/agents/ra/research/briefs/nel-2026-04-22.md
[nel-research] 23:00:58 Research cycle complete for nel
Nel reflection sections written to /tmp/nel-reflection-sections-20260422.json
[bluf-augment] nel: sections augmented — status: SHIPPED: IMP-20260414-nel-002 — Build dependency vulnerabili
Report: nel → research+reflection cycle: score=85, sentinel=4p/0f, cipher_leaks=0, reflection_published=yes
✓ Self-evolution logged: routine maintenance run
✓ Memory update: ACTIVE.md written
Self-delegated: nel-001 [P2] Fix 20 broken symlinks found during audit (nel → self, logged to kai)
Self-delegated: nel-001 [P3] Nel run complete: score=85, actions=1, sentinel=4/4 (nel → self, logged to kai)
✓ Dispatch: findings reported to Kai ledger
! System health acceptable, improvement opportunities identified.
[growth] 23:00:05 [nel] Starting growth phase
[growth] 23:00:05 [nel] ARIC: research already complete for 2026-04-23 — skipping
[growth] 23:00:05 [nel] No open IMP improvement tickets — growth phase idle
grep: invalid option -- P
usage: grep [-abcdDEFGHhIiJLlMmnOopqRSsUVvwXxZz] [-A num] [-B num] [-C[num]]
	[-e pattern] [-f file] [--binary-files=value] [--color=when]
	[--context[=num]] [--directories=action] [--label] [--line-buffered]
	[--null] [pattern] [file ...]
grep: invalid option -- P
usage: grep [-abcdDEFGHhIiJLlMmnOopqRSsUVvwXxZz] [-A num] [-B num] [-C[num]]
	[-e pattern] [-f file] [--binary-files=value] [--color=when]
	[--context[=num]] [--directories=action] [--label] [--line-buffered]
	[--null] [pattern] [file ...]
grep: invalid option -- P
usage: grep [-abcdDEFGHhIiJLlMmnOopqRSsUVvwXxZz] [-A num] [-B num] [-C[num]]
	[-e pattern] [-f file] [--binary-files=value] [--color=when]
	[--context[=num]] [--directories=action] [--label] [--line-buffered]
	[--null] [pattern] [file ...]
grep: invalid option -- P
usage: grep [-abcdDEFGHhIiJLlMmnOopqRSsUVvwXxZz] [-A num] [-B num] [-C[num]]
	[-e pattern] [-f file] [--binary-files=value] [--color=when]
	[--context[=num]] [--directories=action] [--label] [--line-buffered]
	[--null] [pattern] [file ...]
✓ All projects passing sentinel checks
✓ Stale file scan: clean
! Found 20 broken links
Flag: flag-nel-001 [P2] Found 20 broken documentation links — fix or cleanup needed (from nel → kai)
  → What's Next: task created for next review cycle
! Found 40 scripts without test coverage
! Found 8 inefficient patterns
Flag: flag-nel-001 [P3] Found 8 code optimization opportunities — rolling improvement (from nel → kai, logged for weekly review)
! Audit found 7 issues
Flag: flag-nel-001 [P2] Audit found 7 system issues — review security/structure (from nel → kai)
  → What's Next: task created for next review cycle
✓ HQ state updated
✓ Report published: /Users/kai/Documents/Projects/Hyo/agents/sam/website/docs/nel/report-2026-04-23.md
✓ Self-review: nel pathway healthy
grep: invalid option -- P
usage: grep [-abcdDEFGHhIiJLlMmnOopqRSsUVvwXxZz] [-A num] [-B num] [-C[num]]
	[-e pattern] [-f file] [--binary-files=value] [--color=when]
	[--context[=num]] [--directories=action] [--label] [--line-buffered]
	[--null] [pattern] [file ...]
[SELF-REVIEW] nel: 11 findings — see /Users/kai/Documents/Projects/Hyo/agents/nel/logs/self-review-2026-04-23.md
Flag: flag-nel-001 [P2] [SELF-REVIEW] 1 untriggered files found (from nel → kai)
  → What's Next: task created for next review cycle
PLAYBOOK updated with research entry for 2026-04-23
[nel-research] 23:00:46 Findings archived to /Users/kai/Documents/Projects/Hyo/agents/ra/research/briefs/nel-2026-04-23.md
[nel-research] 23:00:46 Research cycle complete for nel
Nel reflection sections written to /tmp/nel-reflection-sections-20260423.json
[bluf-augment] nel: sections augmented — status: SHIPPED: IMP-20260414-nel-002 — Build dependency vulnerabili
Report: nel → research+reflection cycle: score=85, sentinel=4p/0f, cipher_leaks=0, reflection_published=yes
✓ Self-evolution logged: routine maintenance run
✓ Memory update: ACTIVE.md written
Self-delegated: nel-001 [P2] Fix 20 broken symlinks found during audit (nel → self, logged to kai)
Self-delegated: nel-001 [P3] Nel run complete: score=85, actions=1, sentinel=4/4 (nel → self, logged to kai)
✓ Dispatch: findings reported to Kai ledger
! System health acceptable, improvement opportunities identified.
[growth] 23:00:04 [nel] Starting growth phase
[growth] 23:00:04 [nel] ARIC: research already complete for 2026-04-24 — skipping
[growth] 23:00:04 [nel] No open IMP improvement tickets — growth phase idle
grep: invalid option -- P
usage: grep [-abcdDEFGHhIiJLlMmnOopqRSsUVvwXxZz] [-A num] [-B num] [-C[num]]
	[-e pattern] [-f file] [--binary-files=value] [--color=when]
	[--context[=num]] [--directories=action] [--label] [--line-buffered]
	[--null] [pattern] [file ...]
grep: invalid option -- P
usage: grep [-abcdDEFGHhIiJLlMmnOopqRSsUVvwXxZz] [-A num] [-B num] [-C[num]]
	[-e pattern] [-f file] [--binary-files=value] [--color=when]
	[--context[=num]] [--directories=action] [--label] [--line-buffered]
	[--null] [pattern] [file ...]
grep: invalid option -- P
usage: grep [-abcdDEFGHhIiJLlMmnOopqRSsUVvwXxZz] [-A num] [-B num] [-C[num]]
	[-e pattern] [-f file] [--binary-files=value] [--color=when]
	[--context[=num]] [--directories=action] [--label] [--line-buffered]
	[--null] [pattern] [file ...]
grep: invalid option -- P
usage: grep [-abcdDEFGHhIiJLlMmnOopqRSsUVvwXxZz] [-A num] [-B num] [-C[num]]
	[-e pattern] [-f file] [--binary-files=value] [--color=when]
	[--context[=num]] [--directories=action] [--label] [--line-buffered]
	[--null] [pattern] [file ...]
✓ All projects passing sentinel checks
✓ Stale file scan: clean
! Found 20 broken links
Flag: flag-nel-001 [P2] Found 20 broken documentation links — fix or cleanup needed (from nel → kai)
  → What's Next: task created for next review cycle
! Found 40 scripts without test coverage
! Found 8 inefficient patterns
Flag: flag-nel-001 [P3] Found 8 code optimization opportunities — rolling improvement (from nel → kai, logged for weekly review)
! Audit found 7 issues
Flag: flag-nel-001 [P2] Audit found 7 system issues — review security/structure (from nel → kai)
  → What's Next: task created for next review cycle
✓ HQ state updated
✓ Report published: /Users/kai/Documents/Projects/Hyo/agents/sam/website/docs/nel/report-2026-04-24.md
✓ Self-review: nel pathway healthy
grep: invalid option -- P
usage: grep [-abcdDEFGHhIiJLlMmnOopqRSsUVvwXxZz] [-A num] [-B num] [-C[num]]
	[-e pattern] [-f file] [--binary-files=value] [--color=when]
	[--context[=num]] [--directories=action] [--label] [--line-buffered]
	[--null] [pattern] [file ...]
[SELF-REVIEW] nel: 11 findings — see /Users/kai/Documents/Projects/Hyo/agents/nel/logs/self-review-2026-04-24.md
Flag: flag-nel-001 [P2] [SELF-REVIEW] 1 untriggered files found (from nel → kai)
  → What's Next: task created for next review cycle
PLAYBOOK updated with research entry for 2026-04-24
[nel-research] 23:00:29 Findings archived to /Users/kai/Documents/Projects/Hyo/agents/ra/research/briefs/nel-2026-04-24.md
[nel-research] 23:00:29 Research cycle complete for nel
Nel reflection sections written to /tmp/nel-reflection-sections-20260424.json
[bluf-augment] nel: sections augmented — status: SHIPPED: IMP-20260414-nel-002 — Build dependency vulnerabili
Report: nel → research+reflection cycle: score=85, sentinel=4p/0f, cipher_leaks=0, reflection_published=yes
✓ Self-evolution logged: routine maintenance run
✓ Memory update: ACTIVE.md written
Self-delegated: nel-001 [P2] Fix 20 broken symlinks found during audit (nel → self, logged to kai)
Self-delegated: nel-001 [P3] Nel run complete: score=85, actions=1, sentinel=4/4 (nel → self, logged to kai)
✓ Dispatch: findings reported to Kai ledger
! System health acceptable, improvement opportunities identified.
[growth] 23:00:05 [nel] Starting growth phase
[growth] 23:00:05 [nel] ARIC: research already complete for 2026-04-25 — skipping
[growth] 23:00:05 [nel] No open IMP improvement tickets — growth phase idle
grep: invalid option -- P
usage: grep [-abcdDEFGHhIiJLlMmnOopqRSsUVvwXxZz] [-A num] [-B num] [-C[num]]
	[-e pattern] [-f file] [--binary-files=value] [--color=when]
	[--context[=num]] [--directories=action] [--label] [--line-buffered]
	[--null] [pattern] [file ...]
grep: invalid option -- P
usage: grep [-abcdDEFGHhIiJLlMmnOopqRSsUVvwXxZz] [-A num] [-B num] [-C[num]]
	[-e pattern] [-f file] [--binary-files=value] [--color=when]
	[--context[=num]] [--directories=action] [--label] [--line-buffered]
	[--null] [pattern] [file ...]
grep: invalid option -- P
usage: grep [-abcdDEFGHhIiJLlMmnOopqRSsUVvwXxZz] [-A num] [-B num] [-C[num]]
	[-e pattern] [-f file] [--binary-files=value] [--color=when]
	[--context[=num]] [--directories=action] [--label] [--line-buffered]
	[--null] [pattern] [file ...]
grep: invalid option -- P
usage: grep [-abcdDEFGHhIiJLlMmnOopqRSsUVvwXxZz] [-A num] [-B num] [-C[num]]
	[-e pattern] [-f file] [--binary-files=value] [--color=when]
	[--context[=num]] [--directories=action] [--label] [--line-buffered]
	[--null] [pattern] [file ...]
✓ All projects passing sentinel checks
✓ Stale file scan: clean
! Found 20 broken links
Flag: flag-nel-001 [P2] Found 20 broken documentation links — fix or cleanup needed (from nel → kai)
  → What's Next: task created for next review cycle
! Found 40 scripts without test coverage
! Found 8 inefficient patterns
Flag: flag-nel-001 [P3] Found 8 code optimization opportunities — rolling improvement (from nel → kai, logged for weekly review)
! Audit found 7 issues
Flag: flag-nel-001 [P2] Audit found 7 system issues — review security/structure (from nel → kai)
  → What's Next: task created for next review cycle
✓ HQ state updated
✓ Report published: /Users/kai/Documents/Projects/Hyo/agents/sam/website/docs/nel/report-2026-04-25.md
✓ Self-review: nel pathway healthy
grep: invalid option -- P
usage: grep [-abcdDEFGHhIiJLlMmnOopqRSsUVvwXxZz] [-A num] [-B num] [-C[num]]
	[-e pattern] [-f file] [--binary-files=value] [--color=when]
	[--context[=num]] [--directories=action] [--label] [--line-buffered]
	[--null] [pattern] [file ...]
[SELF-REVIEW] nel: 11 findings — see /Users/kai/Documents/Projects/Hyo/agents/nel/logs/self-review-2026-04-25.md
Flag: flag-nel-001 [P2] [SELF-REVIEW] 1 untriggered files found (from nel → kai)
  → What's Next: task created for next review cycle
PLAYBOOK updated with research entry for 2026-04-25
[nel-research] 23:00:32 Findings archived to /Users/kai/Documents/Projects/Hyo/agents/ra/research/briefs/nel-2026-04-25.md
[nel-research] 23:00:32 Research cycle complete for nel
Nel reflection sections written to /tmp/nel-reflection-sections-20260425.json
[bluf-augment] nel: sections augmented — status: SHIPPED: IMP-20260414-nel-002 — Build dependency vulnerabili
Report: nel → research+reflection cycle: score=85, sentinel=4p/0f, cipher_leaks=0, reflection_published=yes
✓ Self-evolution logged: routine maintenance run
✓ Memory update: ACTIVE.md written
Self-delegated: nel-001 [P2] Fix 20 broken symlinks found during audit (nel → self, logged to kai)
Self-delegated: nel-001 [P3] Nel run complete: score=85, actions=1, sentinel=4/4 (nel → self, logged to kai)
✓ Dispatch: findings reported to Kai ledger
! System health acceptable, improvement opportunities identified.
[growth] 23:00:05 [nel] Starting growth phase
[growth] 23:00:05 [nel] ARIC: research already complete for 2026-04-26 — skipping
[growth] 23:00:05 [nel] No open IMP improvement tickets — growth phase idle
grep: invalid option -- P
usage: grep [-abcdDEFGHhIiJLlMmnOopqRSsUVvwXxZz] [-A num] [-B num] [-C[num]]
	[-e pattern] [-f file] [--binary-files=value] [--color=when]
	[--context[=num]] [--directories=action] [--label] [--line-buffered]
	[--null] [pattern] [file ...]
grep: invalid option -- P
usage: grep [-abcdDEFGHhIiJLlMmnOopqRSsUVvwXxZz] [-A num] [-B num] [-C[num]]
	[-e pattern] [-f file] [--binary-files=value] [--color=when]
	[--context[=num]] [--directories=action] [--label] [--line-buffered]
	[--null] [pattern] [file ...]
grep: invalid option -- P
usage: grep [-abcdDEFGHhIiJLlMmnOopqRSsUVvwXxZz] [-A num] [-B num] [-C[num]]
	[-e pattern] [-f file] [--binary-files=value] [--color=when]
	[--context[=num]] [--directories=action] [--label] [--line-buffered]
	[--null] [pattern] [file ...]
grep: invalid option -- P
usage: grep [-abcdDEFGHhIiJLlMmnOopqRSsUVvwXxZz] [-A num] [-B num] [-C[num]]
	[-e pattern] [-f file] [--binary-files=value] [--color=when]
	[--context[=num]] [--directories=action] [--label] [--line-buffered]
	[--null] [pattern] [file ...]
✓ All projects passing sentinel checks
✓ Stale file scan: clean
! Found 20 broken links
Flag: flag-nel-001 [P2] Found 20 broken documentation links — fix or cleanup needed (from nel → kai)
  → What's Next: task created for next review cycle
! Found 40 scripts without test coverage
! Found 8 inefficient patterns
Flag: flag-nel-001 [P3] Found 8 code optimization opportunities — rolling improvement (from nel → kai, logged for weekly review)
! Audit found 7 issues
Flag: flag-nel-001 [P2] Audit found 7 system issues — review security/structure (from nel → kai)
  → What's Next: task created for next review cycle
✓ HQ state updated
✓ Report published: /Users/kai/Documents/Projects/Hyo/agents/sam/website/docs/nel/report-2026-04-26.md
✓ Self-review: nel pathway healthy
grep: invalid option -- P
usage: grep [-abcdDEFGHhIiJLlMmnOopqRSsUVvwXxZz] [-A num] [-B num] [-C[num]]
	[-e pattern] [-f file] [--binary-files=value] [--color=when]
	[--context[=num]] [--directories=action] [--label] [--line-buffered]
	[--null] [pattern] [file ...]
[SELF-REVIEW] nel: 11 findings — see /Users/kai/Documents/Projects/Hyo/agents/nel/logs/self-review-2026-04-26.md
Flag: flag-nel-001 [P2] [SELF-REVIEW] 1 untriggered files found (from nel → kai)
  → What's Next: task created for next review cycle
PLAYBOOK updated with research entry for 2026-04-26
[nel-research] 23:00:31 Findings archived to /Users/kai/Documents/Projects/Hyo/agents/ra/research/briefs/nel-2026-04-26.md
[nel-research] 23:00:31 Research cycle complete for nel
Nel reflection sections written to /tmp/nel-reflection-sections-20260426.json
[bluf-augment] nel: sections augmented — status: SHIPPED: IMP-20260414-nel-002 — Build dependency vulnerabili
Report: nel → research+reflection cycle: score=85, sentinel=4p/0f, cipher_leaks=0, reflection_published=yes
✓ Self-evolution logged: routine maintenance run
✓ Memory update: ACTIVE.md written
Self-delegated: nel-001 [P2] Fix 20 broken symlinks found during audit (nel → self, logged to kai)
Self-delegated: nel-001 [P3] Nel run complete: score=85, actions=1, sentinel=4/4 (nel → self, logged to kai)
✓ Dispatch: findings reported to Kai ledger
! System health acceptable, improvement opportunities identified.
[growth] 23:00:02 [nel] Starting growth phase
[growth] 23:00:02 [nel] ARIC: research already complete for 2026-04-27 — skipping
[growth] 23:00:02 [nel] No open IMP improvement tickets — growth phase idle
grep: invalid option -- P
usage: grep [-abcdDEFGHhIiJLlMmnOopqRSsUVvwXxZz] [-A num] [-B num] [-C[num]]
	[-e pattern] [-f file] [--binary-files=value] [--color=when]
	[--context[=num]] [--directories=action] [--label] [--line-buffered]
	[--null] [pattern] [file ...]
grep: invalid option -- P
usage: grep [-abcdDEFGHhIiJLlMmnOopqRSsUVvwXxZz] [-A num] [-B num] [-C[num]]
	[-e pattern] [-f file] [--binary-files=value] [--color=when]
	[--context[=num]] [--directories=action] [--label] [--line-buffered]
	[--null] [pattern] [file ...]
grep: invalid option -- P
usage: grep [-abcdDEFGHhIiJLlMmnOopqRSsUVvwXxZz] [-A num] [-B num] [-C[num]]
	[-e pattern] [-f file] [--binary-files=value] [--color=when]
	[--context[=num]] [--directories=action] [--label] [--line-buffered]
	[--null] [pattern] [file ...]
grep: invalid option -- P
usage: grep [-abcdDEFGHhIiJLlMmnOopqRSsUVvwXxZz] [-A num] [-B num] [-C[num]]
	[-e pattern] [-f file] [--binary-files=value] [--color=when]
	[--context[=num]] [--directories=action] [--label] [--line-buffered]
	[--null] [pattern] [file ...]
✓ All projects passing sentinel checks
✓ Stale file scan: clean
! Found 28 broken links
Flag: flag-nel-001 [P2] Found 28 broken documentation links — fix or cleanup needed (from nel → kai)
  → What's Next: task created for next review cycle
! Found 42 scripts without test coverage
! Found 9 inefficient patterns
Flag: flag-nel-001 [P3] Found 9 code optimization opportunities — rolling improvement (from nel → kai, logged for weekly review)
! Audit found 7 issues
Flag: flag-nel-001 [P2] Audit found 7 system issues — review security/structure (from nel → kai)
  → What's Next: task created for next review cycle
✓ HQ state updated
✓ Report published: /Users/kai/Documents/Projects/Hyo/agents/sam/website/docs/nel/report-2026-04-27.md
✓ Self-review: nel pathway healthy
grep: invalid option -- P
usage: grep [-abcdDEFGHhIiJLlMmnOopqRSsUVvwXxZz] [-A num] [-B num] [-C[num]]
	[-e pattern] [-f file] [--binary-files=value] [--color=when]
	[--context[=num]] [--directories=action] [--label] [--line-buffered]
	[--null] [pattern] [file ...]
[SELF-REVIEW] nel: 11 findings — see /Users/kai/Documents/Projects/Hyo/agents/nel/logs/self-review-2026-04-27.md
Flag: flag-nel-001 [P2] [SELF-REVIEW] 1 untriggered files found (from nel → kai)
  → What's Next: task created for next review cycle
PLAYBOOK updated with research entry for 2026-04-27
[nel-research] 23:00:46 Findings archived to /Users/kai/Documents/Projects/Hyo/agents/ra/research/briefs/nel-2026-04-27.md
[nel-research] 23:00:46 Research cycle complete for nel
Nel reflection sections written to /tmp/nel-reflection-sections-20260427.json
[bluf-augment] nel: sections augmented — status: SHIPPED: IMP-20260414-nel-002 — Build dependency vulnerabili
Report: nel → research+reflection cycle: score=85, sentinel=4p/0f, cipher_leaks=0, reflection_published=yes
✓ Self-evolution logged: routine maintenance run
✓ Memory update: ACTIVE.md written
Self-delegated: nel-001 [P2] Fix 28 broken symlinks found during audit (nel → self, logged to kai)
Self-delegated: nel-001 [P3] Nel run complete: score=85, actions=1, sentinel=4/4 (nel → self, logged to kai)
✓ Dispatch: findings reported to Kai ledger
! System health acceptable, improvement opportunities identified.
[growth] 23:00:04 [nel] Starting growth phase
[growth] 23:00:04 [nel] ARIC: research already complete for 2026-04-28 — skipping
[growth] 23:00:05 [nel] No open IMP improvement tickets — growth phase idle
grep: invalid option -- P
usage: grep [-abcdDEFGHhIiJLlMmnOopqRSsUVvwXxZz] [-A num] [-B num] [-C[num]]
	[-e pattern] [-f file] [--binary-files=value] [--color=when]
	[--context[=num]] [--directories=action] [--label] [--line-buffered]
	[--null] [pattern] [file ...]
grep: invalid option -- P
usage: grep [-abcdDEFGHhIiJLlMmnOopqRSsUVvwXxZz] [-A num] [-B num] [-C[num]]
	[-e pattern] [-f file] [--binary-files=value] [--color=when]
	[--context[=num]] [--directories=action] [--label] [--line-buffered]
	[--null] [pattern] [file ...]
grep: invalid option -- P
usage: grep [-abcdDEFGHhIiJLlMmnOopqRSsUVvwXxZz] [-A num] [-B num] [-C[num]]
	[-e pattern] [-f file] [--binary-files=value] [--color=when]
	[--context[=num]] [--directories=action] [--label] [--line-buffered]
	[--null] [pattern] [file ...]
grep: invalid option -- P
usage: grep [-abcdDEFGHhIiJLlMmnOopqRSsUVvwXxZz] [-A num] [-B num] [-C[num]]
	[-e pattern] [-f file] [--binary-files=value] [--color=when]
	[--context[=num]] [--directories=action] [--label] [--line-buffered]
	[--null] [pattern] [file ...]
✓ All projects passing sentinel checks
! No newsletter for today (2026-04-28) and it's past 06:00 MT
⚠ HIGH SEVERITY FLAG: flag-nel-001 [P1] No newsletter produced for 2026-04-28 — past 06:00 MT deadline (from nel)
  → Auto-triggering safeguard cascade...
  [safeguard] Logged trigger: flag-nel-001
  [safeguard] Spawning parallel prevention tasks:
    Delegated: nel-001 [P1] SAFEGUARD: Cross-reference issue (flag-nel-001) — scan entire codebase for similar patterns: No newsletter produced for 2026-04-28 — past 06:00 MT deadline → nel
    Delegated: sam-001 [P1] SAFEGUARD: Add test coverage for issue (flag-nel-001): No newsletter produced for 2026-04-28 — past 06:00 MT deadline → sam
    → Memory: NEW pattern logged to known-issues.jsonl
  → What's Next: dispatching auto-remediation to ra
Delegated: ra-001 [P1] [AUTO-REMEDIATE] No newsletter produced for 2026-04-28 — past 06:00 MT deadline (flagged by nel, cascade flag-nel-001) → ra
  → Queued event-driven ra run: event-ra-flag-nel-001 (agent will pick up task + reflect)
  → Queued re-check: recheck-flag-nel-001
✓ Stale file scan: clean
! Found 28 broken links
Flag: flag-nel-001 [P2] Found 28 broken documentation links — fix or cleanup needed (from nel → kai)
  → What's Next: task created for next review cycle
! Found 43 scripts without test coverage
! Found 9 inefficient patterns
Flag: flag-nel-001 [P3] Found 9 code optimization opportunities — rolling improvement (from nel → kai, logged for weekly review)
! Audit found 7 issues
Flag: flag-nel-001 [P2] Audit found 7 system issues — review security/structure (from nel → kai)
  → What's Next: task created for next review cycle
✓ HQ state updated
✓ Report published: /Users/kai/Documents/Projects/Hyo/agents/sam/website/docs/nel/report-2026-04-28.md
✓ Self-review: nel pathway healthy
grep: invalid option -- P
usage: grep [-abcdDEFGHhIiJLlMmnOopqRSsUVvwXxZz] [-A num] [-B num] [-C[num]]
	[-e pattern] [-f file] [--binary-files=value] [--color=when]
	[--context[=num]] [--directories=action] [--label] [--line-buffered]
	[--null] [pattern] [file ...]
[SELF-REVIEW] nel: 11 findings — see /Users/kai/Documents/Projects/Hyo/agents/nel/logs/self-review-2026-04-28.md
Flag: flag-nel-001 [P2] [SELF-REVIEW] 1 untriggered files found (from nel → kai)
  → What's Next: task created for next review cycle
PLAYBOOK updated with research entry for 2026-04-28
[nel-research] 23:00:52 Findings archived to /Users/kai/Documents/Projects/Hyo/agents/ra/research/briefs/nel-2026-04-28.md
[nel-research] 23:00:52 Research cycle complete for nel
Nel reflection sections written to /tmp/nel-reflection-sections-20260428.json
[bluf-augment] nel: sections augmented — status: SHIPPED: IMP-20260414-nel-002 — Build dependency vulnerabili
Report: nel → research+reflection cycle: score=85, sentinel=4p/0f, cipher_leaks=0, reflection_published=yes
✓ Self-evolution logged: routine maintenance run
✓ Memory update: ACTIVE.md written
Self-delegated: nel-001 [P2] Fix 28 broken symlinks found during audit (nel → self, logged to kai)
Self-delegated: nel-001 [P3] Nel run complete: score=85, actions=1, sentinel=4/4 (nel → self, logged to kai)
✓ Dispatch: findings reported to Kai ledger
! System health acceptable, improvement opportunities identified.
[growth] 22:00:01 [nel] Starting growth phase
[growth] 22:00:01 [nel] ARIC: research already complete for 2026-04-30 — skipping
[growth] 22:00:01 [nel] No open IMP improvement tickets — growth phase idle
grep: invalid option -- P
usage: grep [-abcdDEFGHhIiJLlMmnOopqRSsUVvwXxZz] [-A num] [-B num] [-C[num]]
	[-e pattern] [-f file] [--binary-files=value] [--color=when]
	[--context[=num]] [--directories=action] [--label] [--line-buffered]
	[--null] [pattern] [file ...]
grep: invalid option -- P
usage: grep [-abcdDEFGHhIiJLlMmnOopqRSsUVvwXxZz] [-A num] [-B num] [-C[num]]
	[-e pattern] [-f file] [--binary-files=value] [--color=when]
	[--context[=num]] [--directories=action] [--label] [--line-buffered]
	[--null] [pattern] [file ...]
grep: invalid option -- P
usage: grep [-abcdDEFGHhIiJLlMmnOopqRSsUVvwXxZz] [-A num] [-B num] [-C[num]]
	[-e pattern] [-f file] [--binary-files=value] [--color=when]
	[--context[=num]] [--directories=action] [--label] [--line-buffered]
	[--null] [pattern] [file ...]
grep: invalid option -- P
usage: grep [-abcdDEFGHhIiJLlMmnOopqRSsUVvwXxZz] [-A num] [-B num] [-C[num]]
	[-e pattern] [-f file] [--binary-files=value] [--color=when]
	[--context[=num]] [--directories=action] [--label] [--line-buffered]
	[--null] [pattern] [file ...]
✓ All projects passing sentinel checks
✓ Stale file scan: clean
! Found 28 broken links
Flag: flag-nel-001 [P2] Found 28 broken documentation links — fix or cleanup needed (from nel → kai)
  → What's Next: task created for next review cycle
! Found 43 scripts without test coverage
! Found 9 inefficient patterns
Flag: flag-nel-001 [P3] Found 9 code optimization opportunities — rolling improvement (from nel → kai, logged for weekly review)
! Audit found 7 issues
Flag: flag-nel-001 [P2] Audit found 7 system issues — review security/structure (from nel → kai)
  → What's Next: task created for next review cycle
✓ HQ state updated
✓ Report published: /Users/kai/Documents/Projects/Hyo/agents/sam/website/docs/nel/report-2026-04-30.md
✓ Self-review: nel pathway healthy
[growth] 22:00:04 [nel] Starting growth phase
[growth] 22:00:04 [nel] ARIC: research already complete for 2026-05-04 — skipping
[growth] 22:00:04 [nel] No open IMP improvement tickets — growth phase idle
grep: invalid option -- P
usage: grep [-abcdDEFGHhIiJLlMmnOopqRSsUVvwXxZz] [-A num] [-B num] [-C[num]]
	[-e pattern] [-f file] [--binary-files=value] [--color=when]
	[--context[=num]] [--directories=action] [--label] [--line-buffered]
	[--null] [pattern] [file ...]
grep: invalid option -- P
usage: grep [-abcdDEFGHhIiJLlMmnOopqRSsUVvwXxZz] [-A num] [-B num] [-C[num]]
	[-e pattern] [-f file] [--binary-files=value] [--color=when]
	[--context[=num]] [--directories=action] [--label] [--line-buffered]
	[--null] [pattern] [file ...]
grep: invalid option -- P
usage: grep [-abcdDEFGHhIiJLlMmnOopqRSsUVvwXxZz] [-A num] [-B num] [-C[num]]
	[-e pattern] [-f file] [--binary-files=value] [--color=when]
	[--context[=num]] [--directories=action] [--label] [--line-buffered]
	[--null] [pattern] [file ...]
grep: invalid option -- P
usage: grep [-abcdDEFGHhIiJLlMmnOopqRSsUVvwXxZz] [-A num] [-B num] [-C[num]]
	[-e pattern] [-f file] [--binary-files=value] [--color=when]
	[--context[=num]] [--directories=action] [--label] [--line-buffered]
	[--null] [pattern] [file ...]
✓ All projects passing sentinel checks
! No newsletter for today (2026-05-04) and it's past 06:00 MT
⚠ HIGH SEVERITY FLAG: flag-nel-001 [P1] No newsletter produced for 2026-05-04 — past 06:00 MT deadline (from nel)
  → Auto-triggering safeguard cascade...
  [safeguard] Logged trigger: flag-nel-001
  [safeguard] Spawning parallel prevention tasks:
    Delegated: nel-001 [P1] SAFEGUARD: Cross-reference issue (flag-nel-001) — scan entire codebase for similar patterns: No newsletter produced for 2026-05-04 — past 06:00 MT deadline → nel
    Delegated: sam-001 [P1] SAFEGUARD: Add test coverage for issue (flag-nel-001): No newsletter produced for 2026-05-04 — past 06:00 MT deadline → sam
    → Memory: NEW pattern logged to known-issues.jsonl
  → What's Next: dispatching auto-remediation to ra
Delegated: ra-001 [P1] [AUTO-REMEDIATE] No newsletter produced for 2026-05-04 — past 06:00 MT deadline (flagged by nel, cascade flag-nel-001) → ra
  → Queued event-driven ra run: event-ra-flag-nel-001 (agent will pick up task + reflect)
  → Queued re-check: recheck-flag-nel-001
✓ Stale file scan: clean
! Found 29 broken links
Flag: flag-nel-001 [P2] Found 29 broken documentation links — fix or cleanup needed (from nel → kai)
  → What's Next: task created for next review cycle
! Found 43 scripts without test coverage
! Found 9 inefficient patterns
Flag: flag-nel-001 [P3] Found 9 code optimization opportunities — rolling improvement (from nel → kai, logged for weekly review)
! Audit found 7 issues
Flag: flag-nel-001 [P2] Audit found 7 system issues — review security/structure (from nel → kai)
  → What's Next: task created for next review cycle
✓ HQ state updated
✓ Report published: /Users/kai/Documents/Projects/Hyo/agents/sam/website/docs/nel/report-2026-05-04.md
✓ Self-review: nel pathway healthy
grep: invalid option -- P
usage: grep [-abcdDEFGHhIiJLlMmnOopqRSsUVvwXxZz] [-A num] [-B num] [-C[num]]
	[-e pattern] [-f file] [--binary-files=value] [--color=when]
	[--context[=num]] [--directories=action] [--label] [--line-buffered]
	[--null] [pattern] [file ...]
[SELF-REVIEW] nel: 11 findings — see /Users/kai/Documents/Projects/Hyo/agents/nel/logs/self-review-2026-05-04.md
PLAYBOOK updated with research entry for 2026-05-05
[nel-research] 02:36:53 Findings archived to /Users/kai/Documents/Projects/Hyo/agents/ra/research/briefs/nel-2026-05-05.md
[nel-research] 02:36:53 Research cycle complete for nel
Nel reflection sections written to /tmp/nel-reflection-sections-20260505.json
[bluf-augment] nel: sections augmented — status: SHIPPED: IMP-20260414-nel-002 — Build dependency vulnerabili
[publish-to-feed] Dedup check: [pre-publish-check] OK: No recent similar entries — safe to publish
Published to feed: [agent-reflection] Nel — Daily Reflection by Nel
Archived to /Users/kai/Documents/Projects/Hyo/agents/nel/archive/2026/05/nel-agent-reflection-2026-05-05.json
Feed entry published: agent-reflection-nel-2026-05-05-023653
[main e58c60a0] publish: agent-reflection by nel — Nel — Daily Reflection
 3 files changed, 81 insertions(+), 4 deletions(-)
WARN: push failed — queuing retry
✓ Reflection published to HQ feed
Report: nel → research+reflection cycle: score=85, sentinel=4p/0f, cipher_leaks=0, reflection_published=yes
✓ Self-evolution logged: routine maintenance run
✓ Memory update: ACTIVE.md written
Self-delegated: nel-001 [P2] Fix 29 broken symlinks found during audit (nel → self, logged to kai)
Self-delegated: nel-001 [P3] Nel run complete: score=85, actions=1, sentinel=4/4 (nel → self, logged to kai)
✓ Dispatch: findings reported to Kai ledger
! System health acceptable, improvement opportunities identified.
[load-tool-registry][nel] WHY: Tool registry loaded — agents/tools.json gives typed interfaces for dispatch, ticket, kai_push, agent_execute_improvement
[growth] 22:00:02 [nel] Starting growth phase
[growth] 22:00:02 [nel] ARIC: research already complete for 2026-05-06 — skipping
[growth] 22:00:02 [nel] No open IMP improvement tickets — growth phase idle
grep: invalid option -- P
usage: grep [-abcdDEFGHhIiJLlMmnOopqRSsUVvwXxZz] [-A num] [-B num] [-C[num]]
	[-e pattern] [-f file] [--binary-files=value] [--color=when]
	[--context[=num]] [--directories=action] [--label] [--line-buffered]
	[--null] [pattern] [file ...]
grep: invalid option -- P
usage: grep [-abcdDEFGHhIiJLlMmnOopqRSsUVvwXxZz] [-A num] [-B num] [-C[num]]
	[-e pattern] [-f file] [--binary-files=value] [--color=when]
	[--context[=num]] [--directories=action] [--label] [--line-buffered]
	[--null] [pattern] [file ...]
grep: invalid option -- P
usage: grep [-abcdDEFGHhIiJLlMmnOopqRSsUVvwXxZz] [-A num] [-B num] [-C[num]]
	[-e pattern] [-f file] [--binary-files=value] [--color=when]
	[--context[=num]] [--directories=action] [--label] [--line-buffered]
	[--null] [pattern] [file ...]
grep: invalid option -- P
usage: grep [-abcdDEFGHhIiJLlMmnOopqRSsUVvwXxZz] [-A num] [-B num] [-C[num]]
	[-e pattern] [-f file] [--binary-files=value] [--color=when]
	[--context[=num]] [--directories=action] [--label] [--line-buffered]
	[--null] [pattern] [file ...]
✓ All projects passing sentinel checks
[WHY][nel][22:00:02] skipping dispatch flag because SENTINEL_FAIL=0 — no action needed
! No newsletter for today (2026-05-06) and it's past 06:00 MT
[WHY][nel][22:00:02] dispatching P1 (not P2) because newsletter absence past 06:00 MT deadline is time-critical — Hyo reads at 07:00
⚠ HIGH SEVERITY FLAG: flag-nel-001 [P1] No newsletter produced for 2026-05-06 — past 06:00 MT deadline (from nel)
  → Auto-triggering safeguard cascade...
  [safeguard] Logged trigger: flag-nel-001
  [safeguard] Spawning parallel prevention tasks:
    Delegated: nel-001 [P1] SAFEGUARD: Cross-reference issue (flag-nel-001) — scan entire codebase for similar patterns: No newsletter produced for 2026-05-06 — past 06:00 MT deadline → nel
    Delegated: sam-001 [P1] SAFEGUARD: Add test coverage for issue (flag-nel-001): No newsletter produced for 2026-05-06 — past 06:00 MT deadline → sam
    → Memory: NEW pattern logged to known-issues.jsonl
  → What's Next: dispatching auto-remediation to ra
Delegated: ra-001 [P1] [AUTO-REMEDIATE] No newsletter produced for 2026-05-06 — past 06:00 MT deadline (flagged by nel, cascade flag-nel-001) → ra
  → Queued event-driven ra run: event-ra-flag-nel-001 (agent will pick up task + reflect)
  → Queued re-check: recheck-flag-nel-001
[WHY][nel][22:00:03] no cipher drift flag — CIPHER_LEAKS=0, all permissions correct
✓ Stale file scan: clean
[WHY][nel][22:00:34] no stale flag — all files modified within 60d or have KEEP markers
! Found 29 broken links
[WHY][nel][22:00:35] P2 flag: 29 broken doc links — P2 not P1 because broken links degrade but don't break the system
Flag: flag-nel-001 [P2] Found 29 broken documentation links — fix or cleanup needed (from nel → kai)
  → What's Next: task created for next review cycle
! Found 47 scripts without test coverage
[WHY][nel][22:00:35] no dispatch flag for test gaps — P3 at most; filing in report is sufficient for rolling improvement
! Found 9 inefficient patterns
[WHY][nel][22:00:35] P3 flag: 9 code smells — P3 not P2 because anti-patterns don't break functionality
Flag: flag-nel-001 [P3] Found 9 code optimization opportunities — rolling improvement (from nel → kai, logged for weekly review)
! Audit found 7 issues
Flag: flag-nel-001 [P2] Audit found 7 system issues — review security/structure (from nel → kai)
  → What's Next: task created for next review cycle
✓ HQ state updated
✓ Report published: /Users/kai/Documents/Projects/Hyo/agents/sam/website/docs/nel/report-2026-05-06.md
✓ Self-review: nel pathway healthy
grep: invalid option -- P
usage: grep [-abcdDEFGHhIiJLlMmnOopqRSsUVvwXxZz] [-A num] [-B num] [-C[num]]
	[-e pattern] [-f file] [--binary-files=value] [--color=when]
	[--context[=num]] [--directories=action] [--label] [--line-buffered]
	[--null] [pattern] [file ...]
[SELF-REVIEW] nel: 13 findings — see /Users/kai/Documents/Projects/Hyo/agents/nel/logs/self-review-2026-05-06.md
Flag: flag-nel-001 [P2] [SELF-REVIEW] 1 untriggered files found (from nel → kai)
  → What's Next: task created for next review cycle
PLAYBOOK updated with research entry for 2026-05-06
[nel-research] 22:00:49 Findings archived to /Users/kai/Documents/Projects/Hyo/agents/ra/research/briefs/nel-2026-05-06.md
[nel-research] 22:00:49 Research cycle complete for nel
Nel reflection sections written to /tmp/nel-reflection-sections-20260506.json
[bluf-augment] nel: sections augmented — status: SHIPPED: IMP-20260414-nel-002 — Build dependency vulnerabili
agent-card: nel health_score 85 → 85 (+0)
✓ Nel agent-card.json written (health_score=85)
[agent-structured-report][nel] 22:00:49 WHY: Validating report schema before writing — unstructured reports cannot be reliably parsed by Kai or queued for follow-up
[agent-structured-report][nel] 22:00:49 All required fields present — writing structured report
[agent-structured-report][nel] 22:00:49 WHY: Writing to cycle-reports.jsonl (structured log) — enables Kai to query cycle history without parsing freeform markdown
[agent-structured-report][nel] 22:00:49 Report written to /Users/kai/Documents/Projects/Hyo/agents/nel/ledger/cycle-reports.jsonl
Updated /Users/kai/Documents/Projects/Hyo/agents/nel/ledger/ACTIVE.md
[agent-structured-report][nel] 22:00:49 ACTIVE.md updated with cycle summary

══════════════════════════════════════════════════════════
STRUCTURED REPORT ACCEPTED
Agent:          nel
Cycle ID:       2026-05-06-cycle-1
Phases done:    sentinel,cipher,stale-files,broken-links,test-coverage,patterns,audit,reflection
Phases failed:  none
Outputs:        agents/nel/logs/nel-2026-05-06.md
Next intent:    improve weakest finding: sentinel=4p/0f cipher_leaks=0 score=85
Log:            /Users/kai/Documents/Projects/Hyo/agents/nel/ledger/cycle-reports.jsonl
══════════════════════════════════════════════════════════
Report: nel → research+reflection cycle: score=85, sentinel=4p/0f, cipher_leaks=0, reflection_published=yes
✓ Self-evolution logged: routine maintenance run
✓ Memory update: ACTIVE.md written
Self-delegated: nel-001 [P2] Fix 29 broken symlinks found during audit (nel → self, logged to kai)
Self-delegated: nel-001 [P3] Nel run complete: score=85, actions=1, sentinel=4/4 (nel → self, logged to kai)
✓ Dispatch: findings reported to Kai ledger
! System health acceptable, improvement opportunities identified.
[load-tool-registry][nel] WHY: Tool registry loaded — agents/tools.json gives typed interfaces for dispatch, ticket, kai_push, agent_execute_improvement
[growth] 22:00:05 [nel] Starting growth phase
[growth] 22:00:05 [nel] ARIC: research already complete for 2026-05-07 — skipping
[growth] 22:00:05 [nel] No open IMP improvement tickets — growth phase idle
grep: invalid option -- P
usage: grep [-abcdDEFGHhIiJLlMmnOopqRSsUVvwXxZz] [-A num] [-B num] [-C[num]]
	[-e pattern] [-f file] [--binary-files=value] [--color=when]
	[--context[=num]] [--directories=action] [--label] [--line-buffered]
	[--null] [pattern] [file ...]
grep: invalid option -- P
usage: grep [-abcdDEFGHhIiJLlMmnOopqRSsUVvwXxZz] [-A num] [-B num] [-C[num]]
	[-e pattern] [-f file] [--binary-files=value] [--color=when]
	[--context[=num]] [--directories=action] [--label] [--line-buffered]
	[--null] [pattern] [file ...]
grep: invalid option -- P
usage: grep [-abcdDEFGHhIiJLlMmnOopqRSsUVvwXxZz] [-A num] [-B num] [-C[num]]
	[-e pattern] [-f file] [--binary-files=value] [--color=when]
	[--context[=num]] [--directories=action] [--label] [--line-buffered]
	[--null] [pattern] [file ...]
grep: invalid option -- P
usage: grep [-abcdDEFGHhIiJLlMmnOopqRSsUVvwXxZz] [-A num] [-B num] [-C[num]]
	[-e pattern] [-f file] [--binary-files=value] [--color=when]
	[--context[=num]] [--directories=action] [--label] [--line-buffered]
	[--null] [pattern] [file ...]
✓ All projects passing sentinel checks
[WHY][nel][22:00:06] skipping dispatch flag because SENTINEL_FAIL=0 — no action needed
! No newsletter for today (2026-05-07) and it's past 06:00 MT
[WHY][nel][22:00:06] dispatching P1 (not P2) because newsletter absence past 06:00 MT deadline is time-critical — Hyo reads at 07:00
⚠ HIGH SEVERITY FLAG: flag-nel-001 [P1] No newsletter produced for 2026-05-07 — past 06:00 MT deadline (from nel)
  → Auto-triggering safeguard cascade...
  [safeguard] Logged trigger: flag-nel-001
  [safeguard] Spawning parallel prevention tasks:
    Delegated: nel-001 [P1] SAFEGUARD: Cross-reference issue (flag-nel-001) — scan entire codebase for similar patterns: No newsletter produced for 2026-05-07 — past 06:00 MT deadline → nel
    Delegated: sam-001 [P1] SAFEGUARD: Add test coverage for issue (flag-nel-001): No newsletter produced for 2026-05-07 — past 06:00 MT deadline → sam
    → Memory: NEW pattern logged to known-issues.jsonl
  → What's Next: dispatching auto-remediation to ra
Delegated: ra-001 [P1] [AUTO-REMEDIATE] No newsletter produced for 2026-05-07 — past 06:00 MT deadline (flagged by nel, cascade flag-nel-001) → ra
  → Queued event-driven ra run: event-ra-flag-nel-001 (agent will pick up task + reflect)
  → Queued re-check: recheck-flag-nel-001
[WHY][nel][22:00:06] no cipher drift flag — CIPHER_LEAKS=0, all permissions correct
✓ Stale file scan: clean
[WHY][nel][22:00:34] no stale flag — all files modified within 60d or have KEEP markers
! Found 29 broken links
[WHY][nel][22:00:35] P2 flag: 29 broken doc links — P2 not P1 because broken links degrade but don't break the system
Flag: flag-nel-001 [P2] Found 29 broken documentation links — fix or cleanup needed (from nel → kai)
  → What's Next: task created for next review cycle
! Found 47 scripts without test coverage
[WHY][nel][22:00:35] no dispatch flag for test gaps — P3 at most; filing in report is sufficient for rolling improvement
! Found 9 inefficient patterns
[WHY][nel][22:00:36] P3 flag: 9 code smells — P3 not P2 because anti-patterns don't break functionality
Flag: flag-nel-001 [P3] Found 9 code optimization opportunities — rolling improvement (from nel → kai, logged for weekly review)
! Audit found 7 issues
Flag: flag-nel-001 [P2] Audit found 7 system issues — review security/structure (from nel → kai)
  → What's Next: task created for next review cycle
✓ HQ state updated
✓ Report published: /Users/kai/Documents/Projects/Hyo/agents/sam/website/docs/nel/report-2026-05-07.md
✓ Self-review: nel pathway healthy
grep: invalid option -- P
usage: grep [-abcdDEFGHhIiJLlMmnOopqRSsUVvwXxZz] [-A num] [-B num] [-C[num]]
	[-e pattern] [-f file] [--binary-files=value] [--color=when]
	[--context[=num]] [--directories=action] [--label] [--line-buffered]
	[--null] [pattern] [file ...]
[SELF-REVIEW] nel: 14 findings — see /Users/kai/Documents/Projects/Hyo/agents/nel/logs/self-review-2026-05-07.md
Flag: flag-nel-001 [P2] [SELF-REVIEW] 2 untriggered files found (from nel → kai)
  → What's Next: task created for next review cycle
PLAYBOOK updated with research entry for 2026-05-07
[nel-research] 22:00:58 Findings archived to /Users/kai/Documents/Projects/Hyo/agents/ra/research/briefs/nel-2026-05-07.md
[nel-research] 22:00:58 Research cycle complete for nel
Nel reflection sections written to /tmp/nel-reflection-sections-20260507.json
[bluf-augment] nel: sections augmented — status: SHIPPED: IMP-20260414-nel-002 — Build dependency vulnerabili
agent-card: nel health_score 85 → 85 (+0)
✓ Nel agent-card.json written (health_score=85)
[agent-structured-report][nel] 22:00:58 WHY: Validating report schema before writing — unstructured reports cannot be reliably parsed by Kai or queued for follow-up
[agent-structured-report][nel] 22:00:58 All required fields present — writing structured report
[agent-structured-report][nel] 22:00:58 WHY: Writing to cycle-reports.jsonl (structured log) — enables Kai to query cycle history without parsing freeform markdown
[agent-structured-report][nel] 22:00:58 Report written to /Users/kai/Documents/Projects/Hyo/agents/nel/ledger/cycle-reports.jsonl
Updated /Users/kai/Documents/Projects/Hyo/agents/nel/ledger/ACTIVE.md
[agent-structured-report][nel] 22:00:58 ACTIVE.md updated with cycle summary

══════════════════════════════════════════════════════════
STRUCTURED REPORT ACCEPTED
Agent:          nel
Cycle ID:       2026-05-07-cycle-1
Phases done:    sentinel,cipher,stale-files,broken-links,test-coverage,patterns,audit,reflection
Phases failed:  none
Outputs:        agents/nel/logs/nel-2026-05-07.md
Next intent:    improve weakest finding: sentinel=4p/0f cipher_leaks=0 score=85
Log:            /Users/kai/Documents/Projects/Hyo/agents/nel/ledger/cycle-reports.jsonl
══════════════════════════════════════════════════════════
Report: nel → research+reflection cycle: score=85, sentinel=4p/0f, cipher_leaks=0, reflection_published=no
✓ Self-evolution logged: routine maintenance run
✓ Memory update: ACTIVE.md written
Self-delegated: nel-001 [P2] Fix 29 broken symlinks found during audit (nel → self, logged to kai)
Self-delegated: nel-001 [P3] Nel run complete: score=85, actions=1, sentinel=4/4 (nel → self, logged to kai)
✓ Dispatch: findings reported to Kai ledger
! System health acceptable, improvement opportunities identified.
[load-tool-registry][nel] WHY: Tool registry loaded — agents/tools.json gives typed interfaces for dispatch, ticket, kai_push, agent_execute_improvement
[growth] 22:00:03 [nel] Starting growth phase
[growth] 22:00:03 [nel] ARIC: research already complete for 2026-05-08 — skipping
[growth] 22:00:03 [nel] No open IMP improvement tickets — growth phase idle
grep: invalid option -- P
usage: grep [-abcdDEFGHhIiJLlMmnOopqRSsUVvwXxZz] [-A num] [-B num] [-C[num]]
	[-e pattern] [-f file] [--binary-files=value] [--color=when]
	[--context[=num]] [--directories=action] [--label] [--line-buffered]
	[--null] [pattern] [file ...]
grep: invalid option -- P
usage: grep [-abcdDEFGHhIiJLlMmnOopqRSsUVvwXxZz] [-A num] [-B num] [-C[num]]
	[-e pattern] [-f file] [--binary-files=value] [--color=when]
	[--context[=num]] [--directories=action] [--label] [--line-buffered]
	[--null] [pattern] [file ...]
grep: invalid option -- P
usage: grep [-abcdDEFGHhIiJLlMmnOopqRSsUVvwXxZz] [-A num] [-B num] [-C[num]]
	[-e pattern] [-f file] [--binary-files=value] [--color=when]
	[--context[=num]] [--directories=action] [--label] [--line-buffered]
	[--null] [pattern] [file ...]
grep: invalid option -- P
usage: grep [-abcdDEFGHhIiJLlMmnOopqRSsUVvwXxZz] [-A num] [-B num] [-C[num]]
	[-e pattern] [-f file] [--binary-files=value] [--color=when]
	[--context[=num]] [--directories=action] [--label] [--line-buffered]
	[--null] [pattern] [file ...]
✓ All projects passing sentinel checks
[WHY][nel][22:00:04] skipping dispatch flag because SENTINEL_FAIL=0 — no action needed
! No newsletter for today (2026-05-08) and it's past 06:00 MT
[WHY][nel][22:00:04] dispatching P1 (not P2) because newsletter absence past 06:00 MT deadline is time-critical — Hyo reads at 07:00
⚠ HIGH SEVERITY FLAG: flag-nel-001 [P1] No newsletter produced for 2026-05-08 — past 06:00 MT deadline (from nel)
  → Auto-triggering safeguard cascade...
  [safeguard] Logged trigger: flag-nel-001
  [safeguard] Spawning parallel prevention tasks:
    Delegated: nel-001 [P1] SAFEGUARD: Cross-reference issue (flag-nel-001) — scan entire codebase for similar patterns: No newsletter produced for 2026-05-08 — past 06:00 MT deadline → nel
    Delegated: sam-001 [P1] SAFEGUARD: Add test coverage for issue (flag-nel-001): No newsletter produced for 2026-05-08 — past 06:00 MT deadline → sam
    → Memory: NEW pattern logged to known-issues.jsonl
  → What's Next: dispatching auto-remediation to ra
Delegated: ra-001 [P1] [AUTO-REMEDIATE] No newsletter produced for 2026-05-08 — past 06:00 MT deadline (flagged by nel, cascade flag-nel-001) → ra
  → Queued event-driven ra run: event-ra-flag-nel-001 (agent will pick up task + reflect)
  → Queued re-check: recheck-flag-nel-001
[WHY][nel][22:00:05] no cipher drift flag — CIPHER_LEAKS=0, all permissions correct
✓ Stale file scan: clean
[WHY][nel][22:00:35] no stale flag — all files modified within 60d or have KEEP markers
! Found 30 broken links
[WHY][nel][22:00:36] P2 flag: 30 broken doc links — P2 not P1 because broken links degrade but don't break the system
Flag: flag-nel-001 [P2] Found 30 broken documentation links — fix or cleanup needed (from nel → kai)
  → What's Next: task created for next review cycle
! Found 47 scripts without test coverage
[WHY][nel][22:00:36] no dispatch flag for test gaps — P3 at most; filing in report is sufficient for rolling improvement
! Found 9 inefficient patterns
[WHY][nel][22:00:36] P3 flag: 9 code smells — P3 not P2 because anti-patterns don't break functionality
Flag: flag-nel-001 [P3] Found 9 code optimization opportunities — rolling improvement (from nel → kai, logged for weekly review)
! Audit found 7 issues
Flag: flag-nel-001 [P2] Audit found 7 system issues — review security/structure (from nel → kai)
  → What's Next: task created for next review cycle
✓ HQ state updated
✓ Report published: /Users/kai/Documents/Projects/Hyo/agents/sam/website/docs/nel/report-2026-05-08.md
✓ Self-review: nel pathway healthy
grep: invalid option -- P
usage: grep [-abcdDEFGHhIiJLlMmnOopqRSsUVvwXxZz] [-A num] [-B num] [-C[num]]
	[-e pattern] [-f file] [--binary-files=value] [--color=when]
	[--context[=num]] [--directories=action] [--label] [--line-buffered]
	[--null] [pattern] [file ...]
[SELF-REVIEW] nel: 13 findings — see /Users/kai/Documents/Projects/Hyo/agents/nel/logs/self-review-2026-05-08.md
Flag: flag-nel-001 [P2] [SELF-REVIEW] 1 untriggered files found (from nel → kai)
  → What's Next: task created for next review cycle
PLAYBOOK updated with research entry for 2026-05-08
[nel-research] 22:00:47 Findings archived to /Users/kai/Documents/Projects/Hyo/agents/ra/research/briefs/nel-2026-05-08.md
[nel-research] 22:00:47 Research cycle complete for nel
Nel reflection sections written to /tmp/nel-reflection-sections-20260508.json
[bluf-augment] nel: sections augmented — status: SHIPPED: IMP-20260414-nel-002 — Build dependency vulnerabili
agent-card: nel health_score 85 → 85 (+0)
✓ Nel agent-card.json written (health_score=85)
[agent-structured-report][nel] 22:00:47 WHY: Validating report schema before writing — unstructured reports cannot be reliably parsed by Kai or queued for follow-up
[agent-structured-report][nel] 22:00:47 All required fields present — writing structured report
[agent-structured-report][nel] 22:00:47 WHY: Writing to cycle-reports.jsonl (structured log) — enables Kai to query cycle history without parsing freeform markdown
[agent-structured-report][nel] 22:00:47 Report written to /Users/kai/Documents/Projects/Hyo/agents/nel/ledger/cycle-reports.jsonl
Updated /Users/kai/Documents/Projects/Hyo/agents/nel/ledger/ACTIVE.md
[agent-structured-report][nel] 22:00:47 ACTIVE.md updated with cycle summary

══════════════════════════════════════════════════════════
STRUCTURED REPORT ACCEPTED
Agent:          nel
Cycle ID:       2026-05-08-cycle-1
Phases done:    sentinel,cipher,stale-files,broken-links,test-coverage,patterns,audit,reflection
Phases failed:  none
Outputs:        agents/nel/logs/nel-2026-05-08.md
Next intent:    improve weakest finding: sentinel=4p/0f cipher_leaks=0 score=85
Log:            /Users/kai/Documents/Projects/Hyo/agents/nel/ledger/cycle-reports.jsonl
══════════════════════════════════════════════════════════
Report: nel → research+reflection cycle: score=85, sentinel=4p/0f, cipher_leaks=0, reflection_published=no
✓ Self-evolution logged: routine maintenance run
✓ Memory update: ACTIVE.md written
Self-delegated: nel-001 [P2] Fix 30 broken symlinks found during audit (nel → self, logged to kai)
Self-delegated: nel-001 [P3] Nel run complete: score=85, actions=1, sentinel=4/4 (nel → self, logged to kai)
✓ Dispatch: findings reported to Kai ledger
! System health acceptable, improvement opportunities identified.
[load-tool-registry][nel] WHY: Tool registry loaded — agents/tools.json gives typed interfaces for dispatch, ticket, kai_push, agent_execute_improvement
[growth] 22:00:00 [nel] Starting growth phase
[growth] 22:00:00 [nel] ARIC: research already complete for 2026-05-09 — skipping
[growth] 22:00:00 [nel] No open IMP improvement tickets — growth phase idle
grep: invalid option -- P
usage: grep [-abcdDEFGHhIiJLlMmnOopqRSsUVvwXxZz] [-A num] [-B num] [-C[num]]
	[-e pattern] [-f file] [--binary-files=value] [--color=when]
	[--context[=num]] [--directories=action] [--label] [--line-buffered]
	[--null] [pattern] [file ...]
grep: invalid option -- P
usage: grep [-abcdDEFGHhIiJLlMmnOopqRSsUVvwXxZz] [-A num] [-B num] [-C[num]]
	[-e pattern] [-f file] [--binary-files=value] [--color=when]
	[--context[=num]] [--directories=action] [--label] [--line-buffered]
	[--null] [pattern] [file ...]
grep: invalid option -- P
usage: grep [-abcdDEFGHhIiJLlMmnOopqRSsUVvwXxZz] [-A num] [-B num] [-C[num]]
	[-e pattern] [-f file] [--binary-files=value] [--color=when]
	[--context[=num]] [--directories=action] [--label] [--line-buffered]
	[--null] [pattern] [file ...]
grep: invalid option -- P
usage: grep [-abcdDEFGHhIiJLlMmnOopqRSsUVvwXxZz] [-A num] [-B num] [-C[num]]
	[-e pattern] [-f file] [--binary-files=value] [--color=when]
	[--context[=num]] [--directories=action] [--label] [--line-buffered]
	[--null] [pattern] [file ...]
✓ All projects passing sentinel checks
[WHY][nel][22:00:00] skipping dispatch flag because SENTINEL_FAIL=0 — no action needed
! No newsletter for today (2026-05-09) and it's past 06:00 MT
[WHY][nel][22:00:00] dispatching P1 (not P2) because newsletter absence past 06:00 MT deadline is time-critical — Hyo reads at 07:00
⚠ HIGH SEVERITY FLAG: flag-nel-001 [P1] No newsletter produced for 2026-05-09 — past 06:00 MT deadline (from nel)
  → Auto-triggering safeguard cascade...
  [safeguard] Logged trigger: flag-nel-001
  [safeguard] Spawning parallel prevention tasks:
    Delegated: nel-001 [P1] SAFEGUARD: Cross-reference issue (flag-nel-001) — scan entire codebase for similar patterns: No newsletter produced for 2026-05-09 — past 06:00 MT deadline → nel
    Delegated: sam-001 [P1] SAFEGUARD: Add test coverage for issue (flag-nel-001): No newsletter produced for 2026-05-09 — past 06:00 MT deadline → sam
    → Memory: NEW pattern logged to known-issues.jsonl
  → What's Next: dispatching auto-remediation to ra
Delegated: ra-001 [P1] [AUTO-REMEDIATE] No newsletter produced for 2026-05-09 — past 06:00 MT deadline (flagged by nel, cascade flag-nel-001) → ra
  → Queued event-driven ra run: event-ra-flag-nel-001 (agent will pick up task + reflect)
  → Queued re-check: recheck-flag-nel-001
[WHY][nel][22:00:01] no cipher drift flag — CIPHER_LEAKS=0, all permissions correct
✓ Stale file scan: clean
[WHY][nel][22:00:36] no stale flag — all files modified within 60d or have KEEP markers
! Found 29 broken links
[WHY][nel][22:00:36] P2 flag: 29 broken doc links — P2 not P1 because broken links degrade but don't break the system
Flag: flag-nel-001 [P2] Found 29 broken documentation links — fix or cleanup needed (from nel → kai)
  → What's Next: task created for next review cycle
! Found 47 scripts without test coverage
[WHY][nel][22:00:37] no dispatch flag for test gaps — P3 at most; filing in report is sufficient for rolling improvement
! Found 9 inefficient patterns
[WHY][nel][22:00:37] P3 flag: 9 code smells — P3 not P2 because anti-patterns don't break functionality
Flag: flag-nel-001 [P3] Found 9 code optimization opportunities — rolling improvement (from nel → kai, logged for weekly review)
! Audit found 7 issues
Flag: flag-nel-001 [P2] Audit found 7 system issues — review security/structure (from nel → kai)
  → What's Next: task created for next review cycle
✓ HQ state updated
✓ Report published: /Users/kai/Documents/Projects/Hyo/agents/sam/website/docs/nel/report-2026-05-09.md
✓ Self-review: nel pathway healthy
grep: invalid option -- P
usage: grep [-abcdDEFGHhIiJLlMmnOopqRSsUVvwXxZz] [-A num] [-B num] [-C[num]]
	[-e pattern] [-f file] [--binary-files=value] [--color=when]
	[--context[=num]] [--directories=action] [--label] [--line-buffered]
	[--null] [pattern] [file ...]
[SELF-REVIEW] nel: 13 findings — see /Users/kai/Documents/Projects/Hyo/agents/nel/logs/self-review-2026-05-09.md
Flag: flag-nel-001 [P2] [SELF-REVIEW] 1 untriggered files found (from nel → kai)
  → What's Next: task created for next review cycle
PLAYBOOK updated with research entry for 2026-05-09
[nel-research] 22:00:46 Findings archived to /Users/kai/Documents/Projects/Hyo/agents/ra/research/briefs/nel-2026-05-09.md
[nel-research] 22:00:46 Research cycle complete for nel
Nel reflection sections written to /tmp/nel-reflection-sections-20260509.json
[bluf-augment] nel: sections augmented — status: SHIPPED: IMP-20260414-nel-002 — Build dependency vulnerabili
agent-card: nel health_score 85 → 85 (+0)
✓ Nel agent-card.json written (health_score=85)
[agent-structured-report][nel] 22:00:46 WHY: Validating report schema before writing — unstructured reports cannot be reliably parsed by Kai or queued for follow-up
[agent-structured-report][nel] 22:00:46 All required fields present — writing structured report
[agent-structured-report][nel] 22:00:46 WHY: Writing to cycle-reports.jsonl (structured log) — enables Kai to query cycle history without parsing freeform markdown
[agent-structured-report][nel] 22:00:46 Report written to /Users/kai/Documents/Projects/Hyo/agents/nel/ledger/cycle-reports.jsonl
Updated /Users/kai/Documents/Projects/Hyo/agents/nel/ledger/ACTIVE.md
[agent-structured-report][nel] 22:00:46 ACTIVE.md updated with cycle summary

══════════════════════════════════════════════════════════
STRUCTURED REPORT ACCEPTED
Agent:          nel
Cycle ID:       2026-05-09-cycle-1
Phases done:    sentinel,cipher,stale-files,broken-links,test-coverage,patterns,audit,reflection
Phases failed:  none
Outputs:        agents/nel/logs/nel-2026-05-09.md
Next intent:    improve weakest finding: sentinel=4p/0f cipher_leaks=0 score=85
Log:            /Users/kai/Documents/Projects/Hyo/agents/nel/ledger/cycle-reports.jsonl
══════════════════════════════════════════════════════════
Report: nel → research+reflection cycle: score=85, sentinel=4p/0f, cipher_leaks=0, reflection_published=no
✓ Self-evolution logged: routine maintenance run
✓ Memory update: ACTIVE.md written
Self-delegated: nel-001 [P2] Fix 29 broken symlinks found during audit (nel → self, logged to kai)
Self-delegated: nel-001 [P3] Nel run complete: score=85, actions=1, sentinel=4/4 (nel → self, logged to kai)
✓ Dispatch: findings reported to Kai ledger
! System health acceptable, improvement opportunities identified.
[load-tool-registry][nel] WHY: Tool registry loaded — agents/tools.json gives typed interfaces for dispatch, ticket, kai_push, agent_execute_improvement
[growth] 22:00:00 [nel] Starting growth phase
[growth] 22:00:00 [nel] ARIC: research already complete for 2026-05-10 — skipping
[growth] 22:00:00 [nel] No open IMP improvement tickets — growth phase idle
grep: invalid option -- P
usage: grep [-abcdDEFGHhIiJLlMmnOopqRSsUVvwXxZz] [-A num] [-B num] [-C[num]]
	[-e pattern] [-f file] [--binary-files=value] [--color=when]
	[--context[=num]] [--directories=action] [--label] [--line-buffered]
	[--null] [pattern] [file ...]
grep: invalid option -- P
usage: grep [-abcdDEFGHhIiJLlMmnOopqRSsUVvwXxZz] [-A num] [-B num] [-C[num]]
	[-e pattern] [-f file] [--binary-files=value] [--color=when]
	[--context[=num]] [--directories=action] [--label] [--line-buffered]
	[--null] [pattern] [file ...]
grep: invalid option -- P
usage: grep [-abcdDEFGHhIiJLlMmnOopqRSsUVvwXxZz] [-A num] [-B num] [-C[num]]
	[-e pattern] [-f file] [--binary-files=value] [--color=when]
	[--context[=num]] [--directories=action] [--label] [--line-buffered]
	[--null] [pattern] [file ...]
grep: invalid option -- P
usage: grep [-abcdDEFGHhIiJLlMmnOopqRSsUVvwXxZz] [-A num] [-B num] [-C[num]]
	[-e pattern] [-f file] [--binary-files=value] [--color=when]
	[--context[=num]] [--directories=action] [--label] [--line-buffered]
	[--null] [pattern] [file ...]
✓ All projects passing sentinel checks
[WHY][nel][22:00:01] skipping dispatch flag because SENTINEL_FAIL=0 — no action needed
! No newsletter for today (2026-05-10) and it's past 06:00 MT
[WHY][nel][22:00:01] dispatching P1 (not P2) because newsletter absence past 06:00 MT deadline is time-critical — Hyo reads at 07:00
⚠ HIGH SEVERITY FLAG: flag-nel-001 [P1] No newsletter produced for 2026-05-10 — past 06:00 MT deadline (from nel)
  → Auto-triggering safeguard cascade...
  [safeguard] Logged trigger: flag-nel-001
  [safeguard] Spawning parallel prevention tasks:
    Delegated: nel-001 [P1] SAFEGUARD: Cross-reference issue (flag-nel-001) — scan entire codebase for similar patterns: No newsletter produced for 2026-05-10 — past 06:00 MT deadline → nel
    Delegated: sam-001 [P1] SAFEGUARD: Add test coverage for issue (flag-nel-001): No newsletter produced for 2026-05-10 — past 06:00 MT deadline → sam
    → Memory: NEW pattern logged to known-issues.jsonl
  → What's Next: dispatching auto-remediation to ra
Delegated: ra-001 [P1] [AUTO-REMEDIATE] No newsletter produced for 2026-05-10 — past 06:00 MT deadline (flagged by nel, cascade flag-nel-001) → ra
  → Queued event-driven ra run: event-ra-flag-nel-001 (agent will pick up task + reflect)
  → Queued re-check: recheck-flag-nel-001
[WHY][nel][22:00:01] no cipher drift flag — CIPHER_LEAKS=0, all permissions correct
✓ Stale file scan: clean
[WHY][nel][22:00:38] no stale flag — all files modified within 60d or have KEEP markers
! Found 28 broken links
[WHY][nel][22:00:39] P2 flag: 28 broken doc links — P2 not P1 because broken links degrade but don't break the system
Flag: flag-nel-001 [P2] Found 28 broken documentation links — fix or cleanup needed (from nel → kai)
  → What's Next: task created for next review cycle
! Found 47 scripts without test coverage
[WHY][nel][22:00:39] no dispatch flag for test gaps — P3 at most; filing in report is sufficient for rolling improvement
! Found 9 inefficient patterns
[WHY][nel][22:00:40] P3 flag: 9 code smells — P3 not P2 because anti-patterns don't break functionality
Flag: flag-nel-001 [P3] Found 9 code optimization opportunities — rolling improvement (from nel → kai, logged for weekly review)
! Audit found 7 issues
Flag: flag-nel-001 [P2] Audit found 7 system issues — review security/structure (from nel → kai)
  → What's Next: task created for next review cycle
✓ HQ state updated
✓ Report published: /Users/kai/Documents/Projects/Hyo/agents/sam/website/docs/nel/report-2026-05-10.md
✓ Self-review: nel pathway healthy
grep: invalid option -- P
usage: grep [-abcdDEFGHhIiJLlMmnOopqRSsUVvwXxZz] [-A num] [-B num] [-C[num]]
	[-e pattern] [-f file] [--binary-files=value] [--color=when]
	[--context[=num]] [--directories=action] [--label] [--line-buffered]
	[--null] [pattern] [file ...]
[SELF-REVIEW] nel: 13 findings — see /Users/kai/Documents/Projects/Hyo/agents/nel/logs/self-review-2026-05-10.md
Flag: flag-nel-001 [P2] [SELF-REVIEW] 1 untriggered files found (from nel → kai)
  → What's Next: task created for next review cycle
PLAYBOOK updated with research entry for 2026-05-10
[nel-research] 22:00:58 Findings archived to /Users/kai/Documents/Projects/Hyo/agents/ra/research/briefs/nel-2026-05-10.md
[nel-research] 22:00:58 Research cycle complete for nel
Nel reflection sections written to /tmp/nel-reflection-sections-20260510.json
[bluf-augment] nel: sections augmented — status: SHIPPED: IMP-20260414-nel-002 — Build dependency vulnerabili
agent-card: nel health_score 85 → 85 (+0)
✓ Nel agent-card.json written (health_score=85)
[agent-structured-report][nel] 22:00:58 WHY: Validating report schema before writing — unstructured reports cannot be reliably parsed by Kai or queued for follow-up
[agent-structured-report][nel] 22:00:58 All required fields present — writing structured report
[agent-structured-report][nel] 22:00:58 WHY: Writing to cycle-reports.jsonl (structured log) — enables Kai to query cycle history without parsing freeform markdown
[agent-structured-report][nel] 22:00:58 Report written to /Users/kai/Documents/Projects/Hyo/agents/nel/ledger/cycle-reports.jsonl
Updated /Users/kai/Documents/Projects/Hyo/agents/nel/ledger/ACTIVE.md
[agent-structured-report][nel] 22:00:58 ACTIVE.md updated with cycle summary

══════════════════════════════════════════════════════════
STRUCTURED REPORT ACCEPTED
Agent:          nel
Cycle ID:       2026-05-10-cycle-1
Phases done:    sentinel,cipher,stale-files,broken-links,test-coverage,patterns,audit,reflection
Phases failed:  none
Outputs:        agents/nel/logs/nel-2026-05-10.md
Next intent:    improve weakest finding: sentinel=4p/0f cipher_leaks=0 score=85
Log:            /Users/kai/Documents/Projects/Hyo/agents/nel/ledger/cycle-reports.jsonl
══════════════════════════════════════════════════════════
Report: nel → research+reflection cycle: score=85, sentinel=4p/0f, cipher_leaks=0, reflection_published=no
✓ Self-evolution logged: routine maintenance run
✓ Memory update: ACTIVE.md written
Self-delegated: nel-001 [P2] Fix 28 broken symlinks found during audit (nel → self, logged to kai)
Self-delegated: nel-001 [P3] Nel run complete: score=85, actions=1, sentinel=4/4 (nel → self, logged to kai)
✓ Dispatch: findings reported to Kai ledger
! System health acceptable, improvement opportunities identified.
[load-tool-registry][nel] WHY: Tool registry loaded — agents/tools.json gives typed interfaces for dispatch, ticket, kai_push, agent_execute_improvement
[growth] 22:00:03 [nel] Starting growth phase
[growth] 22:00:03 [nel] ARIC: research already complete for 2026-05-11 — skipping
[growth] 22:00:03 [nel] No open IMP improvement tickets — growth phase idle
grep: invalid option -- P
usage: grep [-abcdDEFGHhIiJLlMmnOopqRSsUVvwXxZz] [-A num] [-B num] [-C[num]]
	[-e pattern] [-f file] [--binary-files=value] [--color=when]
	[--context[=num]] [--directories=action] [--label] [--line-buffered]
	[--null] [pattern] [file ...]
grep: invalid option -- P
usage: grep [-abcdDEFGHhIiJLlMmnOopqRSsUVvwXxZz] [-A num] [-B num] [-C[num]]
	[-e pattern] [-f file] [--binary-files=value] [--color=when]
	[--context[=num]] [--directories=action] [--label] [--line-buffered]
	[--null] [pattern] [file ...]
grep: invalid option -- P
usage: grep [-abcdDEFGHhIiJLlMmnOopqRSsUVvwXxZz] [-A num] [-B num] [-C[num]]
	[-e pattern] [-f file] [--binary-files=value] [--color=when]
	[--context[=num]] [--directories=action] [--label] [--line-buffered]
	[--null] [pattern] [file ...]
grep: invalid option -- P
usage: grep [-abcdDEFGHhIiJLlMmnOopqRSsUVvwXxZz] [-A num] [-B num] [-C[num]]
	[-e pattern] [-f file] [--binary-files=value] [--color=when]
	[--context[=num]] [--directories=action] [--label] [--line-buffered]
	[--null] [pattern] [file ...]
✓ All projects passing sentinel checks
[WHY][nel][22:00:04] skipping dispatch flag because SENTINEL_FAIL=0 — no action needed
! No newsletter for today (2026-05-11) and it's past 06:00 MT
[WHY][nel][22:00:04] dispatching P1 (not P2) because newsletter absence past 06:00 MT deadline is time-critical — Hyo reads at 07:00
⚠ HIGH SEVERITY FLAG: flag-nel-001 [P1] No newsletter produced for 2026-05-11 — past 06:00 MT deadline (from nel)
  → Auto-triggering safeguard cascade...
  [safeguard] Logged trigger: flag-nel-001
  [safeguard] Spawning parallel prevention tasks:
    Delegated: nel-001 [P1] SAFEGUARD: Cross-reference issue (flag-nel-001) — scan entire codebase for similar patterns: No newsletter produced for 2026-05-11 — past 06:00 MT deadline → nel
    Delegated: sam-001 [P1] SAFEGUARD: Add test coverage for issue (flag-nel-001): No newsletter produced for 2026-05-11 — past 06:00 MT deadline → sam
    → Memory: NEW pattern logged to known-issues.jsonl
  → What's Next: dispatching auto-remediation to ra
Delegated: ra-001 [P1] [AUTO-REMEDIATE] No newsletter produced for 2026-05-11 — past 06:00 MT deadline (flagged by nel, cascade flag-nel-001) → ra
  → Queued event-driven ra run: event-ra-flag-nel-001 (agent will pick up task + reflect)
  → Queued re-check: recheck-flag-nel-001
[WHY][nel][22:00:05] no cipher drift flag — CIPHER_LEAKS=0, all permissions correct
✓ Stale file scan: clean
[WHY][nel][22:00:46] no stale flag — all files modified within 60d or have KEEP markers
! Found 29 broken links
[WHY][nel][22:00:47] P2 flag: 29 broken doc links — P2 not P1 because broken links degrade but don't break the system
Flag: flag-nel-001 [P2] Found 29 broken documentation links — fix or cleanup needed (from nel → kai)
  → What's Next: task created for next review cycle
! Found 47 scripts without test coverage
[WHY][nel][22:00:47] no dispatch flag for test gaps — P3 at most; filing in report is sufficient for rolling improvement
! Found 9 inefficient patterns
[WHY][nel][22:00:47] P3 flag: 9 code smells — P3 not P2 because anti-patterns don't break functionality
Flag: flag-nel-001 [P3] Found 9 code optimization opportunities — rolling improvement (from nel → kai, logged for weekly review)
! Audit found 7 issues
Flag: flag-nel-001 [P2] Audit found 7 system issues — review security/structure (from nel → kai)
  → What's Next: task created for next review cycle
✓ HQ state updated
✓ Report published: /Users/kai/Documents/Projects/Hyo/agents/sam/website/docs/nel/report-2026-05-11.md
✓ Self-review: nel pathway healthy
grep: invalid option -- P
usage: grep [-abcdDEFGHhIiJLlMmnOopqRSsUVvwXxZz] [-A num] [-B num] [-C[num]]
	[-e pattern] [-f file] [--binary-files=value] [--color=when]
	[--context[=num]] [--directories=action] [--label] [--line-buffered]
	[--null] [pattern] [file ...]
[SELF-REVIEW] nel: 13 findings — see /Users/kai/Documents/Projects/Hyo/agents/nel/logs/self-review-2026-05-11.md
Flag: flag-nel-001 [P2] [SELF-REVIEW] 1 untriggered files found (from nel → kai)
  → What's Next: task created for next review cycle
PLAYBOOK updated with research entry for 2026-05-11
[nel-research] 22:01:16 Findings archived to /Users/kai/Documents/Projects/Hyo/agents/ra/research/briefs/nel-2026-05-11.md
[nel-research] 22:01:16 Research cycle complete for nel
Nel reflection sections written to /tmp/nel-reflection-sections-20260511.json
[bluf-augment] nel: sections augmented — status: SHIPPED: IMP-20260414-nel-002 — Build dependency vulnerabili
agent-card: nel health_score 85 → 85 (+0)
✓ Nel agent-card.json written (health_score=85)
[agent-structured-report][nel] 22:01:17 WHY: Validating report schema before writing — unstructured reports cannot be reliably parsed by Kai or queued for follow-up
[agent-structured-report][nel] 22:01:17 All required fields present — writing structured report
[agent-structured-report][nel] 22:01:17 WHY: Writing to cycle-reports.jsonl (structured log) — enables Kai to query cycle history without parsing freeform markdown
[agent-structured-report][nel] 22:01:17 Report written to /Users/kai/Documents/Projects/Hyo/agents/nel/ledger/cycle-reports.jsonl
Updated /Users/kai/Documents/Projects/Hyo/agents/nel/ledger/ACTIVE.md
[agent-structured-report][nel] 22:01:17 ACTIVE.md updated with cycle summary

══════════════════════════════════════════════════════════
STRUCTURED REPORT ACCEPTED
Agent:          nel
Cycle ID:       2026-05-11-cycle-1
Phases done:    sentinel,cipher,stale-files,broken-links,test-coverage,patterns,audit,reflection
Phases failed:  none
Outputs:        agents/nel/logs/nel-2026-05-11.md
Next intent:    improve weakest finding: sentinel=4p/0f cipher_leaks=0 score=85
Log:            /Users/kai/Documents/Projects/Hyo/agents/nel/ledger/cycle-reports.jsonl
══════════════════════════════════════════════════════════
Report: nel → research+reflection cycle: score=85, sentinel=4p/0f, cipher_leaks=0, reflection_published=no
✓ Self-evolution logged: routine maintenance run
✓ Memory update: ACTIVE.md written
Self-delegated: nel-001 [P2] Fix 29 broken symlinks found during audit (nel → self, logged to kai)
Self-delegated: nel-001 [P3] Nel run complete: score=85, actions=1, sentinel=4/4 (nel → self, logged to kai)
✓ Dispatch: findings reported to Kai ledger
! System health acceptable, improvement opportunities identified.
[load-tool-registry][nel] WHY: Tool registry loaded — agents/tools.json gives typed interfaces for dispatch, ticket, kai_push, agent_execute_improvement
[growth] 22:00:01 [nel] Starting growth phase
[growth] 22:00:01 [nel] ARIC: research already complete for 2026-05-12 — skipping
[growth] 22:00:01 [nel] No open IMP improvement tickets — growth phase idle
grep: invalid option -- P
usage: grep [-abcdDEFGHhIiJLlMmnOopqRSsUVvwXxZz] [-A num] [-B num] [-C[num]]
	[-e pattern] [-f file] [--binary-files=value] [--color=when]
	[--context[=num]] [--directories=action] [--label] [--line-buffered]
	[--null] [pattern] [file ...]
grep: invalid option -- P
usage: grep [-abcdDEFGHhIiJLlMmnOopqRSsUVvwXxZz] [-A num] [-B num] [-C[num]]
	[-e pattern] [-f file] [--binary-files=value] [--color=when]
	[--context[=num]] [--directories=action] [--label] [--line-buffered]
	[--null] [pattern] [file ...]
grep: invalid option -- P
usage: grep [-abcdDEFGHhIiJLlMmnOopqRSsUVvwXxZz] [-A num] [-B num] [-C[num]]
	[-e pattern] [-f file] [--binary-files=value] [--color=when]
	[--context[=num]] [--directories=action] [--label] [--line-buffered]
	[--null] [pattern] [file ...]
grep: invalid option -- P
usage: grep [-abcdDEFGHhIiJLlMmnOopqRSsUVvwXxZz] [-A num] [-B num] [-C[num]]
	[-e pattern] [-f file] [--binary-files=value] [--color=when]
	[--context[=num]] [--directories=action] [--label] [--line-buffered]
	[--null] [pattern] [file ...]
✓ All projects passing sentinel checks
[WHY][nel][22:00:03] skipping dispatch flag because SENTINEL_FAIL=0 — no action needed
! No newsletter for today (2026-05-12) and it's past 06:00 MT
[WHY][nel][22:00:03] dispatching P1 (not P2) because newsletter absence past 06:00 MT deadline is time-critical — Hyo reads at 07:00
⚠ HIGH SEVERITY FLAG: flag-nel-001 [P1] No newsletter produced for 2026-05-12 — past 06:00 MT deadline (from nel)
  → Auto-triggering safeguard cascade...
  [safeguard] Logged trigger: flag-nel-001
  [safeguard] Spawning parallel prevention tasks:
    Delegated: nel-001 [P1] SAFEGUARD: Cross-reference issue (flag-nel-001) — scan entire codebase for similar patterns: No newsletter produced for 2026-05-12 — past 06:00 MT deadline → nel
    Delegated: sam-001 [P1] SAFEGUARD: Add test coverage for issue (flag-nel-001): No newsletter produced for 2026-05-12 — past 06:00 MT deadline → sam
    → Memory: NEW pattern logged to known-issues.jsonl
  → What's Next: dispatching auto-remediation to ra
Delegated: ra-001 [P1] [AUTO-REMEDIATE] No newsletter produced for 2026-05-12 — past 06:00 MT deadline (flagged by nel, cascade flag-nel-001) → ra
  → Queued event-driven ra run: event-ra-flag-nel-001 (agent will pick up task + reflect)
  → Queued re-check: recheck-flag-nel-001
[WHY][nel][22:00:04] no cipher drift flag — CIPHER_LEAKS=0, all permissions correct
✓ Stale file scan: clean
[WHY][nel][22:00:45] no stale flag — all files modified within 60d or have KEEP markers
! Found 30 broken links
[WHY][nel][22:00:46] P2 flag: 30 broken doc links — P2 not P1 because broken links degrade but don't break the system
Flag: flag-nel-001 [P2] Found 30 broken documentation links — fix or cleanup needed (from nel → kai)
  → What's Next: task created for next review cycle
! Found 47 scripts without test coverage
[WHY][nel][22:00:47] no dispatch flag for test gaps — P3 at most; filing in report is sufficient for rolling improvement
! Found 9 inefficient patterns
[WHY][nel][22:00:47] P3 flag: 9 code smells — P3 not P2 because anti-patterns don't break functionality
Flag: flag-nel-001 [P3] Found 9 code optimization opportunities — rolling improvement (from nel → kai, logged for weekly review)
! Audit found 7 issues
Flag: flag-nel-001 [P2] Audit found 7 system issues — review security/structure (from nel → kai)
  → What's Next: task created for next review cycle
✓ HQ state updated
✓ Report published: /Users/kai/Documents/Projects/Hyo/agents/sam/website/docs/nel/report-2026-05-12.md
✓ Self-review: nel pathway healthy
grep: invalid option -- P
usage: grep [-abcdDEFGHhIiJLlMmnOopqRSsUVvwXxZz] [-A num] [-B num] [-C[num]]
	[-e pattern] [-f file] [--binary-files=value] [--color=when]
	[--context[=num]] [--directories=action] [--label] [--line-buffered]
	[--null] [pattern] [file ...]
[SELF-REVIEW] nel: 13 findings — see /Users/kai/Documents/Projects/Hyo/agents/nel/logs/self-review-2026-05-12.md
Flag: flag-nel-001 [P2] [SELF-REVIEW] 1 untriggered files found (from nel → kai)
  → What's Next: task created for next review cycle
PLAYBOOK updated with research entry for 2026-05-12
[nel-research] 22:01:12 Findings archived to /Users/kai/Documents/Projects/Hyo/agents/ra/research/briefs/nel-2026-05-12.md
[nel-research] 22:01:12 Research cycle complete for nel
Nel reflection sections written to /tmp/nel-reflection-sections-20260512.json
[bluf-augment] nel: sections augmented — status: SHIPPED: IMP-20260414-nel-002 — Build dependency vulnerabili
agent-card: nel health_score 85 → 85 (+0)
✓ Nel agent-card.json written (health_score=85)
[agent-structured-report][nel] 22:01:12 WHY: Validating report schema before writing — unstructured reports cannot be reliably parsed by Kai or queued for follow-up
[agent-structured-report][nel] 22:01:12 All required fields present — writing structured report
[agent-structured-report][nel] 22:01:12 WHY: Writing to cycle-reports.jsonl (structured log) — enables Kai to query cycle history without parsing freeform markdown
[agent-structured-report][nel] 22:01:12 Report written to /Users/kai/Documents/Projects/Hyo/agents/nel/ledger/cycle-reports.jsonl
Updated /Users/kai/Documents/Projects/Hyo/agents/nel/ledger/ACTIVE.md
[agent-structured-report][nel] 22:01:12 ACTIVE.md updated with cycle summary

══════════════════════════════════════════════════════════
STRUCTURED REPORT ACCEPTED
Agent:          nel
Cycle ID:       2026-05-12-cycle-1
Phases done:    sentinel,cipher,stale-files,broken-links,test-coverage,patterns,audit,reflection
Phases failed:  none
Outputs:        agents/nel/logs/nel-2026-05-12.md
Next intent:    improve weakest finding: sentinel=4p/0f cipher_leaks=0 score=85
Log:            /Users/kai/Documents/Projects/Hyo/agents/nel/ledger/cycle-reports.jsonl
══════════════════════════════════════════════════════════
Report: nel → research+reflection cycle: score=85, sentinel=4p/0f, cipher_leaks=0, reflection_published=no
✓ Self-evolution logged: routine maintenance run
✓ Memory update: ACTIVE.md written
Self-delegated: nel-001 [P2] Fix 30 broken symlinks found during audit (nel → self, logged to kai)
Self-delegated: nel-001 [P3] Nel run complete: score=85, actions=1, sentinel=4/4 (nel → self, logged to kai)
✓ Dispatch: findings reported to Kai ledger
! System health acceptable, improvement opportunities identified.
[load-tool-registry][nel] WHY: Tool registry loaded — agents/tools.json gives typed interfaces for dispatch, ticket, kai_push, agent_execute_improvement
[growth] 22:00:04 [nel] Starting growth phase
[growth] 22:00:04 [nel] ARIC: research already complete for 2026-05-13 — skipping
[growth] 22:00:04 [nel] No open IMP improvement tickets — growth phase idle
grep: invalid option -- P
usage: grep [-abcdDEFGHhIiJLlMmnOopqRSsUVvwXxZz] [-A num] [-B num] [-C[num]]
	[-e pattern] [-f file] [--binary-files=value] [--color=when]
	[--context[=num]] [--directories=action] [--label] [--line-buffered]
	[--null] [pattern] [file ...]
grep: invalid option -- P
usage: grep [-abcdDEFGHhIiJLlMmnOopqRSsUVvwXxZz] [-A num] [-B num] [-C[num]]
	[-e pattern] [-f file] [--binary-files=value] [--color=when]
	[--context[=num]] [--directories=action] [--label] [--line-buffered]
	[--null] [pattern] [file ...]
grep: invalid option -- P
usage: grep [-abcdDEFGHhIiJLlMmnOopqRSsUVvwXxZz] [-A num] [-B num] [-C[num]]
	[-e pattern] [-f file] [--binary-files=value] [--color=when]
	[--context[=num]] [--directories=action] [--label] [--line-buffered]
	[--null] [pattern] [file ...]
grep: invalid option -- P
usage: grep [-abcdDEFGHhIiJLlMmnOopqRSsUVvwXxZz] [-A num] [-B num] [-C[num]]
	[-e pattern] [-f file] [--binary-files=value] [--color=when]
	[--context[=num]] [--directories=action] [--label] [--line-buffered]
	[--null] [pattern] [file ...]
✓ All projects passing sentinel checks
[WHY][nel][22:00:06] skipping dispatch flag because SENTINEL_FAIL=0 — no action needed
! No newsletter for today (2026-05-13) and it's past 06:00 MT
[WHY][nel][22:00:06] dispatching P1 (not P2) because newsletter absence past 06:00 MT deadline is time-critical — Hyo reads at 07:00
⚠ HIGH SEVERITY FLAG: flag-nel-001 [P1] No newsletter produced for 2026-05-13 — past 06:00 MT deadline (from nel)
  → Auto-triggering safeguard cascade...
  [safeguard] Logged trigger: flag-nel-001
  [safeguard] Spawning parallel prevention tasks:
    Delegated: nel-001 [P1] SAFEGUARD: Cross-reference issue (flag-nel-001) — scan entire codebase for similar patterns: No newsletter produced for 2026-05-13 — past 06:00 MT deadline → nel
    Delegated: sam-001 [P1] SAFEGUARD: Add test coverage for issue (flag-nel-001): No newsletter produced for 2026-05-13 — past 06:00 MT deadline → sam
    → Memory: NEW pattern logged to known-issues.jsonl
  → What's Next: dispatching auto-remediation to ra
Delegated: ra-001 [P1] [AUTO-REMEDIATE] No newsletter produced for 2026-05-13 — past 06:00 MT deadline (flagged by nel, cascade flag-nel-001) → ra
  → Queued event-driven ra run: event-ra-flag-nel-001 (agent will pick up task + reflect)
  → Queued re-check: recheck-flag-nel-001
[WHY][nel][22:00:07] no cipher drift flag — CIPHER_LEAKS=0, all permissions correct
✓ Stale file scan: clean
[WHY][nel][22:00:47] no stale flag — all files modified within 60d or have KEEP markers
! Found 29 broken links
[WHY][nel][22:00:48] P2 flag: 29 broken doc links — P2 not P1 because broken links degrade but don't break the system
Flag: flag-nel-001 [P2] Found 29 broken documentation links — fix or cleanup needed (from nel → kai)
  → What's Next: task created for next review cycle
! Found 47 scripts without test coverage
[WHY][nel][22:00:49] no dispatch flag for test gaps — P3 at most; filing in report is sufficient for rolling improvement
! Found 9 inefficient patterns
[WHY][nel][22:00:49] P3 flag: 9 code smells — P3 not P2 because anti-patterns don't break functionality
Flag: flag-nel-001 [P3] Found 9 code optimization opportunities — rolling improvement (from nel → kai, logged for weekly review)
! Audit found 7 issues
Flag: flag-nel-001 [P2] Audit found 7 system issues — review security/structure (from nel → kai)
  → What's Next: task created for next review cycle
✓ HQ state updated
✓ Report published: /Users/kai/Documents/Projects/Hyo/agents/sam/website/docs/nel/report-2026-05-13.md
✓ Self-review: nel pathway healthy
grep: invalid option -- P
usage: grep [-abcdDEFGHhIiJLlMmnOopqRSsUVvwXxZz] [-A num] [-B num] [-C[num]]
	[-e pattern] [-f file] [--binary-files=value] [--color=when]
	[--context[=num]] [--directories=action] [--label] [--line-buffered]
	[--null] [pattern] [file ...]
[SELF-REVIEW] nel: 14 findings — see /Users/kai/Documents/Projects/Hyo/agents/nel/logs/self-review-2026-05-13.md
Flag: flag-nel-001 [P2] [SELF-REVIEW] 2 untriggered files found (from nel → kai)
  → What's Next: task created for next review cycle
PLAYBOOK updated with research entry for 2026-05-13
[nel-research] 22:01:16 Findings archived to /Users/kai/Documents/Projects/Hyo/agents/ra/research/briefs/nel-2026-05-13.md
[nel-research] 22:01:16 Research cycle complete for nel
Nel reflection sections written to /tmp/nel-reflection-sections-20260513.json
[bluf-augment] nel: sections augmented — status: SHIPPED: IMP-20260414-nel-002 — Build dependency vulnerabili
agent-card: nel health_score 85 → 85 (+0)
✓ Nel agent-card.json written (health_score=85)
[agent-structured-report][nel] 22:01:16 WHY: Validating report schema before writing — unstructured reports cannot be reliably parsed by Kai or queued for follow-up
[agent-structured-report][nel] 22:01:16 All required fields present — writing structured report
[agent-structured-report][nel] 22:01:16 WHY: Writing to cycle-reports.jsonl (structured log) — enables Kai to query cycle history without parsing freeform markdown
[agent-structured-report][nel] 22:01:16 Report written to /Users/kai/Documents/Projects/Hyo/agents/nel/ledger/cycle-reports.jsonl
Updated /Users/kai/Documents/Projects/Hyo/agents/nel/ledger/ACTIVE.md
[agent-structured-report][nel] 22:01:16 ACTIVE.md updated with cycle summary

══════════════════════════════════════════════════════════
STRUCTURED REPORT ACCEPTED
Agent:          nel
Cycle ID:       2026-05-13-cycle-1
Phases done:    sentinel,cipher,stale-files,broken-links,test-coverage,patterns,audit,reflection
Phases failed:  none
Outputs:        agents/nel/logs/nel-2026-05-13.md
Next intent:    improve weakest finding: sentinel=4p/0f cipher_leaks=0 score=85
Log:            /Users/kai/Documents/Projects/Hyo/agents/nel/ledger/cycle-reports.jsonl
══════════════════════════════════════════════════════════
Report: nel → research+reflection cycle: score=85, sentinel=4p/0f, cipher_leaks=0, reflection_published=no
✓ Self-evolution logged: routine maintenance run
✓ Memory update: ACTIVE.md written
Self-delegated: nel-001 [P2] Fix 29 broken symlinks found during audit (nel → self, logged to kai)
Self-delegated: nel-001 [P3] Nel run complete: score=85, actions=1, sentinel=4/4 (nel → self, logged to kai)
✓ Dispatch: findings reported to Kai ledger
! System health acceptable, improvement opportunities identified.
[load-tool-registry][nel] WHY: Tool registry loaded — agents/tools.json gives typed interfaces for dispatch, ticket, kai_push, agent_execute_improvement
[growth] 22:00:00 [nel] Starting growth phase
[growth] 22:00:00 [nel] ARIC: research already complete for 2026-05-14 — skipping
[growth] 22:00:00 [nel] No open IMP improvement tickets — growth phase idle
grep: invalid option -- P
usage: grep [-abcdDEFGHhIiJLlMmnOopqRSsUVvwXxZz] [-A num] [-B num] [-C[num]]
	[-e pattern] [-f file] [--binary-files=value] [--color=when]
	[--context[=num]] [--directories=action] [--label] [--line-buffered]
	[--null] [pattern] [file ...]
grep: invalid option -- P
usage: grep [-abcdDEFGHhIiJLlMmnOopqRSsUVvwXxZz] [-A num] [-B num] [-C[num]]
	[-e pattern] [-f file] [--binary-files=value] [--color=when]
	[--context[=num]] [--directories=action] [--label] [--line-buffered]
	[--null] [pattern] [file ...]
grep: invalid option -- P
usage: grep [-abcdDEFGHhIiJLlMmnOopqRSsUVvwXxZz] [-A num] [-B num] [-C[num]]
	[-e pattern] [-f file] [--binary-files=value] [--color=when]
	[--context[=num]] [--directories=action] [--label] [--line-buffered]
	[--null] [pattern] [file ...]
grep: invalid option -- P
usage: grep [-abcdDEFGHhIiJLlMmnOopqRSsUVvwXxZz] [-A num] [-B num] [-C[num]]
	[-e pattern] [-f file] [--binary-files=value] [--color=when]
	[--context[=num]] [--directories=action] [--label] [--line-buffered]
	[--null] [pattern] [file ...]
✓ All projects passing sentinel checks
[WHY][nel][22:00:01] skipping dispatch flag because SENTINEL_FAIL=0 — no action needed
! No newsletter for today (2026-05-14) and it's past 06:00 MT
[WHY][nel][22:00:01] dispatching P1 (not P2) because newsletter absence past 06:00 MT deadline is time-critical — Hyo reads at 07:00
⚠ HIGH SEVERITY FLAG: flag-nel-001 [P1] No newsletter produced for 2026-05-14 — past 06:00 MT deadline (from nel)
  → Auto-triggering safeguard cascade...
  [safeguard] Logged trigger: flag-nel-001
  [safeguard] Spawning parallel prevention tasks:
    Delegated: nel-001 [P1] SAFEGUARD: Cross-reference issue (flag-nel-001) — scan entire codebase for similar patterns: No newsletter produced for 2026-05-14 — past 06:00 MT deadline → nel
    Delegated: sam-001 [P1] SAFEGUARD: Add test coverage for issue (flag-nel-001): No newsletter produced for 2026-05-14 — past 06:00 MT deadline → sam
    → Memory: NEW pattern logged to known-issues.jsonl
  → What's Next: dispatching auto-remediation to ra
Delegated: ra-001 [P1] [AUTO-REMEDIATE] No newsletter produced for 2026-05-14 — past 06:00 MT deadline (flagged by nel, cascade flag-nel-001) → ra
  → Queued event-driven ra run: event-ra-flag-nel-001 (agent will pick up task + reflect)
  → Queued re-check: recheck-flag-nel-001
[WHY][nel][22:00:02] no cipher drift flag — CIPHER_LEAKS=0, all permissions correct
✓ Stale file scan: clean
[WHY][nel][22:00:44] no stale flag — all files modified within 60d or have KEEP markers
! Found 29 broken links
[WHY][nel][22:00:45] P2 flag: 29 broken doc links — P2 not P1 because broken links degrade but don't break the system
Flag: flag-nel-001 [P2] Found 29 broken documentation links — fix or cleanup needed (from nel → kai)
  → What's Next: task created for next review cycle
! Found 47 scripts without test coverage
[WHY][nel][22:00:45] no dispatch flag for test gaps — P3 at most; filing in report is sufficient for rolling improvement
! Found 9 inefficient patterns
[WHY][nel][22:00:45] P3 flag: 9 code smells — P3 not P2 because anti-patterns don't break functionality
Flag: flag-nel-001 [P3] Found 9 code optimization opportunities — rolling improvement (from nel → kai, logged for weekly review)
! Audit found 7 issues
Flag: flag-nel-001 [P2] Audit found 7 system issues — review security/structure (from nel → kai)
  → What's Next: task created for next review cycle
✓ HQ state updated
✓ Report published: /Users/kai/Documents/Projects/Hyo/agents/sam/website/docs/nel/report-2026-05-14.md
✓ Self-review: nel pathway healthy
grep: invalid option -- P
usage: grep [-abcdDEFGHhIiJLlMmnOopqRSsUVvwXxZz] [-A num] [-B num] [-C[num]]
	[-e pattern] [-f file] [--binary-files=value] [--color=when]
	[--context[=num]] [--directories=action] [--label] [--line-buffered]
	[--null] [pattern] [file ...]
[SELF-REVIEW] nel: 13 findings — see /Users/kai/Documents/Projects/Hyo/agents/nel/logs/self-review-2026-05-14.md
Flag: flag-nel-001 [P2] [SELF-REVIEW] 1 untriggered files found (from nel → kai)
  → What's Next: task created for next review cycle
PLAYBOOK updated with research entry for 2026-05-14
[nel-research] 22:01:11 Findings archived to /Users/kai/Documents/Projects/Hyo/agents/ra/research/briefs/nel-2026-05-14.md
[nel-research] 22:01:11 Research cycle complete for nel
Nel reflection sections written to /tmp/nel-reflection-sections-20260514.json
[bluf-augment] nel: sections augmented — status: SHIPPED: IMP-20260414-nel-002 — Build dependency vulnerabili
agent-card: nel health_score 85 → 85 (+0)
✓ Nel agent-card.json written (health_score=85)
[agent-structured-report][nel] 22:01:11 WHY: Validating report schema before writing — unstructured reports cannot be reliably parsed by Kai or queued for follow-up
[agent-structured-report][nel] 22:01:11 All required fields present — writing structured report
[agent-structured-report][nel] 22:01:11 WHY: Writing to cycle-reports.jsonl (structured log) — enables Kai to query cycle history without parsing freeform markdown
[agent-structured-report][nel] 22:01:11 Report written to /Users/kai/Documents/Projects/Hyo/agents/nel/ledger/cycle-reports.jsonl
Updated /Users/kai/Documents/Projects/Hyo/agents/nel/ledger/ACTIVE.md
[agent-structured-report][nel] 22:01:11 ACTIVE.md updated with cycle summary

══════════════════════════════════════════════════════════
STRUCTURED REPORT ACCEPTED
Agent:          nel
Cycle ID:       2026-05-14-cycle-1
Phases done:    sentinel,cipher,stale-files,broken-links,test-coverage,patterns,audit,reflection
Phases failed:  none
Outputs:        agents/nel/logs/nel-2026-05-14.md
Next intent:    improve weakest finding: sentinel=4p/0f cipher_leaks=0 score=85
Log:            /Users/kai/Documents/Projects/Hyo/agents/nel/ledger/cycle-reports.jsonl
══════════════════════════════════════════════════════════
Report: nel → research+reflection cycle: score=85, sentinel=4p/0f, cipher_leaks=0, reflection_published=no
✓ Self-evolution logged: routine maintenance run
✓ Memory update: ACTIVE.md written
Self-delegated: nel-001 [P2] Fix 29 broken symlinks found during audit (nel → self, logged to kai)
Self-delegated: nel-001 [P3] Nel run complete: score=85, actions=1, sentinel=4/4 (nel → self, logged to kai)
✓ Dispatch: findings reported to Kai ledger
! System health acceptable, improvement opportunities identified.
[load-tool-registry][nel] WHY: Tool registry loaded — agents/tools.json gives typed interfaces for dispatch, ticket, kai_push, agent_execute_improvement
[growth] 22:00:00 [nel] Starting growth phase
[growth] 22:00:00 [nel] ARIC: research already complete for 2026-05-15 — skipping
[growth] 22:00:00 [nel] No open IMP improvement tickets — growth phase idle
grep: invalid option -- P
usage: grep [-abcdDEFGHhIiJLlMmnOopqRSsUVvwXxZz] [-A num] [-B num] [-C[num]]
	[-e pattern] [-f file] [--binary-files=value] [--color=when]
	[--context[=num]] [--directories=action] [--label] [--line-buffered]
	[--null] [pattern] [file ...]
grep: invalid option -- P
usage: grep [-abcdDEFGHhIiJLlMmnOopqRSsUVvwXxZz] [-A num] [-B num] [-C[num]]
	[-e pattern] [-f file] [--binary-files=value] [--color=when]
	[--context[=num]] [--directories=action] [--label] [--line-buffered]
	[--null] [pattern] [file ...]
grep: invalid option -- P
usage: grep [-abcdDEFGHhIiJLlMmnOopqRSsUVvwXxZz] [-A num] [-B num] [-C[num]]
	[-e pattern] [-f file] [--binary-files=value] [--color=when]
	[--context[=num]] [--directories=action] [--label] [--line-buffered]
	[--null] [pattern] [file ...]
grep: invalid option -- P
usage: grep [-abcdDEFGHhIiJLlMmnOopqRSsUVvwXxZz] [-A num] [-B num] [-C[num]]
	[-e pattern] [-f file] [--binary-files=value] [--color=when]
	[--context[=num]] [--directories=action] [--label] [--line-buffered]
	[--null] [pattern] [file ...]
✓ All projects passing sentinel checks
[WHY][nel][22:00:01] skipping dispatch flag because SENTINEL_FAIL=0 — no action needed
! No newsletter for today (2026-05-15) and it's past 06:00 MT
[WHY][nel][22:00:01] dispatching P1 (not P2) because newsletter absence past 06:00 MT deadline is time-critical — Hyo reads at 07:00
⚠ HIGH SEVERITY FLAG: flag-nel-001 [P1] No newsletter produced for 2026-05-15 — past 06:00 MT deadline (from nel)
  → Auto-triggering safeguard cascade...
  [safeguard] Logged trigger: flag-nel-001
  [safeguard] Spawning parallel prevention tasks:
    Delegated: nel-001 [P1] SAFEGUARD: Cross-reference issue (flag-nel-001) — scan entire codebase for similar patterns: No newsletter produced for 2026-05-15 — past 06:00 MT deadline → nel
    Delegated: sam-001 [P1] SAFEGUARD: Add test coverage for issue (flag-nel-001): No newsletter produced for 2026-05-15 — past 06:00 MT deadline → sam
    → Memory: NEW pattern logged to known-issues.jsonl
  → What's Next: dispatching auto-remediation to ra
Delegated: ra-001 [P1] [AUTO-REMEDIATE] No newsletter produced for 2026-05-15 — past 06:00 MT deadline (flagged by nel, cascade flag-nel-001) → ra
  → Queued event-driven ra run: event-ra-flag-nel-001 (agent will pick up task + reflect)
  → Queued re-check: recheck-flag-nel-001
[WHY][nel][22:00:03] no cipher drift flag — CIPHER_LEAKS=0, all permissions correct
✓ Stale file scan: clean
[WHY][nel][22:00:46] no stale flag — all files modified within 60d or have KEEP markers
! Found 29 broken links
[WHY][nel][22:00:46] P2 flag: 29 broken doc links — P2 not P1 because broken links degrade but don't break the system
Flag: flag-nel-001 [P2] Found 29 broken documentation links — fix or cleanup needed (from nel → kai)
  → What's Next: task created for next review cycle
! Found 47 scripts without test coverage
[WHY][nel][22:00:47] no dispatch flag for test gaps — P3 at most; filing in report is sufficient for rolling improvement
! Found 9 inefficient patterns
[WHY][nel][22:00:47] P3 flag: 9 code smells — P3 not P2 because anti-patterns don't break functionality
Flag: flag-nel-001 [P3] Found 9 code optimization opportunities — rolling improvement (from nel → kai, logged for weekly review)
! Audit found 7 issues
Flag: flag-nel-001 [P2] Audit found 7 system issues — review security/structure (from nel → kai)
  → What's Next: task created for next review cycle
✓ HQ state updated
✓ Report published: /Users/kai/Documents/Projects/Hyo/agents/sam/website/docs/nel/report-2026-05-15.md
✓ Self-review: nel pathway healthy
grep: invalid option -- P
usage: grep [-abcdDEFGHhIiJLlMmnOopqRSsUVvwXxZz] [-A num] [-B num] [-C[num]]
	[-e pattern] [-f file] [--binary-files=value] [--color=when]
	[--context[=num]] [--directories=action] [--label] [--line-buffered]
	[--null] [pattern] [file ...]
[SELF-REVIEW] nel: 13 findings — see /Users/kai/Documents/Projects/Hyo/agents/nel/logs/self-review-2026-05-15.md
Flag: flag-nel-001 [P2] [SELF-REVIEW] 1 untriggered files found (from nel → kai)
  → What's Next: task created for next review cycle
PLAYBOOK updated with research entry for 2026-05-15
[nel-research] 22:01:13 Findings archived to /Users/kai/Documents/Projects/Hyo/agents/ra/research/briefs/nel-2026-05-15.md
[nel-research] 22:01:13 Research cycle complete for nel
Nel reflection sections written to /tmp/nel-reflection-sections-20260515.json
[bluf-augment] nel: sections augmented — status: SHIPPED: IMP-20260414-nel-002 — Build dependency vulnerabili
agent-card: nel health_score 85 → 85 (+0)
✓ Nel agent-card.json written (health_score=85)
[agent-structured-report][nel] 22:01:13 WHY: Validating report schema before writing — unstructured reports cannot be reliably parsed by Kai or queued for follow-up
[agent-structured-report][nel] 22:01:13 All required fields present — writing structured report
[agent-structured-report][nel] 22:01:13 WHY: Writing to cycle-reports.jsonl (structured log) — enables Kai to query cycle history without parsing freeform markdown
[agent-structured-report][nel] 22:01:13 Report written to /Users/kai/Documents/Projects/Hyo/agents/nel/ledger/cycle-reports.jsonl
Updated /Users/kai/Documents/Projects/Hyo/agents/nel/ledger/ACTIVE.md
[agent-structured-report][nel] 22:01:13 ACTIVE.md updated with cycle summary

══════════════════════════════════════════════════════════
STRUCTURED REPORT ACCEPTED
Agent:          nel
Cycle ID:       2026-05-15-cycle-1
Phases done:    sentinel,cipher,stale-files,broken-links,test-coverage,patterns,audit,reflection
Phases failed:  none
Outputs:        agents/nel/logs/nel-2026-05-15.md
Next intent:    improve weakest finding: sentinel=4p/0f cipher_leaks=0 score=85
Log:            /Users/kai/Documents/Projects/Hyo/agents/nel/ledger/cycle-reports.jsonl
══════════════════════════════════════════════════════════
Report: nel → research+reflection cycle: score=85, sentinel=4p/0f, cipher_leaks=0, reflection_published=no
✓ Self-evolution logged: routine maintenance run
✓ Memory update: ACTIVE.md written
Self-delegated: nel-001 [P2] Fix 29 broken symlinks found during audit (nel → self, logged to kai)
Self-delegated: nel-001 [P3] Nel run complete: score=85, actions=1, sentinel=4/4 (nel → self, logged to kai)
✓ Dispatch: findings reported to Kai ledger
! System health acceptable, improvement opportunities identified.
[load-tool-registry][nel] WHY: Tool registry loaded — agents/tools.json gives typed interfaces for dispatch, ticket, kai_push, agent_execute_improvement
[growth] 22:00:02 [nel] Starting growth phase
[growth] 22:00:02 [nel] ARIC: research already complete for 2026-05-16 — skipping
[growth] 22:00:02 [nel] No open IMP improvement tickets — growth phase idle
grep: invalid option -- P
usage: grep [-abcdDEFGHhIiJLlMmnOopqRSsUVvwXxZz] [-A num] [-B num] [-C[num]]
	[-e pattern] [-f file] [--binary-files=value] [--color=when]
	[--context[=num]] [--directories=action] [--label] [--line-buffered]
	[--null] [pattern] [file ...]
grep: invalid option -- P
usage: grep [-abcdDEFGHhIiJLlMmnOopqRSsUVvwXxZz] [-A num] [-B num] [-C[num]]
	[-e pattern] [-f file] [--binary-files=value] [--color=when]
	[--context[=num]] [--directories=action] [--label] [--line-buffered]
	[--null] [pattern] [file ...]
grep: invalid option -- P
usage: grep [-abcdDEFGHhIiJLlMmnOopqRSsUVvwXxZz] [-A num] [-B num] [-C[num]]
	[-e pattern] [-f file] [--binary-files=value] [--color=when]
	[--context[=num]] [--directories=action] [--label] [--line-buffered]
	[--null] [pattern] [file ...]
grep: invalid option -- P
usage: grep [-abcdDEFGHhIiJLlMmnOopqRSsUVvwXxZz] [-A num] [-B num] [-C[num]]
	[-e pattern] [-f file] [--binary-files=value] [--color=when]
	[--context[=num]] [--directories=action] [--label] [--line-buffered]
	[--null] [pattern] [file ...]
✓ All projects passing sentinel checks
[WHY][nel][22:00:04] skipping dispatch flag because SENTINEL_FAIL=0 — no action needed
! No newsletter for today (2026-05-16) and it's past 06:00 MT
[WHY][nel][22:00:04] dispatching P1 (not P2) because newsletter absence past 06:00 MT deadline is time-critical — Hyo reads at 07:00
⚠ HIGH SEVERITY FLAG: flag-nel-001 [P1] No newsletter produced for 2026-05-16 — past 06:00 MT deadline (from nel)
  → Auto-triggering safeguard cascade...
  [safeguard] Logged trigger: flag-nel-001
  [safeguard] Spawning parallel prevention tasks:
    Delegated: nel-001 [P1] SAFEGUARD: Cross-reference issue (flag-nel-001) — scan entire codebase for similar patterns: No newsletter produced for 2026-05-16 — past 06:00 MT deadline → nel
    Delegated: sam-001 [P1] SAFEGUARD: Add test coverage for issue (flag-nel-001): No newsletter produced for 2026-05-16 — past 06:00 MT deadline → sam
    → Memory: NEW pattern logged to known-issues.jsonl
  → What's Next: dispatching auto-remediation to ra
Delegated: ra-001 [P1] [AUTO-REMEDIATE] No newsletter produced for 2026-05-16 — past 06:00 MT deadline (flagged by nel, cascade flag-nel-001) → ra
  → Queued event-driven ra run: event-ra-flag-nel-001 (agent will pick up task + reflect)
  → Queued re-check: recheck-flag-nel-001
[WHY][nel][22:00:05] no cipher drift flag — CIPHER_LEAKS=0, all permissions correct
✓ Stale file scan: clean
[WHY][nel][22:00:49] no stale flag — all files modified within 60d or have KEEP markers
! Found 29 broken links
[WHY][nel][22:00:50] P2 flag: 29 broken doc links — P2 not P1 because broken links degrade but don't break the system
Flag: flag-nel-001 [P2] Found 29 broken documentation links — fix or cleanup needed (from nel → kai)
  → What's Next: task created for next review cycle
! Found 47 scripts without test coverage
[WHY][nel][22:00:51] no dispatch flag for test gaps — P3 at most; filing in report is sufficient for rolling improvement
! Found 9 inefficient patterns
[WHY][nel][22:00:51] P3 flag: 9 code smells — P3 not P2 because anti-patterns don't break functionality
Flag: flag-nel-001 [P3] Found 9 code optimization opportunities — rolling improvement (from nel → kai, logged for weekly review)
! Audit found 7 issues
Flag: flag-nel-001 [P2] Audit found 7 system issues — review security/structure (from nel → kai)
  → What's Next: task created for next review cycle
✓ HQ state updated
✓ Report published: /Users/kai/Documents/Projects/Hyo/agents/sam/website/docs/nel/report-2026-05-16.md
✓ Self-review: nel pathway healthy
grep: invalid option -- P
usage: grep [-abcdDEFGHhIiJLlMmnOopqRSsUVvwXxZz] [-A num] [-B num] [-C[num]]
	[-e pattern] [-f file] [--binary-files=value] [--color=when]
	[--context[=num]] [--directories=action] [--label] [--line-buffered]
	[--null] [pattern] [file ...]
[SELF-REVIEW] nel: 13 findings — see /Users/kai/Documents/Projects/Hyo/agents/nel/logs/self-review-2026-05-16.md
Flag: flag-nel-001 [P2] [SELF-REVIEW] 1 untriggered files found (from nel → kai)
  → What's Next: task created for next review cycle
PLAYBOOK updated with research entry for 2026-05-16
[nel-research] 22:01:00 Findings archived to /Users/kai/Documents/Projects/Hyo/agents/ra/research/briefs/nel-2026-05-16.md
[nel-research] 22:01:00 Research cycle complete for nel
Nel reflection sections written to /tmp/nel-reflection-sections-20260516.json
[bluf-augment] nel: sections augmented — status: SHIPPED: IMP-20260414-nel-002 — Build dependency vulnerabili
agent-card: nel health_score 85 → 85 (+0)
✓ Nel agent-card.json written (health_score=85)
[agent-structured-report][nel] 22:01:00 WHY: Validating report schema before writing — unstructured reports cannot be reliably parsed by Kai or queued for follow-up
[agent-structured-report][nel] 22:01:00 All required fields present — writing structured report
[agent-structured-report][nel] 22:01:00 WHY: Writing to cycle-reports.jsonl (structured log) — enables Kai to query cycle history without parsing freeform markdown
[agent-structured-report][nel] 22:01:00 Report written to /Users/kai/Documents/Projects/Hyo/agents/nel/ledger/cycle-reports.jsonl
Updated /Users/kai/Documents/Projects/Hyo/agents/nel/ledger/ACTIVE.md
[agent-structured-report][nel] 22:01:00 ACTIVE.md updated with cycle summary

══════════════════════════════════════════════════════════
STRUCTURED REPORT ACCEPTED
Agent:          nel
Cycle ID:       2026-05-16-cycle-1
Phases done:    sentinel,cipher,stale-files,broken-links,test-coverage,patterns,audit,reflection
Phases failed:  none
Outputs:        agents/nel/logs/nel-2026-05-16.md
Next intent:    improve weakest finding: sentinel=4p/0f cipher_leaks=0 score=85
Log:            /Users/kai/Documents/Projects/Hyo/agents/nel/ledger/cycle-reports.jsonl
══════════════════════════════════════════════════════════
Report: nel → research+reflection cycle: score=85, sentinel=4p/0f, cipher_leaks=0, reflection_published=no
✓ Self-evolution logged: routine maintenance run
✓ Memory update: ACTIVE.md written
Self-delegated: nel-001 [P2] Fix 29 broken symlinks found during audit (nel → self, logged to kai)
Self-delegated: nel-001 [P3] Nel run complete: score=85, actions=1, sentinel=4/4 (nel → self, logged to kai)
✓ Dispatch: findings reported to Kai ledger
! System health acceptable, improvement opportunities identified.
[load-tool-registry][nel] WHY: Tool registry loaded — agents/tools.json gives typed interfaces for dispatch, ticket, kai_push, agent_execute_improvement
[growth] 22:00:05 [nel] Starting growth phase
[growth] 22:00:05 [nel] ARIC: research already complete for 2026-05-17 — skipping
[growth] 22:00:05 [nel] No open IMP improvement tickets — growth phase idle
grep: invalid option -- P
usage: grep [-abcdDEFGHhIiJLlMmnOopqRSsUVvwXxZz] [-A num] [-B num] [-C[num]]
	[-e pattern] [-f file] [--binary-files=value] [--color=when]
	[--context[=num]] [--directories=action] [--label] [--line-buffered]
	[--null] [pattern] [file ...]
grep: invalid option -- P
usage: grep [-abcdDEFGHhIiJLlMmnOopqRSsUVvwXxZz] [-A num] [-B num] [-C[num]]
	[-e pattern] [-f file] [--binary-files=value] [--color=when]
	[--context[=num]] [--directories=action] [--label] [--line-buffered]
	[--null] [pattern] [file ...]
grep: invalid option -- P
usage: grep [-abcdDEFGHhIiJLlMmnOopqRSsUVvwXxZz] [-A num] [-B num] [-C[num]]
	[-e pattern] [-f file] [--binary-files=value] [--color=when]
	[--context[=num]] [--directories=action] [--label] [--line-buffered]
	[--null] [pattern] [file ...]
grep: invalid option -- P
usage: grep [-abcdDEFGHhIiJLlMmnOopqRSsUVvwXxZz] [-A num] [-B num] [-C[num]]
	[-e pattern] [-f file] [--binary-files=value] [--color=when]
	[--context[=num]] [--directories=action] [--label] [--line-buffered]
	[--null] [pattern] [file ...]
✓ All projects passing sentinel checks
[WHY][nel][22:00:06] skipping dispatch flag because SENTINEL_FAIL=0 — no action needed
! No newsletter for today (2026-05-17) and it's past 06:00 MT
[WHY][nel][22:00:06] dispatching P1 (not P2) because newsletter absence past 06:00 MT deadline is time-critical — Hyo reads at 07:00
⚠ HIGH SEVERITY FLAG: flag-nel-001 [P1] No newsletter produced for 2026-05-17 — past 06:00 MT deadline (from nel)
  → Auto-triggering safeguard cascade...
  [safeguard] Logged trigger: flag-nel-001
  [safeguard] Spawning parallel prevention tasks:
    Delegated: nel-001 [P1] SAFEGUARD: Cross-reference issue (flag-nel-001) — scan entire codebase for similar patterns: No newsletter produced for 2026-05-17 — past 06:00 MT deadline → nel
    Delegated: sam-001 [P1] SAFEGUARD: Add test coverage for issue (flag-nel-001): No newsletter produced for 2026-05-17 — past 06:00 MT deadline → sam
    → Memory: NEW pattern logged to known-issues.jsonl
  → What's Next: dispatching auto-remediation to ra
Delegated: ra-001 [P1] [AUTO-REMEDIATE] No newsletter produced for 2026-05-17 — past 06:00 MT deadline (flagged by nel, cascade flag-nel-001) → ra
  → Queued event-driven ra run: event-ra-flag-nel-001 (agent will pick up task + reflect)
  → Queued re-check: recheck-flag-nel-001
[WHY][nel][22:00:08] no cipher drift flag — CIPHER_LEAKS=0, all permissions correct
✓ Stale file scan: clean
[WHY][nel][22:00:53] no stale flag — all files modified within 60d or have KEEP markers
! Found 29 broken links
[WHY][nel][22:00:54] P2 flag: 29 broken doc links — P2 not P1 because broken links degrade but don't break the system
Flag: flag-nel-001 [P2] Found 29 broken documentation links — fix or cleanup needed (from nel → kai)
  → What's Next: task created for next review cycle
! Found 47 scripts without test coverage
[WHY][nel][22:00:54] no dispatch flag for test gaps — P3 at most; filing in report is sufficient for rolling improvement
! Found 9 inefficient patterns
[WHY][nel][22:00:54] P3 flag: 9 code smells — P3 not P2 because anti-patterns don't break functionality
Flag: flag-nel-001 [P3] Found 9 code optimization opportunities — rolling improvement (from nel → kai, logged for weekly review)
! Audit found 7 issues
Flag: flag-nel-001 [P2] Audit found 7 system issues — review security/structure (from nel → kai)
  → What's Next: task created for next review cycle
✓ HQ state updated
✓ Report published: /Users/kai/Documents/Projects/Hyo/agents/sam/website/docs/nel/report-2026-05-17.md
✓ Self-review: nel pathway healthy
grep: invalid option -- P
usage: grep [-abcdDEFGHhIiJLlMmnOopqRSsUVvwXxZz] [-A num] [-B num] [-C[num]]
	[-e pattern] [-f file] [--binary-files=value] [--color=when]
	[--context[=num]] [--directories=action] [--label] [--line-buffered]
	[--null] [pattern] [file ...]
[SELF-REVIEW] nel: 13 findings — see /Users/kai/Documents/Projects/Hyo/agents/nel/logs/self-review-2026-05-17.md
Flag: flag-nel-001 [P2] [SELF-REVIEW] 1 untriggered files found (from nel → kai)
  → What's Next: task created for next review cycle
PLAYBOOK updated with research entry for 2026-05-17
[nel-research] 22:01:06 Findings archived to /Users/kai/Documents/Projects/Hyo/agents/ra/research/briefs/nel-2026-05-17.md
[nel-research] 22:01:06 Research cycle complete for nel
Nel reflection sections written to /tmp/nel-reflection-sections-20260517.json
[bluf-augment] nel: sections augmented — status: SHIPPED: IMP-20260414-nel-002 — Build dependency vulnerabili
agent-card: nel health_score 85 → 85 (+0)
✓ Nel agent-card.json written (health_score=85)
[agent-structured-report][nel] 22:01:06 WHY: Validating report schema before writing — unstructured reports cannot be reliably parsed by Kai or queued for follow-up
[agent-structured-report][nel] 22:01:06 All required fields present — writing structured report
[agent-structured-report][nel] 22:01:06 WHY: Writing to cycle-reports.jsonl (structured log) — enables Kai to query cycle history without parsing freeform markdown
[agent-structured-report][nel] 22:01:06 Report written to /Users/kai/Documents/Projects/Hyo/agents/nel/ledger/cycle-reports.jsonl
Updated /Users/kai/Documents/Projects/Hyo/agents/nel/ledger/ACTIVE.md
[agent-structured-report][nel] 22:01:06 ACTIVE.md updated with cycle summary

══════════════════════════════════════════════════════════
STRUCTURED REPORT ACCEPTED
Agent:          nel
Cycle ID:       2026-05-17-cycle-1
Phases done:    sentinel,cipher,stale-files,broken-links,test-coverage,patterns,audit,reflection
Phases failed:  none
Outputs:        agents/nel/logs/nel-2026-05-17.md
Next intent:    improve weakest finding: sentinel=4p/0f cipher_leaks=0 score=85
Log:            /Users/kai/Documents/Projects/Hyo/agents/nel/ledger/cycle-reports.jsonl
══════════════════════════════════════════════════════════
Report: nel → research+reflection cycle: score=85, sentinel=4p/0f, cipher_leaks=0, reflection_published=no
✓ Self-evolution logged: routine maintenance run
✓ Memory update: ACTIVE.md written
Self-delegated: nel-001 [P2] Fix 29 broken symlinks found during audit (nel → self, logged to kai)
Self-delegated: nel-001 [P3] Nel run complete: score=85, actions=1, sentinel=4/4 (nel → self, logged to kai)
✓ Dispatch: findings reported to Kai ledger
! System health acceptable, improvement opportunities identified.
[load-tool-registry][nel] WHY: Tool registry loaded — agents/tools.json gives typed interfaces for dispatch, ticket, kai_push, agent_execute_improvement
[growth] 22:00:01 [nel] Starting growth phase
[growth] 22:00:01 [nel] ARIC: research already complete for 2026-05-18 — skipping
[growth] 22:00:01 [nel] No open IMP improvement tickets — growth phase idle
grep: invalid option -- P
usage: grep [-abcdDEFGHhIiJLlMmnOopqRSsUVvwXxZz] [-A num] [-B num] [-C[num]]
	[-e pattern] [-f file] [--binary-files=value] [--color=when]
	[--context[=num]] [--directories=action] [--label] [--line-buffered]
	[--null] [pattern] [file ...]
grep: invalid option -- P
usage: grep [-abcdDEFGHhIiJLlMmnOopqRSsUVvwXxZz] [-A num] [-B num] [-C[num]]
	[-e pattern] [-f file] [--binary-files=value] [--color=when]
	[--context[=num]] [--directories=action] [--label] [--line-buffered]
	[--null] [pattern] [file ...]
grep: invalid option -- P
usage: grep [-abcdDEFGHhIiJLlMmnOopqRSsUVvwXxZz] [-A num] [-B num] [-C[num]]
	[-e pattern] [-f file] [--binary-files=value] [--color=when]
	[--context[=num]] [--directories=action] [--label] [--line-buffered]
	[--null] [pattern] [file ...]
grep: invalid option -- P
usage: grep [-abcdDEFGHhIiJLlMmnOopqRSsUVvwXxZz] [-A num] [-B num] [-C[num]]
	[-e pattern] [-f file] [--binary-files=value] [--color=when]
	[--context[=num]] [--directories=action] [--label] [--line-buffered]
	[--null] [pattern] [file ...]
✓ All projects passing sentinel checks
[WHY][nel][22:00:02] skipping dispatch flag because SENTINEL_FAIL=0 — no action needed
! No newsletter for today (2026-05-18) and it's past 06:00 MT
[WHY][nel][22:00:02] dispatching P1 (not P2) because newsletter absence past 06:00 MT deadline is time-critical — Hyo reads at 07:00
⚠ HIGH SEVERITY FLAG: flag-nel-001 [P1] No newsletter produced for 2026-05-18 — past 06:00 MT deadline (from nel)
  → Auto-triggering safeguard cascade...
  [safeguard] Logged trigger: flag-nel-001
  [safeguard] Spawning parallel prevention tasks:
    Delegated: nel-001 [P1] SAFEGUARD: Cross-reference issue (flag-nel-001) — scan entire codebase for similar patterns: No newsletter produced for 2026-05-18 — past 06:00 MT deadline → nel
    Delegated: sam-001 [P1] SAFEGUARD: Add test coverage for issue (flag-nel-001): No newsletter produced for 2026-05-18 — past 06:00 MT deadline → sam
    → Memory: NEW pattern logged to known-issues.jsonl
  → What's Next: dispatching auto-remediation to ra
Delegated: ra-001 [P1] [AUTO-REMEDIATE] No newsletter produced for 2026-05-18 — past 06:00 MT deadline (flagged by nel, cascade flag-nel-001) → ra
  → Queued event-driven ra run: event-ra-flag-nel-001 (agent will pick up task + reflect)
  → Queued re-check: recheck-flag-nel-001
[WHY][nel][22:00:04] no cipher drift flag — CIPHER_LEAKS=0, all permissions correct
✓ Stale file scan: clean
[WHY][nel][22:00:50] no stale flag — all files modified within 60d or have KEEP markers
! Found 29 broken links
[WHY][nel][22:00:51] P2 flag: 29 broken doc links — P2 not P1 because broken links degrade but don't break the system
Flag: flag-nel-001 [P2] Found 29 broken documentation links — fix or cleanup needed (from nel → kai)
  → What's Next: task created for next review cycle
! Found 47 scripts without test coverage
[WHY][nel][22:00:52] no dispatch flag for test gaps — P3 at most; filing in report is sufficient for rolling improvement
! Found 9 inefficient patterns
[WHY][nel][22:00:52] P3 flag: 9 code smells — P3 not P2 because anti-patterns don't break functionality
Flag: flag-nel-001 [P3] Found 9 code optimization opportunities — rolling improvement (from nel → kai, logged for weekly review)
! Audit found 7 issues
Flag: flag-nel-001 [P2] Audit found 7 system issues — review security/structure (from nel → kai)
  → What's Next: task created for next review cycle
✓ HQ state updated
✓ Report published: /Users/kai/Documents/Projects/Hyo/agents/sam/website/docs/nel/report-2026-05-18.md
✓ Self-review: nel pathway healthy
grep: invalid option -- P
usage: grep [-abcdDEFGHhIiJLlMmnOopqRSsUVvwXxZz] [-A num] [-B num] [-C[num]]
	[-e pattern] [-f file] [--binary-files=value] [--color=when]
	[--context[=num]] [--directories=action] [--label] [--line-buffered]
	[--null] [pattern] [file ...]
[SELF-REVIEW] nel: 13 findings — see /Users/kai/Documents/Projects/Hyo/agents/nel/logs/self-review-2026-05-18.md
Flag: flag-nel-001 [P2] [SELF-REVIEW] 1 untriggered files found (from nel → kai)
  → What's Next: task created for next review cycle
PLAYBOOK updated with research entry for 2026-05-18
[nel-research] 22:01:18 Findings archived to /Users/kai/Documents/Projects/Hyo/agents/ra/research/briefs/nel-2026-05-18.md
[nel-research] 22:01:18 Research cycle complete for nel
Nel reflection sections written to /tmp/nel-reflection-sections-20260518.json
[bluf-augment] nel: sections augmented — status: SHIPPED: IMP-20260414-nel-002 — Build dependency vulnerabili
agent-card: nel health_score 85 → 85 (+0)
✓ Nel agent-card.json written (health_score=85)
[agent-structured-report][nel] 22:01:18 WHY: Validating report schema before writing — unstructured reports cannot be reliably parsed by Kai or queued for follow-up
[agent-structured-report][nel] 22:01:18 All required fields present — writing structured report
[agent-structured-report][nel] 22:01:18 WHY: Writing to cycle-reports.jsonl (structured log) — enables Kai to query cycle history without parsing freeform markdown
[agent-structured-report][nel] 22:01:18 Report written to /Users/kai/Documents/Projects/Hyo/agents/nel/ledger/cycle-reports.jsonl
Updated /Users/kai/Documents/Projects/Hyo/agents/nel/ledger/ACTIVE.md
[agent-structured-report][nel] 22:01:18 ACTIVE.md updated with cycle summary

══════════════════════════════════════════════════════════
STRUCTURED REPORT ACCEPTED
Agent:          nel
Cycle ID:       2026-05-18-cycle-1
Phases done:    sentinel,cipher,stale-files,broken-links,test-coverage,patterns,audit,reflection
Phases failed:  none
Outputs:        agents/nel/logs/nel-2026-05-18.md
Next intent:    improve weakest finding: sentinel=4p/0f cipher_leaks=0 score=85
Log:            /Users/kai/Documents/Projects/Hyo/agents/nel/ledger/cycle-reports.jsonl
══════════════════════════════════════════════════════════
Report: nel → research+reflection cycle: score=85, sentinel=4p/0f, cipher_leaks=0, reflection_published=no
✓ Self-evolution logged: routine maintenance run
✓ Memory update: ACTIVE.md written
Self-delegated: nel-001 [P2] Fix 29 broken symlinks found during audit (nel → self, logged to kai)
Self-delegated: nel-001 [P3] Nel run complete: score=85, actions=1, sentinel=4/4 (nel → self, logged to kai)
✓ Dispatch: findings reported to Kai ledger
! System health acceptable, improvement opportunities identified.
[load-tool-registry][nel] WHY: Tool registry loaded — agents/tools.json gives typed interfaces for dispatch, ticket, kai_push, agent_execute_improvement
[growth] 22:00:00 [nel] Starting growth phase
[growth] 22:00:00 [nel] ARIC: research already complete for 2026-05-19 — skipping
[growth] 22:00:00 [nel] No open IMP improvement tickets — growth phase idle
grep: invalid option -- P
usage: grep [-abcdDEFGHhIiJLlMmnOopqRSsUVvwXxZz] [-A num] [-B num] [-C[num]]
	[-e pattern] [-f file] [--binary-files=value] [--color=when]
	[--context[=num]] [--directories=action] [--label] [--line-buffered]
	[--null] [pattern] [file ...]
grep: invalid option -- P
usage: grep [-abcdDEFGHhIiJLlMmnOopqRSsUVvwXxZz] [-A num] [-B num] [-C[num]]
	[-e pattern] [-f file] [--binary-files=value] [--color=when]
	[--context[=num]] [--directories=action] [--label] [--line-buffered]
	[--null] [pattern] [file ...]
grep: invalid option -- P
usage: grep [-abcdDEFGHhIiJLlMmnOopqRSsUVvwXxZz] [-A num] [-B num] [-C[num]]
	[-e pattern] [-f file] [--binary-files=value] [--color=when]
	[--context[=num]] [--directories=action] [--label] [--line-buffered]
	[--null] [pattern] [file ...]
grep: invalid option -- P
usage: grep [-abcdDEFGHhIiJLlMmnOopqRSsUVvwXxZz] [-A num] [-B num] [-C[num]]
	[-e pattern] [-f file] [--binary-files=value] [--color=when]
	[--context[=num]] [--directories=action] [--label] [--line-buffered]
	[--null] [pattern] [file ...]
✓ All projects passing sentinel checks
[WHY][nel][22:00:02] skipping dispatch flag because SENTINEL_FAIL=0 — no action needed
! No newsletter for today (2026-05-19) and it's past 06:00 MT
[WHY][nel][22:00:02] dispatching P1 (not P2) because newsletter absence past 06:00 MT deadline is time-critical — Hyo reads at 07:00
⚠ HIGH SEVERITY FLAG: flag-nel-001 [P1] No newsletter produced for 2026-05-19 — past 06:00 MT deadline (from nel)
  → Auto-triggering safeguard cascade...
  [safeguard] Logged trigger: flag-nel-001
  [safeguard] Spawning parallel prevention tasks:
    Delegated: nel-001 [P1] SAFEGUARD: Cross-reference issue (flag-nel-001) — scan entire codebase for similar patterns: No newsletter produced for 2026-05-19 — past 06:00 MT deadline → nel
    Delegated: sam-001 [P1] SAFEGUARD: Add test coverage for issue (flag-nel-001): No newsletter produced for 2026-05-19 — past 06:00 MT deadline → sam
    → Memory: NEW pattern logged to known-issues.jsonl
  → What's Next: dispatching auto-remediation to ra
Delegated: ra-001 [P1] [AUTO-REMEDIATE] No newsletter produced for 2026-05-19 — past 06:00 MT deadline (flagged by nel, cascade flag-nel-001) → ra
  → Queued event-driven ra run: event-ra-flag-nel-001 (agent will pick up task + reflect)
  → Queued re-check: recheck-flag-nel-001
[WHY][nel][22:00:03] no cipher drift flag — CIPHER_LEAKS=0, all permissions correct
✓ Stale file scan: clean
[WHY][nel][22:00:51] no stale flag — all files modified within 60d or have KEEP markers
! Found 29 broken links
[WHY][nel][22:00:52] P2 flag: 29 broken doc links — P2 not P1 because broken links degrade but don't break the system
Flag: flag-nel-001 [P2] Found 29 broken documentation links — fix or cleanup needed (from nel → kai)
  → What's Next: task created for next review cycle
! Found 47 scripts without test coverage
[WHY][nel][22:00:53] no dispatch flag for test gaps — P3 at most; filing in report is sufficient for rolling improvement
! Found 9 inefficient patterns
[WHY][nel][22:00:53] P3 flag: 9 code smells — P3 not P2 because anti-patterns don't break functionality
Flag: flag-nel-001 [P3] Found 9 code optimization opportunities — rolling improvement (from nel → kai, logged for weekly review)
! Audit found 7 issues
Flag: flag-nel-001 [P2] Audit found 7 system issues — review security/structure (from nel → kai)
  → What's Next: task created for next review cycle
✓ HQ state updated
✓ Report published: /Users/kai/Documents/Projects/Hyo/agents/sam/website/docs/nel/report-2026-05-19.md
✓ Self-review: nel pathway healthy
grep: invalid option -- P
usage: grep [-abcdDEFGHhIiJLlMmnOopqRSsUVvwXxZz] [-A num] [-B num] [-C[num]]
	[-e pattern] [-f file] [--binary-files=value] [--color=when]
	[--context[=num]] [--directories=action] [--label] [--line-buffered]
	[--null] [pattern] [file ...]
[SELF-REVIEW] nel: 13 findings — see /Users/kai/Documents/Projects/Hyo/agents/nel/logs/self-review-2026-05-19.md
Flag: flag-nel-001 [P2] [SELF-REVIEW] 1 untriggered files found (from nel → kai)
  → What's Next: task created for next review cycle
PLAYBOOK updated with research entry for 2026-05-19
[nel-research] 22:01:09 Findings archived to /Users/kai/Documents/Projects/Hyo/agents/ra/research/briefs/nel-2026-05-19.md
[nel-research] 22:01:09 Research cycle complete for nel
Nel reflection sections written to /tmp/nel-reflection-sections-20260519.json
[bluf-augment] nel: sections augmented — status: SHIPPED: IMP-20260414-nel-002 — Build dependency vulnerabili
agent-card: nel health_score 85 → 85 (+0)
✓ Nel agent-card.json written (health_score=85)
[agent-structured-report][nel] 22:01:09 WHY: Validating report schema before writing — unstructured reports cannot be reliably parsed by Kai or queued for follow-up
[agent-structured-report][nel] 22:01:09 All required fields present — writing structured report
[agent-structured-report][nel] 22:01:09 WHY: Writing to cycle-reports.jsonl (structured log) — enables Kai to query cycle history without parsing freeform markdown
[agent-structured-report][nel] 22:01:09 Report written to /Users/kai/Documents/Projects/Hyo/agents/nel/ledger/cycle-reports.jsonl
Updated /Users/kai/Documents/Projects/Hyo/agents/nel/ledger/ACTIVE.md
[agent-structured-report][nel] 22:01:09 ACTIVE.md updated with cycle summary

══════════════════════════════════════════════════════════
STRUCTURED REPORT ACCEPTED
Agent:          nel
Cycle ID:       2026-05-19-cycle-1
Phases done:    sentinel,cipher,stale-files,broken-links,test-coverage,patterns,audit,reflection
Phases failed:  none
Outputs:        agents/nel/logs/nel-2026-05-19.md
Next intent:    improve weakest finding: sentinel=4p/0f cipher_leaks=0 score=85
Log:            /Users/kai/Documents/Projects/Hyo/agents/nel/ledger/cycle-reports.jsonl
══════════════════════════════════════════════════════════
Report: nel → research+reflection cycle: score=85, sentinel=4p/0f, cipher_leaks=0, reflection_published=no
✓ Self-evolution logged: routine maintenance run
✓ Memory update: ACTIVE.md written
Self-delegated: nel-001 [P2] Fix 29 broken symlinks found during audit (nel → self, logged to kai)
Self-delegated: nel-001 [P3] Nel run complete: score=85, actions=1, sentinel=4/4 (nel → self, logged to kai)
✓ Dispatch: findings reported to Kai ledger
! System health acceptable, improvement opportunities identified.
[load-tool-registry][nel] WHY: Tool registry loaded — agents/tools.json gives typed interfaces for dispatch, ticket, kai_push, agent_execute_improvement
[growth] 22:00:03 [nel] Starting growth phase
[growth] 22:00:03 [nel] ARIC: research already complete for 2026-05-20 — skipping
[growth] 22:00:03 [nel] No open IMP improvement tickets — growth phase idle
grep: invalid option -- P
usage: grep [-abcdDEFGHhIiJLlMmnOopqRSsUVvwXxZz] [-A num] [-B num] [-C[num]]
	[-e pattern] [-f file] [--binary-files=value] [--color=when]
	[--context[=num]] [--directories=action] [--label] [--line-buffered]
	[--null] [pattern] [file ...]
grep: invalid option -- P
usage: grep [-abcdDEFGHhIiJLlMmnOopqRSsUVvwXxZz] [-A num] [-B num] [-C[num]]
	[-e pattern] [-f file] [--binary-files=value] [--color=when]
	[--context[=num]] [--directories=action] [--label] [--line-buffered]
	[--null] [pattern] [file ...]
grep: invalid option -- P
usage: grep [-abcdDEFGHhIiJLlMmnOopqRSsUVvwXxZz] [-A num] [-B num] [-C[num]]
	[-e pattern] [-f file] [--binary-files=value] [--color=when]
	[--context[=num]] [--directories=action] [--label] [--line-buffered]
	[--null] [pattern] [file ...]
grep: invalid option -- P
usage: grep [-abcdDEFGHhIiJLlMmnOopqRSsUVvwXxZz] [-A num] [-B num] [-C[num]]
	[-e pattern] [-f file] [--binary-files=value] [--color=when]
	[--context[=num]] [--directories=action] [--label] [--line-buffered]
	[--null] [pattern] [file ...]
✓ All projects passing sentinel checks
[WHY][nel][22:00:05] skipping dispatch flag because SENTINEL_FAIL=0 — no action needed
! No newsletter for today (2026-05-20) and it's past 06:00 MT
[WHY][nel][22:00:05] dispatching P1 (not P2) because newsletter absence past 06:00 MT deadline is time-critical — Hyo reads at 07:00
⚠ HIGH SEVERITY FLAG: flag-nel-001 [P1] No newsletter produced for 2026-05-20 — past 06:00 MT deadline (from nel)
  → Auto-triggering safeguard cascade...
  [safeguard] Logged trigger: flag-nel-001
  [safeguard] Spawning parallel prevention tasks:
    Delegated: nel-001 [P1] SAFEGUARD: Cross-reference issue (flag-nel-001) — scan entire codebase for similar patterns: No newsletter produced for 2026-05-20 — past 06:00 MT deadline → nel
    Delegated: sam-001 [P1] SAFEGUARD: Add test coverage for issue (flag-nel-001): No newsletter produced for 2026-05-20 — past 06:00 MT deadline → sam
    → Memory: NEW pattern logged to known-issues.jsonl
  → What's Next: dispatching auto-remediation to ra
Delegated: ra-001 [P1] [AUTO-REMEDIATE] No newsletter produced for 2026-05-20 — past 06:00 MT deadline (flagged by nel, cascade flag-nel-001) → ra
  → Queued event-driven ra run: event-ra-flag-nel-001 (agent will pick up task + reflect)
  → Queued re-check: recheck-flag-nel-001
[WHY][nel][22:00:07] no cipher drift flag — CIPHER_LEAKS=0, all permissions correct
✓ Stale file scan: clean
[WHY][nel][22:00:56] no stale flag — all files modified within 60d or have KEEP markers
! Found 29 broken links
[WHY][nel][22:00:56] P2 flag: 29 broken doc links — P2 not P1 because broken links degrade but don't break the system
Flag: flag-nel-001 [P2] Found 29 broken documentation links — fix or cleanup needed (from nel → kai)
  → What's Next: task created for next review cycle
! Found 47 scripts without test coverage
[WHY][nel][22:00:57] no dispatch flag for test gaps — P3 at most; filing in report is sufficient for rolling improvement
! Found 9 inefficient patterns
[WHY][nel][22:00:57] P3 flag: 9 code smells — P3 not P2 because anti-patterns don't break functionality
Flag: flag-nel-001 [P3] Found 9 code optimization opportunities — rolling improvement (from nel → kai, logged for weekly review)
! Audit found 7 issues
Flag: flag-nel-001 [P2] Audit found 7 system issues — review security/structure (from nel → kai)
  → What's Next: task created for next review cycle
✓ HQ state updated
✓ Report published: /Users/kai/Documents/Projects/Hyo/agents/sam/website/docs/nel/report-2026-05-20.md
✓ Self-review: nel pathway healthy
grep: invalid option -- P
usage: grep [-abcdDEFGHhIiJLlMmnOopqRSsUVvwXxZz] [-A num] [-B num] [-C[num]]
	[-e pattern] [-f file] [--binary-files=value] [--color=when]
	[--context[=num]] [--directories=action] [--label] [--line-buffered]
	[--null] [pattern] [file ...]
[SELF-REVIEW] nel: 14 findings — see /Users/kai/Documents/Projects/Hyo/agents/nel/logs/self-review-2026-05-20.md
Flag: flag-nel-001 [P2] [SELF-REVIEW] 2 untriggered files found (from nel → kai)
  → What's Next: task created for next review cycle
PLAYBOOK updated with research entry for 2026-05-20
[nel-research] 22:01:33 Findings archived to /Users/kai/Documents/Projects/Hyo/agents/ra/research/briefs/nel-2026-05-20.md
[nel-research] 22:01:33 Research cycle complete for nel
Nel reflection sections written to /tmp/nel-reflection-sections-20260520.json
[bluf-augment] nel: sections augmented — status: SHIPPED: IMP-20260414-nel-002 — Build dependency vulnerabili
agent-card: nel health_score 65 → 85 (+20)
✓ Nel agent-card.json written (health_score=85)
[agent-structured-report][nel] 22:01:33 WHY: Validating report schema before writing — unstructured reports cannot be reliably parsed by Kai or queued for follow-up
[agent-structured-report][nel] 22:01:33 All required fields present — writing structured report
[agent-structured-report][nel] 22:01:33 WHY: Writing to cycle-reports.jsonl (structured log) — enables Kai to query cycle history without parsing freeform markdown
[agent-structured-report][nel] 22:01:33 Report written to /Users/kai/Documents/Projects/Hyo/agents/nel/ledger/cycle-reports.jsonl
Updated /Users/kai/Documents/Projects/Hyo/agents/nel/ledger/ACTIVE.md
[agent-structured-report][nel] 22:01:33 ACTIVE.md updated with cycle summary

══════════════════════════════════════════════════════════
STRUCTURED REPORT ACCEPTED
Agent:          nel
Cycle ID:       2026-05-20-cycle-1
Phases done:    sentinel,cipher,stale-files,broken-links,test-coverage,patterns,audit,reflection
Phases failed:  none
Outputs:        agents/nel/logs/nel-2026-05-20.md
Next intent:    improve weakest finding: sentinel=4p/0f cipher_leaks=0 score=85
Log:            /Users/kai/Documents/Projects/Hyo/agents/nel/ledger/cycle-reports.jsonl
══════════════════════════════════════════════════════════
Report: nel → research+reflection cycle: score=85, sentinel=4p/0f, cipher_leaks=0, reflection_published=no
✓ Self-evolution logged: routine maintenance run
✓ Memory update: ACTIVE.md written
Self-delegated: nel-001 [P2] Fix 29 broken symlinks found during audit (nel → self, logged to kai)
Self-delegated: nel-001 [P3] Nel run complete: score=85, actions=1, sentinel=4/4 (nel → self, logged to kai)
✓ Dispatch: findings reported to Kai ledger
! System health acceptable, improvement opportunities identified.
[load-tool-registry][nel] WHY: Tool registry loaded — agents/tools.json gives typed interfaces for dispatch, ticket, kai_push, agent_execute_improvement
[growth] 22:00:01 [nel] Starting growth phase
[growth] 22:00:01 [nel] ARIC: research already complete for 2026-05-21 — skipping
[growth] 22:00:02 [nel] No open IMP improvement tickets — growth phase idle
grep: invalid option -- P
usage: grep [-abcdDEFGHhIiJLlMmnOopqRSsUVvwXxZz] [-A num] [-B num] [-C[num]]
	[-e pattern] [-f file] [--binary-files=value] [--color=when]
	[--context[=num]] [--directories=action] [--label] [--line-buffered]
	[--null] [pattern] [file ...]
grep: invalid option -- P
usage: grep [-abcdDEFGHhIiJLlMmnOopqRSsUVvwXxZz] [-A num] [-B num] [-C[num]]
	[-e pattern] [-f file] [--binary-files=value] [--color=when]
	[--context[=num]] [--directories=action] [--label] [--line-buffered]
	[--null] [pattern] [file ...]
grep: invalid option -- P
usage: grep [-abcdDEFGHhIiJLlMmnOopqRSsUVvwXxZz] [-A num] [-B num] [-C[num]]
	[-e pattern] [-f file] [--binary-files=value] [--color=when]
	[--context[=num]] [--directories=action] [--label] [--line-buffered]
	[--null] [pattern] [file ...]
grep: invalid option -- P
usage: grep [-abcdDEFGHhIiJLlMmnOopqRSsUVvwXxZz] [-A num] [-B num] [-C[num]]
	[-e pattern] [-f file] [--binary-files=value] [--color=when]
	[--context[=num]] [--directories=action] [--label] [--line-buffered]
	[--null] [pattern] [file ...]
✓ All projects passing sentinel checks
[WHY][nel][22:00:03] skipping dispatch flag because SENTINEL_FAIL=0 — no action needed
! No newsletter for today (2026-05-21) and it's past 06:00 MT
[WHY][nel][22:00:03] dispatching P1 (not P2) because newsletter absence past 06:00 MT deadline is time-critical — Hyo reads at 07:00
⚠ HIGH SEVERITY FLAG: flag-nel-001 [P1] No newsletter produced for 2026-05-21 — past 06:00 MT deadline (from nel)
  → Auto-triggering safeguard cascade...
  [safeguard] Logged trigger: flag-nel-001
  [safeguard] Spawning parallel prevention tasks:
    Traceback (most recent call last):
      File "<stdin>", line 65, in <module>
      File "<stdin>", line 65, in <genexpr>
      File "/Library/Developer/CommandLineTools/Library/Frameworks/Python3.framework/Versions/3.9/lib/python3.9/json/__init__.py", line 346, in loads
        return _default_decoder.decode(s)
      File "/Library/Developer/CommandLineTools/Library/Frameworks/Python3.framework/Versions/3.9/lib/python3.9/json/decoder.py", line 337, in decode
        obj, end = self.raw_decode(s, idx=_w(s, 0).end())
      File "/Library/Developer/CommandLineTools/Library/Frameworks/Python3.framework/Versions/3.9/lib/python3.9/json/decoder.py", line 355, in raw_decode
        raise JSONDecodeError("Expecting value", s, err.value) from None
    json.decoder.JSONDecodeError: Expecting value: line 1 column 1 (char 0)
    Delegated: nel-001 [P1] SAFEGUARD: Cross-reference issue (flag-nel-001) — scan entire codebase for similar patterns: No newsletter produced for 2026-05-21 — past 06:00 MT deadline → nel
    Traceback (most recent call last):
      File "<stdin>", line 65, in <module>
      File "<stdin>", line 65, in <genexpr>
      File "/Library/Developer/CommandLineTools/Library/Frameworks/Python3.framework/Versions/3.9/lib/python3.9/json/__init__.py", line 346, in loads
        return _default_decoder.decode(s)
      File "/Library/Developer/CommandLineTools/Library/Frameworks/Python3.framework/Versions/3.9/lib/python3.9/json/decoder.py", line 337, in decode
        obj, end = self.raw_decode(s, idx=_w(s, 0).end())
      File "/Library/Developer/CommandLineTools/Library/Frameworks/Python3.framework/Versions/3.9/lib/python3.9/json/decoder.py", line 355, in raw_decode
        raise JSONDecodeError("Expecting value", s, err.value) from None
    json.decoder.JSONDecodeError: Expecting value: line 1 column 1 (char 0)
    Delegated: sam-001 [P1] SAFEGUARD: Add test coverage for issue (flag-nel-001): No newsletter produced for 2026-05-21 — past 06:00 MT deadline → sam
    → Memory: NEW pattern logged to known-issues.jsonl
  → What's Next: dispatching auto-remediation to ra
Delegated: ra-001 [P1] [AUTO-REMEDIATE] No newsletter produced for 2026-05-21 — past 06:00 MT deadline (flagged by nel, cascade flag-nel-001) → ra
  → Queued event-driven ra run: event-ra-flag-nel-001 (agent will pick up task + reflect)
  → Queued re-check: recheck-flag-nel-001
[WHY][nel][22:00:05] no cipher drift flag — CIPHER_LEAKS=0, all permissions correct
✓ Stale file scan: clean
[WHY][nel][22:00:55] no stale flag — all files modified within 60d or have KEEP markers
! Found 29 broken links
[WHY][nel][22:00:55] P2 flag: 29 broken doc links — P2 not P1 because broken links degrade but don't break the system
Flag: flag-nel-001 [P2] Found 29 broken documentation links — fix or cleanup needed (from nel → kai)
  → What's Next: task created for next review cycle
! Found 47 scripts without test coverage
[WHY][nel][22:00:56] no dispatch flag for test gaps — P3 at most; filing in report is sufficient for rolling improvement
! Found 9 inefficient patterns
[WHY][nel][22:00:56] P3 flag: 9 code smells — P3 not P2 because anti-patterns don't break functionality
Flag: flag-nel-001 [P3] Found 9 code optimization opportunities — rolling improvement (from nel → kai, logged for weekly review)
! Audit found 7 issues
Flag: flag-nel-001 [P2] Audit found 7 system issues — review security/structure (from nel → kai)
  → What's Next: task created for next review cycle
✓ HQ state updated
✓ Report published: /Users/kai/Documents/Projects/Hyo/agents/sam/website/docs/nel/report-2026-05-21.md
✓ Self-review: nel pathway healthy
grep: invalid option -- P
usage: grep [-abcdDEFGHhIiJLlMmnOopqRSsUVvwXxZz] [-A num] [-B num] [-C[num]]
	[-e pattern] [-f file] [--binary-files=value] [--color=when]
	[--context[=num]] [--directories=action] [--label] [--line-buffered]
	[--null] [pattern] [file ...]
[SELF-REVIEW] nel: 13 findings — see /Users/kai/Documents/Projects/Hyo/agents/nel/logs/self-review-2026-05-21.md
Flag: flag-nel-001 [P2] [SELF-REVIEW] 1 untriggered files found (from nel → kai)
  → What's Next: task created for next review cycle
PLAYBOOK updated with research entry for 2026-05-21
[nel-research] 22:01:10 Findings archived to /Users/kai/Documents/Projects/Hyo/agents/ra/research/briefs/nel-2026-05-21.md
[nel-research] 22:01:10 Research cycle complete for nel
Nel reflection sections written to /tmp/nel-reflection-sections-20260521.json
[bluf-augment] nel: sections augmented — status: SHIPPED: IMP-20260414-nel-002 — Build dependency vulnerabili
agent-card: nel health_score 85 → 85 (+0)
✓ Nel agent-card.json written (health_score=85)
[agent-structured-report][nel] 22:01:10 WHY: Validating report schema before writing — unstructured reports cannot be reliably parsed by Kai or queued for follow-up
[agent-structured-report][nel] 22:01:10 All required fields present — writing structured report
[agent-structured-report][nel] 22:01:10 WHY: Writing to cycle-reports.jsonl (structured log) — enables Kai to query cycle history without parsing freeform markdown
[agent-structured-report][nel] 22:01:10 Report written to /Users/kai/Documents/Projects/Hyo/agents/nel/ledger/cycle-reports.jsonl
Updated /Users/kai/Documents/Projects/Hyo/agents/nel/ledger/ACTIVE.md
[agent-structured-report][nel] 22:01:10 ACTIVE.md updated with cycle summary

══════════════════════════════════════════════════════════
STRUCTURED REPORT ACCEPTED
Agent:          nel
Cycle ID:       2026-05-21-cycle-1
Phases done:    sentinel,cipher,stale-files,broken-links,test-coverage,patterns,audit,reflection
Phases failed:  none
Outputs:        agents/nel/logs/nel-2026-05-21.md
Next intent:    improve weakest finding: sentinel=4p/0f cipher_leaks=0 score=85
Log:            /Users/kai/Documents/Projects/Hyo/agents/nel/ledger/cycle-reports.jsonl
══════════════════════════════════════════════════════════
Report: nel → research+reflection cycle: score=85, sentinel=4p/0f, cipher_leaks=0, reflection_published=no
✓ Self-evolution logged: routine maintenance run
✓ Memory update: ACTIVE.md written
Self-delegated: nel-001 [P2] Fix 29 broken symlinks found during audit (nel → self, logged to kai)
Self-delegated: nel-001 [P3] Nel run complete: score=85, actions=1, sentinel=4/4 (nel → self, logged to kai)
✓ Dispatch: findings reported to Kai ledger
! System health acceptable, improvement opportunities identified.
[load-tool-registry][nel] WHY: Tool registry loaded — agents/tools.json gives typed interfaces for dispatch, ticket, kai_push, agent_execute_improvement
[growth] 22:00:00 [nel] Starting growth phase
[growth] 22:00:00 [nel] ARIC: research already complete for 2026-05-22 — skipping
[growth] 22:00:00 [nel] No open IMP improvement tickets — growth phase idle
grep: invalid option -- P
usage: grep [-abcdDEFGHhIiJLlMmnOopqRSsUVvwXxZz] [-A num] [-B num] [-C[num]]
	[-e pattern] [-f file] [--binary-files=value] [--color=when]
	[--context[=num]] [--directories=action] [--label] [--line-buffered]
	[--null] [pattern] [file ...]
grep: invalid option -- P
usage: grep [-abcdDEFGHhIiJLlMmnOopqRSsUVvwXxZz] [-A num] [-B num] [-C[num]]
	[-e pattern] [-f file] [--binary-files=value] [--color=when]
	[--context[=num]] [--directories=action] [--label] [--line-buffered]
	[--null] [pattern] [file ...]
grep: invalid option -- P
usage: grep [-abcdDEFGHhIiJLlMmnOopqRSsUVvwXxZz] [-A num] [-B num] [-C[num]]
	[-e pattern] [-f file] [--binary-files=value] [--color=when]
	[--context[=num]] [--directories=action] [--label] [--line-buffered]
	[--null] [pattern] [file ...]
grep: invalid option -- P
usage: grep [-abcdDEFGHhIiJLlMmnOopqRSsUVvwXxZz] [-A num] [-B num] [-C[num]]
	[-e pattern] [-f file] [--binary-files=value] [--color=when]
	[--context[=num]] [--directories=action] [--label] [--line-buffered]
	[--null] [pattern] [file ...]
✓ All projects passing sentinel checks
[WHY][nel][22:00:02] skipping dispatch flag because SENTINEL_FAIL=0 — no action needed
! No newsletter for today (2026-05-22) and it's past 06:00 MT
[WHY][nel][22:00:02] dispatching P1 (not P2) because newsletter absence past 06:00 MT deadline is time-critical — Hyo reads at 07:00
⚠ HIGH SEVERITY FLAG: flag-nel-001 [P1] No newsletter produced for 2026-05-22 — past 06:00 MT deadline (from nel)
  → Auto-triggering safeguard cascade...
  [safeguard] Logged trigger: flag-nel-001
  [safeguard] Spawning parallel prevention tasks:
    Delegated: nel-001 [P1] SAFEGUARD: Cross-reference issue (flag-nel-001) — scan entire codebase for similar patterns: No newsletter produced for 2026-05-22 — past 06:00 MT deadline → nel
    Delegated: sam-001 [P1] SAFEGUARD: Add test coverage for issue (flag-nel-001): No newsletter produced for 2026-05-22 — past 06:00 MT deadline → sam
    → Memory: NEW pattern logged to known-issues.jsonl
  → What's Next: dispatching auto-remediation to ra
Delegated: ra-001 [P1] [AUTO-REMEDIATE] No newsletter produced for 2026-05-22 — past 06:00 MT deadline (flagged by nel, cascade flag-nel-001) → ra
  → Queued event-driven ra run: event-ra-flag-nel-001 (agent will pick up task + reflect)
  → Queued re-check: recheck-flag-nel-001
[WHY][nel][22:00:03] no cipher drift flag — CIPHER_LEAKS=0, all permissions correct
✓ Stale file scan: clean
[WHY][nel][22:00:54] no stale flag — all files modified within 60d or have KEEP markers
! Found 31 broken links
[WHY][nel][22:00:55] P2 flag: 31 broken doc links — P2 not P1 because broken links degrade but don't break the system
Flag: flag-nel-001 [P2] Found 31 broken documentation links — fix or cleanup needed (from nel → kai)
  → What's Next: task created for next review cycle
! Found 47 scripts without test coverage
[WHY][nel][22:00:56] no dispatch flag for test gaps — P3 at most; filing in report is sufficient for rolling improvement
! Found 9 inefficient patterns
[WHY][nel][22:00:56] P3 flag: 9 code smells — P3 not P2 because anti-patterns don't break functionality
Flag: flag-nel-001 [P3] Found 9 code optimization opportunities — rolling improvement (from nel → kai, logged for weekly review)
! Audit found 7 issues
Flag: flag-nel-001 [P2] Audit found 7 system issues — review security/structure (from nel → kai)
  → What's Next: task created for next review cycle
✓ HQ state updated
✓ Report published: /Users/kai/Documents/Projects/Hyo/agents/sam/website/docs/nel/report-2026-05-22.md
✓ Self-review: nel pathway healthy
grep: invalid option -- P
usage: grep [-abcdDEFGHhIiJLlMmnOopqRSsUVvwXxZz] [-A num] [-B num] [-C[num]]
	[-e pattern] [-f file] [--binary-files=value] [--color=when]
	[--context[=num]] [--directories=action] [--label] [--line-buffered]
	[--null] [pattern] [file ...]
[SELF-REVIEW] nel: 13 findings — see /Users/kai/Documents/Projects/Hyo/agents/nel/logs/self-review-2026-05-22.md
Flag: flag-nel-001 [P2] [SELF-REVIEW] 1 untriggered files found (from nel → kai)
  → What's Next: task created for next review cycle
PLAYBOOK updated with research entry for 2026-05-22
[nel-research] 22:01:22 Findings archived to /Users/kai/Documents/Projects/Hyo/agents/ra/research/briefs/nel-2026-05-22.md
[nel-research] 22:01:22 Research cycle complete for nel
Nel reflection sections written to /tmp/nel-reflection-sections-20260522.json
[bluf-augment] nel: sections augmented — status: SHIPPED: IMP-20260414-nel-002 — Build dependency vulnerabili
agent-card: nel health_score 85 → 85 (+0)
✓ Nel agent-card.json written (health_score=85)
[agent-structured-report][nel] 22:01:22 WHY: Validating report schema before writing — unstructured reports cannot be reliably parsed by Kai or queued for follow-up
[agent-structured-report][nel] 22:01:22 All required fields present — writing structured report
[agent-structured-report][nel] 22:01:22 WHY: Writing to cycle-reports.jsonl (structured log) — enables Kai to query cycle history without parsing freeform markdown
[agent-structured-report][nel] 22:01:22 Report written to /Users/kai/Documents/Projects/Hyo/agents/nel/ledger/cycle-reports.jsonl
Updated /Users/kai/Documents/Projects/Hyo/agents/nel/ledger/ACTIVE.md
[agent-structured-report][nel] 22:01:22 ACTIVE.md updated with cycle summary

══════════════════════════════════════════════════════════
STRUCTURED REPORT ACCEPTED
Agent:          nel
Cycle ID:       2026-05-22-cycle-1
Phases done:    sentinel,cipher,stale-files,broken-links,test-coverage,patterns,audit,reflection
Phases failed:  none
Outputs:        agents/nel/logs/nel-2026-05-22.md
Next intent:    improve weakest finding: sentinel=4p/0f cipher_leaks=0 score=85
Log:            /Users/kai/Documents/Projects/Hyo/agents/nel/ledger/cycle-reports.jsonl
══════════════════════════════════════════════════════════
Report: nel → research+reflection cycle: score=85, sentinel=4p/0f, cipher_leaks=0, reflection_published=no
✓ Self-evolution logged: routine maintenance run
✓ Memory update: ACTIVE.md written
Self-delegated: nel-001 [P2] Fix 31 broken symlinks found during audit (nel → self, logged to kai)
Self-delegated: nel-001 [P3] Nel run complete: score=85, actions=1, sentinel=4/4 (nel → self, logged to kai)
✓ Dispatch: findings reported to Kai ledger
! System health acceptable, improvement opportunities identified.
[load-tool-registry][nel] WHY: Tool registry loaded — agents/tools.json gives typed interfaces for dispatch, ticket, kai_push, agent_execute_improvement
[growth] 22:00:02 [nel] Starting growth phase
[growth] 22:00:02 [nel] ARIC: research already complete for 2026-05-23 — skipping
[growth] 22:00:02 [nel] No open IMP improvement tickets — growth phase idle
grep: invalid option -- P
usage: grep [-abcdDEFGHhIiJLlMmnOopqRSsUVvwXxZz] [-A num] [-B num] [-C[num]]
	[-e pattern] [-f file] [--binary-files=value] [--color=when]
	[--context[=num]] [--directories=action] [--label] [--line-buffered]
	[--null] [pattern] [file ...]
grep: invalid option -- P
usage: grep [-abcdDEFGHhIiJLlMmnOopqRSsUVvwXxZz] [-A num] [-B num] [-C[num]]
	[-e pattern] [-f file] [--binary-files=value] [--color=when]
	[--context[=num]] [--directories=action] [--label] [--line-buffered]
	[--null] [pattern] [file ...]
grep: invalid option -- P
usage: grep [-abcdDEFGHhIiJLlMmnOopqRSsUVvwXxZz] [-A num] [-B num] [-C[num]]
	[-e pattern] [-f file] [--binary-files=value] [--color=when]
	[--context[=num]] [--directories=action] [--label] [--line-buffered]
	[--null] [pattern] [file ...]
grep: invalid option -- P
usage: grep [-abcdDEFGHhIiJLlMmnOopqRSsUVvwXxZz] [-A num] [-B num] [-C[num]]
	[-e pattern] [-f file] [--binary-files=value] [--color=when]
	[--context[=num]] [--directories=action] [--label] [--line-buffered]
	[--null] [pattern] [file ...]
✓ All projects passing sentinel checks
[WHY][nel][22:00:04] skipping dispatch flag because SENTINEL_FAIL=0 — no action needed
! No newsletter for today (2026-05-23) and it's past 06:00 MT
[WHY][nel][22:00:04] dispatching P1 (not P2) because newsletter absence past 06:00 MT deadline is time-critical — Hyo reads at 07:00
⚠ HIGH SEVERITY FLAG: flag-nel-001 [P1] No newsletter produced for 2026-05-23 — past 06:00 MT deadline (from nel)
  → Auto-triggering safeguard cascade...
  [safeguard] Logged trigger: flag-nel-001
  [safeguard] Spawning parallel prevention tasks:
    Delegated: nel-001 [P1] SAFEGUARD: Cross-reference issue (flag-nel-001) — scan entire codebase for similar patterns: No newsletter produced for 2026-05-23 — past 06:00 MT deadline → nel
    Delegated: sam-001 [P1] SAFEGUARD: Add test coverage for issue (flag-nel-001): No newsletter produced for 2026-05-23 — past 06:00 MT deadline → sam
    → Memory: NEW pattern logged to known-issues.jsonl
  → What's Next: dispatching auto-remediation to ra
Delegated: ra-001 [P1] [AUTO-REMEDIATE] No newsletter produced for 2026-05-23 — past 06:00 MT deadline (flagged by nel, cascade flag-nel-001) → ra
  → Queued event-driven ra run: event-ra-flag-nel-001 (agent will pick up task + reflect)
  → Queued re-check: recheck-flag-nel-001
[WHY][nel][22:00:06] no cipher drift flag — CIPHER_LEAKS=0, all permissions correct
✓ Stale file scan: clean
[WHY][nel][22:00:58] no stale flag — all files modified within 60d or have KEEP markers
! Found 28 broken links
[WHY][nel][22:00:59] P2 flag: 28 broken doc links — P2 not P1 because broken links degrade but don't break the system
Flag: flag-nel-001 [P2] Found 28 broken documentation links — fix or cleanup needed (from nel → kai)
  → What's Next: task created for next review cycle
! Found 47 scripts without test coverage
[WHY][nel][22:00:59] no dispatch flag for test gaps — P3 at most; filing in report is sufficient for rolling improvement
! Found 9 inefficient patterns
[WHY][nel][22:01:00] P3 flag: 9 code smells — P3 not P2 because anti-patterns don't break functionality
Flag: flag-nel-001 [P3] Found 9 code optimization opportunities — rolling improvement (from nel → kai, logged for weekly review)
! Audit found 7 issues
Flag: flag-nel-001 [P2] Audit found 7 system issues — review security/structure (from nel → kai)
  → What's Next: task created for next review cycle
✓ HQ state updated
✓ Report published: /Users/kai/Documents/Projects/Hyo/agents/sam/website/docs/nel/report-2026-05-23.md
✓ Self-review: nel pathway healthy
grep: invalid option -- P
usage: grep [-abcdDEFGHhIiJLlMmnOopqRSsUVvwXxZz] [-A num] [-B num] [-C[num]]
	[-e pattern] [-f file] [--binary-files=value] [--color=when]
	[--context[=num]] [--directories=action] [--label] [--line-buffered]
	[--null] [pattern] [file ...]
[SELF-REVIEW] nel: 13 findings — see /Users/kai/Documents/Projects/Hyo/agents/nel/logs/self-review-2026-05-23.md
Flag: flag-nel-001 [P2] [SELF-REVIEW] 1 untriggered files found (from nel → kai)
  → What's Next: task created for next review cycle
PLAYBOOK updated with research entry for 2026-05-23
[nel-research] 22:01:17 Findings archived to /Users/kai/Documents/Projects/Hyo/agents/ra/research/briefs/nel-2026-05-23.md
[nel-research] 22:01:17 Research cycle complete for nel
Nel reflection sections written to /tmp/nel-reflection-sections-20260523.json
[bluf-augment] nel: sections augmented — status: SHIPPED: IMP-20260414-nel-002 — Build dependency vulnerabili
agent-card: nel health_score 85 → 85 (+0)
✓ Nel agent-card.json written (health_score=85)
[agent-structured-report][nel] 22:01:17 WHY: Validating report schema before writing — unstructured reports cannot be reliably parsed by Kai or queued for follow-up
[agent-structured-report][nel] 22:01:17 All required fields present — writing structured report
[agent-structured-report][nel] 22:01:17 WHY: Writing to cycle-reports.jsonl (structured log) — enables Kai to query cycle history without parsing freeform markdown
[agent-structured-report][nel] 22:01:17 Report written to /Users/kai/Documents/Projects/Hyo/agents/nel/ledger/cycle-reports.jsonl
Updated /Users/kai/Documents/Projects/Hyo/agents/nel/ledger/ACTIVE.md
[agent-structured-report][nel] 22:01:17 ACTIVE.md updated with cycle summary

══════════════════════════════════════════════════════════
STRUCTURED REPORT ACCEPTED
Agent:          nel
Cycle ID:       2026-05-23-cycle-1
Phases done:    sentinel,cipher,stale-files,broken-links,test-coverage,patterns,audit,reflection
Phases failed:  none
Outputs:        agents/nel/logs/nel-2026-05-23.md
Next intent:    improve weakest finding: sentinel=4p/0f cipher_leaks=0 score=85
Log:            /Users/kai/Documents/Projects/Hyo/agents/nel/ledger/cycle-reports.jsonl
══════════════════════════════════════════════════════════
Report: nel → research+reflection cycle: score=85, sentinel=4p/0f, cipher_leaks=0, reflection_published=no
✓ Self-evolution logged: routine maintenance run
✓ Memory update: ACTIVE.md written
Self-delegated: nel-001 [P2] Fix 28 broken symlinks found during audit (nel → self, logged to kai)
Self-delegated: nel-001 [P3] Nel run complete: score=85, actions=1, sentinel=4/4 (nel → self, logged to kai)
✓ Dispatch: findings reported to Kai ledger
! System health acceptable, improvement opportunities identified.
[load-tool-registry][nel] WHY: Tool registry loaded — agents/tools.json gives typed interfaces for dispatch, ticket, kai_push, agent_execute_improvement
[growth] 22:00:05 [nel] Starting growth phase
[growth] 22:00:05 [nel] ARIC: research already complete for 2026-05-24 — skipping
[growth] 22:00:05 [nel] No open IMP improvement tickets — growth phase idle
grep: invalid option -- P
usage: grep [-abcdDEFGHhIiJLlMmnOopqRSsUVvwXxZz] [-A num] [-B num] [-C[num]]
	[-e pattern] [-f file] [--binary-files=value] [--color=when]
	[--context[=num]] [--directories=action] [--label] [--line-buffered]
	[--null] [pattern] [file ...]
grep: invalid option -- P
usage: grep [-abcdDEFGHhIiJLlMmnOopqRSsUVvwXxZz] [-A num] [-B num] [-C[num]]
	[-e pattern] [-f file] [--binary-files=value] [--color=when]
	[--context[=num]] [--directories=action] [--label] [--line-buffered]
	[--null] [pattern] [file ...]
grep: invalid option -- P
usage: grep [-abcdDEFGHhIiJLlMmnOopqRSsUVvwXxZz] [-A num] [-B num] [-C[num]]
	[-e pattern] [-f file] [--binary-files=value] [--color=when]
	[--context[=num]] [--directories=action] [--label] [--line-buffered]
	[--null] [pattern] [file ...]
grep: invalid option -- P
usage: grep [-abcdDEFGHhIiJLlMmnOopqRSsUVvwXxZz] [-A num] [-B num] [-C[num]]
	[-e pattern] [-f file] [--binary-files=value] [--color=when]
	[--context[=num]] [--directories=action] [--label] [--line-buffered]
	[--null] [pattern] [file ...]
✓ All projects passing sentinel checks
[WHY][nel][22:00:07] skipping dispatch flag because SENTINEL_FAIL=0 — no action needed
! No newsletter for today (2026-05-24) and it's past 06:00 MT
[WHY][nel][22:00:07] dispatching P1 (not P2) because newsletter absence past 06:00 MT deadline is time-critical — Hyo reads at 07:00
⚠ HIGH SEVERITY FLAG: flag-nel-001 [P1] No newsletter produced for 2026-05-24 — past 06:00 MT deadline (from nel)
  → Auto-triggering safeguard cascade...
  [safeguard] Logged trigger: flag-nel-001
  [safeguard] Spawning parallel prevention tasks:
    Delegated: nel-001 [P1] SAFEGUARD: Cross-reference issue (flag-nel-001) — scan entire codebase for similar patterns: No newsletter produced for 2026-05-24 — past 06:00 MT deadline → nel
    Delegated: sam-001 [P1] SAFEGUARD: Add test coverage for issue (flag-nel-001): No newsletter produced for 2026-05-24 — past 06:00 MT deadline → sam
    → Memory: NEW pattern logged to known-issues.jsonl
  → What's Next: dispatching auto-remediation to ra
Delegated: ra-001 [P1] [AUTO-REMEDIATE] No newsletter produced for 2026-05-24 — past 06:00 MT deadline (flagged by nel, cascade flag-nel-001) → ra
  → Queued event-driven ra run: event-ra-flag-nel-001 (agent will pick up task + reflect)
  → Queued re-check: recheck-flag-nel-001
[WHY][nel][22:00:09] no cipher drift flag — CIPHER_LEAKS=0, all permissions correct
✓ Stale file scan: clean
[WHY][nel][22:01:04] no stale flag — all files modified within 60d or have KEEP markers
! Found 28 broken links
[WHY][nel][22:01:05] P2 flag: 28 broken doc links — P2 not P1 because broken links degrade but don't break the system
Flag: flag-nel-001 [P2] Found 28 broken documentation links — fix or cleanup needed (from nel → kai)
  → What's Next: task created for next review cycle
! Found 47 scripts without test coverage
[WHY][nel][22:01:06] no dispatch flag for test gaps — P3 at most; filing in report is sufficient for rolling improvement
! Found 9 inefficient patterns
[WHY][nel][22:01:06] P3 flag: 9 code smells — P3 not P2 because anti-patterns don't break functionality
Flag: flag-nel-001 [P3] Found 9 code optimization opportunities — rolling improvement (from nel → kai, logged for weekly review)
! Audit found 7 issues
Flag: flag-nel-001 [P2] Audit found 7 system issues — review security/structure (from nel → kai)
  → What's Next: task created for next review cycle
✓ HQ state updated
✓ Report published: /Users/kai/Documents/Projects/Hyo/agents/sam/website/docs/nel/report-2026-05-24.md
✓ Self-review: nel pathway healthy
grep: invalid option -- P
usage: grep [-abcdDEFGHhIiJLlMmnOopqRSsUVvwXxZz] [-A num] [-B num] [-C[num]]
	[-e pattern] [-f file] [--binary-files=value] [--color=when]
	[--context[=num]] [--directories=action] [--label] [--line-buffered]
	[--null] [pattern] [file ...]
[SELF-REVIEW] nel: 13 findings — see /Users/kai/Documents/Projects/Hyo/agents/nel/logs/self-review-2026-05-24.md
Flag: flag-nel-001 [P2] [SELF-REVIEW] 1 untriggered files found (from nel → kai)
  → What's Next: task created for next review cycle
PLAYBOOK updated with research entry for 2026-05-24
[nel-research] 22:01:43 Findings archived to /Users/kai/Documents/Projects/Hyo/agents/ra/research/briefs/nel-2026-05-24.md
[nel-research] 22:01:43 Research cycle complete for nel
Nel reflection sections written to /tmp/nel-reflection-sections-20260524.json
[bluf-augment] nel: sections augmented — status: SHIPPED: IMP-20260414-nel-002 — Build dependency vulnerabili
agent-card: nel health_score 85 → 85 (+0)
✓ Nel agent-card.json written (health_score=85)
[agent-structured-report][nel] 22:01:44 WHY: Validating report schema before writing — unstructured reports cannot be reliably parsed by Kai or queued for follow-up
[agent-structured-report][nel] 22:01:44 All required fields present — writing structured report
[agent-structured-report][nel] 22:01:44 WHY: Writing to cycle-reports.jsonl (structured log) — enables Kai to query cycle history without parsing freeform markdown
[agent-structured-report][nel] 22:01:44 Report written to /Users/kai/Documents/Projects/Hyo/agents/nel/ledger/cycle-reports.jsonl
Updated /Users/kai/Documents/Projects/Hyo/agents/nel/ledger/ACTIVE.md
[agent-structured-report][nel] 22:01:44 ACTIVE.md updated with cycle summary

══════════════════════════════════════════════════════════
STRUCTURED REPORT ACCEPTED
Agent:          nel
Cycle ID:       2026-05-24-cycle-1
Phases done:    sentinel,cipher,stale-files,broken-links,test-coverage,patterns,audit,reflection
Phases failed:  none
Outputs:        agents/nel/logs/nel-2026-05-24.md
Next intent:    improve weakest finding: sentinel=4p/0f cipher_leaks=0 score=85
Log:            /Users/kai/Documents/Projects/Hyo/agents/nel/ledger/cycle-reports.jsonl
══════════════════════════════════════════════════════════
Report: nel → research+reflection cycle: score=85, sentinel=4p/0f, cipher_leaks=0, reflection_published=no
✓ Self-evolution logged: routine maintenance run
✓ Memory update: ACTIVE.md written
Self-delegated: nel-001 [P2] Fix 28 broken symlinks found during audit (nel → self, logged to kai)
Self-delegated: nel-001 [P3] Nel run complete: score=85, actions=1, sentinel=4/4 (nel → self, logged to kai)
✓ Dispatch: findings reported to Kai ledger
! System health acceptable, improvement opportunities identified.
[load-tool-registry][nel] WHY: Tool registry loaded — agents/tools.json gives typed interfaces for dispatch, ticket, kai_push, agent_execute_improvement
[growth] 22:00:02 [nel] Starting growth phase
[growth] 22:00:02 [nel] ARIC: research already complete for 2026-05-25 — skipping
[growth] 22:00:02 [nel] No open IMP improvement tickets — growth phase idle
grep: invalid option -- P
usage: grep [-abcdDEFGHhIiJLlMmnOopqRSsUVvwXxZz] [-A num] [-B num] [-C[num]]
	[-e pattern] [-f file] [--binary-files=value] [--color=when]
	[--context[=num]] [--directories=action] [--label] [--line-buffered]
	[--null] [pattern] [file ...]
grep: invalid option -- P
usage: grep [-abcdDEFGHhIiJLlMmnOopqRSsUVvwXxZz] [-A num] [-B num] [-C[num]]
	[-e pattern] [-f file] [--binary-files=value] [--color=when]
	[--context[=num]] [--directories=action] [--label] [--line-buffered]
	[--null] [pattern] [file ...]
grep: invalid option -- P
usage: grep [-abcdDEFGHhIiJLlMmnOopqRSsUVvwXxZz] [-A num] [-B num] [-C[num]]
	[-e pattern] [-f file] [--binary-files=value] [--color=when]
	[--context[=num]] [--directories=action] [--label] [--line-buffered]
	[--null] [pattern] [file ...]
grep: invalid option -- P
usage: grep [-abcdDEFGHhIiJLlMmnOopqRSsUVvwXxZz] [-A num] [-B num] [-C[num]]
	[-e pattern] [-f file] [--binary-files=value] [--color=when]
	[--context[=num]] [--directories=action] [--label] [--line-buffered]
	[--null] [pattern] [file ...]
✓ All projects passing sentinel checks
[WHY][nel][22:00:05] skipping dispatch flag because SENTINEL_FAIL=0 — no action needed
! No newsletter for today (2026-05-25) and it's past 06:00 MT
[WHY][nel][22:00:05] dispatching P1 (not P2) because newsletter absence past 06:00 MT deadline is time-critical — Hyo reads at 07:00
⚠ HIGH SEVERITY FLAG: flag-nel-001 [P1] No newsletter produced for 2026-05-25 — past 06:00 MT deadline (from nel)
  → Auto-triggering safeguard cascade...
  [safeguard] Logged trigger: flag-nel-001
  [safeguard] Spawning parallel prevention tasks:
    Delegated: nel-001 [P1] SAFEGUARD: Cross-reference issue (flag-nel-001) — scan entire codebase for similar patterns: No newsletter produced for 2026-05-25 — past 06:00 MT deadline → nel
    Delegated: sam-001 [P1] SAFEGUARD: Add test coverage for issue (flag-nel-001): No newsletter produced for 2026-05-25 — past 06:00 MT deadline → sam
    → Memory: NEW pattern logged to known-issues.jsonl
  → What's Next: dispatching auto-remediation to ra
Delegated: ra-001 [P1] [AUTO-REMEDIATE] No newsletter produced for 2026-05-25 — past 06:00 MT deadline (flagged by nel, cascade flag-nel-001) → ra
  → Queued event-driven ra run: event-ra-flag-nel-001 (agent will pick up task + reflect)
  → Queued re-check: recheck-flag-nel-001
[WHY][nel][22:00:06] no cipher drift flag — CIPHER_LEAKS=0, all permissions correct
✓ Stale file scan: clean
[WHY][nel][22:01:00] no stale flag — all files modified within 60d or have KEEP markers
! Found 29 broken links
[WHY][nel][22:01:01] P2 flag: 29 broken doc links — P2 not P1 because broken links degrade but don't break the system
Flag: flag-nel-001 [P2] Found 29 broken documentation links — fix or cleanup needed (from nel → kai)
  → What's Next: task created for next review cycle
! Found 47 scripts without test coverage
[WHY][nel][22:01:02] no dispatch flag for test gaps — P3 at most; filing in report is sufficient for rolling improvement
! Found 9 inefficient patterns
[WHY][nel][22:01:02] P3 flag: 9 code smells — P3 not P2 because anti-patterns don't break functionality
Flag: flag-nel-001 [P3] Found 9 code optimization opportunities — rolling improvement (from nel → kai, logged for weekly review)
! Audit found 7 issues
Flag: flag-nel-001 [P2] Audit found 7 system issues — review security/structure (from nel → kai)
  → What's Next: task created for next review cycle
✓ HQ state updated
✓ Report published: /Users/kai/Documents/Projects/Hyo/agents/sam/website/docs/nel/report-2026-05-25.md
✓ Self-review: nel pathway healthy
grep: invalid option -- P
usage: grep [-abcdDEFGHhIiJLlMmnOopqRSsUVvwXxZz] [-A num] [-B num] [-C[num]]
	[-e pattern] [-f file] [--binary-files=value] [--color=when]
	[--context[=num]] [--directories=action] [--label] [--line-buffered]
	[--null] [pattern] [file ...]
[SELF-REVIEW] nel: 13 findings — see /Users/kai/Documents/Projects/Hyo/agents/nel/logs/self-review-2026-05-25.md
Flag: flag-nel-001 [P2] [SELF-REVIEW] 1 untriggered files found (from nel → kai)
  → What's Next: task created for next review cycle
PLAYBOOK updated with research entry for 2026-05-25
[nel-research] 22:01:17 Findings archived to /Users/kai/Documents/Projects/Hyo/agents/ra/research/briefs/nel-2026-05-25.md
[nel-research] 22:01:17 Research cycle complete for nel
Nel reflection sections written to /tmp/nel-reflection-sections-20260525.json
[bluf-augment] nel: sections augmented — status: SHIPPED: IMP-20260414-nel-002 — Build dependency vulnerabili
agent-card: nel health_score 85 → 85 (+0)
✓ Nel agent-card.json written (health_score=85)
[agent-structured-report][nel] 22:01:17 WHY: Validating report schema before writing — unstructured reports cannot be reliably parsed by Kai or queued for follow-up
[agent-structured-report][nel] 22:01:17 All required fields present — writing structured report
[agent-structured-report][nel] 22:01:17 WHY: Writing to cycle-reports.jsonl (structured log) — enables Kai to query cycle history without parsing freeform markdown
[agent-structured-report][nel] 22:01:17 Report written to /Users/kai/Documents/Projects/Hyo/agents/nel/ledger/cycle-reports.jsonl
Updated /Users/kai/Documents/Projects/Hyo/agents/nel/ledger/ACTIVE.md
[agent-structured-report][nel] 22:01:18 ACTIVE.md updated with cycle summary

══════════════════════════════════════════════════════════
STRUCTURED REPORT ACCEPTED
Agent:          nel
Cycle ID:       2026-05-25-cycle-1
Phases done:    sentinel,cipher,stale-files,broken-links,test-coverage,patterns,audit,reflection
Phases failed:  none
Outputs:        agents/nel/logs/nel-2026-05-25.md
Next intent:    improve weakest finding: sentinel=4p/0f cipher_leaks=0 score=85
Log:            /Users/kai/Documents/Projects/Hyo/agents/nel/ledger/cycle-reports.jsonl
══════════════════════════════════════════════════════════
Report: nel → research+reflection cycle: score=85, sentinel=4p/0f, cipher_leaks=0, reflection_published=no
✓ Self-evolution logged: routine maintenance run
✓ Memory update: ACTIVE.md written
Self-delegated: nel-001 [P2] Fix 29 broken symlinks found during audit (nel → self, logged to kai)
Self-delegated: nel-001 [P3] Nel run complete: score=85, actions=1, sentinel=4/4 (nel → self, logged to kai)
✓ Dispatch: findings reported to Kai ledger
! System health acceptable, improvement opportunities identified.
[load-tool-registry][nel] WHY: Tool registry loaded — agents/tools.json gives typed interfaces for dispatch, ticket, kai_push, agent_execute_improvement
[growth] 22:00:01 [nel] Starting growth phase
[growth] 22:00:01 [nel] ARIC: research already complete for 2026-05-26 — skipping
[growth] 22:00:01 [nel] No open IMP improvement tickets — growth phase idle
grep: invalid option -- P
usage: grep [-abcdDEFGHhIiJLlMmnOopqRSsUVvwXxZz] [-A num] [-B num] [-C[num]]
	[-e pattern] [-f file] [--binary-files=value] [--color=when]
	[--context[=num]] [--directories=action] [--label] [--line-buffered]
	[--null] [pattern] [file ...]
grep: invalid option -- P
usage: grep [-abcdDEFGHhIiJLlMmnOopqRSsUVvwXxZz] [-A num] [-B num] [-C[num]]
	[-e pattern] [-f file] [--binary-files=value] [--color=when]
	[--context[=num]] [--directories=action] [--label] [--line-buffered]
	[--null] [pattern] [file ...]
grep: invalid option -- P
usage: grep [-abcdDEFGHhIiJLlMmnOopqRSsUVvwXxZz] [-A num] [-B num] [-C[num]]
	[-e pattern] [-f file] [--binary-files=value] [--color=when]
	[--context[=num]] [--directories=action] [--label] [--line-buffered]
	[--null] [pattern] [file ...]
grep: invalid option -- P
usage: grep [-abcdDEFGHhIiJLlMmnOopqRSsUVvwXxZz] [-A num] [-B num] [-C[num]]
	[-e pattern] [-f file] [--binary-files=value] [--color=when]
	[--context[=num]] [--directories=action] [--label] [--line-buffered]
	[--null] [pattern] [file ...]
✓ All projects passing sentinel checks
[WHY][nel][22:00:03] skipping dispatch flag because SENTINEL_FAIL=0 — no action needed
! No newsletter for today (2026-05-26) and it's past 06:00 MT
[WHY][nel][22:00:03] dispatching P1 (not P2) because newsletter absence past 06:00 MT deadline is time-critical — Hyo reads at 07:00
⚠ HIGH SEVERITY FLAG: flag-nel-001 [P1] No newsletter produced for 2026-05-26 — past 06:00 MT deadline (from nel)
  → Auto-triggering safeguard cascade...
  [safeguard] Logged trigger: flag-nel-001
  [safeguard] Spawning parallel prevention tasks:
    Delegated: nel-001 [P1] SAFEGUARD: Cross-reference issue (flag-nel-001) — scan entire codebase for similar patterns: No newsletter produced for 2026-05-26 — past 06:00 MT deadline → nel
    Delegated: sam-001 [P1] SAFEGUARD: Add test coverage for issue (flag-nel-001): No newsletter produced for 2026-05-26 — past 06:00 MT deadline → sam
    → Memory: NEW pattern logged to known-issues.jsonl
  → What's Next: dispatching auto-remediation to ra
Delegated: ra-001 [P1] [AUTO-REMEDIATE] No newsletter produced for 2026-05-26 — past 06:00 MT deadline (flagged by nel, cascade flag-nel-001) → ra
  → Queued event-driven ra run: event-ra-flag-nel-001 (agent will pick up task + reflect)
  → Queued re-check: recheck-flag-nel-001
[WHY][nel][22:00:05] no cipher drift flag — CIPHER_LEAKS=0, all permissions correct
✓ Stale file scan: clean
[WHY][nel][22:01:01] no stale flag — all files modified within 60d or have KEEP markers
! Found 30 broken links
[WHY][nel][22:01:01] P2 flag: 30 broken doc links — P2 not P1 because broken links degrade but don't break the system
Flag: flag-nel-001 [P2] Found 30 broken documentation links — fix or cleanup needed (from nel → kai)
  → What's Next: task created for next review cycle
! Found 47 scripts without test coverage
[WHY][nel][22:01:02] no dispatch flag for test gaps — P3 at most; filing in report is sufficient for rolling improvement
! Found 9 inefficient patterns
[WHY][nel][22:01:02] P3 flag: 9 code smells — P3 not P2 because anti-patterns don't break functionality
Flag: flag-nel-001 [P3] Found 9 code optimization opportunities — rolling improvement (from nel → kai, logged for weekly review)
! Audit found 7 issues
Flag: flag-nel-001 [P2] Audit found 7 system issues — review security/structure (from nel → kai)
  → What's Next: task created for next review cycle
✓ HQ state updated
✓ Report published: /Users/kai/Documents/Projects/Hyo/agents/sam/website/docs/nel/report-2026-05-26.md
✓ Self-review: nel pathway healthy
grep: invalid option -- P
usage: grep [-abcdDEFGHhIiJLlMmnOopqRSsUVvwXxZz] [-A num] [-B num] [-C[num]]
	[-e pattern] [-f file] [--binary-files=value] [--color=when]
	[--context[=num]] [--directories=action] [--label] [--line-buffered]
	[--null] [pattern] [file ...]
[SELF-REVIEW] nel: 13 findings — see /Users/kai/Documents/Projects/Hyo/agents/nel/logs/self-review-2026-05-26.md
Flag: flag-nel-001 [P2] [SELF-REVIEW] 1 untriggered files found (from nel → kai)
  → What's Next: task created for next review cycle
PLAYBOOK updated with research entry for 2026-05-26
[nel-research] 22:01:23 Findings archived to /Users/kai/Documents/Projects/Hyo/agents/ra/research/briefs/nel-2026-05-26.md
[nel-research] 22:01:23 Research cycle complete for nel
Nel reflection sections written to /tmp/nel-reflection-sections-20260526.json
[bluf-augment] nel: sections augmented — status: SHIPPED: IMP-20260414-nel-002 — Build dependency vulnerabili
agent-card: nel health_score 85 → 85 (+0)
✓ Nel agent-card.json written (health_score=85)
[agent-structured-report][nel] 22:01:23 WHY: Validating report schema before writing — unstructured reports cannot be reliably parsed by Kai or queued for follow-up
[agent-structured-report][nel] 22:01:23 All required fields present — writing structured report
[agent-structured-report][nel] 22:01:23 WHY: Writing to cycle-reports.jsonl (structured log) — enables Kai to query cycle history without parsing freeform markdown
[agent-structured-report][nel] 22:01:23 Report written to /Users/kai/Documents/Projects/Hyo/agents/nel/ledger/cycle-reports.jsonl
Updated /Users/kai/Documents/Projects/Hyo/agents/nel/ledger/ACTIVE.md
[agent-structured-report][nel] 22:01:23 ACTIVE.md updated with cycle summary

══════════════════════════════════════════════════════════
STRUCTURED REPORT ACCEPTED
Agent:          nel
Cycle ID:       2026-05-26-cycle-1
Phases done:    sentinel,cipher,stale-files,broken-links,test-coverage,patterns,audit,reflection
Phases failed:  none
Outputs:        agents/nel/logs/nel-2026-05-26.md
Next intent:    improve weakest finding: sentinel=4p/0f cipher_leaks=0 score=85
Log:            /Users/kai/Documents/Projects/Hyo/agents/nel/ledger/cycle-reports.jsonl
══════════════════════════════════════════════════════════
Report: nel → research+reflection cycle: score=85, sentinel=4p/0f, cipher_leaks=0, reflection_published=no
✓ Self-evolution logged: routine maintenance run
✓ Memory update: ACTIVE.md written
Self-delegated: nel-001 [P2] Fix 30 broken symlinks found during audit (nel → self, logged to kai)
Self-delegated: nel-001 [P3] Nel run complete: score=85, actions=1, sentinel=4/4 (nel → self, logged to kai)
✓ Dispatch: findings reported to Kai ledger
! System health acceptable, improvement opportunities identified.
[load-tool-registry][nel] WHY: Tool registry loaded — agents/tools.json gives typed interfaces for dispatch, ticket, kai_push, agent_execute_improvement
[growth] 22:00:01 [nel] Starting growth phase
[growth] 22:00:01 [nel] ARIC: research already complete for 2026-05-27 — skipping
[growth] 22:00:01 [nel] No open IMP improvement tickets — growth phase idle
grep: invalid option -- P
usage: grep [-abcdDEFGHhIiJLlMmnOopqRSsUVvwXxZz] [-A num] [-B num] [-C[num]]
	[-e pattern] [-f file] [--binary-files=value] [--color=when]
	[--context[=num]] [--directories=action] [--label] [--line-buffered]
	[--null] [pattern] [file ...]
grep: invalid option -- P
usage: grep [-abcdDEFGHhIiJLlMmnOopqRSsUVvwXxZz] [-A num] [-B num] [-C[num]]
	[-e pattern] [-f file] [--binary-files=value] [--color=when]
	[--context[=num]] [--directories=action] [--label] [--line-buffered]
	[--null] [pattern] [file ...]
grep: invalid option -- P
usage: grep [-abcdDEFGHhIiJLlMmnOopqRSsUVvwXxZz] [-A num] [-B num] [-C[num]]
	[-e pattern] [-f file] [--binary-files=value] [--color=when]
	[--context[=num]] [--directories=action] [--label] [--line-buffered]
	[--null] [pattern] [file ...]
grep: invalid option -- P
usage: grep [-abcdDEFGHhIiJLlMmnOopqRSsUVvwXxZz] [-A num] [-B num] [-C[num]]
	[-e pattern] [-f file] [--binary-files=value] [--color=when]
	[--context[=num]] [--directories=action] [--label] [--line-buffered]
	[--null] [pattern] [file ...]
✓ All projects passing sentinel checks
[WHY][nel][22:00:03] skipping dispatch flag because SENTINEL_FAIL=0 — no action needed
! No newsletter for today (2026-05-27) and it's past 06:00 MT
[WHY][nel][22:00:03] dispatching P1 (not P2) because newsletter absence past 06:00 MT deadline is time-critical — Hyo reads at 07:00
⚠ HIGH SEVERITY FLAG: flag-nel-001 [P1] No newsletter produced for 2026-05-27 — past 06:00 MT deadline (from nel)
  → Auto-triggering safeguard cascade...
  [safeguard] Logged trigger: flag-nel-001
  [safeguard] Spawning parallel prevention tasks:
    Delegated: nel-001 [P1] SAFEGUARD: Cross-reference issue (flag-nel-001) — scan entire codebase for similar patterns: No newsletter produced for 2026-05-27 — past 06:00 MT deadline → nel
    Delegated: sam-001 [P1] SAFEGUARD: Add test coverage for issue (flag-nel-001): No newsletter produced for 2026-05-27 — past 06:00 MT deadline → sam
    → Memory: NEW pattern logged to known-issues.jsonl
  → What's Next: dispatching auto-remediation to ra
Delegated: ra-001 [P1] [AUTO-REMEDIATE] No newsletter produced for 2026-05-27 — past 06:00 MT deadline (flagged by nel, cascade flag-nel-001) → ra
  → Queued event-driven ra run: event-ra-flag-nel-001 (agent will pick up task + reflect)
  → Queued re-check: recheck-flag-nel-001
[WHY][nel][22:00:05] no cipher drift flag — CIPHER_LEAKS=0, all permissions correct
✓ Stale file scan: clean
[WHY][nel][22:01:02] no stale flag — all files modified within 60d or have KEEP markers
! Found 29 broken links
[WHY][nel][22:01:03] P2 flag: 29 broken doc links — P2 not P1 because broken links degrade but don't break the system
Flag: flag-nel-001 [P2] Found 29 broken documentation links — fix or cleanup needed (from nel → kai)
  → What's Next: task created for next review cycle
! Found 47 scripts without test coverage
[WHY][nel][22:01:04] no dispatch flag for test gaps — P3 at most; filing in report is sufficient for rolling improvement
! Found 9 inefficient patterns
[WHY][nel][22:01:04] P3 flag: 9 code smells — P3 not P2 because anti-patterns don't break functionality
Flag: flag-nel-001 [P3] Found 9 code optimization opportunities — rolling improvement (from nel → kai, logged for weekly review)
! Audit found 7 issues
Flag: flag-nel-001 [P2] Audit found 7 system issues — review security/structure (from nel → kai)
  → What's Next: task created for next review cycle
✓ HQ state updated
✓ Report published: /Users/kai/Documents/Projects/Hyo/agents/sam/website/docs/nel/report-2026-05-27.md
✓ Self-review: nel pathway healthy
grep: invalid option -- P
usage: grep [-abcdDEFGHhIiJLlMmnOopqRSsUVvwXxZz] [-A num] [-B num] [-C[num]]
	[-e pattern] [-f file] [--binary-files=value] [--color=when]
	[--context[=num]] [--directories=action] [--label] [--line-buffered]
	[--null] [pattern] [file ...]
[SELF-REVIEW] nel: 13 findings — see /Users/kai/Documents/Projects/Hyo/agents/nel/logs/self-review-2026-05-27.md
Flag: flag-nel-001 [P2] [SELF-REVIEW] 1 untriggered files found (from nel → kai)
  → What's Next: task created for next review cycle
PLAYBOOK updated with research entry for 2026-05-27
[nel-research] 22:01:15 Findings archived to /Users/kai/Documents/Projects/Hyo/agents/ra/research/briefs/nel-2026-05-27.md
[nel-research] 22:01:15 Research cycle complete for nel
Nel reflection sections written to /tmp/nel-reflection-sections-20260527.json
[bluf-augment] nel: sections augmented — status: SHIPPED: IMP-20260414-nel-002 — Build dependency vulnerabili
agent-card: nel health_score 85 → 85 (+0)
✓ Nel agent-card.json written (health_score=85)
[agent-structured-report][nel] 22:01:15 WHY: Validating report schema before writing — unstructured reports cannot be reliably parsed by Kai or queued for follow-up
[agent-structured-report][nel] 22:01:15 All required fields present — writing structured report
[agent-structured-report][nel] 22:01:15 WHY: Writing to cycle-reports.jsonl (structured log) — enables Kai to query cycle history without parsing freeform markdown
[agent-structured-report][nel] 22:01:15 Report written to /Users/kai/Documents/Projects/Hyo/agents/nel/ledger/cycle-reports.jsonl
Updated /Users/kai/Documents/Projects/Hyo/agents/nel/ledger/ACTIVE.md
[agent-structured-report][nel] 22:01:15 ACTIVE.md updated with cycle summary

══════════════════════════════════════════════════════════
STRUCTURED REPORT ACCEPTED
Agent:          nel
Cycle ID:       2026-05-27-cycle-1
Phases done:    sentinel,cipher,stale-files,broken-links,test-coverage,patterns,audit,reflection
Phases failed:  none
Outputs:        agents/nel/logs/nel-2026-05-27.md
Next intent:    improve weakest finding: sentinel=4p/0f cipher_leaks=0 score=85
Log:            /Users/kai/Documents/Projects/Hyo/agents/nel/ledger/cycle-reports.jsonl
══════════════════════════════════════════════════════════
Report: nel → research+reflection cycle: score=85, sentinel=4p/0f, cipher_leaks=0, reflection_published=no
✓ Self-evolution logged: routine maintenance run
✓ Memory update: ACTIVE.md written
Self-delegated: nel-001 [P2] Fix 29 broken symlinks found during audit (nel → self, logged to kai)
Self-delegated: nel-001 [P3] Nel run complete: score=85, actions=1, sentinel=4/4 (nel → self, logged to kai)
✓ Dispatch: findings reported to Kai ledger
! System health acceptable, improvement opportunities identified.
[load-tool-registry][nel] WHY: Tool registry loaded — agents/tools.json gives typed interfaces for dispatch, ticket, kai_push, agent_execute_improvement
[growth] 22:00:00 [nel] Starting growth phase
[growth] 22:00:00 [nel] ARIC: research already complete for 2026-05-28 — skipping
[growth] 22:00:00 [nel] No open IMP improvement tickets — growth phase idle
grep: invalid option -- P
usage: grep [-abcdDEFGHhIiJLlMmnOopqRSsUVvwXxZz] [-A num] [-B num] [-C[num]]
	[-e pattern] [-f file] [--binary-files=value] [--color=when]
	[--context[=num]] [--directories=action] [--label] [--line-buffered]
	[--null] [pattern] [file ...]
grep: invalid option -- P
usage: grep [-abcdDEFGHhIiJLlMmnOopqRSsUVvwXxZz] [-A num] [-B num] [-C[num]]
	[-e pattern] [-f file] [--binary-files=value] [--color=when]
	[--context[=num]] [--directories=action] [--label] [--line-buffered]
	[--null] [pattern] [file ...]
grep: invalid option -- P
usage: grep [-abcdDEFGHhIiJLlMmnOopqRSsUVvwXxZz] [-A num] [-B num] [-C[num]]
	[-e pattern] [-f file] [--binary-files=value] [--color=when]
	[--context[=num]] [--directories=action] [--label] [--line-buffered]
	[--null] [pattern] [file ...]
grep: invalid option -- P
usage: grep [-abcdDEFGHhIiJLlMmnOopqRSsUVvwXxZz] [-A num] [-B num] [-C[num]]
	[-e pattern] [-f file] [--binary-files=value] [--color=when]
	[--context[=num]] [--directories=action] [--label] [--line-buffered]
	[--null] [pattern] [file ...]
✓ All projects passing sentinel checks
[WHY][nel][22:00:03] skipping dispatch flag because SENTINEL_FAIL=0 — no action needed
! No newsletter for today (2026-05-28) and it's past 06:00 MT
[WHY][nel][22:00:03] dispatching P1 (not P2) because newsletter absence past 06:00 MT deadline is time-critical — Hyo reads at 07:00
⚠ HIGH SEVERITY FLAG: flag-nel-001 [P1] No newsletter produced for 2026-05-28 — past 06:00 MT deadline (from nel)
  → Auto-triggering safeguard cascade...
  [safeguard] Logged trigger: flag-nel-001
  [safeguard] Spawning parallel prevention tasks:
    Delegated: nel-001 [P1] SAFEGUARD: Cross-reference issue (flag-nel-001) — scan entire codebase for similar patterns: No newsletter produced for 2026-05-28 — past 06:00 MT deadline → nel
    Delegated: sam-001 [P1] SAFEGUARD: Add test coverage for issue (flag-nel-001): No newsletter produced for 2026-05-28 — past 06:00 MT deadline → sam
    → Memory: NEW pattern logged to known-issues.jsonl
  → What's Next: dispatching auto-remediation to ra
Delegated: ra-001 [P1] [AUTO-REMEDIATE] No newsletter produced for 2026-05-28 — past 06:00 MT deadline (flagged by nel, cascade flag-nel-001) → ra
  → Queued event-driven ra run: event-ra-flag-nel-001 (agent will pick up task + reflect)
  → Queued re-check: recheck-flag-nel-001
[WHY][nel][22:00:04] no cipher drift flag — CIPHER_LEAKS=0, all permissions correct
✓ Stale file scan: clean
[WHY][nel][22:01:03] no stale flag — all files modified within 60d or have KEEP markers
! Found 29 broken links
[WHY][nel][22:01:04] P2 flag: 29 broken doc links — P2 not P1 because broken links degrade but don't break the system
Flag: flag-nel-001 [P2] Found 29 broken documentation links — fix or cleanup needed (from nel → kai)
  → What's Next: task created for next review cycle
! Found 47 scripts without test coverage
[WHY][nel][22:01:04] no dispatch flag for test gaps — P3 at most; filing in report is sufficient for rolling improvement
! Found 9 inefficient patterns
[WHY][nel][22:01:05] P3 flag: 9 code smells — P3 not P2 because anti-patterns don't break functionality
Flag: flag-nel-001 [P3] Found 9 code optimization opportunities — rolling improvement (from nel → kai, logged for weekly review)
! Audit found 7 issues
Flag: flag-nel-001 [P2] Audit found 7 system issues — review security/structure (from nel → kai)
  → What's Next: task created for next review cycle
✓ HQ state updated
✓ Report published: /Users/kai/Documents/Projects/Hyo/agents/sam/website/docs/nel/report-2026-05-28.md
✓ Self-review: nel pathway healthy
grep: invalid option -- P
usage: grep [-abcdDEFGHhIiJLlMmnOopqRSsUVvwXxZz] [-A num] [-B num] [-C[num]]
	[-e pattern] [-f file] [--binary-files=value] [--color=when]
	[--context[=num]] [--directories=action] [--label] [--line-buffered]
	[--null] [pattern] [file ...]
[SELF-REVIEW] nel: 13 findings — see /Users/kai/Documents/Projects/Hyo/agents/nel/logs/self-review-2026-05-28.md
Flag: flag-nel-001 [P2] [SELF-REVIEW] 1 untriggered files found (from nel → kai)
  → What's Next: task created for next review cycle
PLAYBOOK updated with research entry for 2026-05-28
[nel-research] 22:01:53 Findings archived to /Users/kai/Documents/Projects/Hyo/agents/ra/research/briefs/nel-2026-05-28.md
[nel-research] 22:01:53 Research cycle complete for nel
Nel reflection sections written to /tmp/nel-reflection-sections-20260528.json
[bluf-augment] nel: sections augmented — status: SHIPPED: IMP-20260414-nel-002 — Build dependency vulnerabili
agent-card: nel health_score 85 → 85 (+0)
✓ Nel agent-card.json written (health_score=85)
[agent-structured-report][nel] 22:01:53 WHY: Validating report schema before writing — unstructured reports cannot be reliably parsed by Kai or queued for follow-up
[agent-structured-report][nel] 22:01:53 All required fields present — writing structured report
[agent-structured-report][nel] 22:01:53 WHY: Writing to cycle-reports.jsonl (structured log) — enables Kai to query cycle history without parsing freeform markdown
[agent-structured-report][nel] 22:01:53 Report written to /Users/kai/Documents/Projects/Hyo/agents/nel/ledger/cycle-reports.jsonl
Updated /Users/kai/Documents/Projects/Hyo/agents/nel/ledger/ACTIVE.md
[agent-structured-report][nel] 22:01:53 ACTIVE.md updated with cycle summary

══════════════════════════════════════════════════════════
STRUCTURED REPORT ACCEPTED
Agent:          nel
Cycle ID:       2026-05-28-cycle-1
Phases done:    sentinel,cipher,stale-files,broken-links,test-coverage,patterns,audit,reflection
Phases failed:  none
Outputs:        agents/nel/logs/nel-2026-05-28.md
Next intent:    improve weakest finding: sentinel=4p/0f cipher_leaks=0 score=85
Log:            /Users/kai/Documents/Projects/Hyo/agents/nel/ledger/cycle-reports.jsonl
══════════════════════════════════════════════════════════
Report: nel → research+reflection cycle: score=85, sentinel=4p/0f, cipher_leaks=0, reflection_published=no
✓ Self-evolution logged: routine maintenance run
✓ Memory update: ACTIVE.md written
Self-delegated: nel-001 [P2] Fix 29 broken symlinks found during audit (nel → self, logged to kai)
Self-delegated: nel-001 [P3] Nel run complete: score=85, actions=1, sentinel=4/4 (nel → self, logged to kai)
✓ Dispatch: findings reported to Kai ledger
! System health acceptable, improvement opportunities identified.
[load-tool-registry][nel] WHY: Tool registry loaded — agents/tools.json gives typed interfaces for dispatch, ticket, kai_push, agent_execute_improvement
[growth] 22:00:00 [nel] Starting growth phase
[growth] 22:00:00 [nel] ARIC: research already complete for 2026-05-29 — skipping
[growth] 22:00:00 [nel] No open IMP improvement tickets — growth phase idle
grep: invalid option -- P
usage: grep [-abcdDEFGHhIiJLlMmnOopqRSsUVvwXxZz] [-A num] [-B num] [-C[num]]
	[-e pattern] [-f file] [--binary-files=value] [--color=when]
	[--context[=num]] [--directories=action] [--label] [--line-buffered]
	[--null] [pattern] [file ...]
grep: invalid option -- P
usage: grep [-abcdDEFGHhIiJLlMmnOopqRSsUVvwXxZz] [-A num] [-B num] [-C[num]]
	[-e pattern] [-f file] [--binary-files=value] [--color=when]
	[--context[=num]] [--directories=action] [--label] [--line-buffered]
	[--null] [pattern] [file ...]
grep: invalid option -- P
usage: grep [-abcdDEFGHhIiJLlMmnOopqRSsUVvwXxZz] [-A num] [-B num] [-C[num]]
	[-e pattern] [-f file] [--binary-files=value] [--color=when]
	[--context[=num]] [--directories=action] [--label] [--line-buffered]
	[--null] [pattern] [file ...]
grep: invalid option -- P
usage: grep [-abcdDEFGHhIiJLlMmnOopqRSsUVvwXxZz] [-A num] [-B num] [-C[num]]
	[-e pattern] [-f file] [--binary-files=value] [--color=when]
	[--context[=num]] [--directories=action] [--label] [--line-buffered]
	[--null] [pattern] [file ...]
✓ All projects passing sentinel checks
[WHY][nel][22:00:03] skipping dispatch flag because SENTINEL_FAIL=0 — no action needed
! No newsletter for today (2026-05-29) and it's past 06:00 MT
[WHY][nel][22:00:03] dispatching P1 (not P2) because newsletter absence past 06:00 MT deadline is time-critical — Hyo reads at 07:00
⚠ HIGH SEVERITY FLAG: flag-nel-001 [P1] No newsletter produced for 2026-05-29 — past 06:00 MT deadline (from nel)
  → Auto-triggering safeguard cascade...
  [safeguard] Logged trigger: flag-nel-001
  [safeguard] Spawning parallel prevention tasks:
    Delegated: nel-001 [P1] SAFEGUARD: Cross-reference issue (flag-nel-001) — scan entire codebase for similar patterns: No newsletter produced for 2026-05-29 — past 06:00 MT deadline → nel
    Delegated: sam-001 [P1] SAFEGUARD: Add test coverage for issue (flag-nel-001): No newsletter produced for 2026-05-29 — past 06:00 MT deadline → sam
    → Memory: NEW pattern logged to known-issues.jsonl
  → What's Next: dispatching auto-remediation to ra
Delegated: ra-001 [P1] [AUTO-REMEDIATE] No newsletter produced for 2026-05-29 — past 06:00 MT deadline (flagged by nel, cascade flag-nel-001) → ra
  → Queued event-driven ra run: event-ra-flag-nel-001 (agent will pick up task + reflect)
  → Queued re-check: recheck-flag-nel-001
[WHY][nel][22:00:05] no cipher drift flag — CIPHER_LEAKS=0, all permissions correct
✓ Stale file scan: clean
[WHY][nel][22:01:08] no stale flag — all files modified within 60d or have KEEP markers
! Found 29 broken links
[WHY][nel][22:01:09] P2 flag: 29 broken doc links — P2 not P1 because broken links degrade but don't break the system
Flag: flag-nel-001 [P2] Found 29 broken documentation links — fix or cleanup needed (from nel → kai)
  → What's Next: task created for next review cycle
! Found 47 scripts without test coverage
[WHY][nel][22:01:10] no dispatch flag for test gaps — P3 at most; filing in report is sufficient for rolling improvement
! Found 9 inefficient patterns
[WHY][nel][22:01:10] P3 flag: 9 code smells — P3 not P2 because anti-patterns don't break functionality
Flag: flag-nel-001 [P3] Found 9 code optimization opportunities — rolling improvement (from nel → kai, logged for weekly review)
! Audit found 7 issues
Flag: flag-nel-001 [P2] Audit found 7 system issues — review security/structure (from nel → kai)
  → What's Next: task created for next review cycle
✓ HQ state updated
✓ Report published: /Users/kai/Documents/Projects/Hyo/agents/sam/website/docs/nel/report-2026-05-29.md
✓ Self-review: nel pathway healthy
grep: invalid option -- P
usage: grep [-abcdDEFGHhIiJLlMmnOopqRSsUVvwXxZz] [-A num] [-B num] [-C[num]]
	[-e pattern] [-f file] [--binary-files=value] [--color=when]
	[--context[=num]] [--directories=action] [--label] [--line-buffered]
	[--null] [pattern] [file ...]
[SELF-REVIEW] nel: 13 findings — see /Users/kai/Documents/Projects/Hyo/agents/nel/logs/self-review-2026-05-29.md
Flag: flag-nel-001 [P2] [SELF-REVIEW] 1 untriggered files found (from nel → kai)
  → What's Next: task created for next review cycle
PLAYBOOK updated with research entry for 2026-05-29
[nel-research] 22:01:49 Findings archived to /Users/kai/Documents/Projects/Hyo/agents/ra/research/briefs/nel-2026-05-29.md
[nel-research] 22:01:49 Research cycle complete for nel
Nel reflection sections written to /tmp/nel-reflection-sections-20260529.json
[bluf-augment] nel: sections augmented — status: SHIPPED: IMP-20260414-nel-002 — Build dependency vulnerabili
agent-card: nel health_score 85 → 85 (+0)
✓ Nel agent-card.json written (health_score=85)
[agent-structured-report][nel] 22:01:49 WHY: Validating report schema before writing — unstructured reports cannot be reliably parsed by Kai or queued for follow-up
[agent-structured-report][nel] 22:01:49 All required fields present — writing structured report
[agent-structured-report][nel] 22:01:49 WHY: Writing to cycle-reports.jsonl (structured log) — enables Kai to query cycle history without parsing freeform markdown
[agent-structured-report][nel] 22:01:49 Report written to /Users/kai/Documents/Projects/Hyo/agents/nel/ledger/cycle-reports.jsonl
Updated /Users/kai/Documents/Projects/Hyo/agents/nel/ledger/ACTIVE.md
[agent-structured-report][nel] 22:01:49 ACTIVE.md updated with cycle summary

══════════════════════════════════════════════════════════
STRUCTURED REPORT ACCEPTED
Agent:          nel
Cycle ID:       2026-05-29-cycle-1
Phases done:    sentinel,cipher,stale-files,broken-links,test-coverage,patterns,audit,reflection
Phases failed:  none
Outputs:        agents/nel/logs/nel-2026-05-29.md
Next intent:    improve weakest finding: sentinel=4p/0f cipher_leaks=0 score=85
Log:            /Users/kai/Documents/Projects/Hyo/agents/nel/ledger/cycle-reports.jsonl
══════════════════════════════════════════════════════════
Report: nel → research+reflection cycle: score=85, sentinel=4p/0f, cipher_leaks=0, reflection_published=no
✓ Self-evolution logged: routine maintenance run
✓ Memory update: ACTIVE.md written
Self-delegated: nel-001 [P2] Fix 29 broken symlinks found during audit (nel → self, logged to kai)
Self-delegated: nel-001 [P3] Nel run complete: score=85, actions=1, sentinel=4/4 (nel → self, logged to kai)
✓ Dispatch: findings reported to Kai ledger
! System health acceptable, improvement opportunities identified.
[load-tool-registry][nel] WHY: Tool registry loaded — agents/tools.json gives typed interfaces for dispatch, ticket, kai_push, agent_execute_improvement
[growth] 22:00:05 [nel] Starting growth phase
[growth] 22:00:05 [nel] ARIC: research already complete for 2026-05-30 — skipping
[growth] 22:00:05 [nel] No open IMP improvement tickets — growth phase idle
grep: invalid option -- P
usage: grep [-abcdDEFGHhIiJLlMmnOopqRSsUVvwXxZz] [-A num] [-B num] [-C[num]]
	[-e pattern] [-f file] [--binary-files=value] [--color=when]
	[--context[=num]] [--directories=action] [--label] [--line-buffered]
	[--null] [pattern] [file ...]
grep: invalid option -- P
usage: grep [-abcdDEFGHhIiJLlMmnOopqRSsUVvwXxZz] [-A num] [-B num] [-C[num]]
	[-e pattern] [-f file] [--binary-files=value] [--color=when]
	[--context[=num]] [--directories=action] [--label] [--line-buffered]
	[--null] [pattern] [file ...]
grep: invalid option -- P
usage: grep [-abcdDEFGHhIiJLlMmnOopqRSsUVvwXxZz] [-A num] [-B num] [-C[num]]
	[-e pattern] [-f file] [--binary-files=value] [--color=when]
	[--context[=num]] [--directories=action] [--label] [--line-buffered]
	[--null] [pattern] [file ...]
grep: invalid option -- P
usage: grep [-abcdDEFGHhIiJLlMmnOopqRSsUVvwXxZz] [-A num] [-B num] [-C[num]]
	[-e pattern] [-f file] [--binary-files=value] [--color=when]
	[--context[=num]] [--directories=action] [--label] [--line-buffered]
	[--null] [pattern] [file ...]
✓ All projects passing sentinel checks
[WHY][nel][22:00:08] skipping dispatch flag because SENTINEL_FAIL=0 — no action needed
! No newsletter for today (2026-05-30) and it's past 06:00 MT
[WHY][nel][22:00:08] dispatching P1 (not P2) because newsletter absence past 06:00 MT deadline is time-critical — Hyo reads at 07:00
⚠ HIGH SEVERITY FLAG: flag-nel-001 [P1] No newsletter produced for 2026-05-30 — past 06:00 MT deadline (from nel)
  → Auto-triggering safeguard cascade...
  [safeguard] Logged trigger: flag-nel-001
  [safeguard] Spawning parallel prevention tasks:
    Delegated: nel-001 [P1] SAFEGUARD: Cross-reference issue (flag-nel-001) — scan entire codebase for similar patterns: No newsletter produced for 2026-05-30 — past 06:00 MT deadline → nel
    Delegated: sam-001 [P1] SAFEGUARD: Add test coverage for issue (flag-nel-001): No newsletter produced for 2026-05-30 — past 06:00 MT deadline → sam
    → Memory: NEW pattern logged to known-issues.jsonl
  → What's Next: dispatching auto-remediation to ra
Delegated: ra-001 [P1] [AUTO-REMEDIATE] No newsletter produced for 2026-05-30 — past 06:00 MT deadline (flagged by nel, cascade flag-nel-001) → ra
  → Queued event-driven ra run: event-ra-flag-nel-001 (agent will pick up task + reflect)
  → Queued re-check: recheck-flag-nel-001
[WHY][nel][22:00:09] no cipher drift flag — CIPHER_LEAKS=0, all permissions correct
✓ Stale file scan: clean
[WHY][nel][22:01:13] no stale flag — all files modified within 60d or have KEEP markers
! Found 27 broken links
[WHY][nel][22:01:14] P2 flag: 27 broken doc links — P2 not P1 because broken links degrade but don't break the system
Flag: flag-nel-001 [P2] Found 27 broken documentation links — fix or cleanup needed (from nel → kai)
  → What's Next: task created for next review cycle
! Found 47 scripts without test coverage
[WHY][nel][22:01:14] no dispatch flag for test gaps — P3 at most; filing in report is sufficient for rolling improvement
! Found 9 inefficient patterns
[WHY][nel][22:01:15] P3 flag: 9 code smells — P3 not P2 because anti-patterns don't break functionality
Flag: flag-nel-001 [P3] Found 9 code optimization opportunities — rolling improvement (from nel → kai, logged for weekly review)
! Audit found 7 issues
Flag: flag-nel-001 [P2] Audit found 7 system issues — review security/structure (from nel → kai)
  → What's Next: task created for next review cycle
✓ HQ state updated
✓ Report published: /Users/kai/Documents/Projects/Hyo/agents/sam/website/docs/nel/report-2026-05-30.md
✓ Self-review: nel pathway healthy
grep: invalid option -- P
usage: grep [-abcdDEFGHhIiJLlMmnOopqRSsUVvwXxZz] [-A num] [-B num] [-C[num]]
	[-e pattern] [-f file] [--binary-files=value] [--color=when]
	[--context[=num]] [--directories=action] [--label] [--line-buffered]
	[--null] [pattern] [file ...]
[SELF-REVIEW] nel: 13 findings — see /Users/kai/Documents/Projects/Hyo/agents/nel/logs/self-review-2026-05-30.md
Flag: flag-nel-001 [P2] [SELF-REVIEW] 1 untriggered files found (from nel → kai)
  → What's Next: task created for next review cycle
PLAYBOOK updated with research entry for 2026-05-30
[nel-research] 22:01:56 Findings archived to /Users/kai/Documents/Projects/Hyo/agents/ra/research/briefs/nel-2026-05-30.md
[nel-research] 22:01:56 Research cycle complete for nel
Nel reflection sections written to /tmp/nel-reflection-sections-20260530.json
[bluf-augment] nel: sections augmented — status: SHIPPED: IMP-20260414-nel-002 — Build dependency vulnerabili
agent-card: nel health_score 85 → 85 (+0)
✓ Nel agent-card.json written (health_score=85)
[agent-structured-report][nel] 22:01:56 WHY: Validating report schema before writing — unstructured reports cannot be reliably parsed by Kai or queued for follow-up
[agent-structured-report][nel] 22:01:56 All required fields present — writing structured report
[agent-structured-report][nel] 22:01:56 WHY: Writing to cycle-reports.jsonl (structured log) — enables Kai to query cycle history without parsing freeform markdown
[agent-structured-report][nel] 22:01:56 Report written to /Users/kai/Documents/Projects/Hyo/agents/nel/ledger/cycle-reports.jsonl
Updated /Users/kai/Documents/Projects/Hyo/agents/nel/ledger/ACTIVE.md
[agent-structured-report][nel] 22:01:56 ACTIVE.md updated with cycle summary

══════════════════════════════════════════════════════════
STRUCTURED REPORT ACCEPTED
Agent:          nel
Cycle ID:       2026-05-30-cycle-1
Phases done:    sentinel,cipher,stale-files,broken-links,test-coverage,patterns,audit,reflection
Phases failed:  none
Outputs:        agents/nel/logs/nel-2026-05-30.md
Next intent:    improve weakest finding: sentinel=4p/0f cipher_leaks=0 score=85
Log:            /Users/kai/Documents/Projects/Hyo/agents/nel/ledger/cycle-reports.jsonl
══════════════════════════════════════════════════════════
Report: nel → research+reflection cycle: score=85, sentinel=4p/0f, cipher_leaks=0, reflection_published=no
✓ Self-evolution logged: routine maintenance run
✓ Memory update: ACTIVE.md written
Self-delegated: nel-001 [P2] Fix 27 broken symlinks found during audit (nel → self, logged to kai)
Self-delegated: nel-001 [P3] Nel run complete: score=85, actions=1, sentinel=4/4 (nel → self, logged to kai)
✓ Dispatch: findings reported to Kai ledger
! System health acceptable, improvement opportunities identified.
[load-tool-registry][nel] WHY: Tool registry loaded — agents/tools.json gives typed interfaces for dispatch, ticket, kai_push, agent_execute_improvement
[growth] 22:00:02 [nel] Starting growth phase
[growth] 22:00:02 [nel] ARIC: research already complete for 2026-05-31 — skipping
[growth] 22:00:02 [nel] No open IMP improvement tickets — growth phase idle
grep: invalid option -- P
usage: grep [-abcdDEFGHhIiJLlMmnOopqRSsUVvwXxZz] [-A num] [-B num] [-C[num]]
	[-e pattern] [-f file] [--binary-files=value] [--color=when]
	[--context[=num]] [--directories=action] [--label] [--line-buffered]
	[--null] [pattern] [file ...]
grep: invalid option -- P
usage: grep [-abcdDEFGHhIiJLlMmnOopqRSsUVvwXxZz] [-A num] [-B num] [-C[num]]
	[-e pattern] [-f file] [--binary-files=value] [--color=when]
	[--context[=num]] [--directories=action] [--label] [--line-buffered]
	[--null] [pattern] [file ...]
grep: invalid option -- P
usage: grep [-abcdDEFGHhIiJLlMmnOopqRSsUVvwXxZz] [-A num] [-B num] [-C[num]]
	[-e pattern] [-f file] [--binary-files=value] [--color=when]
	[--context[=num]] [--directories=action] [--label] [--line-buffered]
	[--null] [pattern] [file ...]
grep: invalid option -- P
usage: grep [-abcdDEFGHhIiJLlMmnOopqRSsUVvwXxZz] [-A num] [-B num] [-C[num]]
	[-e pattern] [-f file] [--binary-files=value] [--color=when]
	[--context[=num]] [--directories=action] [--label] [--line-buffered]
	[--null] [pattern] [file ...]
✓ All projects passing sentinel checks
[WHY][nel][22:00:05] skipping dispatch flag because SENTINEL_FAIL=0 — no action needed
! No newsletter for today (2026-05-31) and it's past 06:00 MT
[WHY][nel][22:00:05] dispatching P1 (not P2) because newsletter absence past 06:00 MT deadline is time-critical — Hyo reads at 07:00
⚠ HIGH SEVERITY FLAG: flag-nel-001 [P1] No newsletter produced for 2026-05-31 — past 06:00 MT deadline (from nel)
  → Auto-triggering safeguard cascade...
  [safeguard] Logged trigger: flag-nel-001
  [safeguard] Spawning parallel prevention tasks:
    Delegated: nel-001 [P1] SAFEGUARD: Cross-reference issue (flag-nel-001) — scan entire codebase for similar patterns: No newsletter produced for 2026-05-31 — past 06:00 MT deadline → nel
    Delegated: sam-001 [P1] SAFEGUARD: Add test coverage for issue (flag-nel-001): No newsletter produced for 2026-05-31 — past 06:00 MT deadline → sam
    → Memory: NEW pattern logged to known-issues.jsonl
  → What's Next: dispatching auto-remediation to ra
Delegated: ra-001 [P1] [AUTO-REMEDIATE] No newsletter produced for 2026-05-31 — past 06:00 MT deadline (flagged by nel, cascade flag-nel-001) → ra
  → Queued event-driven ra run: event-ra-flag-nel-001 (agent will pick up task + reflect)
  → Queued re-check: recheck-flag-nel-001
[WHY][nel][22:00:07] no cipher drift flag — CIPHER_LEAKS=0, all permissions correct
✓ Stale file scan: clean
[WHY][nel][22:01:12] no stale flag — all files modified within 60d or have KEEP markers
! Found 28 broken links
[WHY][nel][22:01:13] P2 flag: 28 broken doc links — P2 not P1 because broken links degrade but don't break the system
Flag: flag-nel-001 [P2] Found 28 broken documentation links — fix or cleanup needed (from nel → kai)
  → What's Next: task created for next review cycle
! Found 47 scripts without test coverage
[WHY][nel][22:01:14] no dispatch flag for test gaps — P3 at most; filing in report is sufficient for rolling improvement
! Found 9 inefficient patterns
[WHY][nel][22:01:14] P3 flag: 9 code smells — P3 not P2 because anti-patterns don't break functionality
Flag: flag-nel-001 [P3] Found 9 code optimization opportunities — rolling improvement (from nel → kai, logged for weekly review)
! Audit found 7 issues
Flag: flag-nel-001 [P2] Audit found 7 system issues — review security/structure (from nel → kai)
  → What's Next: task created for next review cycle
✓ HQ state updated
✓ Report published: /Users/kai/Documents/Projects/Hyo/agents/sam/website/docs/nel/report-2026-05-31.md
✓ Self-review: nel pathway healthy
grep: invalid option -- P
usage: grep [-abcdDEFGHhIiJLlMmnOopqRSsUVvwXxZz] [-A num] [-B num] [-C[num]]
	[-e pattern] [-f file] [--binary-files=value] [--color=when]
	[--context[=num]] [--directories=action] [--label] [--line-buffered]
	[--null] [pattern] [file ...]
[SELF-REVIEW] nel: 13 findings — see /Users/kai/Documents/Projects/Hyo/agents/nel/logs/self-review-2026-05-31.md
Flag: flag-nel-001 [P2] [SELF-REVIEW] 1 untriggered files found (from nel → kai)
  → What's Next: task created for next review cycle
PLAYBOOK updated with research entry for 2026-05-31
[nel-research] 22:01:52 Findings archived to /Users/kai/Documents/Projects/Hyo/agents/ra/research/briefs/nel-2026-05-31.md
[nel-research] 22:01:52 Research cycle complete for nel
Nel reflection sections written to /tmp/nel-reflection-sections-20260531.json
[bluf-augment] nel: sections augmented — status: SHIPPED: IMP-20260414-nel-002 — Build dependency vulnerabili
agent-card: nel health_score 85 → 85 (+0)
✓ Nel agent-card.json written (health_score=85)
[agent-structured-report][nel] 22:01:52 WHY: Validating report schema before writing — unstructured reports cannot be reliably parsed by Kai or queued for follow-up
[agent-structured-report][nel] 22:01:52 All required fields present — writing structured report
[agent-structured-report][nel] 22:01:52 WHY: Writing to cycle-reports.jsonl (structured log) — enables Kai to query cycle history without parsing freeform markdown
[agent-structured-report][nel] 22:01:52 Report written to /Users/kai/Documents/Projects/Hyo/agents/nel/ledger/cycle-reports.jsonl
Updated /Users/kai/Documents/Projects/Hyo/agents/nel/ledger/ACTIVE.md
[agent-structured-report][nel] 22:01:52 ACTIVE.md updated with cycle summary

══════════════════════════════════════════════════════════
STRUCTURED REPORT ACCEPTED
Agent:          nel
Cycle ID:       2026-05-31-cycle-1
Phases done:    sentinel,cipher,stale-files,broken-links,test-coverage,patterns,audit,reflection
Phases failed:  none
Outputs:        agents/nel/logs/nel-2026-05-31.md
Next intent:    improve weakest finding: sentinel=4p/0f cipher_leaks=0 score=85
Log:            /Users/kai/Documents/Projects/Hyo/agents/nel/ledger/cycle-reports.jsonl
══════════════════════════════════════════════════════════
Report: nel → research+reflection cycle: score=85, sentinel=4p/0f, cipher_leaks=0, reflection_published=no
✓ Self-evolution logged: routine maintenance run
✓ Memory update: ACTIVE.md written
Self-delegated: nel-001 [P2] Fix 28 broken symlinks found during audit (nel → self, logged to kai)
Self-delegated: nel-001 [P3] Nel run complete: score=85, actions=1, sentinel=4/4 (nel → self, logged to kai)
✓ Dispatch: findings reported to Kai ledger
! System health acceptable, improvement opportunities identified.
[load-tool-registry][nel] WHY: Tool registry loaded — agents/tools.json gives typed interfaces for dispatch, ticket, kai_push, agent_execute_improvement
[growth] 22:00:01 [nel] Starting growth phase
[growth] 22:00:01 [nel] ARIC: research already complete for 2026-06-01 — skipping
[growth] 22:00:01 [nel] No open IMP improvement tickets — growth phase idle
grep: invalid option -- P
usage: grep [-abcdDEFGHhIiJLlMmnOopqRSsUVvwXxZz] [-A num] [-B num] [-C[num]]
	[-e pattern] [-f file] [--binary-files=value] [--color=when]
	[--context[=num]] [--directories=action] [--label] [--line-buffered]
	[--null] [pattern] [file ...]
grep: invalid option -- P
usage: grep [-abcdDEFGHhIiJLlMmnOopqRSsUVvwXxZz] [-A num] [-B num] [-C[num]]
	[-e pattern] [-f file] [--binary-files=value] [--color=when]
	[--context[=num]] [--directories=action] [--label] [--line-buffered]
	[--null] [pattern] [file ...]
grep: invalid option -- P
usage: grep [-abcdDEFGHhIiJLlMmnOopqRSsUVvwXxZz] [-A num] [-B num] [-C[num]]
	[-e pattern] [-f file] [--binary-files=value] [--color=when]
	[--context[=num]] [--directories=action] [--label] [--line-buffered]
	[--null] [pattern] [file ...]
grep: invalid option -- P
usage: grep [-abcdDEFGHhIiJLlMmnOopqRSsUVvwXxZz] [-A num] [-B num] [-C[num]]
	[-e pattern] [-f file] [--binary-files=value] [--color=when]
	[--context[=num]] [--directories=action] [--label] [--line-buffered]
	[--null] [pattern] [file ...]
✓ All projects passing sentinel checks
[WHY][nel][22:00:04] skipping dispatch flag because SENTINEL_FAIL=0 — no action needed
! No newsletter for today (2026-06-01) and it's past 06:00 MT
[WHY][nel][22:00:04] dispatching P1 (not P2) because newsletter absence past 06:00 MT deadline is time-critical — Hyo reads at 07:00
⚠ HIGH SEVERITY FLAG: flag-nel-001 [P1] No newsletter produced for 2026-06-01 — past 06:00 MT deadline (from nel)
  → Auto-triggering safeguard cascade...
  [safeguard] Logged trigger: flag-nel-001
  [safeguard] Spawning parallel prevention tasks:
    Delegated: nel-001 [P1] SAFEGUARD: Cross-reference issue (flag-nel-001) — scan entire codebase for similar patterns: No newsletter produced for 2026-06-01 — past 06:00 MT deadline → nel
    Delegated: sam-001 [P1] SAFEGUARD: Add test coverage for issue (flag-nel-001): No newsletter produced for 2026-06-01 — past 06:00 MT deadline → sam
    → Memory: NEW pattern logged to known-issues.jsonl
  → What's Next: dispatching auto-remediation to ra
Delegated: ra-001 [P1] [AUTO-REMEDIATE] No newsletter produced for 2026-06-01 — past 06:00 MT deadline (flagged by nel, cascade flag-nel-001) → ra
  → Queued event-driven ra run: event-ra-flag-nel-001 (agent will pick up task + reflect)
  → Queued re-check: recheck-flag-nel-001
[WHY][nel][22:00:06] no cipher drift flag — CIPHER_LEAKS=0, all permissions correct
✓ Stale file scan: clean
[WHY][nel][22:01:09] no stale flag — all files modified within 60d or have KEEP markers
! Found 28 broken links
[WHY][nel][22:01:10] P2 flag: 28 broken doc links — P2 not P1 because broken links degrade but don't break the system
Flag: flag-nel-001 [P2] Found 28 broken documentation links — fix or cleanup needed (from nel → kai)
  → What's Next: task created for next review cycle
! Found 47 scripts without test coverage
[WHY][nel][22:01:10] no dispatch flag for test gaps — P3 at most; filing in report is sufficient for rolling improvement
! Found 9 inefficient patterns
[WHY][nel][22:01:10] P3 flag: 9 code smells — P3 not P2 because anti-patterns don't break functionality
Flag: flag-nel-001 [P3] Found 9 code optimization opportunities — rolling improvement (from nel → kai, logged for weekly review)
! Audit found 7 issues
Flag: flag-nel-001 [P2] Audit found 7 system issues — review security/structure (from nel → kai)
  → What's Next: task created for next review cycle
✓ HQ state updated
✓ Report published: /Users/kai/Documents/Projects/Hyo/agents/sam/website/docs/nel/report-2026-06-01.md
✓ Self-review: nel pathway healthy
grep: invalid option -- P
usage: grep [-abcdDEFGHhIiJLlMmnOopqRSsUVvwXxZz] [-A num] [-B num] [-C[num]]
	[-e pattern] [-f file] [--binary-files=value] [--color=when]
	[--context[=num]] [--directories=action] [--label] [--line-buffered]
	[--null] [pattern] [file ...]
[SELF-REVIEW] nel: 13 findings — see /Users/kai/Documents/Projects/Hyo/agents/nel/logs/self-review-2026-06-01.md
Flag: flag-nel-001 [P2] [SELF-REVIEW] 1 untriggered files found (from nel → kai)
  → What's Next: task created for next review cycle
PLAYBOOK updated with research entry for 2026-06-01
[nel-research] 22:03:15 Findings archived to /Users/kai/Documents/Projects/Hyo/agents/ra/research/briefs/nel-2026-06-01.md
[nel-research] 22:03:15 Research cycle complete for nel
Nel reflection sections written to /tmp/nel-reflection-sections-20260601.json
[bluf-augment] nel: sections augmented — status: SHIPPED: IMP-20260414-nel-002 — Build dependency vulnerabili
agent-card: nel health_score 85 → 85 (+0)
✓ Nel agent-card.json written (health_score=85)
[agent-structured-report][nel] 22:03:15 WHY: Validating report schema before writing — unstructured reports cannot be reliably parsed by Kai or queued for follow-up
[agent-structured-report][nel] 22:03:15 All required fields present — writing structured report
[agent-structured-report][nel] 22:03:15 WHY: Writing to cycle-reports.jsonl (structured log) — enables Kai to query cycle history without parsing freeform markdown
[agent-structured-report][nel] 22:03:15 Report written to /Users/kai/Documents/Projects/Hyo/agents/nel/ledger/cycle-reports.jsonl
Updated /Users/kai/Documents/Projects/Hyo/agents/nel/ledger/ACTIVE.md
[agent-structured-report][nel] 22:03:15 ACTIVE.md updated with cycle summary

══════════════════════════════════════════════════════════
STRUCTURED REPORT ACCEPTED
Agent:          nel
Cycle ID:       2026-06-01-cycle-1
Phases done:    sentinel,cipher,stale-files,broken-links,test-coverage,patterns,audit,reflection
Phases failed:  none
Outputs:        agents/nel/logs/nel-2026-06-01.md
Next intent:    improve weakest finding: sentinel=4p/0f cipher_leaks=0 score=85
Log:            /Users/kai/Documents/Projects/Hyo/agents/nel/ledger/cycle-reports.jsonl
══════════════════════════════════════════════════════════
Report: nel → research+reflection cycle: score=85, sentinel=4p/0f, cipher_leaks=0, reflection_published=no
✓ Self-evolution logged: routine maintenance run
✓ Memory update: ACTIVE.md written
Self-delegated: nel-001 [P2] Fix 28 broken symlinks found during audit (nel → self, logged to kai)
Self-delegated: nel-001 [P3] Nel run complete: score=85, actions=1, sentinel=4/4 (nel → self, logged to kai)
✓ Dispatch: findings reported to Kai ledger
! System health acceptable, improvement opportunities identified.
[load-tool-registry][nel] WHY: Tool registry loaded — agents/tools.json gives typed interfaces for dispatch, ticket, kai_push, agent_execute_improvement
[growth] 22:00:02 [nel] Starting growth phase
[growth] 22:00:02 [nel] ARIC: research already complete for 2026-06-02 — skipping
[growth] 22:00:02 [nel] No open IMP improvement tickets — growth phase idle
grep: invalid option -- P
usage: grep [-abcdDEFGHhIiJLlMmnOopqRSsUVvwXxZz] [-A num] [-B num] [-C[num]]
	[-e pattern] [-f file] [--binary-files=value] [--color=when]
	[--context[=num]] [--directories=action] [--label] [--line-buffered]
	[--null] [pattern] [file ...]
grep: invalid option -- P
usage: grep [-abcdDEFGHhIiJLlMmnOopqRSsUVvwXxZz] [-A num] [-B num] [-C[num]]
	[-e pattern] [-f file] [--binary-files=value] [--color=when]
	[--context[=num]] [--directories=action] [--label] [--line-buffered]
	[--null] [pattern] [file ...]
grep: invalid option -- P
usage: grep [-abcdDEFGHhIiJLlMmnOopqRSsUVvwXxZz] [-A num] [-B num] [-C[num]]
	[-e pattern] [-f file] [--binary-files=value] [--color=when]
	[--context[=num]] [--directories=action] [--label] [--line-buffered]
	[--null] [pattern] [file ...]
grep: invalid option -- P
usage: grep [-abcdDEFGHhIiJLlMmnOopqRSsUVvwXxZz] [-A num] [-B num] [-C[num]]
	[-e pattern] [-f file] [--binary-files=value] [--color=when]
	[--context[=num]] [--directories=action] [--label] [--line-buffered]
	[--null] [pattern] [file ...]
✓ All projects passing sentinel checks
[WHY][nel][22:00:05] skipping dispatch flag because SENTINEL_FAIL=0 — no action needed
! No newsletter for today (2026-06-02) and it's past 06:00 MT
[WHY][nel][22:00:05] dispatching P1 (not P2) because newsletter absence past 06:00 MT deadline is time-critical — Hyo reads at 07:00
⚠ HIGH SEVERITY FLAG: flag-nel-001 [P1] No newsletter produced for 2026-06-02 — past 06:00 MT deadline (from nel)
  → Auto-triggering safeguard cascade...
  [safeguard] Logged trigger: flag-nel-001
  [safeguard] Spawning parallel prevention tasks:
    Delegated: nel-001 [P1] SAFEGUARD: Cross-reference issue (flag-nel-001) — scan entire codebase for similar patterns: No newsletter produced for 2026-06-02 — past 06:00 MT deadline → nel
    Delegated: sam-001 [P1] SAFEGUARD: Add test coverage for issue (flag-nel-001): No newsletter produced for 2026-06-02 — past 06:00 MT deadline → sam
    → Memory: NEW pattern logged to known-issues.jsonl
  → What's Next: dispatching auto-remediation to ra
Delegated: ra-001 [P1] [AUTO-REMEDIATE] No newsletter produced for 2026-06-02 — past 06:00 MT deadline (flagged by nel, cascade flag-nel-001) → ra
  → Queued event-driven ra run: event-ra-flag-nel-001 (agent will pick up task + reflect)
  → Queued re-check: recheck-flag-nel-001
[WHY][nel][22:00:07] no cipher drift flag — CIPHER_LEAKS=0, all permissions correct
✓ Stale file scan: clean
[WHY][nel][22:01:11] no stale flag — all files modified within 60d or have KEEP markers
! Found 18 broken links
[WHY][nel][22:01:12] P2 flag: 18 broken doc links — P2 not P1 because broken links degrade but don't break the system
Flag: flag-nel-001 [P2] Found 18 broken documentation links — fix or cleanup needed (from nel → kai)
  → What's Next: task created for next review cycle
! Found 47 scripts without test coverage
[WHY][nel][22:01:12] no dispatch flag for test gaps — P3 at most; filing in report is sufficient for rolling improvement
! Found 9 inefficient patterns
[WHY][nel][22:01:12] P3 flag: 9 code smells — P3 not P2 because anti-patterns don't break functionality
Flag: flag-nel-001 [P3] Found 9 code optimization opportunities — rolling improvement (from nel → kai, logged for weekly review)
! Audit found 7 issues
Flag: flag-nel-001 [P2] Audit found 7 system issues — review security/structure (from nel → kai)
  → What's Next: task created for next review cycle
✓ HQ state updated
✓ Report published: /Users/kai/Documents/Projects/Hyo/agents/sam/website/docs/nel/report-2026-06-02.md
✓ Self-review: nel pathway healthy
grep: invalid option -- P
usage: grep [-abcdDEFGHhIiJLlMmnOopqRSsUVvwXxZz] [-A num] [-B num] [-C[num]]
	[-e pattern] [-f file] [--binary-files=value] [--color=when]
	[--context[=num]] [--directories=action] [--label] [--line-buffered]
	[--null] [pattern] [file ...]
[SELF-REVIEW] nel: 13 findings — see /Users/kai/Documents/Projects/Hyo/agents/nel/logs/self-review-2026-06-02.md
Flag: flag-nel-001 [P2] [SELF-REVIEW] 1 untriggered files found (from nel → kai)
  → What's Next: task created for next review cycle
PLAYBOOK updated with research entry for 2026-06-02
[nel-research] 22:03:17 Findings archived to /Users/kai/Documents/Projects/Hyo/agents/ra/research/briefs/nel-2026-06-02.md
[nel-research] 22:03:17 Research cycle complete for nel
Nel reflection sections written to /tmp/nel-reflection-sections-20260602.json
[bluf-augment] nel: sections augmented — status: SHIPPED: IMP-20260414-nel-002 — Build dependency vulnerabili
agent-card: nel health_score 85 → 85 (+0)
✓ Nel agent-card.json written (health_score=85)
[agent-structured-report][nel] 22:03:17 WHY: Validating report schema before writing — unstructured reports cannot be reliably parsed by Kai or queued for follow-up
[agent-structured-report][nel] 22:03:17 All required fields present — writing structured report
[agent-structured-report][nel] 22:03:17 WHY: Writing to cycle-reports.jsonl (structured log) — enables Kai to query cycle history without parsing freeform markdown
[agent-structured-report][nel] 22:03:17 Report written to /Users/kai/Documents/Projects/Hyo/agents/nel/ledger/cycle-reports.jsonl
Updated /Users/kai/Documents/Projects/Hyo/agents/nel/ledger/ACTIVE.md
[agent-structured-report][nel] 22:03:17 ACTIVE.md updated with cycle summary

══════════════════════════════════════════════════════════
STRUCTURED REPORT ACCEPTED
Agent:          nel
Cycle ID:       2026-06-02-cycle-1
Phases done:    sentinel,cipher,stale-files,broken-links,test-coverage,patterns,audit,reflection
Phases failed:  none
Outputs:        agents/nel/logs/nel-2026-06-02.md
Next intent:    improve weakest finding: sentinel=4p/0f cipher_leaks=0 score=85
Log:            /Users/kai/Documents/Projects/Hyo/agents/nel/ledger/cycle-reports.jsonl
══════════════════════════════════════════════════════════
Report: nel → research+reflection cycle: score=85, sentinel=4p/0f, cipher_leaks=0, reflection_published=no
✓ Self-evolution logged: routine maintenance run
✓ Memory update: ACTIVE.md written
Self-delegated: nel-001 [P2] Fix 18 broken symlinks found during audit (nel → self, logged to kai)
Self-delegated: nel-001 [P3] Nel run complete: score=85, actions=1, sentinel=4/4 (nel → self, logged to kai)
✓ Dispatch: findings reported to Kai ledger
! System health acceptable, improvement opportunities identified.
[load-tool-registry][nel] WHY: Tool registry loaded — agents/tools.json gives typed interfaces for dispatch, ticket, kai_push, agent_execute_improvement
[growth] 22:00:04 [nel] Starting growth phase
[growth] 22:00:04 [nel] ARIC: research already complete for 2026-06-03 — skipping
[growth] 22:00:04 [nel] No open IMP improvement tickets — growth phase idle
grep: invalid option -- P
usage: grep [-abcdDEFGHhIiJLlMmnOopqRSsUVvwXxZz] [-A num] [-B num] [-C[num]]
	[-e pattern] [-f file] [--binary-files=value] [--color=when]
	[--context[=num]] [--directories=action] [--label] [--line-buffered]
	[--null] [pattern] [file ...]
grep: invalid option -- P
usage: grep [-abcdDEFGHhIiJLlMmnOopqRSsUVvwXxZz] [-A num] [-B num] [-C[num]]
	[-e pattern] [-f file] [--binary-files=value] [--color=when]
	[--context[=num]] [--directories=action] [--label] [--line-buffered]
	[--null] [pattern] [file ...]
grep: invalid option -- P
usage: grep [-abcdDEFGHhIiJLlMmnOopqRSsUVvwXxZz] [-A num] [-B num] [-C[num]]
	[-e pattern] [-f file] [--binary-files=value] [--color=when]
	[--context[=num]] [--directories=action] [--label] [--line-buffered]
	[--null] [pattern] [file ...]
grep: invalid option -- P
usage: grep [-abcdDEFGHhIiJLlMmnOopqRSsUVvwXxZz] [-A num] [-B num] [-C[num]]
	[-e pattern] [-f file] [--binary-files=value] [--color=when]
	[--context[=num]] [--directories=action] [--label] [--line-buffered]
	[--null] [pattern] [file ...]
✓ All projects passing sentinel checks
[WHY][nel][22:00:07] skipping dispatch flag because SENTINEL_FAIL=0 — no action needed
! No newsletter for today (2026-06-03) and it's past 06:00 MT
[WHY][nel][22:00:07] dispatching P1 (not P2) because newsletter absence past 06:00 MT deadline is time-critical — Hyo reads at 07:00
⚠ HIGH SEVERITY FLAG: flag-nel-001 [P1] No newsletter produced for 2026-06-03 — past 06:00 MT deadline (from nel)
  → Auto-triggering safeguard cascade...
  [safeguard] Logged trigger: flag-nel-001
  [safeguard] Spawning parallel prevention tasks:
    Delegated: nel-001 [P1] SAFEGUARD: Cross-reference issue (flag-nel-001) — scan entire codebase for similar patterns: No newsletter produced for 2026-06-03 — past 06:00 MT deadline → nel
    Delegated: sam-001 [P1] SAFEGUARD: Add test coverage for issue (flag-nel-001): No newsletter produced for 2026-06-03 — past 06:00 MT deadline → sam
    → Memory: NEW pattern logged to known-issues.jsonl
  → What's Next: dispatching auto-remediation to ra
Delegated: ra-001 [P1] [AUTO-REMEDIATE] No newsletter produced for 2026-06-03 — past 06:00 MT deadline (flagged by nel, cascade flag-nel-001) → ra
  → Queued event-driven ra run: event-ra-flag-nel-001 (agent will pick up task + reflect)
  → Queued re-check: recheck-flag-nel-001
[WHY][nel][22:00:09] no cipher drift flag — CIPHER_LEAKS=0, all permissions correct
✓ Stale file scan: clean
[WHY][nel][22:01:14] no stale flag — all files modified within 60d or have KEEP markers
! Found 18 broken links
[WHY][nel][22:01:15] P2 flag: 18 broken doc links — P2 not P1 because broken links degrade but don't break the system
Flag: flag-nel-001 [P2] Found 18 broken documentation links — fix or cleanup needed (from nel → kai)
  → What's Next: task created for next review cycle
! Found 47 scripts without test coverage
[WHY][nel][22:01:15] no dispatch flag for test gaps — P3 at most; filing in report is sufficient for rolling improvement
! Found 9 inefficient patterns
[WHY][nel][22:01:16] P3 flag: 9 code smells — P3 not P2 because anti-patterns don't break functionality
Flag: flag-nel-001 [P3] Found 9 code optimization opportunities — rolling improvement (from nel → kai, logged for weekly review)
! Audit found 7 issues
Flag: flag-nel-001 [P2] Audit found 7 system issues — review security/structure (from nel → kai)
  → What's Next: task created for next review cycle
✓ HQ state updated
✓ Report published: /Users/kai/Documents/Projects/Hyo/agents/sam/website/docs/nel/report-2026-06-03.md
✓ Self-review: nel pathway healthy
grep: invalid option -- P
usage: grep [-abcdDEFGHhIiJLlMmnOopqRSsUVvwXxZz] [-A num] [-B num] [-C[num]]
	[-e pattern] [-f file] [--binary-files=value] [--color=when]
	[--context[=num]] [--directories=action] [--label] [--line-buffered]
	[--null] [pattern] [file ...]
[SELF-REVIEW] nel: 13 findings — see /Users/kai/Documents/Projects/Hyo/agents/nel/logs/self-review-2026-06-03.md
Flag: flag-nel-001 [P2] [SELF-REVIEW] 1 untriggered files found (from nel → kai)
  → What's Next: task created for next review cycle
PLAYBOOK updated with research entry for 2026-06-03
[nel-research] 22:03:03 Findings archived to /Users/kai/Documents/Projects/Hyo/agents/ra/research/briefs/nel-2026-06-03.md
[nel-research] 22:03:03 Research cycle complete for nel
Nel reflection sections written to /tmp/nel-reflection-sections-20260603.json
[bluf-augment] nel: sections augmented — status: SHIPPED: IMP-20260414-nel-002 — Build dependency vulnerabili
agent-card: nel health_score 85 → 85 (+0)
✓ Nel agent-card.json written (health_score=85)
[agent-structured-report][nel] 22:03:03 WHY: Validating report schema before writing — unstructured reports cannot be reliably parsed by Kai or queued for follow-up
[agent-structured-report][nel] 22:03:03 All required fields present — writing structured report
[agent-structured-report][nel] 22:03:03 WHY: Writing to cycle-reports.jsonl (structured log) — enables Kai to query cycle history without parsing freeform markdown
[agent-structured-report][nel] 22:03:03 Report written to /Users/kai/Documents/Projects/Hyo/agents/nel/ledger/cycle-reports.jsonl
Updated /Users/kai/Documents/Projects/Hyo/agents/nel/ledger/ACTIVE.md
[agent-structured-report][nel] 22:03:03 ACTIVE.md updated with cycle summary

══════════════════════════════════════════════════════════
STRUCTURED REPORT ACCEPTED
Agent:          nel
Cycle ID:       2026-06-03-cycle-1
Phases done:    sentinel,cipher,stale-files,broken-links,test-coverage,patterns,audit,reflection
Phases failed:  none
Outputs:        agents/nel/logs/nel-2026-06-03.md
Next intent:    improve weakest finding: sentinel=4p/0f cipher_leaks=0 score=85
Log:            /Users/kai/Documents/Projects/Hyo/agents/nel/ledger/cycle-reports.jsonl
══════════════════════════════════════════════════════════
Report: nel → research+reflection cycle: score=85, sentinel=4p/0f, cipher_leaks=0, reflection_published=no
✓ Self-evolution logged: routine maintenance run
✓ Memory update: ACTIVE.md written
Self-delegated: nel-001 [P2] Fix 18 broken symlinks found during audit (nel → self, logged to kai)
Self-delegated: nel-001 [P3] Nel run complete: score=85, actions=1, sentinel=4/4 (nel → self, logged to kai)
✓ Dispatch: findings reported to Kai ledger
! System health acceptable, improvement opportunities identified.
[load-tool-registry][nel] WHY: Tool registry loaded — agents/tools.json gives typed interfaces for dispatch, ticket, kai_push, agent_execute_improvement
[growth] 22:00:04 [nel] Starting growth phase
[growth] 22:00:04 [nel] ARIC: research already complete for 2026-06-04 — skipping
[growth] 22:00:04 [nel] No open IMP improvement tickets — growth phase idle
grep: invalid option -- P
usage: grep [-abcdDEFGHhIiJLlMmnOopqRSsUVvwXxZz] [-A num] [-B num] [-C[num]]
	[-e pattern] [-f file] [--binary-files=value] [--color=when]
	[--context[=num]] [--directories=action] [--label] [--line-buffered]
	[--null] [pattern] [file ...]
grep: invalid option -- P
usage: grep [-abcdDEFGHhIiJLlMmnOopqRSsUVvwXxZz] [-A num] [-B num] [-C[num]]
	[-e pattern] [-f file] [--binary-files=value] [--color=when]
	[--context[=num]] [--directories=action] [--label] [--line-buffered]
	[--null] [pattern] [file ...]
grep: invalid option -- P
usage: grep [-abcdDEFGHhIiJLlMmnOopqRSsUVvwXxZz] [-A num] [-B num] [-C[num]]
	[-e pattern] [-f file] [--binary-files=value] [--color=when]
	[--context[=num]] [--directories=action] [--label] [--line-buffered]
	[--null] [pattern] [file ...]
grep: invalid option -- P
usage: grep [-abcdDEFGHhIiJLlMmnOopqRSsUVvwXxZz] [-A num] [-B num] [-C[num]]
	[-e pattern] [-f file] [--binary-files=value] [--color=when]
	[--context[=num]] [--directories=action] [--label] [--line-buffered]
	[--null] [pattern] [file ...]
✓ All projects passing sentinel checks
[WHY][nel][22:00:07] skipping dispatch flag because SENTINEL_FAIL=0 — no action needed
! No newsletter for today (2026-06-04) and it's past 06:00 MT
[WHY][nel][22:00:07] dispatching P1 (not P2) because newsletter absence past 06:00 MT deadline is time-critical — Hyo reads at 07:00
⚠ HIGH SEVERITY FLAG: flag-nel-001 [P1] No newsletter produced for 2026-06-04 — past 06:00 MT deadline (from nel)
  → Auto-triggering safeguard cascade...
  [safeguard] Logged trigger: flag-nel-001
  [safeguard] Spawning parallel prevention tasks:
    Delegated: nel-001 [P1] SAFEGUARD: Cross-reference issue (flag-nel-001) — scan entire codebase for similar patterns: No newsletter produced for 2026-06-04 — past 06:00 MT deadline → nel
    Delegated: sam-001 [P1] SAFEGUARD: Add test coverage for issue (flag-nel-001): No newsletter produced for 2026-06-04 — past 06:00 MT deadline → sam
    → Memory: NEW pattern logged to known-issues.jsonl
  → What's Next: dispatching auto-remediation to ra
Delegated: ra-001 [P1] [AUTO-REMEDIATE] No newsletter produced for 2026-06-04 — past 06:00 MT deadline (flagged by nel, cascade flag-nel-001) → ra
  → Queued event-driven ra run: event-ra-flag-nel-001 (agent will pick up task + reflect)
  → Queued re-check: recheck-flag-nel-001
[WHY][nel][22:00:09] no cipher drift flag — CIPHER_LEAKS=0, all permissions correct
! Found 4 stale files
[WHY][nel][22:01:17] P3 (not P2): 4 stale files — informational, may be intentional archives
Flag: flag-nel-001 [P3] Found 4 stale files (60+ days) — review and archive (from nel → kai, logged for weekly review)
! Found 18 broken links
[WHY][nel][22:01:18] P2 flag: 18 broken doc links — P2 not P1 because broken links degrade but don't break the system
Flag: flag-nel-001 [P2] Found 18 broken documentation links — fix or cleanup needed (from nel → kai)
  → What's Next: task created for next review cycle
! Found 47 scripts without test coverage
[WHY][nel][22:01:19] no dispatch flag for test gaps — P3 at most; filing in report is sufficient for rolling improvement
! Found 9 inefficient patterns
[WHY][nel][22:01:19] P3 flag: 9 code smells — P3 not P2 because anti-patterns don't break functionality
Flag: flag-nel-001 [P3] Found 9 code optimization opportunities — rolling improvement (from nel → kai, logged for weekly review)
! Audit found 7 issues
Flag: flag-nel-001 [P2] Audit found 7 system issues — review security/structure (from nel → kai)
  → What's Next: task created for next review cycle
✓ HQ state updated
✓ Report published: /Users/kai/Documents/Projects/Hyo/agents/sam/website/docs/nel/report-2026-06-04.md
✓ Self-review: nel pathway healthy
grep: invalid option -- P
usage: grep [-abcdDEFGHhIiJLlMmnOopqRSsUVvwXxZz] [-A num] [-B num] [-C[num]]
	[-e pattern] [-f file] [--binary-files=value] [--color=when]
	[--context[=num]] [--directories=action] [--label] [--line-buffered]
	[--null] [pattern] [file ...]
[SELF-REVIEW] nel: 13 findings — see /Users/kai/Documents/Projects/Hyo/agents/nel/logs/self-review-2026-06-04.md
Flag: flag-nel-001 [P2] [SELF-REVIEW] 1 untriggered files found (from nel → kai)
  → What's Next: task created for next review cycle
PLAYBOOK updated with research entry for 2026-06-04
[nel-research] 22:03:24 Findings archived to /Users/kai/Documents/Projects/Hyo/agents/ra/research/briefs/nel-2026-06-04.md
[nel-research] 22:03:24 Research cycle complete for nel
Nel reflection sections written to /tmp/nel-reflection-sections-20260604.json
[bluf-augment] nel: sections augmented — status: SHIPPED: IMP-20260414-nel-002 — Build dependency vulnerabili
agent-card: nel health_score 85 → 80 (-5)
✓ Nel agent-card.json written (health_score=80)
[agent-structured-report][nel] 22:03:24 WHY: Validating report schema before writing — unstructured reports cannot be reliably parsed by Kai or queued for follow-up
[agent-structured-report][nel] 22:03:24 All required fields present — writing structured report
[agent-structured-report][nel] 22:03:24 WHY: Writing to cycle-reports.jsonl (structured log) — enables Kai to query cycle history without parsing freeform markdown
[agent-structured-report][nel] 22:03:24 Report written to /Users/kai/Documents/Projects/Hyo/agents/nel/ledger/cycle-reports.jsonl
Updated /Users/kai/Documents/Projects/Hyo/agents/nel/ledger/ACTIVE.md
[agent-structured-report][nel] 22:03:24 ACTIVE.md updated with cycle summary

══════════════════════════════════════════════════════════
STRUCTURED REPORT ACCEPTED
Agent:          nel
Cycle ID:       2026-06-04-cycle-1
Phases done:    sentinel,cipher,stale-files,broken-links,test-coverage,patterns,audit,reflection
Phases failed:  none
Outputs:        agents/nel/logs/nel-2026-06-04.md
Next intent:    improve weakest finding: sentinel=4p/0f cipher_leaks=0 score=80
Log:            /Users/kai/Documents/Projects/Hyo/agents/nel/ledger/cycle-reports.jsonl
══════════════════════════════════════════════════════════
Report: nel → research+reflection cycle: score=80, sentinel=4p/0f, cipher_leaks=0, reflection_published=no
✓ Self-evolution logged: routine maintenance run
✓ Memory update: ACTIVE.md written
Self-delegated: nel-001 [P2] Clean 4 stale files found during audit (nel → self, logged to kai)
Self-delegated: nel-001 [P2] Fix 18 broken symlinks found during audit (nel → self, logged to kai)
Self-delegated: nel-001 [P3] Nel run complete: score=80, actions=1, sentinel=4/4 (nel → self, logged to kai)
✓ Dispatch: findings reported to Kai ledger
! System health acceptable, improvement opportunities identified.
[load-tool-registry][nel] WHY: Tool registry loaded — agents/tools.json gives typed interfaces for dispatch, ticket, kai_push, agent_execute_improvement
[growth] 22:00:04 [nel] Starting growth phase
[growth] 22:00:04 [nel] ARIC: research already complete for 2026-06-05 — skipping
[growth] 22:00:04 [nel] No open IMP improvement tickets — growth phase idle
grep: invalid option -- P
usage: grep [-abcdDEFGHhIiJLlMmnOopqRSsUVvwXxZz] [-A num] [-B num] [-C[num]]
	[-e pattern] [-f file] [--binary-files=value] [--color=when]
	[--context[=num]] [--directories=action] [--label] [--line-buffered]
	[--null] [pattern] [file ...]
grep: invalid option -- P
usage: grep [-abcdDEFGHhIiJLlMmnOopqRSsUVvwXxZz] [-A num] [-B num] [-C[num]]
	[-e pattern] [-f file] [--binary-files=value] [--color=when]
	[--context[=num]] [--directories=action] [--label] [--line-buffered]
	[--null] [pattern] [file ...]
grep: invalid option -- P
usage: grep [-abcdDEFGHhIiJLlMmnOopqRSsUVvwXxZz] [-A num] [-B num] [-C[num]]
	[-e pattern] [-f file] [--binary-files=value] [--color=when]
	[--context[=num]] [--directories=action] [--label] [--line-buffered]
	[--null] [pattern] [file ...]
grep: invalid option -- P
usage: grep [-abcdDEFGHhIiJLlMmnOopqRSsUVvwXxZz] [-A num] [-B num] [-C[num]]
	[-e pattern] [-f file] [--binary-files=value] [--color=when]
	[--context[=num]] [--directories=action] [--label] [--line-buffered]
	[--null] [pattern] [file ...]
✓ All projects passing sentinel checks
[WHY][nel][22:00:08] skipping dispatch flag because SENTINEL_FAIL=0 — no action needed
! No newsletter for today (2026-06-05) and it's past 06:00 MT
[WHY][nel][22:00:08] dispatching P1 (not P2) because newsletter absence past 06:00 MT deadline is time-critical — Hyo reads at 07:00
⚠ HIGH SEVERITY FLAG: flag-nel-001 [P1] No newsletter produced for 2026-06-05 — past 06:00 MT deadline (from nel)
  → Auto-triggering safeguard cascade...
  [safeguard] Logged trigger: flag-nel-001
  [safeguard] Spawning parallel prevention tasks:
    Delegated: nel-001 [P1] SAFEGUARD: Cross-reference issue (flag-nel-001) — scan entire codebase for similar patterns: No newsletter produced for 2026-06-05 — past 06:00 MT deadline → nel
    Delegated: sam-001 [P1] SAFEGUARD: Add test coverage for issue (flag-nel-001): No newsletter produced for 2026-06-05 — past 06:00 MT deadline → sam
    → Memory: NEW pattern logged to known-issues.jsonl
  → What's Next: dispatching auto-remediation to ra
Delegated: ra-001 [P1] [AUTO-REMEDIATE] No newsletter produced for 2026-06-05 — past 06:00 MT deadline (flagged by nel, cascade flag-nel-001) → ra
  → Queued event-driven ra run: event-ra-flag-nel-001 (agent will pick up task + reflect)
  → Queued re-check: recheck-flag-nel-001
[WHY][nel][22:00:09] no cipher drift flag — CIPHER_LEAKS=0, all permissions correct
! Found 4 stale files
[WHY][nel][22:01:22] P3 (not P2): 4 stale files — informational, may be intentional archives
Flag: flag-nel-001 [P3] Found 4 stale files (60+ days) — review and archive (from nel → kai, logged for weekly review)
! Found 18 broken links
[WHY][nel][22:01:23] P2 flag: 18 broken doc links — P2 not P1 because broken links degrade but don't break the system
Flag: flag-nel-001 [P2] Found 18 broken documentation links — fix or cleanup needed (from nel → kai)
  → What's Next: task created for next review cycle
! Found 47 scripts without test coverage
[WHY][nel][22:01:24] no dispatch flag for test gaps — P3 at most; filing in report is sufficient for rolling improvement
! Found 9 inefficient patterns
[WHY][nel][22:01:24] P3 flag: 9 code smells — P3 not P2 because anti-patterns don't break functionality
Flag: flag-nel-001 [P3] Found 9 code optimization opportunities — rolling improvement (from nel → kai, logged for weekly review)
! Audit found 7 issues
Flag: flag-nel-001 [P2] Audit found 7 system issues — review security/structure (from nel → kai)
  → What's Next: task created for next review cycle
✓ HQ state updated
✓ Report published: /Users/kai/Documents/Projects/Hyo/agents/sam/website/docs/nel/report-2026-06-05.md
✓ Self-review: nel pathway healthy
grep: invalid option -- P
usage: grep [-abcdDEFGHhIiJLlMmnOopqRSsUVvwXxZz] [-A num] [-B num] [-C[num]]
	[-e pattern] [-f file] [--binary-files=value] [--color=when]
	[--context[=num]] [--directories=action] [--label] [--line-buffered]
	[--null] [pattern] [file ...]
[SELF-REVIEW] nel: 13 findings — see /Users/kai/Documents/Projects/Hyo/agents/nel/logs/self-review-2026-06-05.md
Flag: flag-nel-001 [P2] [SELF-REVIEW] 1 untriggered files found (from nel → kai)
  → What's Next: task created for next review cycle
PLAYBOOK updated with research entry for 2026-06-05
[nel-research] 22:01:35 Findings archived to /Users/kai/Documents/Projects/Hyo/agents/ra/research/briefs/nel-2026-06-05.md
[nel-research] 22:01:35 Research cycle complete for nel
Nel reflection sections written to /tmp/nel-reflection-sections-20260605.json
[bluf-augment] nel: sections augmented — status: SHIPPED: IMP-20260414-nel-002 — Build dependency vulnerabili
agent-card: nel health_score 80 → 80 (+0)
✓ Nel agent-card.json written (health_score=80)
[agent-structured-report][nel] 22:01:35 WHY: Validating report schema before writing — unstructured reports cannot be reliably parsed by Kai or queued for follow-up
[agent-structured-report][nel] 22:01:35 All required fields present — writing structured report
[agent-structured-report][nel] 22:01:35 WHY: Writing to cycle-reports.jsonl (structured log) — enables Kai to query cycle history without parsing freeform markdown
[agent-structured-report][nel] 22:01:35 Report written to /Users/kai/Documents/Projects/Hyo/agents/nel/ledger/cycle-reports.jsonl
Updated /Users/kai/Documents/Projects/Hyo/agents/nel/ledger/ACTIVE.md
[agent-structured-report][nel] 22:01:35 ACTIVE.md updated with cycle summary

══════════════════════════════════════════════════════════
STRUCTURED REPORT ACCEPTED
Agent:          nel
Cycle ID:       2026-06-05-cycle-1
Phases done:    sentinel,cipher,stale-files,broken-links,test-coverage,patterns,audit,reflection
Phases failed:  none
Outputs:        agents/nel/logs/nel-2026-06-05.md
Next intent:    improve weakest finding: sentinel=4p/0f cipher_leaks=0 score=80
Log:            /Users/kai/Documents/Projects/Hyo/agents/nel/ledger/cycle-reports.jsonl
══════════════════════════════════════════════════════════
Report: nel → research+reflection cycle: score=80, sentinel=4p/0f, cipher_leaks=0, reflection_published=no
✓ Self-evolution logged: routine maintenance run
✓ Memory update: ACTIVE.md written
Self-delegated: nel-001 [P2] Clean 4 stale files found during audit (nel → self, logged to kai)
Self-delegated: nel-001 [P2] Fix 18 broken symlinks found during audit (nel → self, logged to kai)
Self-delegated: nel-001 [P3] Nel run complete: score=80, actions=1, sentinel=4/4 (nel → self, logged to kai)
✓ Dispatch: findings reported to Kai ledger
! System health acceptable, improvement opportunities identified.
[load-tool-registry][nel] WHY: Tool registry loaded — agents/tools.json gives typed interfaces for dispatch, ticket, kai_push, agent_execute_improvement
[growth] 22:00:01 [nel] Starting growth phase
[growth] 22:00:01 [nel] ARIC: research already complete for 2026-06-06 — skipping
[growth] 22:00:01 [nel] No open IMP improvement tickets — growth phase idle
grep: invalid option -- P
usage: grep [-abcdDEFGHhIiJLlMmnOopqRSsUVvwXxZz] [-A num] [-B num] [-C[num]]
	[-e pattern] [-f file] [--binary-files=value] [--color=when]
	[--context[=num]] [--directories=action] [--label] [--line-buffered]
	[--null] [pattern] [file ...]
grep: invalid option -- P
usage: grep [-abcdDEFGHhIiJLlMmnOopqRSsUVvwXxZz] [-A num] [-B num] [-C[num]]
	[-e pattern] [-f file] [--binary-files=value] [--color=when]
	[--context[=num]] [--directories=action] [--label] [--line-buffered]
	[--null] [pattern] [file ...]
grep: invalid option -- P
usage: grep [-abcdDEFGHhIiJLlMmnOopqRSsUVvwXxZz] [-A num] [-B num] [-C[num]]
	[-e pattern] [-f file] [--binary-files=value] [--color=when]
	[--context[=num]] [--directories=action] [--label] [--line-buffered]
	[--null] [pattern] [file ...]
grep: invalid option -- P
usage: grep [-abcdDEFGHhIiJLlMmnOopqRSsUVvwXxZz] [-A num] [-B num] [-C[num]]
	[-e pattern] [-f file] [--binary-files=value] [--color=when]
	[--context[=num]] [--directories=action] [--label] [--line-buffered]
	[--null] [pattern] [file ...]
✓ All projects passing sentinel checks
[WHY][nel][22:00:05] skipping dispatch flag because SENTINEL_FAIL=0 — no action needed
! No newsletter for today (2026-06-06) and it's past 06:00 MT
[WHY][nel][22:00:05] dispatching P1 (not P2) because newsletter absence past 06:00 MT deadline is time-critical — Hyo reads at 07:00
⚠ HIGH SEVERITY FLAG: flag-nel-001 [P1] No newsletter produced for 2026-06-06 — past 06:00 MT deadline (from nel)
  → Auto-triggering safeguard cascade...
  [safeguard] Logged trigger: flag-nel-001
  [safeguard] Spawning parallel prevention tasks:
    Delegated: nel-001 [P1] SAFEGUARD: Cross-reference issue (flag-nel-001) — scan entire codebase for similar patterns: No newsletter produced for 2026-06-06 — past 06:00 MT deadline → nel
    Delegated: sam-001 [P1] SAFEGUARD: Add test coverage for issue (flag-nel-001): No newsletter produced for 2026-06-06 — past 06:00 MT deadline → sam
    → Memory: NEW pattern logged to known-issues.jsonl
  → What's Next: dispatching auto-remediation to ra
Delegated: ra-001 [P1] [AUTO-REMEDIATE] No newsletter produced for 2026-06-06 — past 06:00 MT deadline (flagged by nel, cascade flag-nel-001) → ra
  → Queued event-driven ra run: event-ra-flag-nel-001 (agent will pick up task + reflect)
  → Queued re-check: recheck-flag-nel-001
[WHY][nel][22:00:07] no cipher drift flag — CIPHER_LEAKS=0, all permissions correct
! Found 4 stale files
[WHY][nel][22:01:19] P3 (not P2): 4 stale files — informational, may be intentional archives
Flag: flag-nel-001 [P3] Found 4 stale files (60+ days) — review and archive (from nel → kai, logged for weekly review)
! Found 31 broken links
[WHY][nel][22:01:20] P2 flag: 31 broken doc links — P2 not P1 because broken links degrade but don't break the system
Flag: flag-nel-001 [P2] Found 31 broken documentation links — fix or cleanup needed (from nel → kai)
  → What's Next: task created for next review cycle
! Found 47 scripts without test coverage
[WHY][nel][22:01:21] no dispatch flag for test gaps — P3 at most; filing in report is sufficient for rolling improvement
! Found 9 inefficient patterns
[WHY][nel][22:01:21] P3 flag: 9 code smells — P3 not P2 because anti-patterns don't break functionality
Flag: flag-nel-001 [P3] Found 9 code optimization opportunities — rolling improvement (from nel → kai, logged for weekly review)
! Audit found 7 issues
Flag: flag-nel-001 [P2] Audit found 7 system issues — review security/structure (from nel → kai)
  → What's Next: task created for next review cycle
✓ HQ state updated
✓ Report published: /Users/kai/Documents/Projects/Hyo/agents/sam/website/docs/nel/report-2026-06-06.md
✓ Self-review: nel pathway healthy
grep: invalid option -- P
usage: grep [-abcdDEFGHhIiJLlMmnOopqRSsUVvwXxZz] [-A num] [-B num] [-C[num]]
	[-e pattern] [-f file] [--binary-files=value] [--color=when]
	[--context[=num]] [--directories=action] [--label] [--line-buffered]
	[--null] [pattern] [file ...]
[SELF-REVIEW] nel: 13 findings — see /Users/kai/Documents/Projects/Hyo/agents/nel/logs/self-review-2026-06-06.md
Flag: flag-nel-001 [P2] [SELF-REVIEW] 1 untriggered files found (from nel → kai)
  → What's Next: task created for next review cycle
PLAYBOOK updated with research entry for 2026-06-06
[nel-research] 22:01:30 Findings archived to /Users/kai/Documents/Projects/Hyo/agents/ra/research/briefs/nel-2026-06-06.md
[nel-research] 22:01:30 Research cycle complete for nel
Nel reflection sections written to /tmp/nel-reflection-sections-20260606.json
[bluf-augment] nel: sections augmented — status: SHIPPED: IMP-20260414-nel-002 — Build dependency vulnerabili
agent-card: nel health_score 80 → 80 (+0)
✓ Nel agent-card.json written (health_score=80)
[agent-structured-report][nel] 22:01:30 WHY: Validating report schema before writing — unstructured reports cannot be reliably parsed by Kai or queued for follow-up
[agent-structured-report][nel] 22:01:30 All required fields present — writing structured report
[agent-structured-report][nel] 22:01:30 WHY: Writing to cycle-reports.jsonl (structured log) — enables Kai to query cycle history without parsing freeform markdown
[agent-structured-report][nel] 22:01:30 Report written to /Users/kai/Documents/Projects/Hyo/agents/nel/ledger/cycle-reports.jsonl
Updated /Users/kai/Documents/Projects/Hyo/agents/nel/ledger/ACTIVE.md
[agent-structured-report][nel] 22:01:30 ACTIVE.md updated with cycle summary

══════════════════════════════════════════════════════════
STRUCTURED REPORT ACCEPTED
Agent:          nel
Cycle ID:       2026-06-06-cycle-1
Phases done:    sentinel,cipher,stale-files,broken-links,test-coverage,patterns,audit,reflection
Phases failed:  none
Outputs:        agents/nel/logs/nel-2026-06-06.md
Next intent:    improve weakest finding: sentinel=4p/0f cipher_leaks=0 score=80
Log:            /Users/kai/Documents/Projects/Hyo/agents/nel/ledger/cycle-reports.jsonl
══════════════════════════════════════════════════════════
Report: nel → research+reflection cycle: score=80, sentinel=4p/0f, cipher_leaks=0, reflection_published=no
✓ Self-evolution logged: routine maintenance run
✓ Memory update: ACTIVE.md written
Self-delegated: nel-001 [P2] Clean 4 stale files found during audit (nel → self, logged to kai)
Self-delegated: nel-001 [P2] Fix 31 broken symlinks found during audit (nel → self, logged to kai)
Self-delegated: nel-001 [P3] Nel run complete: score=80, actions=1, sentinel=4/4 (nel → self, logged to kai)
✓ Dispatch: findings reported to Kai ledger
! System health acceptable, improvement opportunities identified.
[load-tool-registry][nel] WHY: Tool registry loaded — agents/tools.json gives typed interfaces for dispatch, ticket, kai_push, agent_execute_improvement
[growth] 22:00:00 [nel] Starting growth phase
[growth] 22:00:00 [nel] ARIC: research already complete for 2026-06-07 — skipping
[growth] 22:00:00 [nel] No open IMP improvement tickets — growth phase idle
grep: invalid option -- P
usage: grep [-abcdDEFGHhIiJLlMmnOopqRSsUVvwXxZz] [-A num] [-B num] [-C[num]]
	[-e pattern] [-f file] [--binary-files=value] [--color=when]
	[--context[=num]] [--directories=action] [--label] [--line-buffered]
	[--null] [pattern] [file ...]
grep: invalid option -- P
usage: grep [-abcdDEFGHhIiJLlMmnOopqRSsUVvwXxZz] [-A num] [-B num] [-C[num]]
	[-e pattern] [-f file] [--binary-files=value] [--color=when]
	[--context[=num]] [--directories=action] [--label] [--line-buffered]
	[--null] [pattern] [file ...]
grep: invalid option -- P
usage: grep [-abcdDEFGHhIiJLlMmnOopqRSsUVvwXxZz] [-A num] [-B num] [-C[num]]
	[-e pattern] [-f file] [--binary-files=value] [--color=when]
	[--context[=num]] [--directories=action] [--label] [--line-buffered]
	[--null] [pattern] [file ...]
grep: invalid option -- P
usage: grep [-abcdDEFGHhIiJLlMmnOopqRSsUVvwXxZz] [-A num] [-B num] [-C[num]]
	[-e pattern] [-f file] [--binary-files=value] [--color=when]
	[--context[=num]] [--directories=action] [--label] [--line-buffered]
	[--null] [pattern] [file ...]
✓ All projects passing sentinel checks
[WHY][nel][22:00:04] skipping dispatch flag because SENTINEL_FAIL=0 — no action needed
! No newsletter for today (2026-06-07) and it's past 06:00 MT
[WHY][nel][22:00:04] dispatching P1 (not P2) because newsletter absence past 06:00 MT deadline is time-critical — Hyo reads at 07:00
⚠ HIGH SEVERITY FLAG: flag-nel-001 [P1] No newsletter produced for 2026-06-07 — past 06:00 MT deadline (from nel)
  → Auto-triggering safeguard cascade...
  [safeguard] Logged trigger: flag-nel-001
  [safeguard] Spawning parallel prevention tasks:
    Delegated: nel-001 [P1] SAFEGUARD: Cross-reference issue (flag-nel-001) — scan entire codebase for similar patterns: No newsletter produced for 2026-06-07 — past 06:00 MT deadline → nel
    Delegated: sam-001 [P1] SAFEGUARD: Add test coverage for issue (flag-nel-001): No newsletter produced for 2026-06-07 — past 06:00 MT deadline → sam
    → Memory: NEW pattern logged to known-issues.jsonl
  → What's Next: dispatching auto-remediation to ra
Delegated: ra-001 [P1] [AUTO-REMEDIATE] No newsletter produced for 2026-06-07 — past 06:00 MT deadline (flagged by nel, cascade flag-nel-001) → ra
  → Queued event-driven ra run: event-ra-flag-nel-001 (agent will pick up task + reflect)
  → Queued re-check: recheck-flag-nel-001
[WHY][nel][22:00:06] no cipher drift flag — CIPHER_LEAKS=0, all permissions correct
! Found 4 stale files
[WHY][nel][22:01:20] P3 (not P2): 4 stale files — informational, may be intentional archives
Flag: flag-nel-001 [P3] Found 4 stale files (60+ days) — review and archive (from nel → kai, logged for weekly review)
! Found 29 broken links
[WHY][nel][22:01:21] P2 flag: 29 broken doc links — P2 not P1 because broken links degrade but don't break the system
Flag: flag-nel-001 [P2] Found 29 broken documentation links — fix or cleanup needed (from nel → kai)
  → What's Next: task created for next review cycle
! Found 47 scripts without test coverage
[WHY][nel][22:01:21] no dispatch flag for test gaps — P3 at most; filing in report is sufficient for rolling improvement
! Found 9 inefficient patterns
[WHY][nel][22:01:22] P3 flag: 9 code smells — P3 not P2 because anti-patterns don't break functionality
Flag: flag-nel-001 [P3] Found 9 code optimization opportunities — rolling improvement (from nel → kai, logged for weekly review)
! Audit found 7 issues
Flag: flag-nel-001 [P2] Audit found 7 system issues — review security/structure (from nel → kai)
  → What's Next: task created for next review cycle
✓ HQ state updated
✓ Report published: /Users/kai/Documents/Projects/Hyo/agents/sam/website/docs/nel/report-2026-06-07.md
✓ Self-review: nel pathway healthy
grep: invalid option -- P
usage: grep [-abcdDEFGHhIiJLlMmnOopqRSsUVvwXxZz] [-A num] [-B num] [-C[num]]
	[-e pattern] [-f file] [--binary-files=value] [--color=when]
	[--context[=num]] [--directories=action] [--label] [--line-buffered]
	[--null] [pattern] [file ...]
[SELF-REVIEW] nel: 13 findings — see /Users/kai/Documents/Projects/Hyo/agents/nel/logs/self-review-2026-06-07.md
Flag: flag-nel-001 [P2] [SELF-REVIEW] 1 untriggered files found (from nel → kai)
  → What's Next: task created for next review cycle
PLAYBOOK updated with research entry for 2026-06-07
[nel-research] 22:01:31 Findings archived to /Users/kai/Documents/Projects/Hyo/agents/ra/research/briefs/nel-2026-06-07.md
[nel-research] 22:01:31 Research cycle complete for nel
Nel reflection sections written to /tmp/nel-reflection-sections-20260607.json
[bluf-augment] nel: sections augmented — status: SHIPPED: IMP-20260414-nel-002 — Build dependency vulnerabili
agent-card: nel health_score 80 → 80 (+0)
✓ Nel agent-card.json written (health_score=80)
[agent-structured-report][nel] 22:01:31 WHY: Validating report schema before writing — unstructured reports cannot be reliably parsed by Kai or queued for follow-up
[agent-structured-report][nel] 22:01:31 All required fields present — writing structured report
[agent-structured-report][nel] 22:01:31 WHY: Writing to cycle-reports.jsonl (structured log) — enables Kai to query cycle history without parsing freeform markdown
[agent-structured-report][nel] 22:01:31 Report written to /Users/kai/Documents/Projects/Hyo/agents/nel/ledger/cycle-reports.jsonl
Updated /Users/kai/Documents/Projects/Hyo/agents/nel/ledger/ACTIVE.md
[agent-structured-report][nel] 22:01:31 ACTIVE.md updated with cycle summary

══════════════════════════════════════════════════════════
STRUCTURED REPORT ACCEPTED
Agent:          nel
Cycle ID:       2026-06-07-cycle-1
Phases done:    sentinel,cipher,stale-files,broken-links,test-coverage,patterns,audit,reflection
Phases failed:  none
Outputs:        agents/nel/logs/nel-2026-06-07.md
Next intent:    improve weakest finding: sentinel=4p/0f cipher_leaks=0 score=80
Log:            /Users/kai/Documents/Projects/Hyo/agents/nel/ledger/cycle-reports.jsonl
══════════════════════════════════════════════════════════
Report: nel → research+reflection cycle: score=80, sentinel=4p/0f, cipher_leaks=0, reflection_published=no
✓ Self-evolution logged: routine maintenance run
✓ Memory update: ACTIVE.md written
Self-delegated: nel-001 [P2] Clean 4 stale files found during audit (nel → self, logged to kai)
Self-delegated: nel-001 [P2] Fix 29 broken symlinks found during audit (nel → self, logged to kai)
Self-delegated: nel-001 [P3] Nel run complete: score=80, actions=1, sentinel=4/4 (nel → self, logged to kai)
✓ Dispatch: findings reported to Kai ledger
! System health acceptable, improvement opportunities identified.
[load-tool-registry][nel] WHY: Tool registry loaded — agents/tools.json gives typed interfaces for dispatch, ticket, kai_push, agent_execute_improvement
[growth] 22:00:00 [nel] Starting growth phase
[growth] 22:00:00 [nel] ARIC: research already complete for 2026-06-08 — skipping
[growth] 22:00:00 [nel] No open IMP improvement tickets — growth phase idle
grep: invalid option -- P
usage: grep [-abcdDEFGHhIiJLlMmnOopqRSsUVvwXxZz] [-A num] [-B num] [-C[num]]
	[-e pattern] [-f file] [--binary-files=value] [--color=when]
	[--context[=num]] [--directories=action] [--label] [--line-buffered]
	[--null] [pattern] [file ...]
grep: invalid option -- P
usage: grep [-abcdDEFGHhIiJLlMmnOopqRSsUVvwXxZz] [-A num] [-B num] [-C[num]]
	[-e pattern] [-f file] [--binary-files=value] [--color=when]
	[--context[=num]] [--directories=action] [--label] [--line-buffered]
	[--null] [pattern] [file ...]
grep: invalid option -- P
usage: grep [-abcdDEFGHhIiJLlMmnOopqRSsUVvwXxZz] [-A num] [-B num] [-C[num]]
	[-e pattern] [-f file] [--binary-files=value] [--color=when]
	[--context[=num]] [--directories=action] [--label] [--line-buffered]
	[--null] [pattern] [file ...]
grep: invalid option -- P
usage: grep [-abcdDEFGHhIiJLlMmnOopqRSsUVvwXxZz] [-A num] [-B num] [-C[num]]
	[-e pattern] [-f file] [--binary-files=value] [--color=when]
	[--context[=num]] [--directories=action] [--label] [--line-buffered]
	[--null] [pattern] [file ...]
✓ All projects passing sentinel checks
[WHY][nel][22:00:04] skipping dispatch flag because SENTINEL_FAIL=0 — no action needed
! No newsletter for today (2026-06-08) and it's past 06:00 MT
[WHY][nel][22:00:04] dispatching P1 (not P2) because newsletter absence past 06:00 MT deadline is time-critical — Hyo reads at 07:00
⚠ HIGH SEVERITY FLAG: flag-nel-001 [P1] No newsletter produced for 2026-06-08 — past 06:00 MT deadline (from nel)
  → Auto-triggering safeguard cascade...
  [safeguard] Logged trigger: flag-nel-001
  [safeguard] Spawning parallel prevention tasks:
    Delegated: nel-001 [P1] SAFEGUARD: Cross-reference issue (flag-nel-001) — scan entire codebase for similar patterns: No newsletter produced for 2026-06-08 — past 06:00 MT deadline → nel
    Delegated: sam-001 [P1] SAFEGUARD: Add test coverage for issue (flag-nel-001): No newsletter produced for 2026-06-08 — past 06:00 MT deadline → sam
    → Memory: NEW pattern logged to known-issues.jsonl
  → What's Next: dispatching auto-remediation to ra
Delegated: ra-001 [P1] [AUTO-REMEDIATE] No newsletter produced for 2026-06-08 — past 06:00 MT deadline (flagged by nel, cascade flag-nel-001) → ra
  → Queued event-driven ra run: event-ra-flag-nel-001 (agent will pick up task + reflect)
  → Queued re-check: recheck-flag-nel-001
[WHY][nel][22:00:05] no cipher drift flag — CIPHER_LEAKS=0, all permissions correct
! Found 4 stale files
[WHY][nel][22:01:29] P3 (not P2): 4 stale files — informational, may be intentional archives
Flag: flag-nel-001 [P3] Found 4 stale files (60+ days) — review and archive (from nel → kai, logged for weekly review)
! Found 31 broken links
[WHY][nel][22:01:30] P2 flag: 31 broken doc links — P2 not P1 because broken links degrade but don't break the system
Flag: flag-nel-001 [P2] Found 31 broken documentation links — fix or cleanup needed (from nel → kai)
  → What's Next: task created for next review cycle
! Found 47 scripts without test coverage
[WHY][nel][22:01:31] no dispatch flag for test gaps — P3 at most; filing in report is sufficient for rolling improvement
! Found 9 inefficient patterns
[WHY][nel][22:01:31] P3 flag: 9 code smells — P3 not P2 because anti-patterns don't break functionality
Flag: flag-nel-001 [P3] Found 9 code optimization opportunities — rolling improvement (from nel → kai, logged for weekly review)
! Audit found 7 issues
Flag: flag-nel-001 [P2] Audit found 7 system issues — review security/structure (from nel → kai)
  → What's Next: task created for next review cycle
✓ HQ state updated
✓ Report published: /Users/kai/Documents/Projects/Hyo/agents/sam/website/docs/nel/report-2026-06-08.md
✓ Self-review: nel pathway healthy
grep: invalid option -- P
usage: grep [-abcdDEFGHhIiJLlMmnOopqRSsUVvwXxZz] [-A num] [-B num] [-C[num]]
	[-e pattern] [-f file] [--binary-files=value] [--color=when]
	[--context[=num]] [--directories=action] [--label] [--line-buffered]
	[--null] [pattern] [file ...]
[SELF-REVIEW] nel: 13 findings — see /Users/kai/Documents/Projects/Hyo/agents/nel/logs/self-review-2026-06-08.md
Flag: flag-nel-001 [P2] [SELF-REVIEW] 1 untriggered files found (from nel → kai)
  → What's Next: task created for next review cycle
PLAYBOOK updated with research entry for 2026-06-08
[nel-research] 22:01:51 Findings archived to /Users/kai/Documents/Projects/Hyo/agents/ra/research/briefs/nel-2026-06-08.md
[nel-research] 22:01:51 Research cycle complete for nel
Nel reflection sections written to /tmp/nel-reflection-sections-20260608.json
[bluf-augment] nel: sections augmented — status: SHIPPED: IMP-20260414-nel-002 — Build dependency vulnerabili
agent-card: nel health_score 80 → 80 (+0)
✓ Nel agent-card.json written (health_score=80)
[agent-structured-report][nel] 22:01:51 WHY: Validating report schema before writing — unstructured reports cannot be reliably parsed by Kai or queued for follow-up
[agent-structured-report][nel] 22:01:51 All required fields present — writing structured report
[agent-structured-report][nel] 22:01:51 WHY: Writing to cycle-reports.jsonl (structured log) — enables Kai to query cycle history without parsing freeform markdown
[agent-structured-report][nel] 22:01:51 Report written to /Users/kai/Documents/Projects/Hyo/agents/nel/ledger/cycle-reports.jsonl
Updated /Users/kai/Documents/Projects/Hyo/agents/nel/ledger/ACTIVE.md
[agent-structured-report][nel] 22:01:51 ACTIVE.md updated with cycle summary

══════════════════════════════════════════════════════════
STRUCTURED REPORT ACCEPTED
Agent:          nel
Cycle ID:       2026-06-08-cycle-1
Phases done:    sentinel,cipher,stale-files,broken-links,test-coverage,patterns,audit,reflection
Phases failed:  none
Outputs:        agents/nel/logs/nel-2026-06-08.md
Next intent:    improve weakest finding: sentinel=4p/0f cipher_leaks=0 score=80
Log:            /Users/kai/Documents/Projects/Hyo/agents/nel/ledger/cycle-reports.jsonl
══════════════════════════════════════════════════════════
Report: nel → research+reflection cycle: score=80, sentinel=4p/0f, cipher_leaks=0, reflection_published=no
✓ Self-evolution logged: routine maintenance run
✓ Memory update: ACTIVE.md written
Self-delegated: nel-001 [P2] Clean 4 stale files found during audit (nel → self, logged to kai)
Self-delegated: nel-001 [P2] Fix 31 broken symlinks found during audit (nel → self, logged to kai)
Self-delegated: nel-001 [P3] Nel run complete: score=80, actions=1, sentinel=4/4 (nel → self, logged to kai)
✓ Dispatch: findings reported to Kai ledger
! System health acceptable, improvement opportunities identified.
[load-tool-registry][nel] WHY: Tool registry loaded — agents/tools.json gives typed interfaces for dispatch, ticket, kai_push, agent_execute_improvement
[growth] 22:00:01 [nel] Starting growth phase
[growth] 22:00:01 [nel] ARIC: research already complete for 2026-06-09 — skipping
[growth] 22:00:01 [nel] No open IMP improvement tickets — growth phase idle
grep: invalid option -- P
usage: grep [-abcdDEFGHhIiJLlMmnOopqRSsUVvwXxZz] [-A num] [-B num] [-C[num]]
	[-e pattern] [-f file] [--binary-files=value] [--color=when]
	[--context[=num]] [--directories=action] [--label] [--line-buffered]
	[--null] [pattern] [file ...]
grep: invalid option -- P
usage: grep [-abcdDEFGHhIiJLlMmnOopqRSsUVvwXxZz] [-A num] [-B num] [-C[num]]
	[-e pattern] [-f file] [--binary-files=value] [--color=when]
	[--context[=num]] [--directories=action] [--label] [--line-buffered]
	[--null] [pattern] [file ...]
grep: invalid option -- P
usage: grep [-abcdDEFGHhIiJLlMmnOopqRSsUVvwXxZz] [-A num] [-B num] [-C[num]]
	[-e pattern] [-f file] [--binary-files=value] [--color=when]
	[--context[=num]] [--directories=action] [--label] [--line-buffered]
	[--null] [pattern] [file ...]
grep: invalid option -- P
usage: grep [-abcdDEFGHhIiJLlMmnOopqRSsUVvwXxZz] [-A num] [-B num] [-C[num]]
	[-e pattern] [-f file] [--binary-files=value] [--color=when]
	[--context[=num]] [--directories=action] [--label] [--line-buffered]
	[--null] [pattern] [file ...]
✓ All projects passing sentinel checks
[WHY][nel][22:00:05] skipping dispatch flag because SENTINEL_FAIL=0 — no action needed
! No newsletter for today (2026-06-09) and it's past 06:00 MT
[WHY][nel][22:00:05] dispatching P1 (not P2) because newsletter absence past 06:00 MT deadline is time-critical — Hyo reads at 07:00
⚠ HIGH SEVERITY FLAG: flag-nel-001 [P1] No newsletter produced for 2026-06-09 — past 06:00 MT deadline (from nel)
  → Auto-triggering safeguard cascade...
  [safeguard] Logged trigger: flag-nel-001
  [safeguard] Spawning parallel prevention tasks:
    Delegated: nel-001 [P1] SAFEGUARD: Cross-reference issue (flag-nel-001) — scan entire codebase for similar patterns: No newsletter produced for 2026-06-09 — past 06:00 MT deadline → nel
    Delegated: sam-001 [P1] SAFEGUARD: Add test coverage for issue (flag-nel-001): No newsletter produced for 2026-06-09 — past 06:00 MT deadline → sam
    → Memory: NEW pattern logged to known-issues.jsonl
  → What's Next: dispatching auto-remediation to ra
Delegated: ra-001 [P1] [AUTO-REMEDIATE] No newsletter produced for 2026-06-09 — past 06:00 MT deadline (flagged by nel, cascade flag-nel-001) → ra
  → Queued event-driven ra run: event-ra-flag-nel-001 (agent will pick up task + reflect)
  → Queued re-check: recheck-flag-nel-001
[WHY][nel][22:00:06] no cipher drift flag — CIPHER_LEAKS=0, all permissions correct
! Found 12 stale files
[WHY][nel][22:01:26] P3 (not P2): 12 stale files — informational, may be intentional archives
Flag: flag-nel-001 [P3] Found 12 stale files (60+ days) — review and archive (from nel → kai, logged for weekly review)
! Found 30 broken links
[WHY][nel][22:01:27] P2 flag: 30 broken doc links — P2 not P1 because broken links degrade but don't break the system
Flag: flag-nel-001 [P2] Found 30 broken documentation links — fix or cleanup needed (from nel → kai)
  → What's Next: task created for next review cycle
! Found 47 scripts without test coverage
[WHY][nel][22:01:28] no dispatch flag for test gaps — P3 at most; filing in report is sufficient for rolling improvement
! Found 9 inefficient patterns
[WHY][nel][22:01:28] P3 flag: 9 code smells — P3 not P2 because anti-patterns don't break functionality
Flag: flag-nel-001 [P3] Found 9 code optimization opportunities — rolling improvement (from nel → kai, logged for weekly review)
! Audit found 7 issues
Flag: flag-nel-001 [P2] Audit found 7 system issues — review security/structure (from nel → kai)
  → What's Next: task created for next review cycle
✓ HQ state updated
✓ Report published: /Users/kai/Documents/Projects/Hyo/agents/sam/website/docs/nel/report-2026-06-09.md
✓ Self-review: nel pathway healthy
grep: invalid option -- P
usage: grep [-abcdDEFGHhIiJLlMmnOopqRSsUVvwXxZz] [-A num] [-B num] [-C[num]]
	[-e pattern] [-f file] [--binary-files=value] [--color=when]
	[--context[=num]] [--directories=action] [--label] [--line-buffered]
	[--null] [pattern] [file ...]
[SELF-REVIEW] nel: 13 findings — see /Users/kai/Documents/Projects/Hyo/agents/nel/logs/self-review-2026-06-09.md
Flag: flag-nel-001 [P2] [SELF-REVIEW] 1 untriggered files found (from nel → kai)
  → What's Next: task created for next review cycle
PLAYBOOK updated with research entry for 2026-06-09
[nel-research] 22:01:44 Findings archived to /Users/kai/Documents/Projects/Hyo/agents/ra/research/briefs/nel-2026-06-09.md
[nel-research] 22:01:44 Research cycle complete for nel
Nel reflection sections written to /tmp/nel-reflection-sections-20260609.json
[bluf-augment] nel: sections augmented — status: SHIPPED: IMP-20260414-nel-002 — Build dependency vulnerabili
agent-card: nel health_score 80 → 80 (+0)
✓ Nel agent-card.json written (health_score=80)
[agent-structured-report][nel] 22:01:44 WHY: Validating report schema before writing — unstructured reports cannot be reliably parsed by Kai or queued for follow-up
[agent-structured-report][nel] 22:01:44 All required fields present — writing structured report
[agent-structured-report][nel] 22:01:44 WHY: Writing to cycle-reports.jsonl (structured log) — enables Kai to query cycle history without parsing freeform markdown
[agent-structured-report][nel] 22:01:44 Report written to /Users/kai/Documents/Projects/Hyo/agents/nel/ledger/cycle-reports.jsonl
Updated /Users/kai/Documents/Projects/Hyo/agents/nel/ledger/ACTIVE.md
[agent-structured-report][nel] 22:01:44 ACTIVE.md updated with cycle summary

══════════════════════════════════════════════════════════
STRUCTURED REPORT ACCEPTED
Agent:          nel
Cycle ID:       2026-06-09-cycle-1
Phases done:    sentinel,cipher,stale-files,broken-links,test-coverage,patterns,audit,reflection
Phases failed:  none
Outputs:        agents/nel/logs/nel-2026-06-09.md
Next intent:    improve weakest finding: sentinel=4p/0f cipher_leaks=0 score=80
Log:            /Users/kai/Documents/Projects/Hyo/agents/nel/ledger/cycle-reports.jsonl
══════════════════════════════════════════════════════════
Report: nel → research+reflection cycle: score=80, sentinel=4p/0f, cipher_leaks=0, reflection_published=no
✓ Self-evolution logged: routine maintenance run
✓ Memory update: ACTIVE.md written
Self-delegated: nel-001 [P2] Clean 12 stale files found during audit (nel → self, logged to kai)
Self-delegated: nel-001 [P2] Fix 30 broken symlinks found during audit (nel → self, logged to kai)
Self-delegated: nel-001 [P3] Nel run complete: score=80, actions=1, sentinel=4/4 (nel → self, logged to kai)
✓ Dispatch: findings reported to Kai ledger
! System health acceptable, improvement opportunities identified.
[load-tool-registry][nel] WHY: Tool registry loaded — agents/tools.json gives typed interfaces for dispatch, ticket, kai_push, agent_execute_improvement
[growth] 22:00:02 [nel] Starting growth phase
[growth] 22:00:02 [nel] ARIC: research already complete for 2026-06-10 — skipping
[growth] 22:00:02 [nel] No open IMP improvement tickets — growth phase idle
grep: invalid option -- P
usage: grep [-abcdDEFGHhIiJLlMmnOopqRSsUVvwXxZz] [-A num] [-B num] [-C[num]]
	[-e pattern] [-f file] [--binary-files=value] [--color=when]
	[--context[=num]] [--directories=action] [--label] [--line-buffered]
	[--null] [pattern] [file ...]
grep: invalid option -- P
usage: grep [-abcdDEFGHhIiJLlMmnOopqRSsUVvwXxZz] [-A num] [-B num] [-C[num]]
	[-e pattern] [-f file] [--binary-files=value] [--color=when]
	[--context[=num]] [--directories=action] [--label] [--line-buffered]
	[--null] [pattern] [file ...]
grep: invalid option -- P
usage: grep [-abcdDEFGHhIiJLlMmnOopqRSsUVvwXxZz] [-A num] [-B num] [-C[num]]
	[-e pattern] [-f file] [--binary-files=value] [--color=when]
	[--context[=num]] [--directories=action] [--label] [--line-buffered]
	[--null] [pattern] [file ...]
grep: invalid option -- P
usage: grep [-abcdDEFGHhIiJLlMmnOopqRSsUVvwXxZz] [-A num] [-B num] [-C[num]]
	[-e pattern] [-f file] [--binary-files=value] [--color=when]
	[--context[=num]] [--directories=action] [--label] [--line-buffered]
	[--null] [pattern] [file ...]
✓ All projects passing sentinel checks
[WHY][nel][22:00:06] skipping dispatch flag because SENTINEL_FAIL=0 — no action needed
! No newsletter for today (2026-06-10) and it's past 06:00 MT
[WHY][nel][22:00:06] dispatching P1 (not P2) because newsletter absence past 06:00 MT deadline is time-critical — Hyo reads at 07:00
⚠ HIGH SEVERITY FLAG: flag-nel-001 [P1] No newsletter produced for 2026-06-10 — past 06:00 MT deadline (from nel)
  → Auto-triggering safeguard cascade...
  [safeguard] Logged trigger: flag-nel-001
  [safeguard] Spawning parallel prevention tasks:
    Delegated: nel-001 [P1] SAFEGUARD: Cross-reference issue (flag-nel-001) — scan entire codebase for similar patterns: No newsletter produced for 2026-06-10 — past 06:00 MT deadline → nel
    Delegated: sam-001 [P1] SAFEGUARD: Add test coverage for issue (flag-nel-001): No newsletter produced for 2026-06-10 — past 06:00 MT deadline → sam
    → Memory: NEW pattern logged to known-issues.jsonl
  → What's Next: dispatching auto-remediation to ra
Delegated: ra-001 [P1] [AUTO-REMEDIATE] No newsletter produced for 2026-06-10 — past 06:00 MT deadline (flagged by nel, cascade flag-nel-001) → ra
  → Queued event-driven ra run: event-ra-flag-nel-001 (agent will pick up task + reflect)
  → Queued re-check: recheck-flag-nel-001
[WHY][nel][22:00:08] no cipher drift flag — CIPHER_LEAKS=0, all permissions correct
! Found 31 stale files
[WHY][nel][22:01:28] P3 (not P2): 31 stale files — informational, may be intentional archives
Flag: flag-nel-001 [P3] Found 31 stale files (60+ days) — review and archive (from nel → kai, logged for weekly review)
! Found 29 broken links
[WHY][nel][22:01:29] P2 flag: 29 broken doc links — P2 not P1 because broken links degrade but don't break the system
Flag: flag-nel-001 [P2] Found 29 broken documentation links — fix or cleanup needed (from nel → kai)
  → What's Next: task created for next review cycle
! Found 47 scripts without test coverage
[WHY][nel][22:01:30] no dispatch flag for test gaps — P3 at most; filing in report is sufficient for rolling improvement
! Found 9 inefficient patterns
[WHY][nel][22:01:30] P3 flag: 9 code smells — P3 not P2 because anti-patterns don't break functionality
Flag: flag-nel-001 [P3] Found 9 code optimization opportunities — rolling improvement (from nel → kai, logged for weekly review)
! Audit found 7 issues
Flag: flag-nel-001 [P2] Audit found 7 system issues — review security/structure (from nel → kai)
  → What's Next: task created for next review cycle
✓ HQ state updated
✓ Report published: /Users/kai/Documents/Projects/Hyo/agents/sam/website/docs/nel/report-2026-06-10.md
✓ Self-review: nel pathway healthy
grep: invalid option -- P
usage: grep [-abcdDEFGHhIiJLlMmnOopqRSsUVvwXxZz] [-A num] [-B num] [-C[num]]
	[-e pattern] [-f file] [--binary-files=value] [--color=when]
	[--context[=num]] [--directories=action] [--label] [--line-buffered]
	[--null] [pattern] [file ...]
[SELF-REVIEW] nel: 13 findings — see /Users/kai/Documents/Projects/Hyo/agents/nel/logs/self-review-2026-06-10.md
Flag: flag-nel-001 [P2] [SELF-REVIEW] 1 untriggered files found (from nel → kai)
  → What's Next: task created for next review cycle
PLAYBOOK updated with research entry for 2026-06-10
[nel-research] 22:01:39 Findings archived to /Users/kai/Documents/Projects/Hyo/agents/ra/research/briefs/nel-2026-06-10.md
[nel-research] 22:01:39 Research cycle complete for nel
Nel reflection sections written to /tmp/nel-reflection-sections-20260610.json
[bluf-augment] nel: sections augmented — status: SHIPPED: IMP-20260414-nel-002 — Build dependency vulnerabili
agent-card: nel health_score 80 → 80 (+0)
✓ Nel agent-card.json written (health_score=80)
[agent-structured-report][nel] 22:01:39 WHY: Validating report schema before writing — unstructured reports cannot be reliably parsed by Kai or queued for follow-up
[agent-structured-report][nel] 22:01:39 All required fields present — writing structured report
[agent-structured-report][nel] 22:01:39 WHY: Writing to cycle-reports.jsonl (structured log) — enables Kai to query cycle history without parsing freeform markdown
[agent-structured-report][nel] 22:01:39 Report written to /Users/kai/Documents/Projects/Hyo/agents/nel/ledger/cycle-reports.jsonl
Updated /Users/kai/Documents/Projects/Hyo/agents/nel/ledger/ACTIVE.md
[agent-structured-report][nel] 22:01:39 ACTIVE.md updated with cycle summary

══════════════════════════════════════════════════════════
STRUCTURED REPORT ACCEPTED
Agent:          nel
Cycle ID:       2026-06-10-cycle-1
Phases done:    sentinel,cipher,stale-files,broken-links,test-coverage,patterns,audit,reflection
Phases failed:  none
Outputs:        agents/nel/logs/nel-2026-06-10.md
Next intent:    improve weakest finding: sentinel=4p/0f cipher_leaks=0 score=80
Log:            /Users/kai/Documents/Projects/Hyo/agents/nel/ledger/cycle-reports.jsonl
══════════════════════════════════════════════════════════
Report: nel → research+reflection cycle: score=80, sentinel=4p/0f, cipher_leaks=0, reflection_published=no
✓ Self-evolution logged: routine maintenance run
✓ Memory update: ACTIVE.md written
Self-delegated: nel-001 [P2] Clean 31 stale files found during audit (nel → self, logged to kai)
Self-delegated: nel-001 [P2] Fix 29 broken symlinks found during audit (nel → self, logged to kai)
Self-delegated: nel-001 [P3] Nel run complete: score=80, actions=1, sentinel=4/4 (nel → self, logged to kai)
✓ Dispatch: findings reported to Kai ledger
! System health acceptable, improvement opportunities identified.
[load-tool-registry][nel] WHY: Tool registry loaded — agents/tools.json gives typed interfaces for dispatch, ticket, kai_push, agent_execute_improvement
[growth] 22:00:05 [nel] Starting growth phase
[growth] 22:00:05 [nel] ARIC: research already complete for 2026-06-11 — skipping
[growth] 22:00:05 [nel] No open IMP improvement tickets — growth phase idle
grep: invalid option -- P
usage: grep [-abcdDEFGHhIiJLlMmnOopqRSsUVvwXxZz] [-A num] [-B num] [-C[num]]
	[-e pattern] [-f file] [--binary-files=value] [--color=when]
	[--context[=num]] [--directories=action] [--label] [--line-buffered]
	[--null] [pattern] [file ...]
grep: invalid option -- P
usage: grep [-abcdDEFGHhIiJLlMmnOopqRSsUVvwXxZz] [-A num] [-B num] [-C[num]]
	[-e pattern] [-f file] [--binary-files=value] [--color=when]
	[--context[=num]] [--directories=action] [--label] [--line-buffered]
	[--null] [pattern] [file ...]
grep: invalid option -- P
usage: grep [-abcdDEFGHhIiJLlMmnOopqRSsUVvwXxZz] [-A num] [-B num] [-C[num]]
	[-e pattern] [-f file] [--binary-files=value] [--color=when]
	[--context[=num]] [--directories=action] [--label] [--line-buffered]
	[--null] [pattern] [file ...]
grep: invalid option -- P
usage: grep [-abcdDEFGHhIiJLlMmnOopqRSsUVvwXxZz] [-A num] [-B num] [-C[num]]
	[-e pattern] [-f file] [--binary-files=value] [--color=when]
	[--context[=num]] [--directories=action] [--label] [--line-buffered]
	[--null] [pattern] [file ...]
✓ All projects passing sentinel checks
[WHY][nel][22:00:09] skipping dispatch flag because SENTINEL_FAIL=0 — no action needed
! No newsletter for today (2026-06-11) and it's past 06:00 MT
[WHY][nel][22:00:09] dispatching P1 (not P2) because newsletter absence past 06:00 MT deadline is time-critical — Hyo reads at 07:00
⚠ HIGH SEVERITY FLAG: flag-nel-001 [P1] No newsletter produced for 2026-06-11 — past 06:00 MT deadline (from nel)
  → Auto-triggering safeguard cascade...
  [safeguard] Logged trigger: flag-nel-001
  [safeguard] Spawning parallel prevention tasks:
    Delegated: nel-001 [P1] SAFEGUARD: Cross-reference issue (flag-nel-001) — scan entire codebase for similar patterns: No newsletter produced for 2026-06-11 — past 06:00 MT deadline → nel
    Delegated: sam-001 [P1] SAFEGUARD: Add test coverage for issue (flag-nel-001): No newsletter produced for 2026-06-11 — past 06:00 MT deadline → sam
    → Memory: NEW pattern logged to known-issues.jsonl
  → What's Next: dispatching auto-remediation to ra
Delegated: ra-001 [P1] [AUTO-REMEDIATE] No newsletter produced for 2026-06-11 — past 06:00 MT deadline (flagged by nel, cascade flag-nel-001) → ra
  → Queued event-driven ra run: event-ra-flag-nel-001 (agent will pick up task + reflect)
  → Queued re-check: recheck-flag-nel-001
[WHY][nel][22:00:10] no cipher drift flag — CIPHER_LEAKS=0, all permissions correct
! Found 186 stale files
[WHY][nel][22:01:30] P3 (not P2): 186 stale files — informational, may be intentional archives
Flag: flag-nel-001 [P3] Found 186 stale files (60+ days) — review and archive (from nel → kai, logged for weekly review)
! Found 30 broken links
[WHY][nel][22:01:31] P2 flag: 30 broken doc links — P2 not P1 because broken links degrade but don't break the system
Flag: flag-nel-001 [P2] Found 30 broken documentation links — fix or cleanup needed (from nel → kai)
  → What's Next: task created for next review cycle
! Found 47 scripts without test coverage
[WHY][nel][22:01:32] no dispatch flag for test gaps — P3 at most; filing in report is sufficient for rolling improvement
! Found 9 inefficient patterns
[WHY][nel][22:01:32] P3 flag: 9 code smells — P3 not P2 because anti-patterns don't break functionality
Flag: flag-nel-001 [P3] Found 9 code optimization opportunities — rolling improvement (from nel → kai, logged for weekly review)
! Audit found 7 issues
Flag: flag-nel-001 [P2] Audit found 7 system issues — review security/structure (from nel → kai)
  → What's Next: task created for next review cycle
✓ HQ state updated
✓ Report published: /Users/kai/Documents/Projects/Hyo/agents/sam/website/docs/nel/report-2026-06-11.md
✓ Self-review: nel pathway healthy
grep: invalid option -- P
usage: grep [-abcdDEFGHhIiJLlMmnOopqRSsUVvwXxZz] [-A num] [-B num] [-C[num]]
	[-e pattern] [-f file] [--binary-files=value] [--color=when]
	[--context[=num]] [--directories=action] [--label] [--line-buffered]
	[--null] [pattern] [file ...]
[SELF-REVIEW] nel: 13 findings — see /Users/kai/Documents/Projects/Hyo/agents/nel/logs/self-review-2026-06-11.md
Flag: flag-nel-001 [P2] [SELF-REVIEW] 1 untriggered files found (from nel → kai)
  → What's Next: task created for next review cycle
PLAYBOOK updated with research entry for 2026-06-11
[nel-research] 22:01:44 Findings archived to /Users/kai/Documents/Projects/Hyo/agents/ra/research/briefs/nel-2026-06-11.md
[nel-research] 22:01:44 Research cycle complete for nel
Nel reflection sections written to /tmp/nel-reflection-sections-20260611.json
[bluf-augment] nel: sections augmented — status: SHIPPED: IMP-20260414-nel-002 — Build dependency vulnerabili
agent-card: nel health_score 80 → 80 (+0)
✓ Nel agent-card.json written (health_score=80)
[agent-structured-report][nel] 22:01:44 WHY: Validating report schema before writing — unstructured reports cannot be reliably parsed by Kai or queued for follow-up
[agent-structured-report][nel] 22:01:44 All required fields present — writing structured report
[agent-structured-report][nel] 22:01:44 WHY: Writing to cycle-reports.jsonl (structured log) — enables Kai to query cycle history without parsing freeform markdown
[agent-structured-report][nel] 22:01:44 Report written to /Users/kai/Documents/Projects/Hyo/agents/nel/ledger/cycle-reports.jsonl
Updated /Users/kai/Documents/Projects/Hyo/agents/nel/ledger/ACTIVE.md
[agent-structured-report][nel] 22:01:44 ACTIVE.md updated with cycle summary

══════════════════════════════════════════════════════════
STRUCTURED REPORT ACCEPTED
Agent:          nel
Cycle ID:       2026-06-11-cycle-1
Phases done:    sentinel,cipher,stale-files,broken-links,test-coverage,patterns,audit,reflection
Phases failed:  none
Outputs:        agents/nel/logs/nel-2026-06-11.md
Next intent:    improve weakest finding: sentinel=4p/0f cipher_leaks=0 score=80
Log:            /Users/kai/Documents/Projects/Hyo/agents/nel/ledger/cycle-reports.jsonl
══════════════════════════════════════════════════════════
Report: nel → research+reflection cycle: score=80, sentinel=4p/0f, cipher_leaks=0, reflection_published=no
✓ Self-evolution logged: routine maintenance run
✓ Memory update: ACTIVE.md written
Self-delegated: nel-001 [P2] Clean 186 stale files found during audit (nel → self, logged to kai)
Self-delegated: nel-001 [P2] Fix 30 broken symlinks found during audit (nel → self, logged to kai)
Self-delegated: nel-001 [P3] Nel run complete: score=80, actions=1, sentinel=4/4 (nel → self, logged to kai)
✓ Dispatch: findings reported to Kai ledger
! System health acceptable, improvement opportunities identified.
