[2026-04-27T20:26:37-06:00] === Self-improve health check: 2026-04-27 ===
[2026-04-27T20:26:37-06:00] --- nel ---
[2026-04-27T20:26:37-06:00]   Q1 YES: state file exists
[2026-04-27T20:26:37-06:00]   Q2 YES: last_run=2026-04-27T20:24:50-0600 (98s ago)
[2026-04-27T20:27:16-06:00] === Self-improve health check: 2026-04-27 ===
[2026-04-27T20:27:16-06:00] --- nel ---
[2026-04-27T20:27:16-06:00]   Q1 YES: state file exists
[2026-04-27T20:27:16-06:00]   Q2 YES: last_run=2026-04-27T20:24:50-0600 (137s ago)
[2026-04-27T20:27:16-06:00]   Q3 YES: advanced (was none/none → now W2/implement)
[2026-04-27T20:27:16-06:00]   Q4 YES: valid research file with FIX_APPROACH
[2026-04-27T20:27:16-06:00]   Q5 YES: failure_count=0 (cap: 3)
[2026-04-27T20:27:16-06:00] --- sam ---
[2026-04-27T20:27:16-06:00]   Q1 YES: state file exists
[2026-04-27T20:27:16-06:00]   Q2 YES: last_run=2026-04-27T20:24:50-0600 (137s ago)
[2026-04-27T20:27:16-06:00]   Q3 YES: advanced (was none/none → now W1/implement)
[2026-04-27T20:27:16-06:00]   Q4 YES: valid research file with FIX_APPROACH
[2026-04-27T20:27:16-06:00]   Q5 YES: failure_count=0 (cap: 3)
[2026-04-27T20:27:16-06:00] --- aether ---
[2026-04-27T20:27:16-06:00]   Q1 YES: state file exists
[2026-04-27T20:27:16-06:00]   Q2 YES: last_run=2026-04-27T20:26:13-0600 (58s ago)
[2026-04-27T20:27:16-06:00]   Q3 YES: advanced (was none/none → now W1/implement)
[2026-04-27T20:27:16-06:00]   Q4 YES: valid research file with FIX_APPROACH
[2026-04-27T20:27:16-06:00]   Q5 YES: failure_count=0 (cap: 3)
[2026-04-27T20:27:16-06:00] --- ra ---
[2026-04-27T20:27:16-06:00]   Q1 YES: state file exists
[2026-04-27T20:27:16-06:00]   Q2 YES: last_run=2026-04-27T20:24:50-0600 (137s ago)
[2026-04-27T20:27:16-06:00]   Q3 YES: advanced (was none/none → now W1/implement)
[2026-04-27T20:27:16-06:00]   Q4 YES: valid research file with FIX_APPROACH
[2026-04-27T20:27:16-06:00]   Q5 YES: failure_count=0 (cap: 3)
[2026-04-27T20:27:16-06:00] --- dex ---
[2026-04-27T20:27:16-06:00]   Q1 YES: state file exists
[2026-04-27T20:27:16-06:00]   Q2 YES: last_run=2026-04-27T20:24:50-0600 (137s ago)
[2026-04-27T20:27:16-06:00]   Q3 YES: advanced (was none/none → now W1/implement)
[2026-04-27T20:27:16-06:00]   Q4 YES: valid research file with FIX_APPROACH
[2026-04-27T20:27:16-06:00]   Q5 YES: failure_count=0 (cap: 3)
[2026-04-27T20:27:16-06:00] --- kai ---
[2026-04-27T20:27:16-06:00]   Q1 YES: state file exists
[2026-04-27T20:27:16-06:00]   Q2 YES: last_run=2026-04-27T20:24:50-0600 (137s ago)
[2026-04-27T20:27:16-06:00]   Q3 YES: advanced (was none/none → now W1/implement)
[2026-04-27T20:27:16-06:00]   Q4 YES: valid research file with FIX_APPROACH
[2026-04-27T20:27:16-06:00]   Q5 YES: failure_count=0 (cap: 3)
[2026-04-27T20:27:16-06:00] === Health check complete: 24 passed, 0 failed ===
[2026-04-27T20:27:16-06:00] ✓ All agents healthy
[2026-04-27T20:27:33-06:00] === Self-improve health check: 2026-04-27 ===
[2026-04-27T20:27:33-06:00] --- nel ---
[2026-04-27T20:27:33-06:00]   Q1 YES: state file exists
[2026-04-27T20:27:33-06:00]   Q2 YES: last_run=2026-04-27T20:24:50-0600 (154s ago)
[2026-04-27T20:27:33-06:00]   Q3 NO: stuck at W2/implement (same as yesterday)
[2026-04-27T20:27:33-06:00]   Q4 YES: valid research file with FIX_APPROACH
[2026-04-27T20:27:33-06:00]   Q5 YES: failure_count=0 (cap: 3)
[2026-04-27T20:27:33-06:00] --- sam ---
[2026-04-27T20:27:33-06:00]   Q1 YES: state file exists
[2026-04-27T20:27:33-06:00]   Q2 YES: last_run=2026-04-27T20:24:50-0600 (154s ago)
[2026-04-27T20:27:33-06:00]   Q3 NO: stuck at W1/implement (same as yesterday)
[2026-04-27T20:27:33-06:00]   Q4 YES: valid research file with FIX_APPROACH
[2026-04-27T20:27:33-06:00]   Q5 YES: failure_count=0 (cap: 3)
[2026-04-27T20:27:33-06:00] --- aether ---
[2026-04-27T20:27:33-06:00]   Q1 YES: state file exists
[2026-04-27T20:27:33-06:00]   Q2 YES: last_run=2026-04-27T20:26:13-0600 (75s ago)
[2026-04-27T20:27:33-06:00]   Q3 NO: stuck at W1/implement (same as yesterday)
[2026-04-27T20:27:33-06:00]   Q4 YES: valid research file with FIX_APPROACH
[2026-04-27T20:27:33-06:00]   Q5 YES: failure_count=0 (cap: 3)
[2026-04-27T20:27:33-06:00] --- ra ---
[2026-04-27T20:27:33-06:00]   Q1 YES: state file exists
[2026-04-27T20:27:33-06:00]   Q2 YES: last_run=2026-04-27T20:24:50-0600 (154s ago)
[2026-04-27T20:27:33-06:00]   Q3 NO: stuck at W1/implement (same as yesterday)
[2026-04-27T20:27:33-06:00]   Q4 YES: valid research file with FIX_APPROACH
[2026-04-27T20:27:33-06:00]   Q5 YES: failure_count=0 (cap: 3)
[2026-04-27T20:27:33-06:00] --- dex ---
[2026-04-27T20:27:33-06:00]   Q1 YES: state file exists
[2026-04-27T20:27:33-06:00]   Q2 YES: last_run=2026-04-27T20:24:50-0600 (154s ago)
[2026-04-27T20:27:33-06:00]   Q3 NO: stuck at W1/implement (same as yesterday)
[2026-04-27T20:27:33-06:00]   Q4 YES: valid research file with FIX_APPROACH
[2026-04-27T20:27:33-06:00]   Q5 YES: failure_count=0 (cap: 3)
[2026-04-27T20:27:33-06:00] --- kai ---
[2026-04-27T20:27:33-06:00]   Q1 YES: state file exists
[2026-04-27T20:27:33-06:00]   Q2 YES: last_run=2026-04-27T20:24:50-0600 (154s ago)
[2026-04-27T20:27:33-06:00]   Q3 NO: stuck at W1/implement (same as yesterday)
[2026-04-27T20:27:33-06:00]   Q4 YES: valid research file with FIX_APPROACH
[2026-04-27T20:27:33-06:00]   Q5 YES: failure_count=0 (cap: 3)
[2026-04-27T20:27:33-06:00] === Health check complete: 18 passed, 6 failed ===
[2026-04-27T20:27:33-06:00] ✗ 6 question(s) answered NO — alerts sent to hyo-inbox.jsonl
[2026-04-28T05:39:08-0600] === Self-improve health check: 2026-04-28 ===
[2026-04-28T05:39:08-0600] === Self-improve health check: 2026-04-28 ===
[2026-04-28T05:39:08-0600] --- GLOBAL: launchd ---
[2026-04-28T05:39:08-0600] --- GLOBAL: launchd ---
[2026-04-28T05:39:08-0600]   Q6 OK: kai-autonomous loaded in launchd
[2026-04-28T05:39:08-0600]   Q6 OK: kai-autonomous loaded in launchd
[2026-04-28T05:39:08-0600] --- nel ---
[2026-04-28T05:39:08-0600] --- nel ---
[2026-04-28T05:39:08-0600]   Q1 OK
[2026-04-28T05:39:08-0600]   Q1 OK
[2026-04-28T05:39:08-0600]   Q2 OK: last_run=2026-04-28T04:10:44-0600 (5302s ago)
[2026-04-28T05:39:08-0600]   Q2 OK: last_run=2026-04-28T04:10:44-0600 (5302s ago)
[2026-04-28T05:39:08-0600]   Q3 OK: held at W2/implement due to claude_auth_unavailable (1h/6h — within grace)
[2026-04-28T05:39:08-0600]   Q3 OK: held at W2/implement due to claude_auth_unavailable (1h/6h — within grace)
[2026-04-28T05:39:08-0600]   Q4 OK: valid FIX_APPROACH + VERIFICATION field present
[2026-04-28T05:39:08-0600]   Q4 OK: valid FIX_APPROACH + VERIFICATION field present
[2026-04-28T05:39:08-0600]   Q7 WARN: no daily-assess file for nel at /Users/kai/Documents/Projects/Hyo/agents/nel/ledger/daily-assess-2026-04-28.json — self-improve ran without 4AM grounding
[2026-04-28T05:39:08-0600]   Q7 WARN: no daily-assess file for nel at /Users/kai/Documents/Projects/Hyo/agents/nel/ledger/daily-assess-2026-04-28.json — self-improve ran without 4AM grounding
[2026-04-28T05:39:08-0600]   → Issue logged: q7-no-assess-nel-2026-04-28 (P1)
[2026-04-28T05:39:08-0600]   → Issue logged: q7-no-assess-nel-2026-04-28 (P1)
[0;32m[ticket][0m Created TASK-20260428-nel-001 (P1) → nel: Self-improve health: Q7 FAIL — nel
TASK-20260428-nel-001
[2026-04-28T05:39:08-0600]   Q5 OK: failure_count=0 (cap=3)
[2026-04-28T05:39:08-0600]   Q5 OK: failure_count=0 (cap=3)
[2026-04-28T05:39:08-0600] --- sam ---
[2026-04-28T05:39:08-0600] --- sam ---
[2026-04-28T05:39:08-0600]   Q1 OK
[2026-04-28T05:39:08-0600]   Q1 OK
[2026-04-28T05:39:08-0600]   Q2 OK: last_run=2026-04-28T05:30:12-0600 (526s ago)
[2026-04-28T05:39:08-0600]   Q2 OK: last_run=2026-04-28T05:30:12-0600 (526s ago)
[2026-04-28T05:39:08-0600]   Q3 FAIL: stuck at W1/implement for 2+ days (failure_count=0)
[2026-04-28T05:39:08-0600]   Q3 FAIL: stuck at W1/implement for 2+ days (failure_count=0)
[2026-04-28T05:39:08-0600]   → Issue logged: q3-sam-2026-04-28 (P1)
[2026-04-28T05:39:08-0600]   → Issue logged: q3-sam-2026-04-28 (P1)
[0;32m[ticket][0m Created TASK-20260428-sam-001 (P1) → sam: Self-improve health: Q3 FAIL — sam
TASK-20260428-sam-001
[2026-04-28T05:39:08-0600]   Q4 OK: valid FIX_APPROACH + VERIFICATION field present
[2026-04-28T05:39:08-0600]   Q4 OK: valid FIX_APPROACH + VERIFICATION field present
[2026-04-28T05:39:08-0600]   Q7 WARN: no daily-assess file for sam at /Users/kai/Documents/Projects/Hyo/agents/sam/ledger/daily-assess-2026-04-28.json — self-improve ran without 4AM grounding
[2026-04-28T05:39:08-0600]   Q7 WARN: no daily-assess file for sam at /Users/kai/Documents/Projects/Hyo/agents/sam/ledger/daily-assess-2026-04-28.json — self-improve ran without 4AM grounding
[2026-04-28T05:39:08-0600]   → Issue logged: q7-no-assess-sam-2026-04-28 (P1)
[2026-04-28T05:39:08-0600]   → Issue logged: q7-no-assess-sam-2026-04-28 (P1)
[0;32m[ticket][0m Created TASK-20260428-sam-001 (P1) → sam: Self-improve health: Q7 FAIL — sam
TASK-20260428-sam-001
[2026-04-28T05:39:08-0600]   Q5 OK: failure_count=0 (cap=3)
[2026-04-28T05:39:08-0600]   Q5 OK: failure_count=0 (cap=3)
[2026-04-28T05:39:08-0600] --- aether ---
[2026-04-28T05:39:08-0600] --- aether ---
[2026-04-28T05:39:08-0600]   Q1 OK
[2026-04-28T05:39:08-0600]   Q1 OK
[2026-04-28T05:39:08-0600]   Q2 OK: last_run=2026-04-28T05:37:58-0600 (66s ago)
[2026-04-28T05:39:08-0600]   Q2 OK: last_run=2026-04-28T05:37:58-0600 (66s ago)
[2026-04-28T05:39:08-0600]   Q3 OK: held at W1/implement due to claude_auth_unavailable (0h/6h — within grace)
[2026-04-28T05:39:08-0600]   Q3 OK: held at W1/implement due to claude_auth_unavailable (0h/6h — within grace)
[2026-04-28T05:39:08-0600]   Q4 OK: valid FIX_APPROACH + VERIFICATION field present
[2026-04-28T05:39:08-0600]   Q4 OK: valid FIX_APPROACH + VERIFICATION field present
[2026-04-28T05:39:08-0600]   Q7 WARN: no daily-assess file for aether at /Users/kai/Documents/Projects/Hyo/agents/aether/ledger/daily-assess-2026-04-28.json — self-improve ran without 4AM grounding
[2026-04-28T05:39:08-0600]   Q7 WARN: no daily-assess file for aether at /Users/kai/Documents/Projects/Hyo/agents/aether/ledger/daily-assess-2026-04-28.json — self-improve ran without 4AM grounding
[2026-04-28T05:39:08-0600]   → Issue logged: q7-no-assess-aether-2026-04-28 (P1)
[2026-04-28T05:39:08-0600]   → Issue logged: q7-no-assess-aether-2026-04-28 (P1)
[0;32m[ticket][0m Created TASK-20260428-aether-001 (P1) → aether: Self-improve health: Q7 FAIL — aether
TASK-20260428-aether-001
[2026-04-28T05:39:08-0600]   Q5 OK: failure_count=0 (cap=3)
[2026-04-28T05:39:08-0600]   Q5 OK: failure_count=0 (cap=3)
[2026-04-28T05:39:08-0600] --- ra ---
[2026-04-28T05:39:08-0600] --- ra ---
[2026-04-28T05:39:08-0600]   Q1 OK
[2026-04-28T05:39:08-0600]   Q1 OK
[2026-04-28T05:39:08-0600]   Q2 FAIL: last_run empty — state never written
[2026-04-28T05:39:08-0600]   Q2 FAIL: last_run empty — state never written
[2026-04-28T05:39:08-0600]   → Cannot re-trigger: /Users/kai/Documents/Projects/Hyo/bin/agent-self-improve.sh not found/not executable
[2026-04-28T05:39:08-0600]   → Cannot re-trigger: /Users/kai/Documents/Projects/Hyo/bin/agent-self-improve.sh not found/not executable
[2026-04-28T05:39:08-0600]   → Issue logged: q2-ra-2026-04-28 (P1)
[2026-04-28T05:39:08-0600]   → Issue logged: q2-ra-2026-04-28 (P1)
[0;32m[ticket][0m Created TASK-20260428-ra-001 (P1) → ra: Self-improve health: Q2 FAIL — ra
TASK-20260428-ra-001
[2026-04-28T05:39:08-0600]   Q3 OK: advanced from W1/implement → W1/research
[2026-04-28T05:39:08-0600]   Q3 OK: advanced from W1/implement → W1/research
[2026-04-28T05:39:08-0600]   Q4 OK (stage=research — research file will be written this cycle, absence expected)
[2026-04-28T05:39:08-0600]   Q4 OK (stage=research — research file will be written this cycle, absence expected)
[2026-04-28T05:39:08-0600]   Q7 WARN: no daily-assess file for ra at /Users/kai/Documents/Projects/Hyo/agents/ra/ledger/daily-assess-2026-04-28.json — self-improve ran without 4AM grounding
[2026-04-28T05:39:08-0600]   Q7 WARN: no daily-assess file for ra at /Users/kai/Documents/Projects/Hyo/agents/ra/ledger/daily-assess-2026-04-28.json — self-improve ran without 4AM grounding
[2026-04-28T05:39:08-0600]   → Issue logged: q7-no-assess-ra-2026-04-28 (P1)
[2026-04-28T05:39:08-0600]   → Issue logged: q7-no-assess-ra-2026-04-28 (P1)
[0;32m[ticket][0m Created TASK-20260428-ra-001 (P1) → ra: Self-improve health: Q7 FAIL — ra
TASK-20260428-ra-001
[2026-04-28T05:39:08-0600]   Q5 OK: failure_count=0 (cap=3)
[2026-04-28T05:39:08-0600]   Q5 OK: failure_count=0 (cap=3)
[2026-04-28T05:39:08-0600] --- dex ---
[2026-04-28T05:39:08-0600] --- dex ---
[2026-04-28T05:39:08-0600]   Q1 OK
[2026-04-28T05:39:08-0600]   Q1 OK
[2026-04-28T05:39:08-0600]   Q2 FAIL: last_run empty — state never written
[2026-04-28T05:39:08-0600]   Q2 FAIL: last_run empty — state never written
[2026-04-28T05:39:08-0600]   → Cannot re-trigger: /Users/kai/Documents/Projects/Hyo/bin/agent-self-improve.sh not found/not executable
[2026-04-28T05:39:08-0600]   → Cannot re-trigger: /Users/kai/Documents/Projects/Hyo/bin/agent-self-improve.sh not found/not executable
[2026-04-28T05:39:08-0600]   → Issue logged: q2-dex-2026-04-28 (P1)
[2026-04-28T05:39:08-0600]   → Issue logged: q2-dex-2026-04-28 (P1)
[0;32m[ticket][0m Created TASK-20260428-dex-001 (P1) → dex: Self-improve health: Q2 FAIL — dex
TASK-20260428-dex-001
[2026-04-28T05:39:08-0600]   Q3 OK: advanced from W1/implement → W1/research
[2026-04-28T05:39:08-0600]   Q3 OK: advanced from W1/implement → W1/research
[2026-04-28T05:39:08-0600]   Q4 OK (stage=research — research file will be written this cycle, absence expected)
[2026-04-28T05:39:08-0600]   Q4 OK (stage=research — research file will be written this cycle, absence expected)
[2026-04-28T05:39:08-0600]   Q7 WARN: no daily-assess file for dex at /Users/kai/Documents/Projects/Hyo/agents/dex/ledger/daily-assess-2026-04-28.json — self-improve ran without 4AM grounding
[2026-04-28T05:39:08-0600]   Q7 WARN: no daily-assess file for dex at /Users/kai/Documents/Projects/Hyo/agents/dex/ledger/daily-assess-2026-04-28.json — self-improve ran without 4AM grounding
[2026-04-28T05:39:08-0600]   → Issue logged: q7-no-assess-dex-2026-04-28 (P1)
[2026-04-28T05:39:08-0600]   → Issue logged: q7-no-assess-dex-2026-04-28 (P1)
[0;32m[ticket][0m Created TASK-20260428-dex-001 (P1) → dex: Self-improve health: Q7 FAIL — dex
TASK-20260428-dex-001
[2026-04-28T05:39:08-0600]   Q5 OK: failure_count=0 (cap=3)
[2026-04-28T05:39:08-0600]   Q5 OK: failure_count=0 (cap=3)
[2026-04-28T05:39:08-0600] --- kai ---
[2026-04-28T05:39:08-0600] --- kai ---
[2026-04-28T05:39:08-0600]   Q1 OK
[2026-04-28T05:39:08-0600]   Q1 OK
[2026-04-28T05:39:08-0600]   Q2 OK: last_run=2026-04-28T04:24:03-0600 (4499s ago)
[2026-04-28T05:39:08-0600]   Q2 OK: last_run=2026-04-28T04:24:03-0600 (4499s ago)
[2026-04-28T05:39:08-0600]   Q3 OK: advanced from W1/implement → W1/research
[2026-04-28T05:39:08-0600]   Q3 OK: advanced from W1/implement → W1/research
[2026-04-28T05:39:08-0600]   Q4 OK (stage=research — research file will be written this cycle, absence expected)
[2026-04-28T05:39:08-0600]   Q4 OK (stage=research — research file will be written this cycle, absence expected)
[2026-04-28T05:39:08-0600]   Q7 WARN: no daily-assess file for kai at /Users/kai/Documents/Projects/Hyo/agents/kai/ledger/daily-assess-2026-04-28.json — self-improve ran without 4AM grounding
[2026-04-28T05:39:08-0600]   Q7 WARN: no daily-assess file for kai at /Users/kai/Documents/Projects/Hyo/agents/kai/ledger/daily-assess-2026-04-28.json — self-improve ran without 4AM grounding
[2026-04-28T05:39:08-0600]   → Issue logged: q7-no-assess-kai-2026-04-28 (P1)
[2026-04-28T05:39:08-0600]   → Issue logged: q7-no-assess-kai-2026-04-28 (P1)
[0;32m[ticket][0m Created TASK-20260428-kai-001 (P1) → kai: Self-improve health: Q7 FAIL — kai
TASK-20260428-kai-001
[2026-04-28T05:39:08-0600]   Q5 OK: failure_count=1 (cap=3)
[2026-04-28T05:39:08-0600]   Q5 OK: failure_count=1 (cap=3)
[2026-04-28T05:39:08-0600] === Health check done: 22 passed | 9 unresolved | 0 auto-fixed ===
[2026-04-28T05:39:08-0600] === Health check done: 22 passed | 9 unresolved | 0 auto-fixed ===
[2026-04-28T05:39:08-0600] Summary written: /Users/kai/Documents/Projects/Hyo/kai/ledger/self-improve-health-2026-04-28.json
[2026-04-28T05:39:08-0600] Summary written: /Users/kai/Documents/Projects/Hyo/kai/ledger/self-improve-health-2026-04-28.json
[2026-04-29T05:41:19-0600] === Self-improve health check: 2026-04-29 ===
[2026-04-29T05:41:19-0600] === Self-improve health check: 2026-04-29 ===
[2026-04-29T05:41:19-0600] --- GLOBAL: launchd ---
[2026-04-29T05:41:19-0600] --- GLOBAL: launchd ---
[2026-04-29T05:41:19-0600]   Q6 OK: kai-autonomous loaded in launchd
[2026-04-29T05:41:19-0600]   Q6 OK: kai-autonomous loaded in launchd
[2026-04-29T05:41:19-0600] --- nel ---
[2026-04-29T05:41:19-0600] --- nel ---
[2026-04-29T05:41:19-0600]   Q1 OK
[2026-04-29T05:41:19-0600]   Q1 OK
[2026-04-29T05:41:19-0600]   Q2 OK: last_run=2026-04-29T04:10:46-0600 (5428s ago)
[2026-04-29T05:41:19-0600]   Q2 OK: last_run=2026-04-29T04:10:46-0600 (5428s ago)
[2026-04-29T05:41:19-0600]   Q3 OK: held at W2/implement due to claude_auth_unavailable (1h/6h — within grace)
[2026-04-29T05:41:19-0600]   Q3 OK: held at W2/implement due to claude_auth_unavailable (1h/6h — within grace)
[2026-04-29T05:41:19-0600]   Q4 OK: valid FIX_APPROACH + VERIFICATION field present
[2026-04-29T05:41:19-0600]   Q4 OK: valid FIX_APPROACH + VERIFICATION field present
[2026-04-29T05:41:19-0600]   Q7 WARN: no daily-assess file for nel at /Users/kai/Documents/Projects/Hyo/agents/nel/ledger/daily-assess-2026-04-29.json — self-improve ran without 4AM grounding
[2026-04-29T05:41:19-0600]   Q7 WARN: no daily-assess file for nel at /Users/kai/Documents/Projects/Hyo/agents/nel/ledger/daily-assess-2026-04-29.json — self-improve ran without 4AM grounding
[2026-04-29T05:41:19-0600]   → Issue logged: q7-no-assess-nel-2026-04-29 (P1)
[2026-04-29T05:41:19-0600]   → Issue logged: q7-no-assess-nel-2026-04-29 (P1)
[0;32m[ticket][0m Created TASK-20260429-nel-001 (P1) → nel: Self-improve health: Q7 FAIL — nel
TASK-20260429-nel-001
[2026-04-29T05:41:19-0600]   Q5 OK: failure_count=0 (cap=3)
[2026-04-29T05:41:19-0600]   Q5 OK: failure_count=0 (cap=3)
[2026-04-29T05:41:19-0600] --- sam ---
[2026-04-29T05:41:19-0600] --- sam ---
[2026-04-29T05:41:19-0600]   Q1 OK
[2026-04-29T05:41:19-0600]   Q1 OK
[2026-04-29T05:41:19-0600]   Q2 OK: last_run=2026-04-29T05:30:09-0600 (658s ago)
[2026-04-29T05:41:19-0600]   Q2 OK: last_run=2026-04-29T05:30:09-0600 (658s ago)
[2026-04-29T05:41:19-0600]   Q3 FAIL: stuck at W1/implement for 2+ days (failure_count=0)
[2026-04-29T05:41:19-0600]   Q3 FAIL: stuck at W1/implement for 2+ days (failure_count=0)
[2026-04-29T05:41:19-0600]   → Issue logged: q3-sam-2026-04-29 (P1)
[2026-04-29T05:41:19-0600]   → Issue logged: q3-sam-2026-04-29 (P1)
[0;32m[ticket][0m Created TASK-20260429-sam-001 (P1) → sam: Self-improve health: Q3 FAIL — sam
TASK-20260429-sam-001
[2026-04-29T05:41:19-0600]   Q4 OK: valid FIX_APPROACH + VERIFICATION field present
[2026-04-29T05:41:19-0600]   Q4 OK: valid FIX_APPROACH + VERIFICATION field present
[2026-04-29T05:41:19-0600]   Q7 WARN: no daily-assess file for sam at /Users/kai/Documents/Projects/Hyo/agents/sam/ledger/daily-assess-2026-04-29.json — self-improve ran without 4AM grounding
[2026-04-29T05:41:19-0600]   Q7 WARN: no daily-assess file for sam at /Users/kai/Documents/Projects/Hyo/agents/sam/ledger/daily-assess-2026-04-29.json — self-improve ran without 4AM grounding
[2026-04-29T05:41:19-0600]   → Issue logged: q7-no-assess-sam-2026-04-29 (P1)
[2026-04-29T05:41:19-0600]   → Issue logged: q7-no-assess-sam-2026-04-29 (P1)
[0;32m[ticket][0m Created TASK-20260429-sam-001 (P1) → sam: Self-improve health: Q7 FAIL — sam
TASK-20260429-sam-001
[2026-04-29T05:41:19-0600]   Q5 OK: failure_count=0 (cap=3)
[2026-04-29T05:41:19-0600]   Q5 OK: failure_count=0 (cap=3)
[2026-04-29T05:41:19-0600] --- aether ---
[2026-04-29T05:41:19-0600] --- aether ---
[2026-04-29T05:41:19-0600]   Q1 OK
[2026-04-29T05:41:19-0600]   Q1 OK
[2026-04-29T05:41:19-0600]   Q2 OK: last_run=2026-04-29T02:56:42-0600 (9870s ago)
[2026-04-29T05:41:19-0600]   Q2 OK: last_run=2026-04-29T02:56:42-0600 (9870s ago)
[2026-04-29T05:41:19-0600]   Q3 OK: held at W1/implement due to claude_auth_unavailable (2h/6h — within grace)
[2026-04-29T05:41:19-0600]   Q3 OK: held at W1/implement due to claude_auth_unavailable (2h/6h — within grace)
[2026-04-29T05:41:19-0600]   Q4 OK: valid FIX_APPROACH + VERIFICATION field present
[2026-04-29T05:41:19-0600]   Q4 OK: valid FIX_APPROACH + VERIFICATION field present
[2026-04-29T05:41:19-0600]   Q7 WARN: no daily-assess file for aether at /Users/kai/Documents/Projects/Hyo/agents/aether/ledger/daily-assess-2026-04-29.json — self-improve ran without 4AM grounding
[2026-04-29T05:41:19-0600]   Q7 WARN: no daily-assess file for aether at /Users/kai/Documents/Projects/Hyo/agents/aether/ledger/daily-assess-2026-04-29.json — self-improve ran without 4AM grounding
[2026-04-29T05:41:19-0600]   → Issue logged: q7-no-assess-aether-2026-04-29 (P1)
[2026-04-29T05:41:19-0600]   → Issue logged: q7-no-assess-aether-2026-04-29 (P1)
[0;32m[ticket][0m Created TASK-20260429-aether-001 (P1) → aether: Self-improve health: Q7 FAIL — aether
TASK-20260429-aether-001
[2026-04-29T05:41:19-0600]   Q5 OK: failure_count=0 (cap=3)
[2026-04-29T05:41:19-0600]   Q5 OK: failure_count=0 (cap=3)
[2026-04-29T05:41:19-0600] --- ra ---
[2026-04-29T05:41:19-0600] --- ra ---
[2026-04-29T05:41:19-0600]   Q1 OK
[2026-04-29T05:41:19-0600]   Q1 OK
[2026-04-29T05:41:19-0600]   Q2 OK: last_run=2026-04-29T02:56:12-0600 (9903s ago)
[2026-04-29T05:41:19-0600]   Q2 OK: last_run=2026-04-29T02:56:12-0600 (9903s ago)
[2026-04-29T05:41:19-0600]   Q3 FAIL: stuck at W1/research for 2+ days (failure_count=1)
[2026-04-29T05:41:19-0600]   Q3 FAIL: stuck at W1/research for 2+ days (failure_count=1)
[2026-04-29T05:41:19-0600]   → Issue logged: q3-ra-2026-04-29 (P1)
[2026-04-29T05:41:19-0600]   → Issue logged: q3-ra-2026-04-29 (P1)
[0;32m[ticket][0m Created TASK-20260429-ra-001 (P1) → ra: Self-improve health: Q3 FAIL — ra
TASK-20260429-ra-001
[2026-04-29T05:41:19-0600]   Q4 OK: valid FIX_APPROACH + VERIFICATION field present
[2026-04-29T05:41:19-0600]   Q4 OK: valid FIX_APPROACH + VERIFICATION field present
[2026-04-29T05:41:19-0600]   Q7 WARN: no daily-assess file for ra at /Users/kai/Documents/Projects/Hyo/agents/ra/ledger/daily-assess-2026-04-29.json — self-improve ran without 4AM grounding
[2026-04-29T05:41:19-0600]   Q7 WARN: no daily-assess file for ra at /Users/kai/Documents/Projects/Hyo/agents/ra/ledger/daily-assess-2026-04-29.json — self-improve ran without 4AM grounding
[2026-04-29T05:41:19-0600]   → Issue logged: q7-no-assess-ra-2026-04-29 (P1)
[2026-04-29T05:41:19-0600]   → Issue logged: q7-no-assess-ra-2026-04-29 (P1)
[0;32m[ticket][0m Created TASK-20260429-ra-001 (P1) → ra: Self-improve health: Q7 FAIL — ra
TASK-20260429-ra-001
[2026-04-29T05:41:19-0600]   Q5 OK: failure_count=1 (cap=3)
[2026-04-29T05:41:19-0600]   Q5 OK: failure_count=1 (cap=3)
[2026-04-29T05:41:19-0600] --- dex ---
[2026-04-29T05:41:19-0600] --- dex ---
[2026-04-29T05:41:19-0600]   Q1 OK
[2026-04-29T05:41:19-0600]   Q1 OK
[2026-04-29T05:41:19-0600]   Q2 FAIL: last_run empty — state never written
[2026-04-29T05:41:19-0600]   Q2 FAIL: last_run empty — state never written
[2026-04-29T05:41:19-0600]   → Cannot re-trigger: /Users/kai/Documents/Projects/Hyo/bin/agent-self-improve.sh not found/not executable
[2026-04-29T05:41:19-0600]   → Cannot re-trigger: /Users/kai/Documents/Projects/Hyo/bin/agent-self-improve.sh not found/not executable
[2026-04-29T05:41:19-0600]   → Issue logged: q2-dex-2026-04-29 (P1)
[2026-04-29T05:41:19-0600]   → Issue logged: q2-dex-2026-04-29 (P1)
[0;32m[ticket][0m Created TASK-20260429-dex-001 (P1) → dex: Self-improve health: Q2 FAIL — dex
TASK-20260429-dex-001
[2026-04-29T05:41:19-0600]   Q3 FAIL: stuck at W1/research for 2+ days (failure_count=0)
[2026-04-29T05:41:19-0600]   Q3 FAIL: stuck at W1/research for 2+ days (failure_count=0)
[2026-04-29T05:41:19-0600]   → Issue logged: q3-dex-2026-04-29 (P1)
[2026-04-29T05:41:19-0600]   → Issue logged: q3-dex-2026-04-29 (P1)
[0;32m[ticket][0m Created TASK-20260429-dex-001 (P1) → dex: Self-improve health: Q3 FAIL — dex
TASK-20260429-dex-001
[2026-04-29T05:41:19-0600]   Q4 OK (stage=research — research file will be written this cycle, absence expected)
[2026-04-29T05:41:19-0600]   Q4 OK (stage=research — research file will be written this cycle, absence expected)
[2026-04-29T05:41:19-0600]   Q7 WARN: no daily-assess file for dex at /Users/kai/Documents/Projects/Hyo/agents/dex/ledger/daily-assess-2026-04-29.json — self-improve ran without 4AM grounding
[2026-04-29T05:41:19-0600]   Q7 WARN: no daily-assess file for dex at /Users/kai/Documents/Projects/Hyo/agents/dex/ledger/daily-assess-2026-04-29.json — self-improve ran without 4AM grounding
[2026-04-29T05:41:19-0600]   → Issue logged: q7-no-assess-dex-2026-04-29 (P1)
[2026-04-29T05:41:19-0600]   → Issue logged: q7-no-assess-dex-2026-04-29 (P1)
[0;32m[ticket][0m Created TASK-20260429-dex-001 (P1) → dex: Self-improve health: Q7 FAIL — dex
TASK-20260429-dex-001
[2026-04-29T05:41:19-0600]   Q5 OK: failure_count=0 (cap=3)
[2026-04-29T05:41:19-0600]   Q5 OK: failure_count=0 (cap=3)
[2026-04-29T05:41:19-0600] --- kai ---
[2026-04-29T05:41:19-0600] --- kai ---
[2026-04-29T05:41:19-0600]   Q1 OK
[2026-04-29T05:41:19-0600]   Q1 OK
[2026-04-29T05:41:19-0600]   Q2 FAIL: last_run empty — state never written
[2026-04-29T05:41:19-0600]   Q2 FAIL: last_run empty — state never written
[2026-04-29T05:41:19-0600]   → Cannot re-trigger: /Users/kai/Documents/Projects/Hyo/bin/agent-self-improve.sh not found/not executable
[2026-04-29T05:41:19-0600]   → Cannot re-trigger: /Users/kai/Documents/Projects/Hyo/bin/agent-self-improve.sh not found/not executable
[2026-04-29T05:41:19-0600]   → Issue logged: q2-kai-2026-04-29 (P1)
[2026-04-29T05:41:19-0600]   → Issue logged: q2-kai-2026-04-29 (P1)
[0;32m[ticket][0m Created TASK-20260429-kai-001 (P1) → kai: Self-improve health: Q2 FAIL — kai
TASK-20260429-kai-001
[2026-04-29T05:41:19-0600]   Q3 FAIL: stuck at W1/research for 2+ days (failure_count=0)
[2026-04-29T05:41:19-0600]   Q3 FAIL: stuck at W1/research for 2+ days (failure_count=0)
[2026-04-29T05:41:19-0600]   → Issue logged: q3-kai-2026-04-29 (P1)
[2026-04-29T05:41:19-0600]   → Issue logged: q3-kai-2026-04-29 (P1)
[0;32m[ticket][0m Created TASK-20260429-kai-001 (P1) → kai: Self-improve health: Q3 FAIL — kai
TASK-20260429-kai-001
[2026-04-29T05:41:19-0600]   Q4 OK: valid FIX_APPROACH + VERIFICATION field present
[2026-04-29T05:41:19-0600]   Q4 OK: valid FIX_APPROACH + VERIFICATION field present
[2026-04-29T05:41:19-0600]   Q7 WARN: no daily-assess file for kai at /Users/kai/Documents/Projects/Hyo/agents/kai/ledger/daily-assess-2026-04-29.json — self-improve ran without 4AM grounding
[2026-04-29T05:41:19-0600]   Q7 WARN: no daily-assess file for kai at /Users/kai/Documents/Projects/Hyo/agents/kai/ledger/daily-assess-2026-04-29.json — self-improve ran without 4AM grounding
[2026-04-29T05:41:19-0600]   → Issue logged: q7-no-assess-kai-2026-04-29 (P1)
[2026-04-29T05:41:19-0600]   → Issue logged: q7-no-assess-kai-2026-04-29 (P1)
[0;32m[ticket][0m Created TASK-20260429-kai-001 (P1) → kai: Self-improve health: Q7 FAIL — kai
TASK-20260429-kai-001
[2026-04-29T05:41:19-0600]   Q5 OK: failure_count=0 (cap=3)
[2026-04-29T05:41:19-0600]   Q5 OK: failure_count=0 (cap=3)
[2026-04-29T05:41:19-0600] === Health check done: 19 passed | 12 unresolved | 0 auto-fixed ===
[2026-04-29T05:41:19-0600] === Health check done: 19 passed | 12 unresolved | 0 auto-fixed ===
[2026-04-29T05:41:19-0600] Summary written: /Users/kai/Documents/Projects/Hyo/kai/ledger/self-improve-health-2026-04-29.json
[2026-04-29T05:41:19-0600] Summary written: /Users/kai/Documents/Projects/Hyo/kai/ledger/self-improve-health-2026-04-29.json
[2026-05-05T05:36:11-0600] === Self-improve health check: 2026-05-05 ===
[2026-05-05T05:36:11-0600] === Self-improve health check: 2026-05-05 ===
[2026-05-05T05:36:11-0600] --- GLOBAL: launchd ---
[2026-05-05T05:36:11-0600] --- GLOBAL: launchd ---
[2026-05-05T05:36:11-0600]   Q6 OK: kai-autonomous loaded in launchd
[2026-05-05T05:36:11-0600]   Q6 OK: kai-autonomous loaded in launchd
[2026-05-05T05:36:11-0600] --- nel ---
[2026-05-05T05:36:11-0600] --- nel ---
[2026-05-05T05:36:11-0600]   Q1 OK
[2026-05-05T05:36:11-0600]   Q1 OK
[2026-05-05T05:36:11-0600]   Q2 FAIL: stale — last written 360876s ago (>28h)
[2026-05-05T05:36:11-0600]   Q2 FAIL: stale — last written 360876s ago (>28h)
[2026-05-05T05:36:11-0600]   → Cannot re-trigger: /Users/kai/Documents/Projects/Hyo/bin/agent-self-improve.sh not found/not executable
[2026-05-05T05:36:11-0600]   → Cannot re-trigger: /Users/kai/Documents/Projects/Hyo/bin/agent-self-improve.sh not found/not executable
[2026-05-05T05:36:11-0600]   → Issue logged: q2-nel-2026-05-05 (P1)
[2026-05-05T05:36:11-0600]   → Issue logged: q2-nel-2026-05-05 (P1)
[0;32m[ticket][0m Created TASK-20260505-nel-007 (P1) → nel: Self-improve health: Q2 FAIL — nel
TASK-20260505-nel-007
[2026-05-05T05:36:11-0600]   Q3 OK: advanced from W2/implement → W2/verify
[2026-05-05T05:36:11-0600]   Q3 OK: advanced from W2/implement → W2/verify
[2026-05-05T05:36:11-0600]   Q4 FAIL: stage=verify but no research file at /Users/kai/Documents/Projects/Hyo/agents/nel/research/improvements/W2-2026-05-05.md
[2026-05-05T05:36:11-0600]   Q4 FAIL: stage=verify but no research file at /Users/kai/Documents/Projects/Hyo/agents/nel/research/improvements/W2-2026-05-05.md
[2026-05-05T05:36:11-0600]   → Cannot re-trigger: /Users/kai/Documents/Projects/Hyo/bin/agent-self-improve.sh not found/not executable
[2026-05-05T05:36:11-0600]   → Cannot re-trigger: /Users/kai/Documents/Projects/Hyo/bin/agent-self-improve.sh not found/not executable
[2026-05-05T05:36:11-0600]   → Issue logged: q4-nel-2026-05-05 (P2)
[2026-05-05T05:36:11-0600]   → Issue logged: q4-nel-2026-05-05 (P2)
[0;32m[ticket][0m Created TASK-20260505-nel-008 (P2) → nel: Self-improve health: Q4 FAIL — nel
TASK-20260505-nel-008
[2026-05-05T05:36:11-0600]   Q7 WARN: no daily-assess file for nel at /Users/kai/Documents/Projects/Hyo/agents/nel/ledger/daily-assess-2026-05-05.json — self-improve ran without 4AM grounding
[2026-05-05T05:36:11-0600]   Q7 WARN: no daily-assess file for nel at /Users/kai/Documents/Projects/Hyo/agents/nel/ledger/daily-assess-2026-05-05.json — self-improve ran without 4AM grounding
[2026-05-05T05:36:11-0600]   → Issue logged: q7-no-assess-nel-2026-05-05 (P1)
[2026-05-05T05:36:11-0600]   → Issue logged: q7-no-assess-nel-2026-05-05 (P1)
[0;32m[ticket][0m Created TASK-20260505-nel-009 (P1) → nel: Self-improve health: Q7 FAIL — nel
TASK-20260505-nel-009
[2026-05-05T05:36:11-0600]   Q5 OK: failure_count=0 (cap=3)
[2026-05-05T05:36:11-0600]   Q5 OK: failure_count=0 (cap=3)
[2026-05-05T05:36:11-0600] --- sam ---
[2026-05-05T05:36:11-0600] --- sam ---
[2026-05-05T05:36:11-0600]   Q1 OK
[2026-05-05T05:36:11-0600]   Q1 OK
[2026-05-05T05:36:11-0600]   Q2 OK: last_run=2026-05-04T18:55:52-0600 (38413s ago)
[2026-05-05T05:36:11-0600]   Q2 OK: last_run=2026-05-04T18:55:52-0600 (38413s ago)
[2026-05-05T05:36:11-0600]   Q3 OK: advanced from W1/implement → W1/research
[2026-05-05T05:36:11-0600]   Q3 OK: advanced from W1/implement → W1/research
[2026-05-05T05:36:11-0600]   Q4 FAIL: research file invalid (auth garbage or no FIX_APPROACH)
[2026-05-05T05:36:11-0600]   Q4 FAIL: research file invalid (auth garbage or no FIX_APPROACH)
[2026-05-05T05:36:11-0600]   → Deleted invalid research file
[2026-05-05T05:36:11-0600]   → Deleted invalid research file
[2026-05-05T05:36:11-0600]   → Cannot re-trigger: /Users/kai/Documents/Projects/Hyo/bin/agent-self-improve.sh not found/not executable
[2026-05-05T05:36:11-0600]   → Cannot re-trigger: /Users/kai/Documents/Projects/Hyo/bin/agent-self-improve.sh not found/not executable
[2026-05-05T05:36:11-0600]   → Issue logged: q4-sam-2026-05-05 (P1)
[2026-05-05T05:36:11-0600]   → Issue logged: q4-sam-2026-05-05 (P1)
[0;32m[ticket][0m Created TASK-20260505-sam-008 (P1) → sam: Self-improve health: Q4 FAIL — sam
TASK-20260505-sam-008
[2026-05-05T05:36:11-0600]   Q7 WARN: no daily-assess file for sam at /Users/kai/Documents/Projects/Hyo/agents/sam/ledger/daily-assess-2026-05-05.json — self-improve ran without 4AM grounding
[2026-05-05T05:36:11-0600]   Q7 WARN: no daily-assess file for sam at /Users/kai/Documents/Projects/Hyo/agents/sam/ledger/daily-assess-2026-05-05.json — self-improve ran without 4AM grounding
[2026-05-05T05:36:11-0600]   → Issue logged: q7-no-assess-sam-2026-05-05 (P1)
[2026-05-05T05:36:11-0600]   → Issue logged: q7-no-assess-sam-2026-05-05 (P1)
[0;32m[ticket][0m Created TASK-20260505-sam-009 (P1) → sam: Self-improve health: Q7 FAIL — sam
TASK-20260505-sam-009
[2026-05-05T05:36:11-0600]   Q5 OK: failure_count=1 (cap=3)
[2026-05-05T05:36:11-0600]   Q5 OK: failure_count=1 (cap=3)
[2026-05-05T05:36:11-0600] --- aether ---
[2026-05-05T05:36:11-0600] --- aether ---
[2026-05-05T05:36:11-0600]   Q1 OK
[2026-05-05T05:36:11-0600]   Q1 OK
[2026-05-05T05:36:11-0600]   Q2 FAIL: stale — last written 371894s ago (>28h)
[2026-05-05T05:36:11-0600]   Q2 FAIL: stale — last written 371894s ago (>28h)
[2026-05-05T05:36:11-0600]   → Cannot re-trigger: /Users/kai/Documents/Projects/Hyo/bin/agent-self-improve.sh not found/not executable
[2026-05-05T05:36:11-0600]   → Cannot re-trigger: /Users/kai/Documents/Projects/Hyo/bin/agent-self-improve.sh not found/not executable
[2026-05-05T05:36:11-0600]   → Issue logged: q2-aether-2026-05-05 (P1)
[2026-05-05T05:36:11-0600]   → Issue logged: q2-aether-2026-05-05 (P1)
[0;32m[ticket][0m Created TASK-20260505-aether-003 (P1) → aether: Self-improve health: Q2 FAIL — aether
TASK-20260505-aether-003
[2026-05-05T05:36:11-0600]   Q3 OK: advanced from W1/implement → W1/verify
[2026-05-05T05:36:11-0600]   Q3 OK: advanced from W1/implement → W1/verify
[2026-05-05T05:36:11-0600]   Q4 FAIL: stage=verify but no research file at /Users/kai/Documents/Projects/Hyo/agents/aether/research/improvements/W1-2026-05-05.md
[2026-05-05T05:36:11-0600]   Q4 FAIL: stage=verify but no research file at /Users/kai/Documents/Projects/Hyo/agents/aether/research/improvements/W1-2026-05-05.md
[2026-05-05T05:36:11-0600]   → Cannot re-trigger: /Users/kai/Documents/Projects/Hyo/bin/agent-self-improve.sh not found/not executable
[2026-05-05T05:36:11-0600]   → Cannot re-trigger: /Users/kai/Documents/Projects/Hyo/bin/agent-self-improve.sh not found/not executable
[2026-05-05T05:36:11-0600]   → Issue logged: q4-aether-2026-05-05 (P2)
[2026-05-05T05:36:11-0600]   → Issue logged: q4-aether-2026-05-05 (P2)
[0;32m[ticket][0m Created TASK-20260505-aether-004 (P2) → aether: Self-improve health: Q4 FAIL — aether
TASK-20260505-aether-004
[2026-05-05T05:36:11-0600]   Q7 WARN: no daily-assess file for aether at /Users/kai/Documents/Projects/Hyo/agents/aether/ledger/daily-assess-2026-05-05.json — self-improve ran without 4AM grounding
[2026-05-05T05:36:11-0600]   Q7 WARN: no daily-assess file for aether at /Users/kai/Documents/Projects/Hyo/agents/aether/ledger/daily-assess-2026-05-05.json — self-improve ran without 4AM grounding
[2026-05-05T05:36:11-0600]   → Issue logged: q7-no-assess-aether-2026-05-05 (P1)
[2026-05-05T05:36:11-0600]   → Issue logged: q7-no-assess-aether-2026-05-05 (P1)
[0;32m[ticket][0m Created TASK-20260505-aether-005 (P1) → aether: Self-improve health: Q7 FAIL — aether
TASK-20260505-aether-005
[2026-05-05T05:36:11-0600]   Q5 OK: failure_count=0 (cap=3)
[2026-05-05T05:36:11-0600]   Q5 OK: failure_count=0 (cap=3)
[2026-05-05T05:36:11-0600] --- ra ---
[2026-05-05T05:36:11-0600] --- ra ---
[2026-05-05T05:36:11-0600]   Q1 OK
[2026-05-05T05:36:11-0600]   Q1 OK
[2026-05-05T05:36:11-0600]   Q2 FAIL: last_run empty — state never written
[2026-05-05T05:36:11-0600]   Q2 FAIL: last_run empty — state never written
[2026-05-05T05:36:11-0600]   → Cannot re-trigger: /Users/kai/Documents/Projects/Hyo/bin/agent-self-improve.sh not found/not executable
[2026-05-05T05:36:11-0600]   → Cannot re-trigger: /Users/kai/Documents/Projects/Hyo/bin/agent-self-improve.sh not found/not executable
[2026-05-05T05:36:11-0600]   → Issue logged: q2-ra-2026-05-05 (P1)
[2026-05-05T05:36:11-0600]   → Issue logged: q2-ra-2026-05-05 (P1)
[0;32m[ticket][0m Created TASK-20260505-ra-004 (P1) → ra: Self-improve health: Q2 FAIL — ra
TASK-20260505-ra-004
[2026-05-05T05:36:11-0600]   Q3 FAIL: stuck at W1/research for 2+ days (failure_count=0)
[2026-05-05T05:36:11-0600]   Q3 FAIL: stuck at W1/research for 2+ days (failure_count=0)
[2026-05-05T05:36:11-0600]   → Issue logged: q3-ra-2026-05-05 (P1)
[2026-05-05T05:36:11-0600]   → Issue logged: q3-ra-2026-05-05 (P1)
[0;32m[ticket][0m Created TASK-20260505-ra-005 (P1) → ra: Self-improve health: Q3 FAIL — ra
TASK-20260505-ra-005
[2026-05-05T05:36:11-0600]   Q4 FAIL: research file invalid (auth garbage or no FIX_APPROACH)
[2026-05-05T05:36:11-0600]   Q4 FAIL: research file invalid (auth garbage or no FIX_APPROACH)
[2026-05-05T05:36:11-0600]   → Deleted invalid research file
[2026-05-05T05:36:11-0600]   → Deleted invalid research file
[2026-05-05T05:36:11-0600]   → Cannot re-trigger: /Users/kai/Documents/Projects/Hyo/bin/agent-self-improve.sh not found/not executable
[2026-05-05T05:36:11-0600]   → Cannot re-trigger: /Users/kai/Documents/Projects/Hyo/bin/agent-self-improve.sh not found/not executable
[2026-05-05T05:36:11-0600]   → Issue logged: q4-ra-2026-05-05 (P1)
[2026-05-05T05:36:11-0600]   → Issue logged: q4-ra-2026-05-05 (P1)
[0;32m[ticket][0m Created TASK-20260505-ra-006 (P1) → ra: Self-improve health: Q4 FAIL — ra
TASK-20260505-ra-006
[2026-05-05T05:36:11-0600]   Q7 WARN: no daily-assess file for ra at /Users/kai/Documents/Projects/Hyo/agents/ra/ledger/daily-assess-2026-05-05.json — self-improve ran without 4AM grounding
[2026-05-05T05:36:11-0600]   Q7 WARN: no daily-assess file for ra at /Users/kai/Documents/Projects/Hyo/agents/ra/ledger/daily-assess-2026-05-05.json — self-improve ran without 4AM grounding
[2026-05-05T05:36:11-0600]   → Issue logged: q7-no-assess-ra-2026-05-05 (P1)
[2026-05-05T05:36:11-0600]   → Issue logged: q7-no-assess-ra-2026-05-05 (P1)
[0;32m[ticket][0m Created TASK-20260505-ra-007 (P1) → ra: Self-improve health: Q7 FAIL — ra
TASK-20260505-ra-007
[2026-05-05T05:36:11-0600]   Q5 OK: failure_count=0 (cap=3)
[2026-05-05T05:36:11-0600]   Q5 OK: failure_count=0 (cap=3)
[2026-05-05T05:36:11-0600] --- dex ---
[2026-05-05T05:36:11-0600] --- dex ---
[2026-05-05T05:36:11-0600]   Q1 OK
[2026-05-05T05:36:11-0600]   Q1 OK
[2026-05-05T05:36:11-0600]   Q2 FAIL: last_run empty — state never written
[2026-05-05T05:36:11-0600]   Q2 FAIL: last_run empty — state never written
[2026-05-05T05:36:11-0600]   → Cannot re-trigger: /Users/kai/Documents/Projects/Hyo/bin/agent-self-improve.sh not found/not executable
[2026-05-05T05:36:11-0600]   → Cannot re-trigger: /Users/kai/Documents/Projects/Hyo/bin/agent-self-improve.sh not found/not executable
[2026-05-05T05:36:11-0600]   → Issue logged: q2-dex-2026-05-05 (P1)
[2026-05-05T05:36:11-0600]   → Issue logged: q2-dex-2026-05-05 (P1)
[0;32m[ticket][0m Created TASK-20260505-dex-003 (P1) → dex: Self-improve health: Q2 FAIL — dex
TASK-20260505-dex-003
[2026-05-05T05:36:11-0600]   Q3 FAIL: stuck at W1/research for 2+ days (failure_count=0)
[2026-05-05T05:36:11-0600]   Q3 FAIL: stuck at W1/research for 2+ days (failure_count=0)
[2026-05-05T05:36:11-0600]   → Issue logged: q3-dex-2026-05-05 (P1)
[2026-05-05T05:36:11-0600]   → Issue logged: q3-dex-2026-05-05 (P1)
[0;32m[ticket][0m Created TASK-20260505-dex-004 (P1) → dex: Self-improve health: Q3 FAIL — dex
TASK-20260505-dex-004
[2026-05-05T05:36:11-0600]   Q4 OK (stage=research — research file will be written this cycle, absence expected)
[2026-05-05T05:36:11-0600]   Q4 OK (stage=research — research file will be written this cycle, absence expected)
[2026-05-05T05:36:11-0600]   Q7 WARN: no daily-assess file for dex at /Users/kai/Documents/Projects/Hyo/agents/dex/ledger/daily-assess-2026-05-05.json — self-improve ran without 4AM grounding
[2026-05-05T05:36:11-0600]   Q7 WARN: no daily-assess file for dex at /Users/kai/Documents/Projects/Hyo/agents/dex/ledger/daily-assess-2026-05-05.json — self-improve ran without 4AM grounding
[2026-05-05T05:36:11-0600]   → Issue logged: q7-no-assess-dex-2026-05-05 (P1)
[2026-05-05T05:36:11-0600]   → Issue logged: q7-no-assess-dex-2026-05-05 (P1)
[0;32m[ticket][0m Created TASK-20260505-dex-005 (P1) → dex: Self-improve health: Q7 FAIL — dex
TASK-20260505-dex-005
[2026-05-05T05:36:11-0600]   Q5 OK: failure_count=0 (cap=3)
[2026-05-05T05:36:11-0600]   Q5 OK: failure_count=0 (cap=3)
[2026-05-05T05:36:11-0600] --- kai ---
[2026-05-05T05:36:11-0600] --- kai ---
[2026-05-05T05:36:11-0600]   Q1 OK
[2026-05-05T05:36:11-0600]   Q1 OK
[2026-05-05T05:36:11-0600]   Q2 FAIL: stale — last written 382459s ago (>28h)
[2026-05-05T05:36:11-0600]   Q2 FAIL: stale — last written 382459s ago (>28h)
[2026-05-05T05:36:11-0600]   → Cannot re-trigger: /Users/kai/Documents/Projects/Hyo/bin/agent-self-improve.sh not found/not executable
[2026-05-05T05:36:11-0600]   → Cannot re-trigger: /Users/kai/Documents/Projects/Hyo/bin/agent-self-improve.sh not found/not executable
[2026-05-05T05:36:11-0600]   → Issue logged: q2-kai-2026-05-05 (P1)
[2026-05-05T05:36:11-0600]   → Issue logged: q2-kai-2026-05-05 (P1)
[0;32m[ticket][0m Created TASK-20260505-kai-018 (P1) → kai: Self-improve health: Q2 FAIL — kai
TASK-20260505-kai-018
[2026-05-05T05:36:11-0600]   Q3 FAIL: stuck at W1/research for 2+ days (failure_count=1)
[2026-05-05T05:36:11-0600]   Q3 FAIL: stuck at W1/research for 2+ days (failure_count=1)
[2026-05-05T05:36:11-0600]   → Issue logged: q3-kai-2026-05-05 (P1)
[2026-05-05T05:36:11-0600]   → Issue logged: q3-kai-2026-05-05 (P1)
[0;32m[ticket][0m Created TASK-20260505-kai-019 (P1) → kai: Self-improve health: Q3 FAIL — kai
TASK-20260505-kai-019
[2026-05-05T05:36:11-0600]   Q4 FAIL: research file invalid (auth garbage or no FIX_APPROACH)
[2026-05-05T05:36:11-0600]   Q4 FAIL: research file invalid (auth garbage or no FIX_APPROACH)
[2026-05-05T05:36:11-0600]   → Deleted invalid research file
[2026-05-05T05:36:11-0600]   → Deleted invalid research file
[2026-05-05T05:36:11-0600]   → Cannot re-trigger: /Users/kai/Documents/Projects/Hyo/bin/agent-self-improve.sh not found/not executable
[2026-05-05T05:36:11-0600]   → Cannot re-trigger: /Users/kai/Documents/Projects/Hyo/bin/agent-self-improve.sh not found/not executable
[2026-05-05T05:36:11-0600]   → Issue logged: q4-kai-2026-05-05 (P1)
[2026-05-05T05:36:11-0600]   → Issue logged: q4-kai-2026-05-05 (P1)
[0;32m[ticket][0m Created TASK-20260505-kai-020 (P1) → kai: Self-improve health: Q4 FAIL — kai
TASK-20260505-kai-020
[2026-05-05T05:36:11-0600]   Q7 WARN: no daily-assess file for kai at /Users/kai/Documents/Projects/Hyo/agents/kai/ledger/daily-assess-2026-05-05.json — self-improve ran without 4AM grounding
[2026-05-05T05:36:11-0600]   Q7 WARN: no daily-assess file for kai at /Users/kai/Documents/Projects/Hyo/agents/kai/ledger/daily-assess-2026-05-05.json — self-improve ran without 4AM grounding
[2026-05-05T05:36:11-0600]   → Issue logged: q7-no-assess-kai-2026-05-05 (P1)
[2026-05-05T05:36:11-0600]   → Issue logged: q7-no-assess-kai-2026-05-05 (P1)
[0;32m[ticket][0m Created TASK-20260505-kai-021 (P1) → kai: Self-improve health: Q7 FAIL — kai
TASK-20260505-kai-021
[2026-05-05T05:36:11-0600]   Q5 OK: failure_count=1 (cap=3)
[2026-05-05T05:36:11-0600]   Q5 OK: failure_count=1 (cap=3)
[2026-05-05T05:36:11-0600] === Health check done: 12 passed | 19 unresolved | 0 auto-fixed ===
[2026-05-05T05:36:11-0600] === Health check done: 12 passed | 19 unresolved | 0 auto-fixed ===
[2026-05-05T05:36:11-0600] Summary written: /Users/kai/Documents/Projects/Hyo/kai/ledger/self-improve-health-2026-05-05.json
[2026-05-05T05:36:11-0600] Summary written: /Users/kai/Documents/Projects/Hyo/kai/ledger/self-improve-health-2026-05-05.json
[2026-05-06T07:04:41-0600] === Self-improve health check: 2026-05-06 ===
[2026-05-06T07:04:41-0600] --- GLOBAL: launchd ---
[2026-05-06T07:04:41-0600]   Q6 OK: kai-autonomous loaded in launchd
[2026-05-06T07:04:41-0600] --- nel ---
[2026-05-06T07:04:41-0600]   Q1 OK
[2026-05-06T07:04:41-0600]   Q2 FAIL: stale — last written 452586s ago (>28h)
[2026-05-06T07:04:41-0600]   → Cannot re-trigger: /Users/kai/Documents/Projects/Hyo/bin/agent-self-improve.sh not found/not executable
[2026-05-06T07:04:41-0600]   → Issue logged: q2-nel-2026-05-06 (P1)
[2026-05-06T07:04:41-0600]   Q3 FAIL: stuck at W2/verify for 2+ days (failure_count=0)
[2026-05-06T07:04:41-0600]   → Issue logged: q3-nel-2026-05-06 (P1)
[2026-05-06T07:04:41-0600]   Q4 FAIL: stage=verify but no research file at /Users/kai/Documents/Projects/Hyo/agents/nel/research/improvements/W2-2026-05-06.md
[2026-05-06T07:04:41-0600]   → Cannot re-trigger: /Users/kai/Documents/Projects/Hyo/bin/agent-self-improve.sh not found/not executable
[2026-05-06T07:04:41-0600]   → Issue logged: q4-nel-2026-05-06 (P2)
[2026-05-06T07:04:41-0600]   Q7 WARN: no daily-assess file for nel at /Users/kai/Documents/Projects/Hyo/agents/nel/ledger/daily-assess-2026-05-06.json — self-improve ran without 4AM grounding
[2026-05-06T07:04:41-0600]   → Issue logged: q7-no-assess-nel-2026-05-06 (P1)
[2026-05-06T07:04:41-0600]   Q5 OK: failure_count=0 (cap=3)
[2026-05-06T07:04:41-0600] --- sam ---
[2026-05-06T07:04:41-0600]   Q1 OK
[2026-05-06T07:04:41-0600]   Q2 FAIL: stale — last written 130123s ago (>28h)
[2026-05-06T07:04:41-0600]   → Cannot re-trigger: /Users/kai/Documents/Projects/Hyo/bin/agent-self-improve.sh not found/not executable
[2026-05-06T07:04:41-0600]   → Issue logged: q2-sam-2026-05-06 (P1)
[2026-05-06T07:04:41-0600]   Q3 FAIL: stuck at W1/research for 2+ days (failure_count=1)
[2026-05-06T07:04:41-0600]   → Issue logged: q3-sam-2026-05-06 (P1)
[2026-05-06T07:04:41-0600]   Q4 OK (stage=research — research file will be written this cycle, absence expected)
[2026-05-06T07:04:41-0600]   Q7 WARN: no daily-assess file for sam at /Users/kai/Documents/Projects/Hyo/agents/sam/ledger/daily-assess-2026-05-06.json — self-improve ran without 4AM grounding
[2026-05-06T07:04:41-0600]   → Issue logged: q7-no-assess-sam-2026-05-06 (P1)
[2026-05-06T07:04:41-0600]   Q5 OK: failure_count=1 (cap=3)
[2026-05-06T07:04:41-0600] --- aether ---
[2026-05-06T07:04:41-0600]   Q1 OK
[2026-05-06T07:04:41-0600]   Q2 FAIL: stale — last written 463604s ago (>28h)
[2026-05-06T07:04:41-0600]   → Cannot re-trigger: /Users/kai/Documents/Projects/Hyo/bin/agent-self-improve.sh not found/not executable
[2026-05-06T07:04:41-0600]   → Issue logged: q2-aether-2026-05-06 (P1)
[2026-05-06T07:04:41-0600]   Q3 FAIL: stuck at W1/verify for 2+ days (failure_count=0)
[2026-05-06T07:04:41-0600]   → Issue logged: q3-aether-2026-05-06 (P1)
[2026-05-06T07:04:41-0600]   Q4 FAIL: stage=verify but no research file at /Users/kai/Documents/Projects/Hyo/agents/aether/research/improvements/W1-2026-05-06.md
[2026-05-06T07:04:41-0600]   → Cannot re-trigger: /Users/kai/Documents/Projects/Hyo/bin/agent-self-improve.sh not found/not executable
[2026-05-06T07:04:41-0600]   → Issue logged: q4-aether-2026-05-06 (P2)
[2026-05-06T07:04:41-0600]   Q7 WARN: no daily-assess file for aether at /Users/kai/Documents/Projects/Hyo/agents/aether/ledger/daily-assess-2026-05-06.json — self-improve ran without 4AM grounding
[2026-05-06T07:04:41-0600]   → Issue logged: q7-no-assess-aether-2026-05-06 (P1)
[2026-05-06T07:04:41-0600]   Q5 OK: failure_count=0 (cap=3)
[2026-05-06T07:04:41-0600] --- ra ---
[2026-05-06T07:04:41-0600]   Q1 OK
[2026-05-06T07:04:41-0600]   Q2 FAIL: last_run empty — state never written
[2026-05-06T07:04:41-0600]   → Cannot re-trigger: /Users/kai/Documents/Projects/Hyo/bin/agent-self-improve.sh not found/not executable
[2026-05-06T07:04:41-0600]   → Issue logged: q2-ra-2026-05-06 (P1)
[2026-05-06T07:04:41-0600]   Q3 FAIL: stuck at W1/research for 2+ days (failure_count=0)
[2026-05-06T07:04:41-0600]   → Issue logged: q3-ra-2026-05-06 (P1)
[2026-05-06T07:04:41-0600]   Q4 OK (stage=research — research file will be written this cycle, absence expected)
[2026-05-06T07:04:41-0600]   Q7 WARN: no daily-assess file for ra at /Users/kai/Documents/Projects/Hyo/agents/ra/ledger/daily-assess-2026-05-06.json — self-improve ran without 4AM grounding
[2026-05-06T07:04:41-0600]   → Issue logged: q7-no-assess-ra-2026-05-06 (P1)
[2026-05-06T07:04:41-0600]   Q5 OK: failure_count=0 (cap=3)
[2026-05-06T07:04:41-0600] --- dex ---
[2026-05-06T07:04:41-0600]   Q1 OK
[2026-05-06T07:04:41-0600]   Q2 FAIL: last_run empty — state never written
[2026-05-06T07:04:41-0600]   → Cannot re-trigger: /Users/kai/Documents/Projects/Hyo/bin/agent-self-improve.sh not found/not executable
[2026-05-06T07:04:41-0600]   → Issue logged: q2-dex-2026-05-06 (P1)
[2026-05-06T07:04:41-0600]   Q3 FAIL: stuck at W1/research for 2+ days (failure_count=0)
[2026-05-06T07:04:41-0600]   → Issue logged: q3-dex-2026-05-06 (P1)
[2026-05-06T07:04:41-0600]   Q4 OK (stage=research — research file will be written this cycle, absence expected)
[2026-05-06T07:04:41-0600]   Q7 WARN: no daily-assess file for dex at /Users/kai/Documents/Projects/Hyo/agents/dex/ledger/daily-assess-2026-05-06.json — self-improve ran without 4AM grounding
[2026-05-06T07:04:41-0600]   → Issue logged: q7-no-assess-dex-2026-05-06 (P1)
[2026-05-06T07:04:41-0600]   Q5 OK: failure_count=0 (cap=3)
[2026-05-06T07:04:41-0600] --- kai ---
[2026-05-06T07:04:41-0600]   Q1 OK
[2026-05-06T07:04:41-0600]   Q2 FAIL: stale — last written 474169s ago (>28h)
[2026-05-06T07:04:41-0600]   → Cannot re-trigger: /Users/kai/Documents/Projects/Hyo/bin/agent-self-improve.sh not found/not executable
[2026-05-06T07:04:41-0600]   → Issue logged: q2-kai-2026-05-06 (P1)
[2026-05-06T07:04:41-0600]   Q3 FAIL: stuck at W1/research for 2+ days (failure_count=1)
[2026-05-06T07:04:41-0600]   → Issue logged: q3-kai-2026-05-06 (P1)
[2026-05-06T07:04:41-0600]   Q4 OK (stage=research — research file will be written this cycle, absence expected)
[2026-05-06T07:04:41-0600]   Q7 WARN: no daily-assess file for kai at /Users/kai/Documents/Projects/Hyo/agents/kai/ledger/daily-assess-2026-05-06.json — self-improve ran without 4AM grounding
[2026-05-06T07:04:41-0600]   → Issue logged: q7-no-assess-kai-2026-05-06 (P1)
[2026-05-06T07:04:41-0600]   Q5 OK: failure_count=1 (cap=3)
[2026-05-06T07:04:41-0600] === Health check done: 11 passed | 20 unresolved | 0 auto-fixed ===
[2026-05-06T07:04:41-0600] Summary written: /Users/kai/Documents/Projects/Hyo/kai/ledger/self-improve-health-2026-05-06.json
[2026-05-07T07:00:45-0600] === Self-improve health check: 2026-05-07 ===
[2026-05-07T07:00:45-0600] --- GLOBAL: launchd ---
[2026-05-07T07:00:45-0600]   Q6 OK: kai-autonomous loaded in launchd
[2026-05-07T07:00:45-0600] --- nel ---
[2026-05-07T07:00:45-0600]   Q1 OK
[2026-05-07T07:00:45-0600]   Q2 FAIL: stale — last written 538750s ago (>28h)
[2026-05-07T07:00:45-0600]   → Cannot re-trigger: /Users/kai/Documents/Projects/Hyo/bin/agent-self-improve.sh not found/not executable
[2026-05-07T07:00:45-0600]   → Issue logged: q2-nel-2026-05-07 (P1)
[2026-05-07T07:00:45-0600]   Q3 FAIL: stuck at W2/verify for 2+ days (failure_count=0)
[2026-05-07T07:00:45-0600]   → Issue logged: q3-nel-2026-05-07 (P1)
[2026-05-07T07:00:45-0600]   Q4 FAIL: stage=verify but no research file at /Users/kai/Documents/Projects/Hyo/agents/nel/research/improvements/W2-2026-05-07.md
[2026-05-07T07:00:45-0600]   → Cannot re-trigger: /Users/kai/Documents/Projects/Hyo/bin/agent-self-improve.sh not found/not executable
[2026-05-07T07:00:45-0600]   → Issue logged: q4-nel-2026-05-07 (P2)
[2026-05-07T07:00:45-0600]   Q7 WARN: no daily-assess file for nel at /Users/kai/Documents/Projects/Hyo/agents/nel/ledger/daily-assess-2026-05-07.json — self-improve ran without 4AM grounding
[2026-05-07T07:00:45-0600]   → Issue logged: q7-no-assess-nel-2026-05-07 (P1)
[2026-05-07T07:00:45-0600]   Q5 OK: failure_count=0 (cap=3)
[2026-05-07T07:00:45-0600] --- sam ---
[2026-05-07T07:00:45-0600]   Q1 OK
[2026-05-07T07:00:45-0600]   Q2 FAIL: stale — last written 216287s ago (>28h)
[2026-05-07T07:00:45-0600]   → Cannot re-trigger: /Users/kai/Documents/Projects/Hyo/bin/agent-self-improve.sh not found/not executable
[2026-05-07T07:00:45-0600]   → Issue logged: q2-sam-2026-05-07 (P1)
[2026-05-07T07:00:45-0600]   Q3 FAIL: stuck at W1/research for 2+ days (failure_count=1)
[2026-05-07T07:00:45-0600]   → Issue logged: q3-sam-2026-05-07 (P1)
[2026-05-07T07:00:45-0600]   Q4 OK (stage=research — research file will be written this cycle, absence expected)
[2026-05-07T07:00:45-0600]   Q7 WARN: no daily-assess file for sam at /Users/kai/Documents/Projects/Hyo/agents/sam/ledger/daily-assess-2026-05-07.json — self-improve ran without 4AM grounding
[2026-05-07T07:00:45-0600]   → Issue logged: q7-no-assess-sam-2026-05-07 (P1)
[2026-05-07T07:00:45-0600]   Q5 OK: failure_count=1 (cap=3)
[2026-05-07T07:00:45-0600] --- aether ---
[2026-05-07T07:00:45-0600]   Q1 OK
[2026-05-07T07:00:45-0600]   Q2 FAIL: stale — last written 549768s ago (>28h)
[2026-05-07T07:00:45-0600]   → Cannot re-trigger: /Users/kai/Documents/Projects/Hyo/bin/agent-self-improve.sh not found/not executable
[2026-05-07T07:00:45-0600]   → Issue logged: q2-aether-2026-05-07 (P1)
[2026-05-07T07:00:45-0600]   Q3 FAIL: stuck at W1/verify for 2+ days (failure_count=0)
[2026-05-07T07:00:45-0600]   → Issue logged: q3-aether-2026-05-07 (P1)
[2026-05-07T07:00:45-0600]   Q4 FAIL: stage=verify but no research file at /Users/kai/Documents/Projects/Hyo/agents/aether/research/improvements/W1-2026-05-07.md
[2026-05-07T07:00:45-0600]   → Cannot re-trigger: /Users/kai/Documents/Projects/Hyo/bin/agent-self-improve.sh not found/not executable
[2026-05-07T07:00:45-0600]   → Issue logged: q4-aether-2026-05-07 (P2)
[2026-05-07T07:00:45-0600]   Q7 WARN: no daily-assess file for aether at /Users/kai/Documents/Projects/Hyo/agents/aether/ledger/daily-assess-2026-05-07.json — self-improve ran without 4AM grounding
[2026-05-07T07:00:45-0600]   → Issue logged: q7-no-assess-aether-2026-05-07 (P1)
[2026-05-07T07:00:45-0600]   Q5 OK: failure_count=0 (cap=3)
[2026-05-07T07:00:45-0600] --- ra ---
[2026-05-07T07:00:45-0600]   Q1 OK
[2026-05-07T07:00:45-0600]   Q2 FAIL: last_run empty — state never written
[2026-05-07T07:00:45-0600]   → Cannot re-trigger: /Users/kai/Documents/Projects/Hyo/bin/agent-self-improve.sh not found/not executable
[2026-05-07T07:00:45-0600]   → Issue logged: q2-ra-2026-05-07 (P1)
[2026-05-07T07:00:45-0600]   Q3 FAIL: stuck at W1/research for 2+ days (failure_count=0)
[2026-05-07T07:00:45-0600]   → Issue logged: q3-ra-2026-05-07 (P1)
[2026-05-07T07:00:45-0600]   Q4 OK (stage=research — research file will be written this cycle, absence expected)
[2026-05-07T07:00:45-0600]   Q7 WARN: no daily-assess file for ra at /Users/kai/Documents/Projects/Hyo/agents/ra/ledger/daily-assess-2026-05-07.json — self-improve ran without 4AM grounding
[2026-05-07T07:00:45-0600]   → Issue logged: q7-no-assess-ra-2026-05-07 (P1)
[2026-05-07T07:00:45-0600]   Q5 OK: failure_count=0 (cap=3)
[2026-05-07T07:00:45-0600] --- dex ---
[2026-05-07T07:00:45-0600]   Q1 OK
[2026-05-07T07:00:45-0600]   Q2 FAIL: last_run empty — state never written
[2026-05-07T07:00:45-0600]   → Cannot re-trigger: /Users/kai/Documents/Projects/Hyo/bin/agent-self-improve.sh not found/not executable
[2026-05-07T07:00:45-0600]   → Issue logged: q2-dex-2026-05-07 (P1)
[2026-05-07T07:00:45-0600]   Q3 FAIL: stuck at W1/research for 2+ days (failure_count=0)
[2026-05-07T07:00:45-0600]   → Issue logged: q3-dex-2026-05-07 (P1)
[2026-05-07T07:00:45-0600]   Q4 OK (stage=research — research file will be written this cycle, absence expected)
[2026-05-07T07:00:45-0600]   Q7 WARN: no daily-assess file for dex at /Users/kai/Documents/Projects/Hyo/agents/dex/ledger/daily-assess-2026-05-07.json — self-improve ran without 4AM grounding
[2026-05-07T07:00:45-0600]   → Issue logged: q7-no-assess-dex-2026-05-07 (P1)
[2026-05-07T07:00:45-0600]   Q5 OK: failure_count=0 (cap=3)
[2026-05-07T07:00:45-0600] --- kai ---
[2026-05-07T07:00:45-0600]   Q1 OK
[2026-05-07T07:00:45-0600]   Q2 FAIL: stale — last written 560333s ago (>28h)
[2026-05-07T07:00:45-0600]   → Cannot re-trigger: /Users/kai/Documents/Projects/Hyo/bin/agent-self-improve.sh not found/not executable
[2026-05-07T07:00:45-0600]   → Issue logged: q2-kai-2026-05-07 (P1)
[2026-05-07T07:00:45-0600]   Q3 FAIL: stuck at W1/research for 2+ days (failure_count=1)
[2026-05-07T07:00:45-0600]   → Issue logged: q3-kai-2026-05-07 (P1)
[2026-05-07T07:00:45-0600]   Q4 OK (stage=research — research file will be written this cycle, absence expected)
[2026-05-07T07:00:45-0600]   Q7 WARN: no daily-assess file for kai at /Users/kai/Documents/Projects/Hyo/agents/kai/ledger/daily-assess-2026-05-07.json — self-improve ran without 4AM grounding
[2026-05-07T07:00:45-0600]   → Issue logged: q7-no-assess-kai-2026-05-07 (P1)
[2026-05-07T07:00:45-0600]   Q5 OK: failure_count=1 (cap=3)
[2026-05-07T07:00:45-0600] === Health check done: 11 passed | 20 unresolved | 0 auto-fixed ===
[2026-05-07T07:00:45-0600] Summary written: /Users/kai/Documents/Projects/Hyo/kai/ledger/self-improve-health-2026-05-07.json
[2026-05-08T07:00:45-0600] === Self-improve health check: 2026-05-08 ===
[2026-05-08T07:00:45-0600] --- GLOBAL: launchd ---
[2026-05-08T07:00:45-0600]   Q6 OK: kai-autonomous loaded in launchd
[2026-05-08T07:00:45-0600] --- nel ---
[2026-05-08T07:00:45-0600]   Q1 OK
[2026-05-08T07:00:45-0600]   Q2 FAIL: stale — last written 625150s ago (>28h)
[2026-05-08T07:00:45-0600]   → Cannot re-trigger: /Users/kai/Documents/Projects/Hyo/bin/agent-self-improve.sh not found/not executable
[2026-05-08T07:00:45-0600]   → Issue logged: q2-nel-2026-05-08 (P1)
[2026-05-08T07:00:45-0600]   Q3 FAIL: stuck at W2/verify for 2+ days (failure_count=0)
[2026-05-08T07:00:45-0600]   → Issue logged: q3-nel-2026-05-08 (P1)
[2026-05-08T07:00:45-0600]   Q4 FAIL: stage=verify but no research file at /Users/kai/Documents/Projects/Hyo/agents/nel/research/improvements/W2-2026-05-08.md
[2026-05-08T07:00:45-0600]   → Cannot re-trigger: /Users/kai/Documents/Projects/Hyo/bin/agent-self-improve.sh not found/not executable
[2026-05-08T07:00:45-0600]   → Issue logged: q4-nel-2026-05-08 (P2)
[2026-05-08T07:00:45-0600]   Q7 WARN: no daily-assess file for nel at /Users/kai/Documents/Projects/Hyo/agents/nel/ledger/daily-assess-2026-05-08.json — self-improve ran without 4AM grounding
[2026-05-08T07:00:45-0600]   → Issue logged: q7-no-assess-nel-2026-05-08 (P1)
[2026-05-08T07:00:45-0600]   Q5 OK: failure_count=0 (cap=3)
[2026-05-08T07:00:45-0600] --- sam ---
[2026-05-08T07:00:45-0600]   Q1 OK
[2026-05-08T07:00:45-0600]   Q2 FAIL: stale — last written 302687s ago (>28h)
[2026-05-08T07:00:45-0600]   → Cannot re-trigger: /Users/kai/Documents/Projects/Hyo/bin/agent-self-improve.sh not found/not executable
[2026-05-08T07:00:45-0600]   → Issue logged: q2-sam-2026-05-08 (P1)
[2026-05-08T07:00:45-0600]   Q3 FAIL: stuck at W1/research for 2+ days (failure_count=1)
[2026-05-08T07:00:45-0600]   → Issue logged: q3-sam-2026-05-08 (P1)
[2026-05-08T07:00:45-0600]   Q4 OK (stage=research — research file will be written this cycle, absence expected)
[2026-05-08T07:00:45-0600]   Q7 WARN: no daily-assess file for sam at /Users/kai/Documents/Projects/Hyo/agents/sam/ledger/daily-assess-2026-05-08.json — self-improve ran without 4AM grounding
[2026-05-08T07:00:45-0600]   → Issue logged: q7-no-assess-sam-2026-05-08 (P1)
[2026-05-08T07:00:45-0600]   Q5 OK: failure_count=1 (cap=3)
[2026-05-08T07:00:45-0600] --- aether ---
[2026-05-08T07:00:45-0600]   Q1 OK
[2026-05-08T07:00:45-0600]   Q2 FAIL: stale — last written 636168s ago (>28h)
[2026-05-08T07:00:45-0600]   → Cannot re-trigger: /Users/kai/Documents/Projects/Hyo/bin/agent-self-improve.sh not found/not executable
[2026-05-08T07:00:45-0600]   → Issue logged: q2-aether-2026-05-08 (P1)
[2026-05-08T07:00:45-0600]   Q3 FAIL: stuck at W1/verify for 2+ days (failure_count=0)
[2026-05-08T07:00:45-0600]   → Issue logged: q3-aether-2026-05-08 (P1)
[2026-05-08T07:00:45-0600]   Q4 FAIL: stage=verify but no research file at /Users/kai/Documents/Projects/Hyo/agents/aether/research/improvements/W1-2026-05-08.md
[2026-05-08T07:00:45-0600]   → Cannot re-trigger: /Users/kai/Documents/Projects/Hyo/bin/agent-self-improve.sh not found/not executable
[2026-05-08T07:00:45-0600]   → Issue logged: q4-aether-2026-05-08 (P2)
[2026-05-08T07:00:45-0600]   Q7 WARN: no daily-assess file for aether at /Users/kai/Documents/Projects/Hyo/agents/aether/ledger/daily-assess-2026-05-08.json — self-improve ran without 4AM grounding
[2026-05-08T07:00:45-0600]   → Issue logged: q7-no-assess-aether-2026-05-08 (P1)
[2026-05-08T07:00:45-0600]   Q5 OK: failure_count=0 (cap=3)
[2026-05-08T07:00:45-0600] --- ra ---
[2026-05-08T07:00:45-0600]   Q1 OK
[2026-05-08T07:00:45-0600]   Q2 FAIL: last_run empty — state never written
[2026-05-08T07:00:45-0600]   → Cannot re-trigger: /Users/kai/Documents/Projects/Hyo/bin/agent-self-improve.sh not found/not executable
[2026-05-08T07:00:45-0600]   → Issue logged: q2-ra-2026-05-08 (P1)
[2026-05-08T07:00:45-0600]   Q3 FAIL: stuck at W1/research for 2+ days (failure_count=0)
[2026-05-08T07:00:45-0600]   → Issue logged: q3-ra-2026-05-08 (P1)
[2026-05-08T07:00:45-0600]   Q4 OK (stage=research — research file will be written this cycle, absence expected)
[2026-05-08T07:00:45-0600]   Q7 WARN: no daily-assess file for ra at /Users/kai/Documents/Projects/Hyo/agents/ra/ledger/daily-assess-2026-05-08.json — self-improve ran without 4AM grounding
[2026-05-08T07:00:45-0600]   → Issue logged: q7-no-assess-ra-2026-05-08 (P1)
[2026-05-08T07:00:45-0600]   Q5 OK: failure_count=0 (cap=3)
[2026-05-08T07:00:45-0600] --- dex ---
[2026-05-08T07:00:45-0600]   Q1 OK
[2026-05-08T07:00:45-0600]   Q2 FAIL: last_run empty — state never written
[2026-05-08T07:00:45-0600]   → Cannot re-trigger: /Users/kai/Documents/Projects/Hyo/bin/agent-self-improve.sh not found/not executable
[2026-05-08T07:00:45-0600]   → Issue logged: q2-dex-2026-05-08 (P1)
[2026-05-08T07:00:45-0600]   Q3 FAIL: stuck at W1/research for 2+ days (failure_count=0)
[2026-05-08T07:00:45-0600]   → Issue logged: q3-dex-2026-05-08 (P1)
[2026-05-08T07:00:45-0600]   Q4 OK (stage=research — research file will be written this cycle, absence expected)
[2026-05-08T07:00:45-0600]   Q7 WARN: no daily-assess file for dex at /Users/kai/Documents/Projects/Hyo/agents/dex/ledger/daily-assess-2026-05-08.json — self-improve ran without 4AM grounding
[2026-05-08T07:00:45-0600]   → Issue logged: q7-no-assess-dex-2026-05-08 (P1)
[2026-05-08T07:00:45-0600]   Q5 OK: failure_count=0 (cap=3)
[2026-05-08T07:00:45-0600] --- kai ---
[2026-05-08T07:00:45-0600]   Q1 OK
[2026-05-08T07:00:45-0600]   Q2 FAIL: stale — last written 646733s ago (>28h)
[2026-05-08T07:00:45-0600]   → Cannot re-trigger: /Users/kai/Documents/Projects/Hyo/bin/agent-self-improve.sh not found/not executable
[2026-05-08T07:00:45-0600]   → Issue logged: q2-kai-2026-05-08 (P1)
[2026-05-08T07:00:45-0600]   Q3 FAIL: stuck at W1/research for 2+ days (failure_count=1)
[2026-05-08T07:00:45-0600]   → Issue logged: q3-kai-2026-05-08 (P1)
[2026-05-08T07:00:45-0600]   Q4 OK (stage=research — research file will be written this cycle, absence expected)
[2026-05-08T07:00:45-0600]   Q7 WARN: no daily-assess file for kai at /Users/kai/Documents/Projects/Hyo/agents/kai/ledger/daily-assess-2026-05-08.json — self-improve ran without 4AM grounding
[2026-05-08T07:00:45-0600]   → Issue logged: q7-no-assess-kai-2026-05-08 (P1)
[2026-05-08T07:00:45-0600]   Q5 OK: failure_count=1 (cap=3)
[2026-05-08T07:00:45-0600] === Health check done: 11 passed | 20 unresolved | 0 auto-fixed ===
[2026-05-08T07:00:45-0600] Summary written: /Users/kai/Documents/Projects/Hyo/kai/ledger/self-improve-health-2026-05-08.json
[2026-05-11T07:00:45-0600] === Self-improve health check: 2026-05-11 ===
[2026-05-11T07:00:45-0600] --- GLOBAL: launchd ---
[2026-05-11T07:00:45-0600]   Q6 OK: kai-autonomous loaded in launchd
[2026-05-11T07:00:45-0600] --- nel ---
[2026-05-11T07:00:45-0600]   Q1 OK
[2026-05-11T07:00:45-0600]   Q2 FAIL: stale — last written 884350s ago (>28h)
[2026-05-11T07:00:45-0600]   → Cannot re-trigger: /Users/kai/Documents/Projects/Hyo/bin/agent-self-improve.sh not found/not executable
[2026-05-11T07:00:45-0600]   → Issue logged: q2-nel-2026-05-11 (P1)
[2026-05-11T07:00:45-0600]   Q3 FAIL: stuck at W2/verify for 2+ days (failure_count=0)
[2026-05-11T07:00:45-0600]   → Issue logged: q3-nel-2026-05-11 (P1)
[2026-05-11T07:00:45-0600]   Q4 FAIL: stage=verify but no research file at /Users/kai/Documents/Projects/Hyo/agents/nel/research/improvements/W2-2026-05-11.md
[2026-05-11T07:00:45-0600]   → Cannot re-trigger: /Users/kai/Documents/Projects/Hyo/bin/agent-self-improve.sh not found/not executable
[2026-05-11T07:00:45-0600]   → Issue logged: q4-nel-2026-05-11 (P2)
[2026-05-11T07:00:45-0600]   Q7 WARN: no daily-assess file for nel at /Users/kai/Documents/Projects/Hyo/agents/nel/ledger/daily-assess-2026-05-11.json — self-improve ran without 4AM grounding
[2026-05-11T07:00:45-0600]   → Issue logged: q7-no-assess-nel-2026-05-11 (P1)
[2026-05-11T07:00:45-0600]   Q5 OK: failure_count=0 (cap=3)
[2026-05-11T07:00:45-0600] --- sam ---
[2026-05-11T07:00:45-0600]   Q1 OK
[2026-05-11T07:00:45-0600]   Q2 FAIL: stale — last written 561887s ago (>28h)
[2026-05-11T07:00:45-0600]   → Cannot re-trigger: /Users/kai/Documents/Projects/Hyo/bin/agent-self-improve.sh not found/not executable
[2026-05-11T07:00:45-0600]   → Issue logged: q2-sam-2026-05-11 (P1)
[2026-05-11T07:00:45-0600]   Q3 FAIL: stuck at W1/research for 2+ days (failure_count=1)
[2026-05-11T07:00:45-0600]   → Issue logged: q3-sam-2026-05-11 (P1)
[2026-05-11T07:00:45-0600]   Q4 OK (stage=research — research file will be written this cycle, absence expected)
[2026-05-11T07:00:45-0600]   Q7 WARN: no daily-assess file for sam at /Users/kai/Documents/Projects/Hyo/agents/sam/ledger/daily-assess-2026-05-11.json — self-improve ran without 4AM grounding
[2026-05-11T07:00:45-0600]   → Issue logged: q7-no-assess-sam-2026-05-11 (P1)
[2026-05-11T07:00:45-0600]   Q5 OK: failure_count=1 (cap=3)
[2026-05-11T07:00:45-0600] --- aether ---
[2026-05-11T07:00:45-0600]   Q1 OK
[2026-05-11T07:00:45-0600]   Q2 FAIL: stale — last written 895368s ago (>28h)
[2026-05-11T07:00:45-0600]   → Cannot re-trigger: /Users/kai/Documents/Projects/Hyo/bin/agent-self-improve.sh not found/not executable
[2026-05-11T07:00:45-0600]   → Issue logged: q2-aether-2026-05-11 (P1)
[2026-05-11T07:00:45-0600]   Q3 FAIL: stuck at W1/verify for 2+ days (failure_count=0)
[2026-05-11T07:00:45-0600]   → Issue logged: q3-aether-2026-05-11 (P1)
[2026-05-11T07:00:45-0600]   Q4 FAIL: stage=verify but no research file at /Users/kai/Documents/Projects/Hyo/agents/aether/research/improvements/W1-2026-05-11.md
[2026-05-11T07:00:45-0600]   → Cannot re-trigger: /Users/kai/Documents/Projects/Hyo/bin/agent-self-improve.sh not found/not executable
[2026-05-11T07:00:45-0600]   → Issue logged: q4-aether-2026-05-11 (P2)
[2026-05-11T07:00:45-0600]   Q7 WARN: no daily-assess file for aether at /Users/kai/Documents/Projects/Hyo/agents/aether/ledger/daily-assess-2026-05-11.json — self-improve ran without 4AM grounding
[2026-05-11T07:00:45-0600]   → Issue logged: q7-no-assess-aether-2026-05-11 (P1)
[2026-05-11T07:00:45-0600]   Q5 OK: failure_count=0 (cap=3)
[2026-05-11T07:00:45-0600] --- ra ---
[2026-05-11T07:00:45-0600]   Q1 OK
[2026-05-11T07:00:45-0600]   Q2 FAIL: last_run empty — state never written
[2026-05-11T07:00:45-0600]   → Cannot re-trigger: /Users/kai/Documents/Projects/Hyo/bin/agent-self-improve.sh not found/not executable
[2026-05-11T07:00:45-0600]   → Issue logged: q2-ra-2026-05-11 (P1)
[2026-05-11T07:00:45-0600]   Q3 FAIL: stuck at W1/research for 2+ days (failure_count=0)
[2026-05-11T07:00:45-0600]   → Issue logged: q3-ra-2026-05-11 (P1)
[2026-05-11T07:00:45-0600]   Q4 OK (stage=research — research file will be written this cycle, absence expected)
[2026-05-11T07:00:45-0600]   Q7 WARN: no daily-assess file for ra at /Users/kai/Documents/Projects/Hyo/agents/ra/ledger/daily-assess-2026-05-11.json — self-improve ran without 4AM grounding
[2026-05-11T07:00:45-0600]   → Issue logged: q7-no-assess-ra-2026-05-11 (P1)
[2026-05-11T07:00:45-0600]   Q5 OK: failure_count=0 (cap=3)
[2026-05-11T07:00:45-0600] --- dex ---
[2026-05-11T07:00:45-0600]   Q1 OK
[2026-05-11T07:00:45-0600]   Q2 FAIL: last_run empty — state never written
[2026-05-11T07:00:45-0600]   → Cannot re-trigger: /Users/kai/Documents/Projects/Hyo/bin/agent-self-improve.sh not found/not executable
[2026-05-11T07:00:45-0600]   → Issue logged: q2-dex-2026-05-11 (P1)
[2026-05-11T07:00:45-0600]   Q3 FAIL: stuck at W1/research for 2+ days (failure_count=0)
[2026-05-11T07:00:45-0600]   → Issue logged: q3-dex-2026-05-11 (P1)
[2026-05-11T07:00:45-0600]   Q4 OK (stage=research — research file will be written this cycle, absence expected)
[2026-05-11T07:00:45-0600]   Q7 WARN: no daily-assess file for dex at /Users/kai/Documents/Projects/Hyo/agents/dex/ledger/daily-assess-2026-05-11.json — self-improve ran without 4AM grounding
[2026-05-11T07:00:45-0600]   → Issue logged: q7-no-assess-dex-2026-05-11 (P1)
[2026-05-11T07:00:45-0600]   Q5 OK: failure_count=0 (cap=3)
[2026-05-11T07:00:45-0600] --- kai ---
[2026-05-11T07:00:45-0600]   Q1 OK
[2026-05-11T07:00:45-0600]   Q2 FAIL: stale — last written 905933s ago (>28h)
[2026-05-11T07:00:45-0600]   → Cannot re-trigger: /Users/kai/Documents/Projects/Hyo/bin/agent-self-improve.sh not found/not executable
[2026-05-11T07:00:45-0600]   → Issue logged: q2-kai-2026-05-11 (P1)
[2026-05-11T07:00:45-0600]   Q3 FAIL: stuck at W1/research for 2+ days (failure_count=1)
[2026-05-11T07:00:45-0600]   → Issue logged: q3-kai-2026-05-11 (P1)
[2026-05-11T07:00:45-0600]   Q4 OK (stage=research — research file will be written this cycle, absence expected)
[2026-05-11T07:00:45-0600]   Q7 WARN: no daily-assess file for kai at /Users/kai/Documents/Projects/Hyo/agents/kai/ledger/daily-assess-2026-05-11.json — self-improve ran without 4AM grounding
[2026-05-11T07:00:45-0600]   → Issue logged: q7-no-assess-kai-2026-05-11 (P1)
[2026-05-11T07:00:45-0600]   Q5 OK: failure_count=1 (cap=3)
[2026-05-11T07:00:45-0600] === Health check done: 11 passed | 20 unresolved | 0 auto-fixed ===
[2026-05-11T07:00:45-0600] Summary written: /Users/kai/Documents/Projects/Hyo/kai/ledger/self-improve-health-2026-05-11.json
[2026-05-12T07:00:49-0600] === Self-improve health check: 2026-05-12 ===
[2026-05-12T07:00:49-0600] --- GLOBAL: launchd ---
[2026-05-12T07:00:49-0600]   Q6 OK: kai-autonomous loaded in launchd
[2026-05-12T07:00:49-0600] --- nel ---
[2026-05-12T07:00:49-0600]   Q1 OK
[2026-05-12T07:00:49-0600]   Q2 FAIL: stale — last written 970754s ago (>28h)
[2026-05-12T07:00:49-0600]   → Cannot re-trigger: /Users/kai/Documents/Projects/Hyo/bin/agent-self-improve.sh not found/not executable
[2026-05-12T07:00:49-0600]   → Issue logged: q2-nel-2026-05-12 (P1)
[2026-05-12T07:00:49-0600]   Q3 FAIL: stuck at W2/verify for 2+ days (failure_count=0)
[2026-05-12T07:00:49-0600]   → Issue logged: q3-nel-2026-05-12 (P1)
[2026-05-12T07:00:49-0600]   Q4 FAIL: stage=verify but no research file at /Users/kai/Documents/Projects/Hyo/agents/nel/research/improvements/W2-2026-05-12.md
[2026-05-12T07:00:49-0600]   → Cannot re-trigger: /Users/kai/Documents/Projects/Hyo/bin/agent-self-improve.sh not found/not executable
[2026-05-12T07:00:49-0600]   → Issue logged: q4-nel-2026-05-12 (P2)
[2026-05-12T07:00:49-0600]   Q7 WARN: no daily-assess file for nel at /Users/kai/Documents/Projects/Hyo/agents/nel/ledger/daily-assess-2026-05-12.json — self-improve ran without 4AM grounding
[2026-05-12T07:00:49-0600]   → Issue logged: q7-no-assess-nel-2026-05-12 (P1)
[2026-05-12T07:00:49-0600]   Q5 OK: failure_count=0 (cap=3)
[2026-05-12T07:00:49-0600] --- sam ---
[2026-05-12T07:00:49-0600]   Q1 OK
[2026-05-12T07:00:49-0600]   Q2 FAIL: stale — last written 648291s ago (>28h)
[2026-05-12T07:00:49-0600]   → Cannot re-trigger: /Users/kai/Documents/Projects/Hyo/bin/agent-self-improve.sh not found/not executable
[2026-05-12T07:00:49-0600]   → Issue logged: q2-sam-2026-05-12 (P1)
[2026-05-12T07:00:49-0600]   Q3 FAIL: stuck at W1/research for 2+ days (failure_count=1)
[2026-05-12T07:00:49-0600]   → Issue logged: q3-sam-2026-05-12 (P1)
[2026-05-12T07:00:49-0600]   Q4 FAIL: research file invalid (auth garbage or no FIX_APPROACH)
[2026-05-12T07:00:49-0600]   → Deleted invalid research file
[2026-05-12T07:00:49-0600]   → Cannot re-trigger: /Users/kai/Documents/Projects/Hyo/bin/agent-self-improve.sh not found/not executable
[2026-05-12T07:00:49-0600]   → Issue logged: q4-sam-2026-05-12 (P1)
[2026-05-12T07:00:49-0600]   Q7 WARN: no daily-assess file for sam at /Users/kai/Documents/Projects/Hyo/agents/sam/ledger/daily-assess-2026-05-12.json — self-improve ran without 4AM grounding
[2026-05-12T07:00:49-0600]   → Issue logged: q7-no-assess-sam-2026-05-12 (P1)
[2026-05-12T07:00:49-0600]   Q5 OK: failure_count=1 (cap=3)
[2026-05-12T07:00:49-0600] --- aether ---
[2026-05-12T07:00:49-0600]   Q1 OK
[2026-05-12T07:00:49-0600]   Q2 FAIL: stale — last written 981772s ago (>28h)
[2026-05-12T07:00:49-0600]   → Cannot re-trigger: /Users/kai/Documents/Projects/Hyo/bin/agent-self-improve.sh not found/not executable
[2026-05-12T07:00:49-0600]   → Issue logged: q2-aether-2026-05-12 (P1)
[2026-05-12T07:00:49-0600]   Q3 FAIL: stuck at W1/verify for 2+ days (failure_count=0)
[2026-05-12T07:00:49-0600]   → Issue logged: q3-aether-2026-05-12 (P1)
[2026-05-12T07:00:49-0600]   Q4 FAIL: stage=verify but no research file at /Users/kai/Documents/Projects/Hyo/agents/aether/research/improvements/W1-2026-05-12.md
[2026-05-12T07:00:49-0600]   → Cannot re-trigger: /Users/kai/Documents/Projects/Hyo/bin/agent-self-improve.sh not found/not executable
[2026-05-12T07:00:49-0600]   → Issue logged: q4-aether-2026-05-12 (P2)
[2026-05-12T07:00:49-0600]   Q7 WARN: no daily-assess file for aether at /Users/kai/Documents/Projects/Hyo/agents/aether/ledger/daily-assess-2026-05-12.json — self-improve ran without 4AM grounding
[2026-05-12T07:00:49-0600]   → Issue logged: q7-no-assess-aether-2026-05-12 (P1)
[2026-05-12T07:00:49-0600]   Q5 OK: failure_count=0 (cap=3)
[2026-05-12T07:00:49-0600] --- ra ---
[2026-05-12T07:00:49-0600]   Q1 OK
[2026-05-12T07:00:49-0600]   Q2 FAIL: last_run empty — state never written
[2026-05-12T07:00:49-0600]   → Cannot re-trigger: /Users/kai/Documents/Projects/Hyo/bin/agent-self-improve.sh not found/not executable
[2026-05-12T07:00:49-0600]   → Issue logged: q2-ra-2026-05-12 (P1)
[2026-05-12T07:00:49-0600]   Q3 FAIL: stuck at W1/research for 2+ days (failure_count=0)
[2026-05-12T07:00:49-0600]   → Issue logged: q3-ra-2026-05-12 (P1)
[2026-05-12T07:00:49-0600]   Q4 OK (stage=research — research file will be written this cycle, absence expected)
[2026-05-12T07:00:49-0600]   Q7 WARN: no daily-assess file for ra at /Users/kai/Documents/Projects/Hyo/agents/ra/ledger/daily-assess-2026-05-12.json — self-improve ran without 4AM grounding
[2026-05-12T07:00:49-0600]   → Issue logged: q7-no-assess-ra-2026-05-12 (P1)
[2026-05-12T07:00:49-0600]   Q5 OK: failure_count=0 (cap=3)
[2026-05-12T07:00:49-0600] --- dex ---
[2026-05-12T07:00:49-0600]   Q1 OK
[2026-05-12T07:00:49-0600]   Q2 FAIL: last_run empty — state never written
[2026-05-12T07:00:49-0600]   → Cannot re-trigger: /Users/kai/Documents/Projects/Hyo/bin/agent-self-improve.sh not found/not executable
[2026-05-12T07:00:49-0600]   → Issue logged: q2-dex-2026-05-12 (P1)
[2026-05-12T07:00:49-0600]   Q3 FAIL: stuck at W1/research for 2+ days (failure_count=0)
[2026-05-12T07:00:49-0600]   → Issue logged: q3-dex-2026-05-12 (P1)
[2026-05-12T07:00:49-0600]   Q4 OK (stage=research — research file will be written this cycle, absence expected)
[2026-05-12T07:00:49-0600]   Q7 WARN: no daily-assess file for dex at /Users/kai/Documents/Projects/Hyo/agents/dex/ledger/daily-assess-2026-05-12.json — self-improve ran without 4AM grounding
[2026-05-12T07:00:49-0600]   → Issue logged: q7-no-assess-dex-2026-05-12 (P1)
[2026-05-12T07:00:49-0600]   Q5 OK: failure_count=0 (cap=3)
[2026-05-12T07:00:49-0600] --- kai ---
[2026-05-12T07:00:49-0600]   Q1 OK
[2026-05-12T07:00:49-0600]   Q2 FAIL: stale — last written 992337s ago (>28h)
[2026-05-12T07:00:49-0600]   → Cannot re-trigger: /Users/kai/Documents/Projects/Hyo/bin/agent-self-improve.sh not found/not executable
[2026-05-12T07:00:49-0600]   → Issue logged: q2-kai-2026-05-12 (P1)
[2026-05-12T07:00:49-0600]   Q3 FAIL: stuck at W1/research for 2+ days (failure_count=1)
[2026-05-12T07:00:49-0600]   → Issue logged: q3-kai-2026-05-12 (P1)
[2026-05-12T07:00:49-0600]   Q4 OK (stage=research — research file will be written this cycle, absence expected)
[2026-05-12T07:00:49-0600]   Q7 WARN: no daily-assess file for kai at /Users/kai/Documents/Projects/Hyo/agents/kai/ledger/daily-assess-2026-05-12.json — self-improve ran without 4AM grounding
[2026-05-12T07:00:49-0600]   → Issue logged: q7-no-assess-kai-2026-05-12 (P1)
[2026-05-12T07:00:49-0600]   Q5 OK: failure_count=1 (cap=3)
[2026-05-12T07:00:49-0600] === Health check done: 10 passed | 21 unresolved | 0 auto-fixed ===
[2026-05-12T07:00:49-0600] Summary written: /Users/kai/Documents/Projects/Hyo/kai/ledger/self-improve-health-2026-05-12.json
[2026-05-13T07:00:48-0600] === Self-improve health check: 2026-05-13 ===
[2026-05-13T07:00:48-0600] --- GLOBAL: launchd ---
[2026-05-13T07:00:48-0600]   Q6 OK: kai-autonomous loaded in launchd
[2026-05-13T07:00:48-0600] --- nel ---
[2026-05-13T07:00:48-0600]   Q1 OK
[2026-05-13T07:00:48-0600]   Q2 FAIL: stale — last written 1057153s ago (>28h)
[2026-05-13T07:00:48-0600]   → Cannot re-trigger: /Users/kai/Documents/Projects/Hyo/bin/agent-self-improve.sh not found/not executable
[2026-05-13T07:00:48-0600]   → Issue logged: q2-nel-2026-05-13 (P1)
[2026-05-13T07:00:48-0600]   Q3 FAIL: stuck at W2/verify for 2+ days (failure_count=0)
[2026-05-13T07:00:48-0600]   → Issue logged: q3-nel-2026-05-13 (P1)
[2026-05-13T07:00:48-0600]   Q4 FAIL: stage=verify but no research file at /Users/kai/Documents/Projects/Hyo/agents/nel/research/improvements/W2-2026-05-13.md
[2026-05-13T07:00:48-0600]   → Cannot re-trigger: /Users/kai/Documents/Projects/Hyo/bin/agent-self-improve.sh not found/not executable
[2026-05-13T07:00:48-0600]   → Issue logged: q4-nel-2026-05-13 (P2)
[2026-05-13T07:00:48-0600]   Q7 WARN: no daily-assess file for nel at /Users/kai/Documents/Projects/Hyo/agents/nel/ledger/daily-assess-2026-05-13.json — self-improve ran without 4AM grounding
[2026-05-13T07:00:48-0600]   → Issue logged: q7-no-assess-nel-2026-05-13 (P1)
[2026-05-13T07:00:48-0600]   Q5 OK: failure_count=0 (cap=3)
[2026-05-13T07:00:48-0600] --- sam ---
[2026-05-13T07:00:48-0600]   Q1 OK
[2026-05-13T07:00:48-0600]   Q2 FAIL: stale — last written 734690s ago (>28h)
[2026-05-13T07:00:48-0600]   → Cannot re-trigger: /Users/kai/Documents/Projects/Hyo/bin/agent-self-improve.sh not found/not executable
[2026-05-13T07:00:48-0600]   → Issue logged: q2-sam-2026-05-13 (P1)
[2026-05-13T07:00:48-0600]   Q3 FAIL: stuck at W1/research for 2+ days (failure_count=1)
[2026-05-13T07:00:48-0600]   → Issue logged: q3-sam-2026-05-13 (P1)
[2026-05-13T07:00:48-0600]   Q4 FAIL: research file invalid (auth garbage or no FIX_APPROACH)
[2026-05-13T07:00:48-0600]   → Deleted invalid research file
[2026-05-13T07:00:48-0600]   → Cannot re-trigger: /Users/kai/Documents/Projects/Hyo/bin/agent-self-improve.sh not found/not executable
[2026-05-13T07:00:48-0600]   → Issue logged: q4-sam-2026-05-13 (P1)
[2026-05-13T07:00:48-0600]   Q7 WARN: no daily-assess file for sam at /Users/kai/Documents/Projects/Hyo/agents/sam/ledger/daily-assess-2026-05-13.json — self-improve ran without 4AM grounding
[2026-05-13T07:00:48-0600]   → Issue logged: q7-no-assess-sam-2026-05-13 (P1)
[2026-05-13T07:00:48-0600]   Q5 OK: failure_count=1 (cap=3)
[2026-05-13T07:00:48-0600] --- aether ---
[2026-05-13T07:00:48-0600]   Q1 OK
[2026-05-13T07:00:48-0600]   Q2 FAIL: stale — last written 1068171s ago (>28h)
[2026-05-13T07:00:48-0600]   → Cannot re-trigger: /Users/kai/Documents/Projects/Hyo/bin/agent-self-improve.sh not found/not executable
[2026-05-13T07:00:48-0600]   → Issue logged: q2-aether-2026-05-13 (P1)
[2026-05-13T07:00:48-0600]   Q3 FAIL: stuck at W1/verify for 2+ days (failure_count=0)
[2026-05-13T07:00:48-0600]   → Issue logged: q3-aether-2026-05-13 (P1)
[2026-05-13T07:00:48-0600]   Q4 FAIL: stage=verify but no research file at /Users/kai/Documents/Projects/Hyo/agents/aether/research/improvements/W1-2026-05-13.md
[2026-05-13T07:00:48-0600]   → Cannot re-trigger: /Users/kai/Documents/Projects/Hyo/bin/agent-self-improve.sh not found/not executable
[2026-05-13T07:00:48-0600]   → Issue logged: q4-aether-2026-05-13 (P2)
[2026-05-13T07:00:48-0600]   Q7 WARN: no daily-assess file for aether at /Users/kai/Documents/Projects/Hyo/agents/aether/ledger/daily-assess-2026-05-13.json — self-improve ran without 4AM grounding
[2026-05-13T07:00:48-0600]   → Issue logged: q7-no-assess-aether-2026-05-13 (P1)
[2026-05-13T07:00:48-0600]   Q5 OK: failure_count=0 (cap=3)
[2026-05-13T07:00:48-0600] --- ra ---
[2026-05-13T07:00:48-0600]   Q1 OK
[2026-05-13T07:00:48-0600]   Q2 FAIL: last_run empty — state never written
[2026-05-13T07:00:48-0600]   → Cannot re-trigger: /Users/kai/Documents/Projects/Hyo/bin/agent-self-improve.sh not found/not executable
[2026-05-13T07:00:48-0600]   → Issue logged: q2-ra-2026-05-13 (P1)
[2026-05-13T07:00:48-0600]   Q3 FAIL: stuck at W1/research for 2+ days (failure_count=0)
[2026-05-13T07:00:48-0600]   → Issue logged: q3-ra-2026-05-13 (P1)
[2026-05-13T07:00:48-0600]   Q4 OK (stage=research — research file will be written this cycle, absence expected)
[2026-05-13T07:00:48-0600]   Q7 WARN: no daily-assess file for ra at /Users/kai/Documents/Projects/Hyo/agents/ra/ledger/daily-assess-2026-05-13.json — self-improve ran without 4AM grounding
[2026-05-13T07:00:48-0600]   → Issue logged: q7-no-assess-ra-2026-05-13 (P1)
[2026-05-13T07:00:48-0600]   Q5 OK: failure_count=0 (cap=3)
[2026-05-13T07:00:48-0600] --- dex ---
[2026-05-13T07:00:48-0600]   Q1 OK
[2026-05-13T07:00:48-0600]   Q2 FAIL: last_run empty — state never written
[2026-05-13T07:00:48-0600]   → Cannot re-trigger: /Users/kai/Documents/Projects/Hyo/bin/agent-self-improve.sh not found/not executable
[2026-05-13T07:00:48-0600]   → Issue logged: q2-dex-2026-05-13 (P1)
[2026-05-13T07:00:48-0600]   Q3 FAIL: stuck at W1/research for 2+ days (failure_count=0)
[2026-05-13T07:00:48-0600]   → Issue logged: q3-dex-2026-05-13 (P1)
[2026-05-13T07:00:48-0600]   Q4 OK (stage=research — research file will be written this cycle, absence expected)
[2026-05-13T07:00:48-0600]   Q7 WARN: no daily-assess file for dex at /Users/kai/Documents/Projects/Hyo/agents/dex/ledger/daily-assess-2026-05-13.json — self-improve ran without 4AM grounding
[2026-05-13T07:00:48-0600]   → Issue logged: q7-no-assess-dex-2026-05-13 (P1)
[2026-05-13T07:00:48-0600]   Q5 OK: failure_count=0 (cap=3)
[2026-05-13T07:00:48-0600] --- kai ---
[2026-05-13T07:00:48-0600]   Q1 OK
[2026-05-13T07:00:48-0600]   Q2 FAIL: stale — last written 1078736s ago (>28h)
[2026-05-13T07:00:48-0600]   → Cannot re-trigger: /Users/kai/Documents/Projects/Hyo/bin/agent-self-improve.sh not found/not executable
[2026-05-13T07:00:48-0600]   → Issue logged: q2-kai-2026-05-13 (P1)
[2026-05-13T07:00:48-0600]   Q3 FAIL: stuck at W1/research for 2+ days (failure_count=1)
[2026-05-13T07:00:48-0600]   → Issue logged: q3-kai-2026-05-13 (P1)
[2026-05-13T07:00:48-0600]   Q4 OK (stage=research — research file will be written this cycle, absence expected)
[2026-05-13T07:00:48-0600]   Q7 WARN: no daily-assess file for kai at /Users/kai/Documents/Projects/Hyo/agents/kai/ledger/daily-assess-2026-05-13.json — self-improve ran without 4AM grounding
[2026-05-13T07:00:48-0600]   → Issue logged: q7-no-assess-kai-2026-05-13 (P1)
[2026-05-13T07:00:48-0600]   Q5 OK: failure_count=1 (cap=3)
[2026-05-13T07:00:48-0600] === Health check done: 10 passed | 21 unresolved | 0 auto-fixed ===
[2026-05-13T07:00:48-0600] Summary written: /Users/kai/Documents/Projects/Hyo/kai/ledger/self-improve-health-2026-05-13.json
[2026-05-14T07:00:44-0600] === Self-improve health check: 2026-05-14 ===
[2026-05-14T07:00:44-0600] --- GLOBAL: launchd ---
[2026-05-14T07:00:44-0600]   Q6 OK: kai-autonomous loaded in launchd
[2026-05-14T07:00:44-0600] --- nel ---
[2026-05-14T07:00:44-0600]   Q1 OK
[2026-05-14T07:00:44-0600]   Q2 FAIL: stale — last written 1143549s ago (>28h)
[2026-05-14T07:00:44-0600]   → Cannot re-trigger: /Users/kai/Documents/Projects/Hyo/bin/agent-self-improve.sh not found/not executable
[2026-05-14T07:00:44-0600]   → Issue logged: q2-nel-2026-05-14 (P1)
[2026-05-14T07:00:44-0600]   Q3 FAIL: stuck at W2/verify for 2+ days (failure_count=0)
[2026-05-14T07:00:44-0600]   → Issue logged: q3-nel-2026-05-14 (P1)
[2026-05-14T07:00:44-0600]   Q4 FAIL: stage=verify but no research file at /Users/kai/Documents/Projects/Hyo/agents/nel/research/improvements/W2-2026-05-14.md
[2026-05-14T07:00:44-0600]   → Cannot re-trigger: /Users/kai/Documents/Projects/Hyo/bin/agent-self-improve.sh not found/not executable
[2026-05-14T07:00:44-0600]   → Issue logged: q4-nel-2026-05-14 (P2)
[2026-05-14T07:00:44-0600]   Q7 WARN: no daily-assess file for nel at /Users/kai/Documents/Projects/Hyo/agents/nel/ledger/daily-assess-2026-05-14.json — self-improve ran without 4AM grounding
[2026-05-14T07:00:44-0600]   → Issue logged: q7-no-assess-nel-2026-05-14 (P1)
[2026-05-14T07:00:44-0600]   Q5 OK: failure_count=0 (cap=3)
[2026-05-14T07:00:44-0600] --- sam ---
[2026-05-14T07:00:44-0600]   Q1 OK
[2026-05-14T07:00:44-0600]   Q2 FAIL: stale — last written 821086s ago (>28h)
[2026-05-14T07:00:44-0600]   → Cannot re-trigger: /Users/kai/Documents/Projects/Hyo/bin/agent-self-improve.sh not found/not executable
[2026-05-14T07:00:44-0600]   → Issue logged: q2-sam-2026-05-14 (P1)
[2026-05-14T07:00:44-0600]   Q3 FAIL: stuck at W1/research for 2+ days (failure_count=1)
[2026-05-14T07:00:44-0600]   → Issue logged: q3-sam-2026-05-14 (P1)
[2026-05-14T07:00:44-0600]   Q4 OK (stage=research — research file will be written this cycle, absence expected)
[2026-05-14T07:00:44-0600]   Q7 WARN: no daily-assess file for sam at /Users/kai/Documents/Projects/Hyo/agents/sam/ledger/daily-assess-2026-05-14.json — self-improve ran without 4AM grounding
[2026-05-14T07:00:44-0600]   → Issue logged: q7-no-assess-sam-2026-05-14 (P1)
[2026-05-14T07:00:44-0600]   Q5 OK: failure_count=1 (cap=3)
[2026-05-14T07:00:44-0600] --- aether ---
[2026-05-14T07:00:44-0600]   Q1 OK
[2026-05-14T07:00:44-0600]   Q2 FAIL: stale — last written 1154567s ago (>28h)
[2026-05-14T07:00:44-0600]   → Cannot re-trigger: /Users/kai/Documents/Projects/Hyo/bin/agent-self-improve.sh not found/not executable
[2026-05-14T07:00:44-0600]   → Issue logged: q2-aether-2026-05-14 (P1)
[2026-05-14T07:00:44-0600]   Q3 FAIL: stuck at W1/verify for 2+ days (failure_count=0)
[2026-05-14T07:00:44-0600]   → Issue logged: q3-aether-2026-05-14 (P1)
[2026-05-14T07:00:44-0600]   Q4 FAIL: stage=verify but no research file at /Users/kai/Documents/Projects/Hyo/agents/aether/research/improvements/W1-2026-05-14.md
[2026-05-14T07:00:44-0600]   → Cannot re-trigger: /Users/kai/Documents/Projects/Hyo/bin/agent-self-improve.sh not found/not executable
[2026-05-14T07:00:44-0600]   → Issue logged: q4-aether-2026-05-14 (P2)
[2026-05-14T07:00:44-0600]   Q7 WARN: no daily-assess file for aether at /Users/kai/Documents/Projects/Hyo/agents/aether/ledger/daily-assess-2026-05-14.json — self-improve ran without 4AM grounding
[2026-05-14T07:00:44-0600]   → Issue logged: q7-no-assess-aether-2026-05-14 (P1)
[2026-05-14T07:00:44-0600]   Q5 OK: failure_count=0 (cap=3)
[2026-05-14T07:00:44-0600] --- ra ---
[2026-05-14T07:00:44-0600]   Q1 OK
[2026-05-14T07:00:44-0600]   Q2 FAIL: last_run empty — state never written
[2026-05-14T07:00:44-0600]   → Cannot re-trigger: /Users/kai/Documents/Projects/Hyo/bin/agent-self-improve.sh not found/not executable
[2026-05-14T07:00:44-0600]   → Issue logged: q2-ra-2026-05-14 (P1)
[2026-05-14T07:00:44-0600]   Q3 FAIL: stuck at W1/research for 2+ days (failure_count=0)
[2026-05-14T07:00:44-0600]   → Issue logged: q3-ra-2026-05-14 (P1)
[2026-05-14T07:00:44-0600]   Q4 OK (stage=research — research file will be written this cycle, absence expected)
[2026-05-14T07:00:44-0600]   Q7 WARN: no daily-assess file for ra at /Users/kai/Documents/Projects/Hyo/agents/ra/ledger/daily-assess-2026-05-14.json — self-improve ran without 4AM grounding
[2026-05-14T07:00:44-0600]   → Issue logged: q7-no-assess-ra-2026-05-14 (P1)
[2026-05-14T07:00:44-0600]   Q5 OK: failure_count=0 (cap=3)
[2026-05-14T07:00:44-0600] --- dex ---
[2026-05-14T07:00:44-0600]   Q1 OK
[2026-05-14T07:00:44-0600]   Q2 FAIL: last_run empty — state never written
[2026-05-14T07:00:44-0600]   → Cannot re-trigger: /Users/kai/Documents/Projects/Hyo/bin/agent-self-improve.sh not found/not executable
[2026-05-14T07:00:44-0600]   → Issue logged: q2-dex-2026-05-14 (P1)
[2026-05-14T07:00:44-0600]   Q3 FAIL: stuck at W1/research for 2+ days (failure_count=0)
[2026-05-14T07:00:44-0600]   → Issue logged: q3-dex-2026-05-14 (P1)
[2026-05-14T07:00:44-0600]   Q4 OK (stage=research — research file will be written this cycle, absence expected)
[2026-05-14T07:00:44-0600]   Q7 WARN: no daily-assess file for dex at /Users/kai/Documents/Projects/Hyo/agents/dex/ledger/daily-assess-2026-05-14.json — self-improve ran without 4AM grounding
[2026-05-14T07:00:44-0600]   → Issue logged: q7-no-assess-dex-2026-05-14 (P1)
[2026-05-14T07:00:44-0600]   Q5 OK: failure_count=0 (cap=3)
[2026-05-14T07:00:44-0600] --- kai ---
[2026-05-14T07:00:44-0600]   Q1 OK
[2026-05-14T07:00:44-0600]   Q2 FAIL: stale — last written 1165132s ago (>28h)
[2026-05-14T07:00:44-0600]   → Cannot re-trigger: /Users/kai/Documents/Projects/Hyo/bin/agent-self-improve.sh not found/not executable
[2026-05-14T07:00:44-0600]   → Issue logged: q2-kai-2026-05-14 (P1)
[2026-05-14T07:00:44-0600]   Q3 FAIL: stuck at W1/research for 2+ days (failure_count=1)
[2026-05-14T07:00:44-0600]   → Issue logged: q3-kai-2026-05-14 (P1)
[2026-05-14T07:00:44-0600]   Q4 OK (stage=research — research file will be written this cycle, absence expected)
[2026-05-14T07:00:44-0600]   Q7 WARN: no daily-assess file for kai at /Users/kai/Documents/Projects/Hyo/agents/kai/ledger/daily-assess-2026-05-14.json — self-improve ran without 4AM grounding
[2026-05-14T07:00:44-0600]   → Issue logged: q7-no-assess-kai-2026-05-14 (P1)
[2026-05-14T07:00:44-0600]   Q5 OK: failure_count=1 (cap=3)
[2026-05-14T07:00:44-0600] === Health check done: 11 passed | 20 unresolved | 0 auto-fixed ===
[2026-05-14T07:00:44-0600] Summary written: /Users/kai/Documents/Projects/Hyo/kai/ledger/self-improve-health-2026-05-14.json
[2026-05-15T07:00:46-0600] === Self-improve health check: 2026-05-15 ===
[2026-05-15T07:00:46-0600] --- GLOBAL: launchd ---
[2026-05-15T07:00:46-0600]   Q6 OK: kai-autonomous loaded in launchd
[2026-05-15T07:00:46-0600] --- nel ---
[2026-05-15T07:00:46-0600]   Q1 OK
[2026-05-15T07:00:46-0600]   Q2 FAIL: stale — last written 1229951s ago (>28h)
[2026-05-15T07:00:46-0600]   → Cannot re-trigger: /Users/kai/Documents/Projects/Hyo/bin/agent-self-improve.sh not found/not executable
[2026-05-15T07:00:46-0600]   → Issue logged: q2-nel-2026-05-15 (P1)
[2026-05-15T07:00:46-0600]   Q3 FAIL: stuck at W2/verify for 2+ days (failure_count=0)
[2026-05-15T07:00:46-0600]   → Issue logged: q3-nel-2026-05-15 (P1)
[2026-05-15T07:00:46-0600]   Q4 FAIL: stage=verify but no research file at /Users/kai/Documents/Projects/Hyo/agents/nel/research/improvements/W2-2026-05-15.md
[2026-05-15T07:00:46-0600]   → Cannot re-trigger: /Users/kai/Documents/Projects/Hyo/bin/agent-self-improve.sh not found/not executable
[2026-05-15T07:00:46-0600]   → Issue logged: q4-nel-2026-05-15 (P2)
[2026-05-15T07:00:46-0600]   Q7 WARN: no daily-assess file for nel at /Users/kai/Documents/Projects/Hyo/agents/nel/ledger/daily-assess-2026-05-15.json — self-improve ran without 4AM grounding
[2026-05-15T07:00:46-0600]   → Issue logged: q7-no-assess-nel-2026-05-15 (P1)
[2026-05-15T07:00:46-0600]   Q5 OK: failure_count=0 (cap=3)
[2026-05-15T07:00:46-0600] --- sam ---
[2026-05-15T07:00:46-0600]   Q1 OK
[2026-05-15T07:00:46-0600]   Q2 FAIL: stale — last written 907488s ago (>28h)
[2026-05-15T07:00:46-0600]   → Cannot re-trigger: /Users/kai/Documents/Projects/Hyo/bin/agent-self-improve.sh not found/not executable
[2026-05-15T07:00:46-0600]   → Issue logged: q2-sam-2026-05-15 (P1)
[2026-05-15T07:00:46-0600]   Q3 FAIL: stuck at W1/research for 2+ days (failure_count=1)
[2026-05-15T07:00:46-0600]   → Issue logged: q3-sam-2026-05-15 (P1)
[2026-05-15T07:00:46-0600]   Q4 OK (stage=research — research file will be written this cycle, absence expected)
[2026-05-15T07:00:46-0600]   Q7 WARN: no daily-assess file for sam at /Users/kai/Documents/Projects/Hyo/agents/sam/ledger/daily-assess-2026-05-15.json — self-improve ran without 4AM grounding
[2026-05-15T07:00:46-0600]   → Issue logged: q7-no-assess-sam-2026-05-15 (P1)
[2026-05-15T07:00:46-0600]   Q5 OK: failure_count=1 (cap=3)
[2026-05-15T07:00:46-0600] --- aether ---
[2026-05-15T07:00:46-0600]   Q1 OK
[2026-05-15T07:00:46-0600]   Q2 FAIL: stale — last written 1240969s ago (>28h)
[2026-05-15T07:00:46-0600]   → Cannot re-trigger: /Users/kai/Documents/Projects/Hyo/bin/agent-self-improve.sh not found/not executable
[2026-05-15T07:00:46-0600]   → Issue logged: q2-aether-2026-05-15 (P1)
[2026-05-15T07:00:46-0600]   Q3 FAIL: stuck at W1/verify for 2+ days (failure_count=0)
[2026-05-15T07:00:46-0600]   → Issue logged: q3-aether-2026-05-15 (P1)
[2026-05-15T07:00:46-0600]   Q4 FAIL: stage=verify but no research file at /Users/kai/Documents/Projects/Hyo/agents/aether/research/improvements/W1-2026-05-15.md
[2026-05-15T07:00:46-0600]   → Cannot re-trigger: /Users/kai/Documents/Projects/Hyo/bin/agent-self-improve.sh not found/not executable
[2026-05-15T07:00:46-0600]   → Issue logged: q4-aether-2026-05-15 (P2)
[2026-05-15T07:00:46-0600]   Q7 WARN: no daily-assess file for aether at /Users/kai/Documents/Projects/Hyo/agents/aether/ledger/daily-assess-2026-05-15.json — self-improve ran without 4AM grounding
[2026-05-15T07:00:46-0600]   → Issue logged: q7-no-assess-aether-2026-05-15 (P1)
[2026-05-15T07:00:46-0600]   Q5 OK: failure_count=0 (cap=3)
[2026-05-15T07:00:46-0600] --- ra ---
[2026-05-15T07:00:46-0600]   Q1 OK
[2026-05-15T07:00:46-0600]   Q2 FAIL: last_run empty — state never written
[2026-05-15T07:00:46-0600]   → Cannot re-trigger: /Users/kai/Documents/Projects/Hyo/bin/agent-self-improve.sh not found/not executable
[2026-05-15T07:00:46-0600]   → Issue logged: q2-ra-2026-05-15 (P1)
[2026-05-15T07:00:46-0600]   Q3 FAIL: stuck at W1/research for 2+ days (failure_count=0)
[2026-05-15T07:00:46-0600]   → Issue logged: q3-ra-2026-05-15 (P1)
[2026-05-15T07:00:46-0600]   Q4 OK (stage=research — research file will be written this cycle, absence expected)
[2026-05-15T07:00:46-0600]   Q7 WARN: no daily-assess file for ra at /Users/kai/Documents/Projects/Hyo/agents/ra/ledger/daily-assess-2026-05-15.json — self-improve ran without 4AM grounding
[2026-05-15T07:00:46-0600]   → Issue logged: q7-no-assess-ra-2026-05-15 (P1)
[2026-05-15T07:00:46-0600]   Q5 OK: failure_count=0 (cap=3)
[2026-05-15T07:00:46-0600] --- dex ---
[2026-05-15T07:00:46-0600]   Q1 OK
[2026-05-15T07:00:46-0600]   Q2 FAIL: last_run empty — state never written
[2026-05-15T07:00:46-0600]   → Cannot re-trigger: /Users/kai/Documents/Projects/Hyo/bin/agent-self-improve.sh not found/not executable
[2026-05-15T07:00:46-0600]   → Issue logged: q2-dex-2026-05-15 (P1)
[2026-05-15T07:00:46-0600]   Q3 FAIL: stuck at W1/research for 2+ days (failure_count=0)
[2026-05-15T07:00:46-0600]   → Issue logged: q3-dex-2026-05-15 (P1)
[2026-05-15T07:00:46-0600]   Q4 OK (stage=research — research file will be written this cycle, absence expected)
[2026-05-15T07:00:46-0600]   Q7 WARN: no daily-assess file for dex at /Users/kai/Documents/Projects/Hyo/agents/dex/ledger/daily-assess-2026-05-15.json — self-improve ran without 4AM grounding
[2026-05-15T07:00:46-0600]   → Issue logged: q7-no-assess-dex-2026-05-15 (P1)
[2026-05-15T07:00:46-0600]   Q5 OK: failure_count=0 (cap=3)
[2026-05-15T07:00:46-0600] --- kai ---
[2026-05-15T07:00:46-0600]   Q1 OK
[2026-05-15T07:00:46-0600]   Q2 FAIL: stale — last written 1251534s ago (>28h)
[2026-05-15T07:00:46-0600]   → Cannot re-trigger: /Users/kai/Documents/Projects/Hyo/bin/agent-self-improve.sh not found/not executable
[2026-05-15T07:00:46-0600]   → Issue logged: q2-kai-2026-05-15 (P1)
[2026-05-15T07:00:46-0600]   Q3 FAIL: stuck at W1/research for 2+ days (failure_count=1)
[2026-05-15T07:00:46-0600]   → Issue logged: q3-kai-2026-05-15 (P1)
[2026-05-15T07:00:46-0600]   Q4 OK (stage=research — research file will be written this cycle, absence expected)
[2026-05-15T07:00:46-0600]   Q7 WARN: no daily-assess file for kai at /Users/kai/Documents/Projects/Hyo/agents/kai/ledger/daily-assess-2026-05-15.json — self-improve ran without 4AM grounding
[2026-05-15T07:00:46-0600]   → Issue logged: q7-no-assess-kai-2026-05-15 (P1)
[2026-05-15T07:00:46-0600]   Q5 OK: failure_count=1 (cap=3)
[2026-05-15T07:00:46-0600] === Health check done: 11 passed | 20 unresolved | 0 auto-fixed ===
[2026-05-15T07:00:46-0600] Summary written: /Users/kai/Documents/Projects/Hyo/kai/ledger/self-improve-health-2026-05-15.json
[2026-05-18T07:00:46-0600] === Self-improve health check: 2026-05-18 ===
[2026-05-18T07:00:46-0600] --- GLOBAL: launchd ---
[2026-05-18T07:00:46-0600]   Q6 OK: kai-autonomous loaded in launchd
[2026-05-18T07:00:46-0600] --- nel ---
[2026-05-18T07:00:46-0600]   Q1 OK
[2026-05-18T07:00:46-0600]   Q2 FAIL: stale — last written 1489151s ago (>28h)
[2026-05-18T07:00:46-0600]   → Cannot re-trigger: /Users/kai/Documents/Projects/Hyo/bin/agent-self-improve.sh not found/not executable
[2026-05-18T07:00:46-0600]   → Issue logged: q2-nel-2026-05-18 (P1)
[2026-05-18T07:00:46-0600]   Q3 FAIL: stuck at W2/verify for 2+ days (failure_count=0)
[2026-05-18T07:00:46-0600]   → Issue logged: q3-nel-2026-05-18 (P1)
[2026-05-18T07:00:46-0600]   Q4 FAIL: stage=verify but no research file at /Users/kai/Documents/Projects/Hyo/agents/nel/research/improvements/W2-2026-05-18.md
[2026-05-18T07:00:46-0600]   → Cannot re-trigger: /Users/kai/Documents/Projects/Hyo/bin/agent-self-improve.sh not found/not executable
[2026-05-18T07:00:46-0600]   → Issue logged: q4-nel-2026-05-18 (P2)
[2026-05-18T07:00:46-0600]   Q7 WARN: no daily-assess file for nel at /Users/kai/Documents/Projects/Hyo/agents/nel/ledger/daily-assess-2026-05-18.json — self-improve ran without 4AM grounding
[2026-05-18T07:00:46-0600]   → Issue logged: q7-no-assess-nel-2026-05-18 (P1)
[2026-05-18T07:00:46-0600]   Q5 OK: failure_count=0 (cap=3)
[2026-05-18T07:00:46-0600] --- sam ---
[2026-05-18T07:00:46-0600]   Q1 OK
[2026-05-18T07:00:46-0600]   Q2 FAIL: stale — last written 1166688s ago (>28h)
[2026-05-18T07:00:46-0600]   → Cannot re-trigger: /Users/kai/Documents/Projects/Hyo/bin/agent-self-improve.sh not found/not executable
[2026-05-18T07:00:46-0600]   → Issue logged: q2-sam-2026-05-18 (P1)
[2026-05-18T07:00:46-0600]   Q3 FAIL: stuck at W1/research for 2+ days (failure_count=1)
[2026-05-18T07:00:46-0600]   → Issue logged: q3-sam-2026-05-18 (P1)
[2026-05-18T07:00:46-0600]   Q4 OK (stage=research — research file will be written this cycle, absence expected)
[2026-05-18T07:00:46-0600]   Q7 WARN: no daily-assess file for sam at /Users/kai/Documents/Projects/Hyo/agents/sam/ledger/daily-assess-2026-05-18.json — self-improve ran without 4AM grounding
[2026-05-18T07:00:46-0600]   → Issue logged: q7-no-assess-sam-2026-05-18 (P1)
[2026-05-18T07:00:46-0600]   Q5 OK: failure_count=1 (cap=3)
[2026-05-18T07:00:46-0600] --- aether ---
[2026-05-18T07:00:46-0600]   Q1 OK
[2026-05-18T07:00:46-0600]   Q2 FAIL: stale — last written 1500169s ago (>28h)
[2026-05-18T07:00:46-0600]   → Cannot re-trigger: /Users/kai/Documents/Projects/Hyo/bin/agent-self-improve.sh not found/not executable
[2026-05-18T07:00:46-0600]   → Issue logged: q2-aether-2026-05-18 (P1)
[2026-05-18T07:00:46-0600]   Q3 FAIL: stuck at W1/verify for 2+ days (failure_count=0)
[2026-05-18T07:00:46-0600]   → Issue logged: q3-aether-2026-05-18 (P1)
[2026-05-18T07:00:46-0600]   Q4 FAIL: stage=verify but no research file at /Users/kai/Documents/Projects/Hyo/agents/aether/research/improvements/W1-2026-05-18.md
[2026-05-18T07:00:46-0600]   → Cannot re-trigger: /Users/kai/Documents/Projects/Hyo/bin/agent-self-improve.sh not found/not executable
[2026-05-18T07:00:46-0600]   → Issue logged: q4-aether-2026-05-18 (P2)
[2026-05-18T07:00:46-0600]   Q7 WARN: no daily-assess file for aether at /Users/kai/Documents/Projects/Hyo/agents/aether/ledger/daily-assess-2026-05-18.json — self-improve ran without 4AM grounding
[2026-05-18T07:00:46-0600]   → Issue logged: q7-no-assess-aether-2026-05-18 (P1)
[2026-05-18T07:00:46-0600]   Q5 OK: failure_count=0 (cap=3)
[2026-05-18T07:00:46-0600] --- ra ---
[2026-05-18T07:00:46-0600]   Q1 OK
[2026-05-18T07:00:46-0600]   Q2 FAIL: last_run empty — state never written
[2026-05-18T07:00:46-0600]   → Cannot re-trigger: /Users/kai/Documents/Projects/Hyo/bin/agent-self-improve.sh not found/not executable
[2026-05-18T07:00:46-0600]   → Issue logged: q2-ra-2026-05-18 (P1)
[2026-05-18T07:00:46-0600]   Q3 FAIL: stuck at W1/research for 2+ days (failure_count=0)
[2026-05-18T07:00:46-0600]   → Issue logged: q3-ra-2026-05-18 (P1)
[2026-05-18T07:00:46-0600]   Q4 OK (stage=research — research file will be written this cycle, absence expected)
[2026-05-18T07:00:46-0600]   Q7 WARN: no daily-assess file for ra at /Users/kai/Documents/Projects/Hyo/agents/ra/ledger/daily-assess-2026-05-18.json — self-improve ran without 4AM grounding
[2026-05-18T07:00:46-0600]   → Issue logged: q7-no-assess-ra-2026-05-18 (P1)
[2026-05-18T07:00:46-0600]   Q5 OK: failure_count=0 (cap=3)
[2026-05-18T07:00:46-0600] --- dex ---
[2026-05-18T07:00:46-0600]   Q1 OK
[2026-05-18T07:00:46-0600]   Q2 FAIL: last_run empty — state never written
[2026-05-18T07:00:46-0600]   → Cannot re-trigger: /Users/kai/Documents/Projects/Hyo/bin/agent-self-improve.sh not found/not executable
[2026-05-18T07:00:46-0600]   → Issue logged: q2-dex-2026-05-18 (P1)
[2026-05-18T07:00:46-0600]   Q3 FAIL: stuck at W1/research for 2+ days (failure_count=0)
[2026-05-18T07:00:46-0600]   → Issue logged: q3-dex-2026-05-18 (P1)
[2026-05-18T07:00:46-0600]   Q4 OK (stage=research — research file will be written this cycle, absence expected)
[2026-05-18T07:00:46-0600]   Q7 WARN: no daily-assess file for dex at /Users/kai/Documents/Projects/Hyo/agents/dex/ledger/daily-assess-2026-05-18.json — self-improve ran without 4AM grounding
[2026-05-18T07:00:46-0600]   → Issue logged: q7-no-assess-dex-2026-05-18 (P1)
[2026-05-18T07:00:46-0600]   Q5 OK: failure_count=0 (cap=3)
[2026-05-18T07:00:46-0600] --- kai ---
[2026-05-18T07:00:46-0600]   Q1 OK
[2026-05-18T07:00:46-0600]   Q2 FAIL: stale — last written 1510734s ago (>28h)
[2026-05-18T07:00:46-0600]   → Cannot re-trigger: /Users/kai/Documents/Projects/Hyo/bin/agent-self-improve.sh not found/not executable
[2026-05-18T07:00:46-0600]   → Issue logged: q2-kai-2026-05-18 (P1)
[2026-05-18T07:00:46-0600]   Q3 FAIL: stuck at W1/research for 2+ days (failure_count=1)
[2026-05-18T07:00:46-0600]   → Issue logged: q3-kai-2026-05-18 (P1)
[2026-05-18T07:00:46-0600]   Q4 OK (stage=research — research file will be written this cycle, absence expected)
[2026-05-18T07:00:46-0600]   Q7 WARN: no daily-assess file for kai at /Users/kai/Documents/Projects/Hyo/agents/kai/ledger/daily-assess-2026-05-18.json — self-improve ran without 4AM grounding
[2026-05-18T07:00:46-0600]   → Issue logged: q7-no-assess-kai-2026-05-18 (P1)
[2026-05-18T07:00:46-0600]   Q5 OK: failure_count=1 (cap=3)
[2026-05-18T07:00:46-0600] === Health check done: 11 passed | 20 unresolved | 0 auto-fixed ===
[2026-05-18T07:00:46-0600] Summary written: /Users/kai/Documents/Projects/Hyo/kai/ledger/self-improve-health-2026-05-18.json
[2026-05-19T07:00:39-0600] === Self-improve health check: 2026-05-19 ===
[2026-05-19T07:00:39-0600] --- GLOBAL: launchd ---
[2026-05-19T07:00:39-0600]   Q6 OK: kai-autonomous loaded in launchd
[2026-05-19T07:00:39-0600] --- nel ---
[2026-05-19T07:00:39-0600]   Q1 OK
[2026-05-19T07:00:39-0600]   Q2 FAIL: stale — last written 1575544s ago (>28h)
[2026-05-19T07:00:39-0600]   → Cannot re-trigger: /Users/kai/Documents/Projects/Hyo/bin/agent-self-improve.sh not found/not executable
[2026-05-19T07:00:39-0600]   → Issue logged: q2-nel-2026-05-19 (P1)
[2026-05-19T07:00:39-0600]   Q3 FAIL: stuck at W2/verify for 2+ days (failure_count=0)
[2026-05-19T07:00:39-0600]   → Issue logged: q3-nel-2026-05-19 (P1)
[2026-05-19T07:00:39-0600]   Q4 FAIL: stage=verify but no research file at /Users/kai/Documents/Projects/Hyo/agents/nel/research/improvements/W2-2026-05-19.md
[2026-05-19T07:00:39-0600]   → Cannot re-trigger: /Users/kai/Documents/Projects/Hyo/bin/agent-self-improve.sh not found/not executable
[2026-05-19T07:00:39-0600]   → Issue logged: q4-nel-2026-05-19 (P2)
[2026-05-19T07:00:39-0600]   Q7 WARN: no daily-assess file for nel at /Users/kai/Documents/Projects/Hyo/agents/nel/ledger/daily-assess-2026-05-19.json — self-improve ran without 4AM grounding
[2026-05-19T07:00:39-0600]   → Issue logged: q7-no-assess-nel-2026-05-19 (P1)
[2026-05-19T07:00:39-0600]   Q5 OK: failure_count=0 (cap=3)
[2026-05-19T07:00:39-0600] --- sam ---
[2026-05-19T07:00:39-0600]   Q1 OK
[2026-05-19T07:00:39-0600]   Q2 FAIL: stale — last written 1253081s ago (>28h)
[2026-05-19T07:00:39-0600]   → Cannot re-trigger: /Users/kai/Documents/Projects/Hyo/bin/agent-self-improve.sh not found/not executable
[2026-05-19T07:00:39-0600]   → Issue logged: q2-sam-2026-05-19 (P1)
[2026-05-19T07:00:39-0600]   Q3 FAIL: stuck at W1/research for 2+ days (failure_count=1)
[2026-05-19T07:00:39-0600]   → Issue logged: q3-sam-2026-05-19 (P1)
[2026-05-19T07:00:39-0600]   Q4 FAIL: research file invalid (auth garbage or no FIX_APPROACH)
[2026-05-19T07:00:39-0600]   → Deleted invalid research file
[2026-05-19T07:00:39-0600]   → Cannot re-trigger: /Users/kai/Documents/Projects/Hyo/bin/agent-self-improve.sh not found/not executable
[2026-05-19T07:00:39-0600]   → Issue logged: q4-sam-2026-05-19 (P1)
[2026-05-19T07:00:39-0600]   Q7 WARN: no daily-assess file for sam at /Users/kai/Documents/Projects/Hyo/agents/sam/ledger/daily-assess-2026-05-19.json — self-improve ran without 4AM grounding
[2026-05-19T07:00:39-0600]   → Issue logged: q7-no-assess-sam-2026-05-19 (P1)
[2026-05-19T07:00:39-0600]   Q5 OK: failure_count=1 (cap=3)
[2026-05-19T07:00:39-0600] --- aether ---
[2026-05-19T07:00:39-0600]   Q1 OK
[2026-05-19T07:00:39-0600]   Q2 FAIL: stale — last written 1586562s ago (>28h)
[2026-05-19T07:00:39-0600]   → Cannot re-trigger: /Users/kai/Documents/Projects/Hyo/bin/agent-self-improve.sh not found/not executable
[2026-05-19T07:00:39-0600]   → Issue logged: q2-aether-2026-05-19 (P1)
[2026-05-19T07:00:39-0600]   Q3 FAIL: stuck at W1/verify for 2+ days (failure_count=0)
[2026-05-19T07:00:39-0600]   → Issue logged: q3-aether-2026-05-19 (P1)
[2026-05-19T07:00:39-0600]   Q4 FAIL: stage=verify but no research file at /Users/kai/Documents/Projects/Hyo/agents/aether/research/improvements/W1-2026-05-19.md
[2026-05-19T07:00:39-0600]   → Cannot re-trigger: /Users/kai/Documents/Projects/Hyo/bin/agent-self-improve.sh not found/not executable
[2026-05-19T07:00:39-0600]   → Issue logged: q4-aether-2026-05-19 (P2)
[2026-05-19T07:00:39-0600]   Q7 WARN: no daily-assess file for aether at /Users/kai/Documents/Projects/Hyo/agents/aether/ledger/daily-assess-2026-05-19.json — self-improve ran without 4AM grounding
[2026-05-19T07:00:39-0600]   → Issue logged: q7-no-assess-aether-2026-05-19 (P1)
[2026-05-19T07:00:39-0600]   Q5 OK: failure_count=0 (cap=3)
[2026-05-19T07:00:39-0600] --- ra ---
[2026-05-19T07:00:39-0600]   Q1 OK
[2026-05-19T07:00:39-0600]   Q2 FAIL: last_run empty — state never written
[2026-05-19T07:00:39-0600]   → Cannot re-trigger: /Users/kai/Documents/Projects/Hyo/bin/agent-self-improve.sh not found/not executable
[2026-05-19T07:00:39-0600]   → Issue logged: q2-ra-2026-05-19 (P1)
[2026-05-19T07:00:39-0600]   Q3 FAIL: stuck at W1/research for 2+ days (failure_count=0)
[2026-05-19T07:00:39-0600]   → Issue logged: q3-ra-2026-05-19 (P1)
[2026-05-19T07:00:39-0600]   Q4 OK (stage=research — research file will be written this cycle, absence expected)
[2026-05-19T07:00:39-0600]   Q7 WARN: no daily-assess file for ra at /Users/kai/Documents/Projects/Hyo/agents/ra/ledger/daily-assess-2026-05-19.json — self-improve ran without 4AM grounding
[2026-05-19T07:00:39-0600]   → Issue logged: q7-no-assess-ra-2026-05-19 (P1)
[2026-05-19T07:00:39-0600]   Q5 OK: failure_count=0 (cap=3)
[2026-05-19T07:00:39-0600] --- dex ---
[2026-05-19T07:00:39-0600]   Q1 OK
[2026-05-19T07:00:39-0600]   Q2 FAIL: last_run empty — state never written
[2026-05-19T07:00:39-0600]   → Cannot re-trigger: /Users/kai/Documents/Projects/Hyo/bin/agent-self-improve.sh not found/not executable
[2026-05-19T07:00:39-0600]   → Issue logged: q2-dex-2026-05-19 (P1)
[2026-05-19T07:00:39-0600]   Q3 FAIL: stuck at W1/research for 2+ days (failure_count=0)
[2026-05-19T07:00:39-0600]   → Issue logged: q3-dex-2026-05-19 (P1)
[2026-05-19T07:00:39-0600]   Q4 OK (stage=research — research file will be written this cycle, absence expected)
[2026-05-19T07:00:39-0600]   Q7 WARN: no daily-assess file for dex at /Users/kai/Documents/Projects/Hyo/agents/dex/ledger/daily-assess-2026-05-19.json — self-improve ran without 4AM grounding
[2026-05-19T07:00:39-0600]   → Issue logged: q7-no-assess-dex-2026-05-19 (P1)
[2026-05-19T07:00:39-0600]   Q5 OK: failure_count=0 (cap=3)
[2026-05-19T07:00:39-0600] --- kai ---
[2026-05-19T07:00:39-0600]   Q1 OK
[2026-05-19T07:00:39-0600]   Q2 FAIL: stale — last written 1597127s ago (>28h)
[2026-05-19T07:00:39-0600]   → Cannot re-trigger: /Users/kai/Documents/Projects/Hyo/bin/agent-self-improve.sh not found/not executable
[2026-05-19T07:00:39-0600]   → Issue logged: q2-kai-2026-05-19 (P1)
[2026-05-19T07:00:39-0600]   Q3 FAIL: stuck at W1/research for 2+ days (failure_count=1)
[2026-05-19T07:00:39-0600]   → Issue logged: q3-kai-2026-05-19 (P1)
[2026-05-19T07:00:39-0600]   Q4 OK (stage=research — research file will be written this cycle, absence expected)
[2026-05-19T07:00:39-0600]   Q7 WARN: no daily-assess file for kai at /Users/kai/Documents/Projects/Hyo/agents/kai/ledger/daily-assess-2026-05-19.json — self-improve ran without 4AM grounding
[2026-05-19T07:00:39-0600]   → Issue logged: q7-no-assess-kai-2026-05-19 (P1)
[2026-05-19T07:00:39-0600]   Q5 OK: failure_count=1 (cap=3)
[2026-05-19T07:00:39-0600] === Health check done: 10 passed | 21 unresolved | 0 auto-fixed ===
[2026-05-19T07:00:39-0600] Summary written: /Users/kai/Documents/Projects/Hyo/kai/ledger/self-improve-health-2026-05-19.json
[2026-05-20T07:00:50-0600] === Self-improve health check: 2026-05-20 ===
[2026-05-20T07:00:50-0600] --- GLOBAL: launchd ---
[2026-05-20T07:00:50-0600]   Q6 OK: kai-autonomous loaded in launchd
[2026-05-20T07:00:50-0600] --- nel ---
[2026-05-20T07:00:50-0600]   Q1 OK
[2026-05-20T07:00:50-0600]   Q2 FAIL: stale — last written 1661955s ago (>28h)
[2026-05-20T07:00:50-0600]   → Cannot re-trigger: /Users/kai/Documents/Projects/Hyo/bin/agent-self-improve.sh not found/not executable
[2026-05-20T07:00:50-0600]   → Issue logged: q2-nel-2026-05-20 (P1)
[2026-05-20T07:00:50-0600]   Q3 FAIL: stuck at W2/verify for 2+ days (failure_count=0)
[2026-05-20T07:00:50-0600]   → Issue logged: q3-nel-2026-05-20 (P1)
[2026-05-20T07:00:50-0600]   Q4 FAIL: stage=verify but no research file at /Users/kai/Documents/Projects/Hyo/agents/nel/research/improvements/W2-2026-05-20.md
[2026-05-20T07:00:50-0600]   → Cannot re-trigger: /Users/kai/Documents/Projects/Hyo/bin/agent-self-improve.sh not found/not executable
[2026-05-20T07:00:50-0600]   → Issue logged: q4-nel-2026-05-20 (P2)
[2026-05-20T07:00:50-0600]   Q7 WARN: no daily-assess file for nel at /Users/kai/Documents/Projects/Hyo/agents/nel/ledger/daily-assess-2026-05-20.json — self-improve ran without 4AM grounding
[2026-05-20T07:00:50-0600]   → Issue logged: q7-no-assess-nel-2026-05-20 (P1)
[2026-05-20T07:00:50-0600]   Q5 OK: failure_count=0 (cap=3)
[2026-05-20T07:00:50-0600] --- sam ---
[2026-05-20T07:00:50-0600]   Q1 OK
[2026-05-20T07:00:50-0600]   Q2 FAIL: stale — last written 1339492s ago (>28h)
[2026-05-20T07:00:50-0600]   → Cannot re-trigger: /Users/kai/Documents/Projects/Hyo/bin/agent-self-improve.sh not found/not executable
[2026-05-20T07:00:50-0600]   → Issue logged: q2-sam-2026-05-20 (P1)
[2026-05-20T07:00:50-0600]   Q3 FAIL: stuck at W1/research for 2+ days (failure_count=1)
[2026-05-20T07:00:50-0600]   → Issue logged: q3-sam-2026-05-20 (P1)
[2026-05-20T07:00:50-0600]   Q4 OK (stage=research — research file will be written this cycle, absence expected)
[2026-05-20T07:00:50-0600]   Q7 WARN: no daily-assess file for sam at /Users/kai/Documents/Projects/Hyo/agents/sam/ledger/daily-assess-2026-05-20.json — self-improve ran without 4AM grounding
[2026-05-20T07:00:50-0600]   → Issue logged: q7-no-assess-sam-2026-05-20 (P1)
[2026-05-20T07:00:50-0600]   Q5 OK: failure_count=1 (cap=3)
[2026-05-20T07:00:50-0600] --- aether ---
[2026-05-20T07:00:50-0600]   Q1 OK
[2026-05-20T07:00:50-0600]   Q2 FAIL: stale — last written 1672973s ago (>28h)
[2026-05-20T07:00:50-0600]   → Cannot re-trigger: /Users/kai/Documents/Projects/Hyo/bin/agent-self-improve.sh not found/not executable
[2026-05-20T07:00:50-0600]   → Issue logged: q2-aether-2026-05-20 (P1)
[2026-05-20T07:00:50-0600]   Q3 FAIL: stuck at W1/verify for 2+ days (failure_count=0)
[2026-05-20T07:00:50-0600]   → Issue logged: q3-aether-2026-05-20 (P1)
[2026-05-20T07:00:50-0600]   Q4 FAIL: stage=verify but no research file at /Users/kai/Documents/Projects/Hyo/agents/aether/research/improvements/W1-2026-05-20.md
[2026-05-20T07:00:50-0600]   → Cannot re-trigger: /Users/kai/Documents/Projects/Hyo/bin/agent-self-improve.sh not found/not executable
[2026-05-20T07:00:50-0600]   → Issue logged: q4-aether-2026-05-20 (P2)
[2026-05-20T07:00:50-0600]   Q7 WARN: no daily-assess file for aether at /Users/kai/Documents/Projects/Hyo/agents/aether/ledger/daily-assess-2026-05-20.json — self-improve ran without 4AM grounding
[2026-05-20T07:00:50-0600]   → Issue logged: q7-no-assess-aether-2026-05-20 (P1)
[2026-05-20T07:00:50-0600]   Q5 OK: failure_count=0 (cap=3)
[2026-05-20T07:00:50-0600] --- ra ---
[2026-05-20T07:00:50-0600]   Q1 OK
[2026-05-20T07:00:50-0600]   Q2 FAIL: last_run empty — state never written
[2026-05-20T07:00:50-0600]   → Cannot re-trigger: /Users/kai/Documents/Projects/Hyo/bin/agent-self-improve.sh not found/not executable
[2026-05-20T07:00:50-0600]   → Issue logged: q2-ra-2026-05-20 (P1)
[2026-05-20T07:00:50-0600]   Q3 FAIL: stuck at W1/research for 2+ days (failure_count=0)
[2026-05-20T07:00:50-0600]   → Issue logged: q3-ra-2026-05-20 (P1)
[2026-05-20T07:00:50-0600]   Q4 OK (stage=research — research file will be written this cycle, absence expected)
[2026-05-20T07:00:50-0600]   Q7 WARN: no daily-assess file for ra at /Users/kai/Documents/Projects/Hyo/agents/ra/ledger/daily-assess-2026-05-20.json — self-improve ran without 4AM grounding
[2026-05-20T07:00:50-0600]   → Issue logged: q7-no-assess-ra-2026-05-20 (P1)
[2026-05-20T07:00:50-0600]   Q5 OK: failure_count=0 (cap=3)
[2026-05-20T07:00:50-0600] --- dex ---
[2026-05-20T07:00:50-0600]   Q1 OK
[2026-05-20T07:00:50-0600]   Q2 FAIL: last_run empty — state never written
[2026-05-20T07:00:50-0600]   → Cannot re-trigger: /Users/kai/Documents/Projects/Hyo/bin/agent-self-improve.sh not found/not executable
[2026-05-20T07:00:50-0600]   → Issue logged: q2-dex-2026-05-20 (P1)
[2026-05-20T07:00:50-0600]   Q3 FAIL: stuck at W1/research for 2+ days (failure_count=0)
[2026-05-20T07:00:50-0600]   → Issue logged: q3-dex-2026-05-20 (P1)
[2026-05-20T07:00:50-0600]   Q4 OK (stage=research — research file will be written this cycle, absence expected)
[2026-05-20T07:00:50-0600]   Q7 WARN: no daily-assess file for dex at /Users/kai/Documents/Projects/Hyo/agents/dex/ledger/daily-assess-2026-05-20.json — self-improve ran without 4AM grounding
[2026-05-20T07:00:50-0600]   → Issue logged: q7-no-assess-dex-2026-05-20 (P1)
[2026-05-20T07:00:50-0600]   Q5 OK: failure_count=0 (cap=3)
[2026-05-20T07:00:50-0600] --- kai ---
[2026-05-20T07:00:50-0600]   Q1 OK
[2026-05-20T07:00:50-0600]   Q2 FAIL: stale — last written 1683538s ago (>28h)
[2026-05-20T07:00:50-0600]   → Cannot re-trigger: /Users/kai/Documents/Projects/Hyo/bin/agent-self-improve.sh not found/not executable
[2026-05-20T07:00:50-0600]   → Issue logged: q2-kai-2026-05-20 (P1)
[2026-05-20T07:00:50-0600]   Q3 FAIL: stuck at W1/research for 2+ days (failure_count=1)
[2026-05-20T07:00:50-0600]   → Issue logged: q3-kai-2026-05-20 (P1)
[2026-05-20T07:00:50-0600]   Q4 OK (stage=research — research file will be written this cycle, absence expected)
[2026-05-20T07:00:50-0600]   Q7 WARN: no daily-assess file for kai at /Users/kai/Documents/Projects/Hyo/agents/kai/ledger/daily-assess-2026-05-20.json — self-improve ran without 4AM grounding
[2026-05-20T07:00:50-0600]   → Issue logged: q7-no-assess-kai-2026-05-20 (P1)
[2026-05-20T07:00:50-0600]   Q5 OK: failure_count=1 (cap=3)
[2026-05-20T07:00:50-0600] === Health check done: 11 passed | 20 unresolved | 0 auto-fixed ===
[2026-05-20T07:00:50-0600] Summary written: /Users/kai/Documents/Projects/Hyo/kai/ledger/self-improve-health-2026-05-20.json
[2026-05-21T07:00:50-0600] === Self-improve health check: 2026-05-21 ===
[2026-05-21T07:00:50-0600] --- GLOBAL: launchd ---
[2026-05-21T07:00:50-0600]   Q6 OK: kai-autonomous loaded in launchd
[2026-05-21T07:00:50-0600] --- nel ---
[2026-05-21T07:00:50-0600]   Q1 OK
[2026-05-21T07:00:50-0600]   Q2 FAIL: stale — last written 1748355s ago (>28h)
[2026-05-21T07:00:50-0600]   → Cannot re-trigger: /Users/kai/Documents/Projects/Hyo/bin/agent-self-improve.sh not found/not executable
[2026-05-21T07:00:50-0600]   → Issue logged: q2-nel-2026-05-21 (P1)
[2026-05-21T07:00:50-0600]   Q3 FAIL: stuck at W2/verify for 2+ days (failure_count=0)
[2026-05-21T07:00:50-0600]   → Issue logged: q3-nel-2026-05-21 (P1)
[2026-05-21T07:00:50-0600]   Q4 FAIL: stage=verify but no research file at /Users/kai/Documents/Projects/Hyo/agents/nel/research/improvements/W2-2026-05-21.md
[2026-05-21T07:00:50-0600]   → Cannot re-trigger: /Users/kai/Documents/Projects/Hyo/bin/agent-self-improve.sh not found/not executable
[2026-05-21T07:00:50-0600]   → Issue logged: q4-nel-2026-05-21 (P2)
[2026-05-21T07:00:50-0600]   Q7 WARN: no daily-assess file for nel at /Users/kai/Documents/Projects/Hyo/agents/nel/ledger/daily-assess-2026-05-21.json — self-improve ran without 4AM grounding
[2026-05-21T07:00:50-0600]   → Issue logged: q7-no-assess-nel-2026-05-21 (P1)
[2026-05-21T07:00:50-0600]   Q5 OK: failure_count=0 (cap=3)
[2026-05-21T07:00:50-0600] --- sam ---
[2026-05-21T07:00:50-0600]   Q1 OK
[2026-05-21T07:00:50-0600]   Q2 FAIL: stale — last written 1425892s ago (>28h)
[2026-05-21T07:00:50-0600]   → Cannot re-trigger: /Users/kai/Documents/Projects/Hyo/bin/agent-self-improve.sh not found/not executable
[2026-05-21T07:00:50-0600]   → Issue logged: q2-sam-2026-05-21 (P1)
[2026-05-21T07:00:50-0600]   Q3 FAIL: stuck at W1/research for 2+ days (failure_count=1)
[2026-05-21T07:00:50-0600]   → Issue logged: q3-sam-2026-05-21 (P1)
[2026-05-21T07:00:50-0600]   Q4 OK (stage=research — research file will be written this cycle, absence expected)
[2026-05-21T07:00:50-0600]   Q7 WARN: no daily-assess file for sam at /Users/kai/Documents/Projects/Hyo/agents/sam/ledger/daily-assess-2026-05-21.json — self-improve ran without 4AM grounding
[2026-05-21T07:00:50-0600]   → Issue logged: q7-no-assess-sam-2026-05-21 (P1)
[2026-05-21T07:00:50-0600]   Q5 OK: failure_count=1 (cap=3)
[2026-05-21T07:00:50-0600] --- aether ---
[2026-05-21T07:00:50-0600]   Q1 OK
[2026-05-21T07:00:50-0600]   Q2 FAIL: stale — last written 1759373s ago (>28h)
[2026-05-21T07:00:50-0600]   → Cannot re-trigger: /Users/kai/Documents/Projects/Hyo/bin/agent-self-improve.sh not found/not executable
[2026-05-21T07:00:50-0600]   → Issue logged: q2-aether-2026-05-21 (P1)
[2026-05-21T07:00:50-0600]   Q3 FAIL: stuck at W1/verify for 2+ days (failure_count=0)
[2026-05-21T07:00:50-0600]   → Issue logged: q3-aether-2026-05-21 (P1)
[2026-05-21T07:00:50-0600]   Q4 FAIL: stage=verify but no research file at /Users/kai/Documents/Projects/Hyo/agents/aether/research/improvements/W1-2026-05-21.md
[2026-05-21T07:00:50-0600]   → Cannot re-trigger: /Users/kai/Documents/Projects/Hyo/bin/agent-self-improve.sh not found/not executable
[2026-05-21T07:00:50-0600]   → Issue logged: q4-aether-2026-05-21 (P2)
[2026-05-21T07:00:50-0600]   Q7 WARN: no daily-assess file for aether at /Users/kai/Documents/Projects/Hyo/agents/aether/ledger/daily-assess-2026-05-21.json — self-improve ran without 4AM grounding
[2026-05-21T07:00:50-0600]   → Issue logged: q7-no-assess-aether-2026-05-21 (P1)
[2026-05-21T07:00:50-0600]   Q5 OK: failure_count=0 (cap=3)
[2026-05-21T07:00:50-0600] --- ra ---
[2026-05-21T07:00:50-0600]   Q1 OK
[2026-05-21T07:00:50-0600]   Q2 FAIL: last_run empty — state never written
[2026-05-21T07:00:50-0600]   → Cannot re-trigger: /Users/kai/Documents/Projects/Hyo/bin/agent-self-improve.sh not found/not executable
[2026-05-21T07:00:50-0600]   → Issue logged: q2-ra-2026-05-21 (P1)
[2026-05-21T07:00:50-0600]   Q3 FAIL: stuck at W1/research for 2+ days (failure_count=0)
[2026-05-21T07:00:50-0600]   → Issue logged: q3-ra-2026-05-21 (P1)
[2026-05-21T07:00:50-0600]   Q4 OK (stage=research — research file will be written this cycle, absence expected)
[2026-05-21T07:00:50-0600]   Q7 WARN: no daily-assess file for ra at /Users/kai/Documents/Projects/Hyo/agents/ra/ledger/daily-assess-2026-05-21.json — self-improve ran without 4AM grounding
[2026-05-21T07:00:50-0600]   → Issue logged: q7-no-assess-ra-2026-05-21 (P1)
[2026-05-21T07:00:50-0600]   Q5 OK: failure_count=0 (cap=3)
[2026-05-21T07:00:50-0600] --- dex ---
[2026-05-21T07:00:50-0600]   Q1 OK
[2026-05-21T07:00:50-0600]   Q2 FAIL: last_run empty — state never written
[2026-05-21T07:00:50-0600]   → Cannot re-trigger: /Users/kai/Documents/Projects/Hyo/bin/agent-self-improve.sh not found/not executable
[2026-05-21T07:00:50-0600]   → Issue logged: q2-dex-2026-05-21 (P1)
[2026-05-21T07:00:50-0600]   Q3 FAIL: stuck at W1/research for 2+ days (failure_count=0)
[2026-05-21T07:00:50-0600]   → Issue logged: q3-dex-2026-05-21 (P1)
[2026-05-21T07:00:50-0600]   Q4 OK (stage=research — research file will be written this cycle, absence expected)
[2026-05-21T07:00:50-0600]   Q7 WARN: no daily-assess file for dex at /Users/kai/Documents/Projects/Hyo/agents/dex/ledger/daily-assess-2026-05-21.json — self-improve ran without 4AM grounding
[2026-05-21T07:00:50-0600]   → Issue logged: q7-no-assess-dex-2026-05-21 (P1)
[2026-05-21T07:00:50-0600]   Q5 OK: failure_count=0 (cap=3)
[2026-05-21T07:00:50-0600] --- kai ---
[2026-05-21T07:00:50-0600]   Q1 OK
[2026-05-21T07:00:50-0600]   Q2 FAIL: stale — last written 1769938s ago (>28h)
[2026-05-21T07:00:50-0600]   → Cannot re-trigger: /Users/kai/Documents/Projects/Hyo/bin/agent-self-improve.sh not found/not executable
[2026-05-21T07:00:50-0600]   → Issue logged: q2-kai-2026-05-21 (P1)
[2026-05-21T07:00:50-0600]   Q3 FAIL: stuck at W1/research for 2+ days (failure_count=1)
[2026-05-21T07:00:50-0600]   → Issue logged: q3-kai-2026-05-21 (P1)
[2026-05-21T07:00:50-0600]   Q4 OK (stage=research — research file will be written this cycle, absence expected)
[2026-05-21T07:00:50-0600]   Q7 WARN: no daily-assess file for kai at /Users/kai/Documents/Projects/Hyo/agents/kai/ledger/daily-assess-2026-05-21.json — self-improve ran without 4AM grounding
[2026-05-21T07:00:50-0600]   → Issue logged: q7-no-assess-kai-2026-05-21 (P1)
[2026-05-21T07:00:50-0600]   Q5 OK: failure_count=1 (cap=3)
[2026-05-21T07:00:50-0600] === Health check done: 11 passed | 20 unresolved | 0 auto-fixed ===
[2026-05-21T07:00:50-0600] Summary written: /Users/kai/Documents/Projects/Hyo/kai/ledger/self-improve-health-2026-05-21.json
[2026-05-22T07:00:49-0600] === Self-improve health check: 2026-05-22 ===
[2026-05-22T07:00:49-0600] --- GLOBAL: launchd ---
[2026-05-22T07:00:49-0600]   Q6 OK: kai-autonomous loaded in launchd
[2026-05-22T07:00:49-0600] --- nel ---
[2026-05-22T07:00:49-0600]   Q1 OK
[2026-05-22T07:00:49-0600]   Q2 FAIL: stale — last written 1834754s ago (>28h)
[2026-05-22T07:00:49-0600]   → Cannot re-trigger: /Users/kai/Documents/Projects/Hyo/bin/agent-self-improve.sh not found/not executable
[2026-05-22T07:00:49-0600]   → Issue logged: q2-nel-2026-05-22 (P1)
[2026-05-22T07:00:49-0600]   Q3 FAIL: stuck at W2/verify for 2+ days (failure_count=0)
[2026-05-22T07:00:49-0600]   → Issue logged: q3-nel-2026-05-22 (P1)
[2026-05-22T07:00:49-0600]   Q4 FAIL: stage=verify but no research file at /Users/kai/Documents/Projects/Hyo/agents/nel/research/improvements/W2-2026-05-22.md
[2026-05-22T07:00:49-0600]   → Cannot re-trigger: /Users/kai/Documents/Projects/Hyo/bin/agent-self-improve.sh not found/not executable
[2026-05-22T07:00:49-0600]   → Issue logged: q4-nel-2026-05-22 (P2)
[2026-05-22T07:00:49-0600]   Q7 WARN: no daily-assess file for nel at /Users/kai/Documents/Projects/Hyo/agents/nel/ledger/daily-assess-2026-05-22.json — self-improve ran without 4AM grounding
[2026-05-22T07:00:49-0600]   → Issue logged: q7-no-assess-nel-2026-05-22 (P1)
[2026-05-22T07:00:49-0600]   Q5 OK: failure_count=0 (cap=3)
[2026-05-22T07:00:49-0600] --- sam ---
[2026-05-22T07:00:49-0600]   Q1 OK
[2026-05-22T07:00:49-0600]   Q2 FAIL: stale — last written 1512291s ago (>28h)
[2026-05-22T07:00:49-0600]   → Cannot re-trigger: /Users/kai/Documents/Projects/Hyo/bin/agent-self-improve.sh not found/not executable
[2026-05-22T07:00:49-0600]   → Issue logged: q2-sam-2026-05-22 (P1)
[2026-05-22T07:00:49-0600]   Q3 FAIL: stuck at W1/research for 2+ days (failure_count=1)
[2026-05-22T07:00:49-0600]   → Issue logged: q3-sam-2026-05-22 (P1)
[2026-05-22T07:00:49-0600]   Q4 OK (stage=research — research file will be written this cycle, absence expected)
[2026-05-22T07:00:49-0600]   Q7 WARN: no daily-assess file for sam at /Users/kai/Documents/Projects/Hyo/agents/sam/ledger/daily-assess-2026-05-22.json — self-improve ran without 4AM grounding
[2026-05-22T07:00:49-0600]   → Issue logged: q7-no-assess-sam-2026-05-22 (P1)
[2026-05-22T07:00:49-0600]   Q5 OK: failure_count=1 (cap=3)
[2026-05-22T07:00:49-0600] --- aether ---
[2026-05-22T07:00:49-0600]   Q1 OK
[2026-05-22T07:00:49-0600]   Q2 FAIL: stale — last written 1845772s ago (>28h)
[2026-05-22T07:00:49-0600]   → Cannot re-trigger: /Users/kai/Documents/Projects/Hyo/bin/agent-self-improve.sh not found/not executable
[2026-05-22T07:00:49-0600]   → Issue logged: q2-aether-2026-05-22 (P1)
[2026-05-22T07:00:49-0600]   Q3 FAIL: stuck at W1/verify for 2+ days (failure_count=0)
[2026-05-22T07:00:49-0600]   → Issue logged: q3-aether-2026-05-22 (P1)
[2026-05-22T07:00:49-0600]   Q4 FAIL: stage=verify but no research file at /Users/kai/Documents/Projects/Hyo/agents/aether/research/improvements/W1-2026-05-22.md
[2026-05-22T07:00:49-0600]   → Cannot re-trigger: /Users/kai/Documents/Projects/Hyo/bin/agent-self-improve.sh not found/not executable
[2026-05-22T07:00:49-0600]   → Issue logged: q4-aether-2026-05-22 (P2)
[2026-05-22T07:00:49-0600]   Q7 WARN: no daily-assess file for aether at /Users/kai/Documents/Projects/Hyo/agents/aether/ledger/daily-assess-2026-05-22.json — self-improve ran without 4AM grounding
[2026-05-22T07:00:49-0600]   → Issue logged: q7-no-assess-aether-2026-05-22 (P1)
[2026-05-22T07:00:49-0600]   Q5 OK: failure_count=0 (cap=3)
[2026-05-22T07:00:49-0600] --- ra ---
[2026-05-22T07:00:49-0600]   Q1 OK
[2026-05-22T07:00:49-0600]   Q2 FAIL: last_run empty — state never written
[2026-05-22T07:00:49-0600]   → Cannot re-trigger: /Users/kai/Documents/Projects/Hyo/bin/agent-self-improve.sh not found/not executable
[2026-05-22T07:00:49-0600]   → Issue logged: q2-ra-2026-05-22 (P1)
[2026-05-22T07:00:49-0600]   Q3 FAIL: stuck at W1/research for 2+ days (failure_count=0)
[2026-05-22T07:00:49-0600]   → Issue logged: q3-ra-2026-05-22 (P1)
[2026-05-22T07:00:49-0600]   Q4 OK (stage=research — research file will be written this cycle, absence expected)
[2026-05-22T07:00:49-0600]   Q7 WARN: no daily-assess file for ra at /Users/kai/Documents/Projects/Hyo/agents/ra/ledger/daily-assess-2026-05-22.json — self-improve ran without 4AM grounding
[2026-05-22T07:00:49-0600]   → Issue logged: q7-no-assess-ra-2026-05-22 (P1)
[2026-05-22T07:00:49-0600]   Q5 OK: failure_count=0 (cap=3)
[2026-05-22T07:00:49-0600] --- dex ---
[2026-05-22T07:00:49-0600]   Q1 OK
[2026-05-22T07:00:49-0600]   Q2 FAIL: last_run empty — state never written
[2026-05-22T07:00:49-0600]   → Cannot re-trigger: /Users/kai/Documents/Projects/Hyo/bin/agent-self-improve.sh not found/not executable
[2026-05-22T07:00:49-0600]   → Issue logged: q2-dex-2026-05-22 (P1)
[2026-05-22T07:00:49-0600]   Q3 FAIL: stuck at W1/research for 2+ days (failure_count=0)
[2026-05-22T07:00:49-0600]   → Issue logged: q3-dex-2026-05-22 (P1)
[2026-05-22T07:00:49-0600]   Q4 OK (stage=research — research file will be written this cycle, absence expected)
[2026-05-22T07:00:49-0600]   Q7 WARN: no daily-assess file for dex at /Users/kai/Documents/Projects/Hyo/agents/dex/ledger/daily-assess-2026-05-22.json — self-improve ran without 4AM grounding
[2026-05-22T07:00:49-0600]   → Issue logged: q7-no-assess-dex-2026-05-22 (P1)
[2026-05-22T07:00:49-0600]   Q5 OK: failure_count=0 (cap=3)
[2026-05-22T07:00:49-0600] --- kai ---
[2026-05-22T07:00:49-0600]   Q1 OK
[2026-05-22T07:00:49-0600]   Q2 FAIL: stale — last written 1856337s ago (>28h)
[2026-05-22T07:00:49-0600]   → Cannot re-trigger: /Users/kai/Documents/Projects/Hyo/bin/agent-self-improve.sh not found/not executable
[2026-05-22T07:00:49-0600]   → Issue logged: q2-kai-2026-05-22 (P1)
[2026-05-22T07:00:49-0600]   Q3 FAIL: stuck at W1/research for 2+ days (failure_count=1)
[2026-05-22T07:00:49-0600]   → Issue logged: q3-kai-2026-05-22 (P1)
[2026-05-22T07:00:49-0600]   Q4 OK (stage=research — research file will be written this cycle, absence expected)
[2026-05-22T07:00:49-0600]   Q7 WARN: no daily-assess file for kai at /Users/kai/Documents/Projects/Hyo/agents/kai/ledger/daily-assess-2026-05-22.json — self-improve ran without 4AM grounding
[2026-05-22T07:00:49-0600]   → Issue logged: q7-no-assess-kai-2026-05-22 (P1)
[2026-05-22T07:00:49-0600]   Q5 OK: failure_count=1 (cap=3)
[2026-05-22T07:00:49-0600] === Health check done: 11 passed | 20 unresolved | 0 auto-fixed ===
[2026-05-22T07:00:49-0600] Summary written: /Users/kai/Documents/Projects/Hyo/kai/ledger/self-improve-health-2026-05-22.json
[2026-05-25T07:00:46-0600] === Self-improve health check: 2026-05-25 ===
[2026-05-25T07:00:46-0600] --- GLOBAL: launchd ---
[2026-05-25T07:00:46-0600]   Q6 OK: kai-autonomous loaded in launchd
[2026-05-25T07:00:46-0600] --- nel ---
[2026-05-25T07:00:46-0600]   Q1 OK
[2026-05-25T07:00:46-0600]   Q2 FAIL: stale — last written 2093951s ago (>28h)
[2026-05-25T07:00:46-0600]   → Cannot re-trigger: /Users/kai/Documents/Projects/Hyo/bin/agent-self-improve.sh not found/not executable
[2026-05-25T07:00:46-0600]   → Issue logged: q2-nel-2026-05-25 (P1)
[2026-05-25T07:00:46-0600]   Q3 FAIL: stuck at W2/verify for 2+ days (failure_count=0)
[2026-05-25T07:00:46-0600]   → Issue logged: q3-nel-2026-05-25 (P1)
[2026-05-25T07:00:46-0600]   Q4 FAIL: stage=verify but no research file at /Users/kai/Documents/Projects/Hyo/agents/nel/research/improvements/W2-2026-05-25.md
[2026-05-25T07:00:46-0600]   → Cannot re-trigger: /Users/kai/Documents/Projects/Hyo/bin/agent-self-improve.sh not found/not executable
[2026-05-25T07:00:46-0600]   → Issue logged: q4-nel-2026-05-25 (P2)
[2026-05-25T07:00:46-0600]   Q7 WARN: no daily-assess file for nel at /Users/kai/Documents/Projects/Hyo/agents/nel/ledger/daily-assess-2026-05-25.json — self-improve ran without 4AM grounding
[2026-05-25T07:00:46-0600]   → Issue logged: q7-no-assess-nel-2026-05-25 (P1)
[2026-05-25T07:00:46-0600]   Q5 OK: failure_count=0 (cap=3)
[2026-05-25T07:00:46-0600] --- sam ---
[2026-05-25T07:00:46-0600]   Q1 OK
[2026-05-25T07:00:46-0600]   Q2 FAIL: stale — last written 1771488s ago (>28h)
[2026-05-25T07:00:46-0600]   → Cannot re-trigger: /Users/kai/Documents/Projects/Hyo/bin/agent-self-improve.sh not found/not executable
[2026-05-25T07:00:46-0600]   → Issue logged: q2-sam-2026-05-25 (P1)
[2026-05-25T07:00:46-0600]   Q3 FAIL: stuck at W1/research for 2+ days (failure_count=1)
[2026-05-25T07:00:46-0600]   → Issue logged: q3-sam-2026-05-25 (P1)
[2026-05-25T07:00:46-0600]   Q4 OK (stage=research — research file will be written this cycle, absence expected)
[2026-05-25T07:00:46-0600]   Q7 WARN: no daily-assess file for sam at /Users/kai/Documents/Projects/Hyo/agents/sam/ledger/daily-assess-2026-05-25.json — self-improve ran without 4AM grounding
[2026-05-25T07:00:46-0600]   → Issue logged: q7-no-assess-sam-2026-05-25 (P1)
[2026-05-25T07:00:46-0600]   Q5 OK: failure_count=1 (cap=3)
[2026-05-25T07:00:46-0600] --- aether ---
[2026-05-25T07:00:46-0600]   Q1 OK
[2026-05-25T07:00:46-0600]   Q2 FAIL: stale — last written 2104969s ago (>28h)
[2026-05-25T07:00:46-0600]   → Cannot re-trigger: /Users/kai/Documents/Projects/Hyo/bin/agent-self-improve.sh not found/not executable
[2026-05-25T07:00:46-0600]   → Issue logged: q2-aether-2026-05-25 (P1)
[2026-05-25T07:00:46-0600]   Q3 FAIL: stuck at W1/verify for 2+ days (failure_count=0)
[2026-05-25T07:00:46-0600]   → Issue logged: q3-aether-2026-05-25 (P1)
[2026-05-25T07:00:46-0600]   Q4 FAIL: stage=verify but no research file at /Users/kai/Documents/Projects/Hyo/agents/aether/research/improvements/W1-2026-05-25.md
[2026-05-25T07:00:46-0600]   → Cannot re-trigger: /Users/kai/Documents/Projects/Hyo/bin/agent-self-improve.sh not found/not executable
[2026-05-25T07:00:46-0600]   → Issue logged: q4-aether-2026-05-25 (P2)
[2026-05-25T07:00:46-0600]   Q7 WARN: no daily-assess file for aether at /Users/kai/Documents/Projects/Hyo/agents/aether/ledger/daily-assess-2026-05-25.json — self-improve ran without 4AM grounding
[2026-05-25T07:00:46-0600]   → Issue logged: q7-no-assess-aether-2026-05-25 (P1)
[2026-05-25T07:00:46-0600]   Q5 OK: failure_count=0 (cap=3)
[2026-05-25T07:00:46-0600] --- ra ---
[2026-05-25T07:00:46-0600]   Q1 OK
[2026-05-25T07:00:46-0600]   Q2 FAIL: last_run empty — state never written
[2026-05-25T07:00:46-0600]   → Cannot re-trigger: /Users/kai/Documents/Projects/Hyo/bin/agent-self-improve.sh not found/not executable
[2026-05-25T07:00:46-0600]   → Issue logged: q2-ra-2026-05-25 (P1)
[2026-05-25T07:00:46-0600]   Q3 FAIL: stuck at W1/research for 2+ days (failure_count=0)
[2026-05-25T07:00:46-0600]   → Issue logged: q3-ra-2026-05-25 (P1)
[2026-05-25T07:00:46-0600]   Q4 OK (stage=research — research file will be written this cycle, absence expected)
[2026-05-25T07:00:46-0600]   Q7 WARN: no daily-assess file for ra at /Users/kai/Documents/Projects/Hyo/agents/ra/ledger/daily-assess-2026-05-25.json — self-improve ran without 4AM grounding
[2026-05-25T07:00:46-0600]   → Issue logged: q7-no-assess-ra-2026-05-25 (P1)
[2026-05-25T07:00:46-0600]   Q5 OK: failure_count=0 (cap=3)
[2026-05-25T07:00:46-0600] --- dex ---
[2026-05-25T07:00:46-0600]   Q1 OK
[2026-05-25T07:00:46-0600]   Q2 FAIL: last_run empty — state never written
[2026-05-25T07:00:46-0600]   → Cannot re-trigger: /Users/kai/Documents/Projects/Hyo/bin/agent-self-improve.sh not found/not executable
[2026-05-25T07:00:46-0600]   → Issue logged: q2-dex-2026-05-25 (P1)
[2026-05-25T07:00:46-0600]   Q3 FAIL: stuck at W1/research for 2+ days (failure_count=0)
[2026-05-25T07:00:46-0600]   → Issue logged: q3-dex-2026-05-25 (P1)
[2026-05-25T07:00:46-0600]   Q4 OK (stage=research — research file will be written this cycle, absence expected)
[2026-05-25T07:00:46-0600]   Q7 WARN: no daily-assess file for dex at /Users/kai/Documents/Projects/Hyo/agents/dex/ledger/daily-assess-2026-05-25.json — self-improve ran without 4AM grounding
[2026-05-25T07:00:46-0600]   → Issue logged: q7-no-assess-dex-2026-05-25 (P1)
[2026-05-25T07:00:46-0600]   Q5 OK: failure_count=0 (cap=3)
[2026-05-25T07:00:46-0600] --- kai ---
[2026-05-25T07:00:46-0600]   Q1 OK
[2026-05-25T07:00:46-0600]   Q2 FAIL: stale — last written 2115534s ago (>28h)
[2026-05-25T07:00:46-0600]   → Cannot re-trigger: /Users/kai/Documents/Projects/Hyo/bin/agent-self-improve.sh not found/not executable
[2026-05-25T07:00:46-0600]   → Issue logged: q2-kai-2026-05-25 (P1)
[2026-05-25T07:00:46-0600]   Q3 FAIL: stuck at W1/research for 2+ days (failure_count=1)
[2026-05-25T07:00:46-0600]   → Issue logged: q3-kai-2026-05-25 (P1)
[2026-05-25T07:00:46-0600]   Q4 OK (stage=research — research file will be written this cycle, absence expected)
[2026-05-25T07:00:46-0600]   Q7 WARN: no daily-assess file for kai at /Users/kai/Documents/Projects/Hyo/agents/kai/ledger/daily-assess-2026-05-25.json — self-improve ran without 4AM grounding
[2026-05-25T07:00:46-0600]   → Issue logged: q7-no-assess-kai-2026-05-25 (P1)
[2026-05-25T07:00:46-0600]   Q5 OK: failure_count=1 (cap=3)
[2026-05-25T07:00:46-0600] === Health check done: 11 passed | 20 unresolved | 0 auto-fixed ===
[2026-05-25T07:00:46-0600] Summary written: /Users/kai/Documents/Projects/Hyo/kai/ledger/self-improve-health-2026-05-25.json
[2026-05-26T07:00:48-0600] === Self-improve health check: 2026-05-26 ===
[2026-05-26T07:00:48-0600] --- GLOBAL: launchd ---
[2026-05-26T07:00:48-0600]   Q6 OK: kai-autonomous loaded in launchd
[2026-05-26T07:00:48-0600] --- nel ---
[2026-05-26T07:00:48-0600]   Q1 OK
[2026-05-26T07:00:48-0600]   Q2 FAIL: stale — last written 2180353s ago (>28h)
[2026-05-26T07:00:48-0600]   → Cannot re-trigger: /Users/kai/Documents/Projects/Hyo/bin/agent-self-improve.sh not found/not executable
[2026-05-26T07:00:48-0600]   → Issue logged: q2-nel-2026-05-26 (P1)
[2026-05-26T07:00:48-0600]   Q3 FAIL: stuck at W2/verify for 2+ days (failure_count=0)
[2026-05-26T07:00:48-0600]   → Issue logged: q3-nel-2026-05-26 (P1)
[2026-05-26T07:00:48-0600]   Q4 FAIL: stage=verify but no research file at /Users/kai/Documents/Projects/Hyo/agents/nel/research/improvements/W2-2026-05-26.md
[2026-05-26T07:00:48-0600]   → Cannot re-trigger: /Users/kai/Documents/Projects/Hyo/bin/agent-self-improve.sh not found/not executable
[2026-05-26T07:00:48-0600]   → Issue logged: q4-nel-2026-05-26 (P2)
[2026-05-26T07:00:48-0600]   Q7 WARN: no daily-assess file for nel at /Users/kai/Documents/Projects/Hyo/agents/nel/ledger/daily-assess-2026-05-26.json — self-improve ran without 4AM grounding
[2026-05-26T07:00:48-0600]   → Issue logged: q7-no-assess-nel-2026-05-26 (P1)
[2026-05-26T07:00:48-0600]   Q5 OK: failure_count=0 (cap=3)
[2026-05-26T07:00:48-0600] --- sam ---
[2026-05-26T07:00:48-0600]   Q1 OK
[2026-05-26T07:00:48-0600]   Q2 FAIL: stale — last written 1857890s ago (>28h)
[2026-05-26T07:00:48-0600]   → Cannot re-trigger: /Users/kai/Documents/Projects/Hyo/bin/agent-self-improve.sh not found/not executable
[2026-05-26T07:00:48-0600]   → Issue logged: q2-sam-2026-05-26 (P1)
[2026-05-26T07:00:48-0600]   Q3 FAIL: stuck at W1/research for 2+ days (failure_count=1)
[2026-05-26T07:00:48-0600]   → Issue logged: q3-sam-2026-05-26 (P1)
[2026-05-26T07:00:48-0600]   Q4 OK (stage=research — research file will be written this cycle, absence expected)
[2026-05-26T07:00:48-0600]   Q7 WARN: no daily-assess file for sam at /Users/kai/Documents/Projects/Hyo/agents/sam/ledger/daily-assess-2026-05-26.json — self-improve ran without 4AM grounding
[2026-05-26T07:00:48-0600]   → Issue logged: q7-no-assess-sam-2026-05-26 (P1)
[2026-05-26T07:00:48-0600]   Q5 OK: failure_count=1 (cap=3)
[2026-05-26T07:00:48-0600] --- aether ---
[2026-05-26T07:00:48-0600]   Q1 OK
[2026-05-26T07:00:48-0600]   Q2 FAIL: stale — last written 2191371s ago (>28h)
[2026-05-26T07:00:48-0600]   → Cannot re-trigger: /Users/kai/Documents/Projects/Hyo/bin/agent-self-improve.sh not found/not executable
[2026-05-26T07:00:48-0600]   → Issue logged: q2-aether-2026-05-26 (P1)
[2026-05-26T07:00:48-0600]   Q3 FAIL: stuck at W1/verify for 2+ days (failure_count=0)
[2026-05-26T07:00:48-0600]   → Issue logged: q3-aether-2026-05-26 (P1)
[2026-05-26T07:00:48-0600]   Q4 FAIL: stage=verify but no research file at /Users/kai/Documents/Projects/Hyo/agents/aether/research/improvements/W1-2026-05-26.md
[2026-05-26T07:00:48-0600]   → Cannot re-trigger: /Users/kai/Documents/Projects/Hyo/bin/agent-self-improve.sh not found/not executable
[2026-05-26T07:00:48-0600]   → Issue logged: q4-aether-2026-05-26 (P2)
[2026-05-26T07:00:48-0600]   Q7 WARN: no daily-assess file for aether at /Users/kai/Documents/Projects/Hyo/agents/aether/ledger/daily-assess-2026-05-26.json — self-improve ran without 4AM grounding
[2026-05-26T07:00:48-0600]   → Issue logged: q7-no-assess-aether-2026-05-26 (P1)
[2026-05-26T07:00:48-0600]   Q5 OK: failure_count=0 (cap=3)
[2026-05-26T07:00:48-0600] --- ra ---
[2026-05-26T07:00:48-0600]   Q1 OK
[2026-05-26T07:00:48-0600]   Q2 FAIL: last_run empty — state never written
[2026-05-26T07:00:48-0600]   → Cannot re-trigger: /Users/kai/Documents/Projects/Hyo/bin/agent-self-improve.sh not found/not executable
[2026-05-26T07:00:48-0600]   → Issue logged: q2-ra-2026-05-26 (P1)
[2026-05-26T07:00:48-0600]   Q3 FAIL: stuck at W1/research for 2+ days (failure_count=0)
[2026-05-26T07:00:48-0600]   → Issue logged: q3-ra-2026-05-26 (P1)
[2026-05-26T07:00:48-0600]   Q4 OK (stage=research — research file will be written this cycle, absence expected)
[2026-05-26T07:00:48-0600]   Q7 WARN: no daily-assess file for ra at /Users/kai/Documents/Projects/Hyo/agents/ra/ledger/daily-assess-2026-05-26.json — self-improve ran without 4AM grounding
[2026-05-26T07:00:48-0600]   → Issue logged: q7-no-assess-ra-2026-05-26 (P1)
[2026-05-26T07:00:48-0600]   Q5 OK: failure_count=0 (cap=3)
[2026-05-26T07:00:48-0600] --- dex ---
[2026-05-26T07:00:48-0600]   Q1 OK
[2026-05-26T07:00:48-0600]   Q2 FAIL: last_run empty — state never written
[2026-05-26T07:00:48-0600]   → Cannot re-trigger: /Users/kai/Documents/Projects/Hyo/bin/agent-self-improve.sh not found/not executable
[2026-05-26T07:00:48-0600]   → Issue logged: q2-dex-2026-05-26 (P1)
[2026-05-26T07:00:48-0600]   Q3 FAIL: stuck at W1/research for 2+ days (failure_count=0)
[2026-05-26T07:00:48-0600]   → Issue logged: q3-dex-2026-05-26 (P1)
[2026-05-26T07:00:48-0600]   Q4 OK (stage=research — research file will be written this cycle, absence expected)
[2026-05-26T07:00:48-0600]   Q7 WARN: no daily-assess file for dex at /Users/kai/Documents/Projects/Hyo/agents/dex/ledger/daily-assess-2026-05-26.json — self-improve ran without 4AM grounding
[2026-05-26T07:00:48-0600]   → Issue logged: q7-no-assess-dex-2026-05-26 (P1)
[2026-05-26T07:00:48-0600]   Q5 OK: failure_count=0 (cap=3)
[2026-05-26T07:00:48-0600] --- kai ---
[2026-05-26T07:00:48-0600]   Q1 OK
[2026-05-26T07:00:48-0600]   Q2 FAIL: stale — last written 2201936s ago (>28h)
[2026-05-26T07:00:48-0600]   → Cannot re-trigger: /Users/kai/Documents/Projects/Hyo/bin/agent-self-improve.sh not found/not executable
[2026-05-26T07:00:48-0600]   → Issue logged: q2-kai-2026-05-26 (P1)
[2026-05-26T07:00:48-0600]   Q3 FAIL: stuck at W1/research for 2+ days (failure_count=1)
[2026-05-26T07:00:48-0600]   → Issue logged: q3-kai-2026-05-26 (P1)
[2026-05-26T07:00:48-0600]   Q4 OK (stage=research — research file will be written this cycle, absence expected)
[2026-05-26T07:00:48-0600]   Q7 WARN: no daily-assess file for kai at /Users/kai/Documents/Projects/Hyo/agents/kai/ledger/daily-assess-2026-05-26.json — self-improve ran without 4AM grounding
[2026-05-26T07:00:48-0600]   → Issue logged: q7-no-assess-kai-2026-05-26 (P1)
[2026-05-26T07:00:48-0600]   Q5 OK: failure_count=1 (cap=3)
[2026-05-26T07:00:48-0600] === Health check done: 11 passed | 20 unresolved | 0 auto-fixed ===
[2026-05-26T07:00:48-0600] Summary written: /Users/kai/Documents/Projects/Hyo/kai/ledger/self-improve-health-2026-05-26.json
[2026-05-27T07:00:50-0600] === Self-improve health check: 2026-05-27 ===
[2026-05-27T07:00:50-0600] --- GLOBAL: launchd ---
[2026-05-27T07:00:50-0600]   Q6 OK: kai-autonomous loaded in launchd
[2026-05-27T07:00:50-0600] --- nel ---
[2026-05-27T07:00:50-0600]   Q1 OK
[2026-05-27T07:00:50-0600]   Q2 FAIL: stale — last written 2266755s ago (>28h)
[2026-05-27T07:00:50-0600]   → Cannot re-trigger: /Users/kai/Documents/Projects/Hyo/bin/agent-self-improve.sh not found/not executable
[2026-05-27T07:00:50-0600]   → Issue logged: q2-nel-2026-05-27 (P1)
[2026-05-27T07:00:50-0600]   Q3 FAIL: stuck at W2/verify for 2+ days (failure_count=0)
[2026-05-27T07:00:50-0600]   → Issue logged: q3-nel-2026-05-27 (P1)
[2026-05-27T07:00:50-0600]   Q4 FAIL: stage=verify but no research file at /Users/kai/Documents/Projects/Hyo/agents/nel/research/improvements/W2-2026-05-27.md
[2026-05-27T07:00:50-0600]   → Cannot re-trigger: /Users/kai/Documents/Projects/Hyo/bin/agent-self-improve.sh not found/not executable
[2026-05-27T07:00:50-0600]   → Issue logged: q4-nel-2026-05-27 (P2)
[2026-05-27T07:00:50-0600]   Q7 WARN: no daily-assess file for nel at /Users/kai/Documents/Projects/Hyo/agents/nel/ledger/daily-assess-2026-05-27.json — self-improve ran without 4AM grounding
[2026-05-27T07:00:50-0600]   → Issue logged: q7-no-assess-nel-2026-05-27 (P1)
[2026-05-27T07:00:50-0600]   Q5 OK: failure_count=0 (cap=3)
[2026-05-27T07:00:50-0600] --- sam ---
[2026-05-27T07:00:50-0600]   Q1 OK
[2026-05-27T07:00:50-0600]   Q2 FAIL: stale — last written 1944292s ago (>28h)
[2026-05-27T07:00:50-0600]   → Cannot re-trigger: /Users/kai/Documents/Projects/Hyo/bin/agent-self-improve.sh not found/not executable
[2026-05-27T07:00:50-0600]   → Issue logged: q2-sam-2026-05-27 (P1)
[2026-05-27T07:00:50-0600]   Q3 FAIL: stuck at W1/research for 2+ days (failure_count=1)
[2026-05-27T07:00:50-0600]   → Issue logged: q3-sam-2026-05-27 (P1)
[2026-05-27T07:00:50-0600]   Q4 OK (stage=research — research file will be written this cycle, absence expected)
[2026-05-27T07:00:50-0600]   Q7 WARN: no daily-assess file for sam at /Users/kai/Documents/Projects/Hyo/agents/sam/ledger/daily-assess-2026-05-27.json — self-improve ran without 4AM grounding
[2026-05-27T07:00:50-0600]   → Issue logged: q7-no-assess-sam-2026-05-27 (P1)
[2026-05-27T07:00:50-0600]   Q5 OK: failure_count=1 (cap=3)
[2026-05-27T07:00:50-0600] --- aether ---
[2026-05-27T07:00:50-0600]   Q1 OK
[2026-05-27T07:00:50-0600]   Q2 FAIL: stale — last written 2277773s ago (>28h)
[2026-05-27T07:00:50-0600]   → Cannot re-trigger: /Users/kai/Documents/Projects/Hyo/bin/agent-self-improve.sh not found/not executable
[2026-05-27T07:00:50-0600]   → Issue logged: q2-aether-2026-05-27 (P1)
[2026-05-27T07:00:50-0600]   Q3 FAIL: stuck at W1/verify for 2+ days (failure_count=0)
[2026-05-27T07:00:50-0600]   → Issue logged: q3-aether-2026-05-27 (P1)
[2026-05-27T07:00:50-0600]   Q4 FAIL: stage=verify but no research file at /Users/kai/Documents/Projects/Hyo/agents/aether/research/improvements/W1-2026-05-27.md
[2026-05-27T07:00:50-0600]   → Cannot re-trigger: /Users/kai/Documents/Projects/Hyo/bin/agent-self-improve.sh not found/not executable
[2026-05-27T07:00:50-0600]   → Issue logged: q4-aether-2026-05-27 (P2)
[2026-05-27T07:00:50-0600]   Q7 WARN: no daily-assess file for aether at /Users/kai/Documents/Projects/Hyo/agents/aether/ledger/daily-assess-2026-05-27.json — self-improve ran without 4AM grounding
[2026-05-27T07:00:50-0600]   → Issue logged: q7-no-assess-aether-2026-05-27 (P1)
[2026-05-27T07:00:50-0600]   Q5 OK: failure_count=0 (cap=3)
[2026-05-27T07:00:50-0600] --- ra ---
[2026-05-27T07:00:50-0600]   Q1 OK
[2026-05-27T07:00:50-0600]   Q2 FAIL: last_run empty — state never written
[2026-05-27T07:00:50-0600]   → Cannot re-trigger: /Users/kai/Documents/Projects/Hyo/bin/agent-self-improve.sh not found/not executable
[2026-05-27T07:00:50-0600]   → Issue logged: q2-ra-2026-05-27 (P1)
[2026-05-27T07:00:50-0600]   Q3 FAIL: stuck at W1/research for 2+ days (failure_count=0)
[2026-05-27T07:00:50-0600]   → Issue logged: q3-ra-2026-05-27 (P1)
[2026-05-27T07:00:50-0600]   Q4 OK (stage=research — research file will be written this cycle, absence expected)
[2026-05-27T07:00:50-0600]   Q7 WARN: no daily-assess file for ra at /Users/kai/Documents/Projects/Hyo/agents/ra/ledger/daily-assess-2026-05-27.json — self-improve ran without 4AM grounding
[2026-05-27T07:00:50-0600]   → Issue logged: q7-no-assess-ra-2026-05-27 (P1)
[2026-05-27T07:00:50-0600]   Q5 OK: failure_count=0 (cap=3)
[2026-05-27T07:00:50-0600] --- dex ---
[2026-05-27T07:00:50-0600]   Q1 OK
[2026-05-27T07:00:50-0600]   Q2 FAIL: last_run empty — state never written
[2026-05-27T07:00:50-0600]   → Cannot re-trigger: /Users/kai/Documents/Projects/Hyo/bin/agent-self-improve.sh not found/not executable
[2026-05-27T07:00:50-0600]   → Issue logged: q2-dex-2026-05-27 (P1)
[2026-05-27T07:00:50-0600]   Q3 FAIL: stuck at W1/research for 2+ days (failure_count=0)
[2026-05-27T07:00:50-0600]   → Issue logged: q3-dex-2026-05-27 (P1)
[2026-05-27T07:00:50-0600]   Q4 OK (stage=research — research file will be written this cycle, absence expected)
[2026-05-27T07:00:50-0600]   Q7 WARN: no daily-assess file for dex at /Users/kai/Documents/Projects/Hyo/agents/dex/ledger/daily-assess-2026-05-27.json — self-improve ran without 4AM grounding
[2026-05-27T07:00:50-0600]   → Issue logged: q7-no-assess-dex-2026-05-27 (P1)
[2026-05-27T07:00:50-0600]   Q5 OK: failure_count=0 (cap=3)
[2026-05-27T07:00:50-0600] --- kai ---
[2026-05-27T07:00:50-0600]   Q1 OK
[2026-05-27T07:00:50-0600]   Q2 FAIL: stale — last written 2288338s ago (>28h)
[2026-05-27T07:00:50-0600]   → Cannot re-trigger: /Users/kai/Documents/Projects/Hyo/bin/agent-self-improve.sh not found/not executable
[2026-05-27T07:00:50-0600]   → Issue logged: q2-kai-2026-05-27 (P1)
[2026-05-27T07:00:50-0600]   Q3 FAIL: stuck at W1/research for 2+ days (failure_count=1)
[2026-05-27T07:00:50-0600]   → Issue logged: q3-kai-2026-05-27 (P1)
[2026-05-27T07:00:50-0600]   Q4 OK (stage=research — research file will be written this cycle, absence expected)
[2026-05-27T07:00:50-0600]   Q7 WARN: no daily-assess file for kai at /Users/kai/Documents/Projects/Hyo/agents/kai/ledger/daily-assess-2026-05-27.json — self-improve ran without 4AM grounding
[2026-05-27T07:00:50-0600]   → Issue logged: q7-no-assess-kai-2026-05-27 (P1)
[2026-05-27T07:00:50-0600]   Q5 OK: failure_count=1 (cap=3)
[2026-05-27T07:00:50-0600] === Health check done: 11 passed | 20 unresolved | 0 auto-fixed ===
[2026-05-27T07:00:50-0600] Summary written: /Users/kai/Documents/Projects/Hyo/kai/ledger/self-improve-health-2026-05-27.json
[2026-05-28T07:00:49-0600] === Self-improve health check: 2026-05-28 ===
[2026-05-28T07:00:49-0600] --- GLOBAL: launchd ---
[2026-05-28T07:00:49-0600]   Q6 OK: kai-autonomous loaded in launchd
[2026-05-28T07:00:49-0600] --- nel ---
[2026-05-28T07:00:49-0600]   Q1 OK
[2026-05-28T07:00:49-0600]   Q2 FAIL: stale — last written 2353154s ago (>28h)
[2026-05-28T07:00:49-0600]   → Cannot re-trigger: /Users/kai/Documents/Projects/Hyo/bin/agent-self-improve.sh not found/not executable
[2026-05-28T07:00:49-0600]   → Issue logged: q2-nel-2026-05-28 (P1)
[2026-05-28T07:00:49-0600]   Q3 FAIL: stuck at W2/verify for 2+ days (failure_count=0)
[2026-05-28T07:00:49-0600]   → Issue logged: q3-nel-2026-05-28 (P1)
[2026-05-28T07:00:49-0600]   Q4 FAIL: stage=verify but no research file at /Users/kai/Documents/Projects/Hyo/agents/nel/research/improvements/W2-2026-05-28.md
[2026-05-28T07:00:49-0600]   → Cannot re-trigger: /Users/kai/Documents/Projects/Hyo/bin/agent-self-improve.sh not found/not executable
[2026-05-28T07:00:49-0600]   → Issue logged: q4-nel-2026-05-28 (P2)
[2026-05-28T07:00:49-0600]   Q7 WARN: no daily-assess file for nel at /Users/kai/Documents/Projects/Hyo/agents/nel/ledger/daily-assess-2026-05-28.json — self-improve ran without 4AM grounding
[2026-05-28T07:00:49-0600]   → Issue logged: q7-no-assess-nel-2026-05-28 (P1)
[2026-05-28T07:00:49-0600]   Q5 OK: failure_count=0 (cap=3)
[2026-05-28T07:00:49-0600] --- sam ---
[2026-05-28T07:00:49-0600]   Q1 OK
[2026-05-28T07:00:49-0600]   Q2 FAIL: stale — last written 2030691s ago (>28h)
[2026-05-28T07:00:49-0600]   → Cannot re-trigger: /Users/kai/Documents/Projects/Hyo/bin/agent-self-improve.sh not found/not executable
[2026-05-28T07:00:49-0600]   → Issue logged: q2-sam-2026-05-28 (P1)
[2026-05-28T07:00:49-0600]   Q3 FAIL: stuck at W1/research for 2+ days (failure_count=1)
[2026-05-28T07:00:49-0600]   → Issue logged: q3-sam-2026-05-28 (P1)
[2026-05-28T07:00:49-0600]   Q4 OK (stage=research — research file will be written this cycle, absence expected)
[2026-05-28T07:00:49-0600]   Q7 WARN: no daily-assess file for sam at /Users/kai/Documents/Projects/Hyo/agents/sam/ledger/daily-assess-2026-05-28.json — self-improve ran without 4AM grounding
[2026-05-28T07:00:49-0600]   → Issue logged: q7-no-assess-sam-2026-05-28 (P1)
[2026-05-28T07:00:49-0600]   Q5 OK: failure_count=1 (cap=3)
[2026-05-28T07:00:49-0600] --- aether ---
[2026-05-28T07:00:49-0600]   Q1 OK
[2026-05-28T07:00:49-0600]   Q2 FAIL: stale — last written 2364172s ago (>28h)
[2026-05-28T07:00:49-0600]   → Cannot re-trigger: /Users/kai/Documents/Projects/Hyo/bin/agent-self-improve.sh not found/not executable
[2026-05-28T07:00:49-0600]   → Issue logged: q2-aether-2026-05-28 (P1)
[2026-05-28T07:00:49-0600]   Q3 FAIL: stuck at W1/verify for 2+ days (failure_count=0)
[2026-05-28T07:00:49-0600]   → Issue logged: q3-aether-2026-05-28 (P1)
[2026-05-28T07:00:49-0600]   Q4 FAIL: stage=verify but no research file at /Users/kai/Documents/Projects/Hyo/agents/aether/research/improvements/W1-2026-05-28.md
[2026-05-28T07:00:49-0600]   → Cannot re-trigger: /Users/kai/Documents/Projects/Hyo/bin/agent-self-improve.sh not found/not executable
[2026-05-28T07:00:49-0600]   → Issue logged: q4-aether-2026-05-28 (P2)
[2026-05-28T07:00:49-0600]   Q7 WARN: no daily-assess file for aether at /Users/kai/Documents/Projects/Hyo/agents/aether/ledger/daily-assess-2026-05-28.json — self-improve ran without 4AM grounding
[2026-05-28T07:00:49-0600]   → Issue logged: q7-no-assess-aether-2026-05-28 (P1)
[2026-05-28T07:00:49-0600]   Q5 OK: failure_count=0 (cap=3)
[2026-05-28T07:00:49-0600] --- ra ---
[2026-05-28T07:00:49-0600]   Q1 OK
[2026-05-28T07:00:49-0600]   Q2 FAIL: last_run empty — state never written
[2026-05-28T07:00:49-0600]   → Cannot re-trigger: /Users/kai/Documents/Projects/Hyo/bin/agent-self-improve.sh not found/not executable
[2026-05-28T07:00:49-0600]   → Issue logged: q2-ra-2026-05-28 (P1)
[2026-05-28T07:00:49-0600]   Q3 FAIL: stuck at W1/research for 2+ days (failure_count=0)
[2026-05-28T07:00:49-0600]   → Issue logged: q3-ra-2026-05-28 (P1)
[2026-05-28T07:00:49-0600]   Q4 OK (stage=research — research file will be written this cycle, absence expected)
[2026-05-28T07:00:49-0600]   Q7 WARN: no daily-assess file for ra at /Users/kai/Documents/Projects/Hyo/agents/ra/ledger/daily-assess-2026-05-28.json — self-improve ran without 4AM grounding
[2026-05-28T07:00:49-0600]   → Issue logged: q7-no-assess-ra-2026-05-28 (P1)
[2026-05-28T07:00:49-0600]   Q5 OK: failure_count=0 (cap=3)
[2026-05-28T07:00:49-0600] --- dex ---
[2026-05-28T07:00:49-0600]   Q1 OK
[2026-05-28T07:00:49-0600]   Q2 FAIL: last_run empty — state never written
[2026-05-28T07:00:49-0600]   → Cannot re-trigger: /Users/kai/Documents/Projects/Hyo/bin/agent-self-improve.sh not found/not executable
[2026-05-28T07:00:49-0600]   → Issue logged: q2-dex-2026-05-28 (P1)
[2026-05-28T07:00:49-0600]   Q3 FAIL: stuck at W1/research for 2+ days (failure_count=0)
[2026-05-28T07:00:49-0600]   → Issue logged: q3-dex-2026-05-28 (P1)
[2026-05-28T07:00:49-0600]   Q4 OK (stage=research — research file will be written this cycle, absence expected)
[2026-05-28T07:00:49-0600]   Q7 WARN: no daily-assess file for dex at /Users/kai/Documents/Projects/Hyo/agents/dex/ledger/daily-assess-2026-05-28.json — self-improve ran without 4AM grounding
[2026-05-28T07:00:49-0600]   → Issue logged: q7-no-assess-dex-2026-05-28 (P1)
[2026-05-28T07:00:49-0600]   Q5 OK: failure_count=0 (cap=3)
[2026-05-28T07:00:49-0600] --- kai ---
[2026-05-28T07:00:49-0600]   Q1 OK
[2026-05-28T07:00:49-0600]   Q2 FAIL: stale — last written 2374737s ago (>28h)
[2026-05-28T07:00:49-0600]   → Cannot re-trigger: /Users/kai/Documents/Projects/Hyo/bin/agent-self-improve.sh not found/not executable
[2026-05-28T07:00:49-0600]   → Issue logged: q2-kai-2026-05-28 (P1)
[2026-05-28T07:00:49-0600]   Q3 FAIL: stuck at W1/research for 2+ days (failure_count=1)
[2026-05-28T07:00:49-0600]   → Issue logged: q3-kai-2026-05-28 (P1)
[2026-05-28T07:00:49-0600]   Q4 OK (stage=research — research file will be written this cycle, absence expected)
[2026-05-28T07:00:49-0600]   Q7 WARN: no daily-assess file for kai at /Users/kai/Documents/Projects/Hyo/agents/kai/ledger/daily-assess-2026-05-28.json — self-improve ran without 4AM grounding
[2026-05-28T07:00:49-0600]   → Issue logged: q7-no-assess-kai-2026-05-28 (P1)
[2026-05-28T07:00:49-0600]   Q5 OK: failure_count=1 (cap=3)
[2026-05-28T07:00:49-0600] === Health check done: 11 passed | 20 unresolved | 0 auto-fixed ===
[2026-05-28T07:00:49-0600] Summary written: /Users/kai/Documents/Projects/Hyo/kai/ledger/self-improve-health-2026-05-28.json
[2026-05-29T07:00:43-0600] === Self-improve health check: 2026-05-29 ===
[2026-05-29T07:00:43-0600] --- GLOBAL: launchd ---
[2026-05-29T07:00:43-0600]   Q6 OK: kai-autonomous loaded in launchd
[2026-05-29T07:00:43-0600] --- nel ---
[2026-05-29T07:00:43-0600]   Q1 OK
[2026-05-29T07:00:43-0600]   Q2 FAIL: stale — last written 2439548s ago (>28h)
[2026-05-29T07:00:43-0600]   → Cannot re-trigger: /Users/kai/Documents/Projects/Hyo/bin/agent-self-improve.sh not found/not executable
[2026-05-29T07:00:43-0600]   → Issue logged: q2-nel-2026-05-29 (P1)
[2026-05-29T07:00:43-0600]   Q3 FAIL: stuck at W2/verify for 2+ days (failure_count=0)
[2026-05-29T07:00:43-0600]   → Issue logged: q3-nel-2026-05-29 (P1)
[2026-05-29T07:00:43-0600]   Q4 FAIL: stage=verify but no research file at /Users/kai/Documents/Projects/Hyo/agents/nel/research/improvements/W2-2026-05-29.md
[2026-05-29T07:00:43-0600]   → Cannot re-trigger: /Users/kai/Documents/Projects/Hyo/bin/agent-self-improve.sh not found/not executable
[2026-05-29T07:00:43-0600]   → Issue logged: q4-nel-2026-05-29 (P2)
[2026-05-29T07:00:43-0600]   Q7 WARN: no daily-assess file for nel at /Users/kai/Documents/Projects/Hyo/agents/nel/ledger/daily-assess-2026-05-29.json — self-improve ran without 4AM grounding
[2026-05-29T07:00:43-0600]   → Issue logged: q7-no-assess-nel-2026-05-29 (P1)
[2026-05-29T07:00:43-0600]   Q5 OK: failure_count=0 (cap=3)
[2026-05-29T07:00:43-0600] --- sam ---
[2026-05-29T07:00:43-0600]   Q1 OK
[2026-05-29T07:00:43-0600]   Q2 FAIL: stale — last written 2117085s ago (>28h)
[2026-05-29T07:00:43-0600]   → Cannot re-trigger: /Users/kai/Documents/Projects/Hyo/bin/agent-self-improve.sh not found/not executable
[2026-05-29T07:00:43-0600]   → Issue logged: q2-sam-2026-05-29 (P1)
[2026-05-29T07:00:43-0600]   Q3 FAIL: stuck at W1/research for 2+ days (failure_count=1)
[2026-05-29T07:00:43-0600]   → Issue logged: q3-sam-2026-05-29 (P1)
[2026-05-29T07:00:43-0600]   Q4 OK (stage=research — research file will be written this cycle, absence expected)
[2026-05-29T07:00:43-0600]   Q7 WARN: no daily-assess file for sam at /Users/kai/Documents/Projects/Hyo/agents/sam/ledger/daily-assess-2026-05-29.json — self-improve ran without 4AM grounding
[2026-05-29T07:00:43-0600]   → Issue logged: q7-no-assess-sam-2026-05-29 (P1)
[2026-05-29T07:00:43-0600]   Q5 OK: failure_count=1 (cap=3)
[2026-05-29T07:00:43-0600] --- aether ---
[2026-05-29T07:00:43-0600]   Q1 OK
[2026-05-29T07:00:43-0600]   Q2 FAIL: stale — last written 2450566s ago (>28h)
[2026-05-29T07:00:43-0600]   → Cannot re-trigger: /Users/kai/Documents/Projects/Hyo/bin/agent-self-improve.sh not found/not executable
[2026-05-29T07:00:43-0600]   → Issue logged: q2-aether-2026-05-29 (P1)
[2026-05-29T07:00:43-0600]   Q3 FAIL: stuck at W1/verify for 2+ days (failure_count=0)
[2026-05-29T07:00:43-0600]   → Issue logged: q3-aether-2026-05-29 (P1)
[2026-05-29T07:00:43-0600]   Q4 FAIL: stage=verify but no research file at /Users/kai/Documents/Projects/Hyo/agents/aether/research/improvements/W1-2026-05-29.md
[2026-05-29T07:00:43-0600]   → Cannot re-trigger: /Users/kai/Documents/Projects/Hyo/bin/agent-self-improve.sh not found/not executable
[2026-05-29T07:00:43-0600]   → Issue logged: q4-aether-2026-05-29 (P2)
[2026-05-29T07:00:43-0600]   Q7 WARN: no daily-assess file for aether at /Users/kai/Documents/Projects/Hyo/agents/aether/ledger/daily-assess-2026-05-29.json — self-improve ran without 4AM grounding
[2026-05-29T07:00:43-0600]   → Issue logged: q7-no-assess-aether-2026-05-29 (P1)
[2026-05-29T07:00:43-0600]   Q5 OK: failure_count=0 (cap=3)
[2026-05-29T07:00:43-0600] --- ra ---
[2026-05-29T07:00:43-0600]   Q1 OK
[2026-05-29T07:00:43-0600]   Q2 FAIL: last_run empty — state never written
[2026-05-29T07:00:43-0600]   → Cannot re-trigger: /Users/kai/Documents/Projects/Hyo/bin/agent-self-improve.sh not found/not executable
[2026-05-29T07:00:43-0600]   → Issue logged: q2-ra-2026-05-29 (P1)
[2026-05-29T07:00:43-0600]   Q3 FAIL: stuck at W1/research for 2+ days (failure_count=0)
[2026-05-29T07:00:43-0600]   → Issue logged: q3-ra-2026-05-29 (P1)
[2026-05-29T07:00:43-0600]   Q4 OK (stage=research — research file will be written this cycle, absence expected)
[2026-05-29T07:00:43-0600]   Q7 WARN: no daily-assess file for ra at /Users/kai/Documents/Projects/Hyo/agents/ra/ledger/daily-assess-2026-05-29.json — self-improve ran without 4AM grounding
[2026-05-29T07:00:43-0600]   → Issue logged: q7-no-assess-ra-2026-05-29 (P1)
[2026-05-29T07:00:43-0600]   Q5 OK: failure_count=0 (cap=3)
[2026-05-29T07:00:43-0600] --- dex ---
[2026-05-29T07:00:43-0600]   Q1 OK
[2026-05-29T07:00:43-0600]   Q2 FAIL: last_run empty — state never written
[2026-05-29T07:00:43-0600]   → Cannot re-trigger: /Users/kai/Documents/Projects/Hyo/bin/agent-self-improve.sh not found/not executable
[2026-05-29T07:00:43-0600]   → Issue logged: q2-dex-2026-05-29 (P1)
[2026-05-29T07:00:43-0600]   Q3 FAIL: stuck at W1/research for 2+ days (failure_count=0)
[2026-05-29T07:00:43-0600]   → Issue logged: q3-dex-2026-05-29 (P1)
[2026-05-29T07:00:43-0600]   Q4 OK (stage=research — research file will be written this cycle, absence expected)
[2026-05-29T07:00:43-0600]   Q7 WARN: no daily-assess file for dex at /Users/kai/Documents/Projects/Hyo/agents/dex/ledger/daily-assess-2026-05-29.json — self-improve ran without 4AM grounding
[2026-05-29T07:00:43-0600]   → Issue logged: q7-no-assess-dex-2026-05-29 (P1)
[2026-05-29T07:00:43-0600]   Q5 OK: failure_count=0 (cap=3)
[2026-05-29T07:00:43-0600] --- kai ---
[2026-05-29T07:00:43-0600]   Q1 OK
[2026-05-29T07:00:43-0600]   Q2 FAIL: stale — last written 2461131s ago (>28h)
[2026-05-29T07:00:43-0600]   → Cannot re-trigger: /Users/kai/Documents/Projects/Hyo/bin/agent-self-improve.sh not found/not executable
[2026-05-29T07:00:43-0600]   → Issue logged: q2-kai-2026-05-29 (P1)
[2026-05-29T07:00:43-0600]   Q3 FAIL: stuck at W1/research for 2+ days (failure_count=1)
[2026-05-29T07:00:43-0600]   → Issue logged: q3-kai-2026-05-29 (P1)
[2026-05-29T07:00:43-0600]   Q4 OK (stage=research — research file will be written this cycle, absence expected)
[2026-05-29T07:00:43-0600]   Q7 WARN: no daily-assess file for kai at /Users/kai/Documents/Projects/Hyo/agents/kai/ledger/daily-assess-2026-05-29.json — self-improve ran without 4AM grounding
[2026-05-29T07:00:43-0600]   → Issue logged: q7-no-assess-kai-2026-05-29 (P1)
[2026-05-29T07:00:43-0600]   Q5 OK: failure_count=1 (cap=3)
[2026-05-29T07:00:43-0600] === Health check done: 11 passed | 20 unresolved | 0 auto-fixed ===
[2026-05-29T07:00:43-0600] Summary written: /Users/kai/Documents/Projects/Hyo/kai/ledger/self-improve-health-2026-05-29.json
[2026-06-01T07:00:39-0600] === Self-improve health check: 2026-06-01 ===
[2026-06-01T07:00:39-0600] --- GLOBAL: launchd ---
[2026-06-01T07:00:39-0600]   Q6 OK: kai-autonomous loaded in launchd
[2026-06-01T07:00:39-0600] --- nel ---
[2026-06-01T07:00:39-0600]   Q1 OK
[2026-06-01T07:00:39-0600]   Q2 FAIL: stale — last written 2698744s ago (>28h)
[2026-06-01T07:00:39-0600]   → Cannot re-trigger: /Users/kai/Documents/Projects/Hyo/bin/agent-self-improve.sh not found/not executable
[2026-06-01T07:00:39-0600]   → Issue logged: q2-nel-2026-06-01 (P1)
[2026-06-01T07:00:39-0600]   Q3 FAIL: stuck at W2/verify for 2+ days (failure_count=0)
[2026-06-01T07:00:39-0600]   → Issue logged: q3-nel-2026-06-01 (P1)
[2026-06-01T07:00:39-0600]   Q4 FAIL: stage=verify but no research file at /Users/kai/Documents/Projects/Hyo/agents/nel/research/improvements/W2-2026-06-01.md
[2026-06-01T07:00:39-0600]   → Cannot re-trigger: /Users/kai/Documents/Projects/Hyo/bin/agent-self-improve.sh not found/not executable
[2026-06-01T07:00:39-0600]   → Issue logged: q4-nel-2026-06-01 (P2)
[2026-06-01T07:00:39-0600]   Q7 WARN: no daily-assess file for nel at /Users/kai/Documents/Projects/Hyo/agents/nel/ledger/daily-assess-2026-06-01.json — self-improve ran without 4AM grounding
[2026-06-01T07:00:39-0600]   → Issue logged: q7-no-assess-nel-2026-06-01 (P1)
[2026-06-01T07:00:39-0600]   Q5 OK: failure_count=0 (cap=3)
[2026-06-01T07:00:39-0600] --- sam ---
[2026-06-01T07:00:39-0600]   Q1 OK
[2026-06-01T07:00:39-0600]   Q2 FAIL: stale — last written 2376281s ago (>28h)
[2026-06-01T07:00:39-0600]   → Cannot re-trigger: /Users/kai/Documents/Projects/Hyo/bin/agent-self-improve.sh not found/not executable
[2026-06-01T07:00:39-0600]   → Issue logged: q2-sam-2026-06-01 (P1)
[2026-06-01T07:00:39-0600]   Q3 FAIL: stuck at W1/research for 2+ days (failure_count=1)
[2026-06-01T07:00:39-0600]   → Issue logged: q3-sam-2026-06-01 (P1)
[2026-06-01T07:00:39-0600]   Q4 FAIL: research file invalid (auth garbage or no FIX_APPROACH)
[2026-06-01T07:00:39-0600]   → Deleted invalid research file
[2026-06-01T07:00:39-0600]   → Cannot re-trigger: /Users/kai/Documents/Projects/Hyo/bin/agent-self-improve.sh not found/not executable
[2026-06-01T07:00:39-0600]   → Issue logged: q4-sam-2026-06-01 (P1)
[2026-06-01T07:00:39-0600]   Q7 WARN: no daily-assess file for sam at /Users/kai/Documents/Projects/Hyo/agents/sam/ledger/daily-assess-2026-06-01.json — self-improve ran without 4AM grounding
[2026-06-01T07:00:39-0600]   → Issue logged: q7-no-assess-sam-2026-06-01 (P1)
[2026-06-01T07:00:39-0600]   Q5 OK: failure_count=1 (cap=3)
[2026-06-01T07:00:39-0600] --- aether ---
[2026-06-01T07:00:39-0600]   Q1 OK
[2026-06-01T07:00:39-0600]   Q2 FAIL: stale — last written 2709762s ago (>28h)
[2026-06-01T07:00:39-0600]   → Cannot re-trigger: /Users/kai/Documents/Projects/Hyo/bin/agent-self-improve.sh not found/not executable
[2026-06-01T07:00:39-0600]   → Issue logged: q2-aether-2026-06-01 (P1)
[2026-06-01T07:00:39-0600]   Q3 FAIL: stuck at W1/verify for 2+ days (failure_count=0)
[2026-06-01T07:00:39-0600]   → Issue logged: q3-aether-2026-06-01 (P1)
[2026-06-01T07:00:39-0600]   Q4 FAIL: stage=verify but no research file at /Users/kai/Documents/Projects/Hyo/agents/aether/research/improvements/W1-2026-06-01.md
[2026-06-01T07:00:39-0600]   → Cannot re-trigger: /Users/kai/Documents/Projects/Hyo/bin/agent-self-improve.sh not found/not executable
[2026-06-01T07:00:39-0600]   → Issue logged: q4-aether-2026-06-01 (P2)
[2026-06-01T07:00:39-0600]   Q7 WARN: no daily-assess file for aether at /Users/kai/Documents/Projects/Hyo/agents/aether/ledger/daily-assess-2026-06-01.json — self-improve ran without 4AM grounding
[2026-06-01T07:00:39-0600]   → Issue logged: q7-no-assess-aether-2026-06-01 (P1)
[2026-06-01T07:00:39-0600]   Q5 OK: failure_count=0 (cap=3)
[2026-06-01T07:00:39-0600] --- ra ---
[2026-06-01T07:00:39-0600]   Q1 OK
[2026-06-01T07:00:39-0600]   Q2 FAIL: last_run empty — state never written
[2026-06-01T07:00:39-0600]   → Cannot re-trigger: /Users/kai/Documents/Projects/Hyo/bin/agent-self-improve.sh not found/not executable
[2026-06-01T07:00:39-0600]   → Issue logged: q2-ra-2026-06-01 (P1)
[2026-06-01T07:00:39-0600]   Q3 FAIL: stuck at W1/research for 2+ days (failure_count=0)
[2026-06-01T07:00:39-0600]   → Issue logged: q3-ra-2026-06-01 (P1)
[2026-06-01T07:00:39-0600]   Q4 OK (stage=research — research file will be written this cycle, absence expected)
[2026-06-01T07:00:39-0600]   Q7 WARN: no daily-assess file for ra at /Users/kai/Documents/Projects/Hyo/agents/ra/ledger/daily-assess-2026-06-01.json — self-improve ran without 4AM grounding
[2026-06-01T07:00:39-0600]   → Issue logged: q7-no-assess-ra-2026-06-01 (P1)
[2026-06-01T07:00:39-0600]   Q5 OK: failure_count=0 (cap=3)
[2026-06-01T07:00:39-0600] --- dex ---
[2026-06-01T07:00:39-0600]   Q1 OK
[2026-06-01T07:00:39-0600]   Q2 FAIL: last_run empty — state never written
[2026-06-01T07:00:39-0600]   → Cannot re-trigger: /Users/kai/Documents/Projects/Hyo/bin/agent-self-improve.sh not found/not executable
[2026-06-01T07:00:39-0600]   → Issue logged: q2-dex-2026-06-01 (P1)
[2026-06-01T07:00:39-0600]   Q3 FAIL: stuck at W1/research for 2+ days (failure_count=0)
[2026-06-01T07:00:39-0600]   → Issue logged: q3-dex-2026-06-01 (P1)
[2026-06-01T07:00:39-0600]   Q4 OK (stage=research — research file will be written this cycle, absence expected)
[2026-06-01T07:00:39-0600]   Q7 WARN: no daily-assess file for dex at /Users/kai/Documents/Projects/Hyo/agents/dex/ledger/daily-assess-2026-06-01.json — self-improve ran without 4AM grounding
[2026-06-01T07:00:39-0600]   → Issue logged: q7-no-assess-dex-2026-06-01 (P1)
[2026-06-01T07:00:39-0600]   Q5 OK: failure_count=0 (cap=3)
[2026-06-01T07:00:39-0600] --- kai ---
[2026-06-01T07:00:39-0600]   Q1 OK
[2026-06-01T07:00:39-0600]   Q2 FAIL: stale — last written 2720327s ago (>28h)
[2026-06-01T07:00:39-0600]   → Cannot re-trigger: /Users/kai/Documents/Projects/Hyo/bin/agent-self-improve.sh not found/not executable
[2026-06-01T07:00:39-0600]   → Issue logged: q2-kai-2026-06-01 (P1)
[2026-06-01T07:00:39-0600]   Q3 FAIL: stuck at W1/research for 2+ days (failure_count=1)
[2026-06-01T07:00:39-0600]   → Issue logged: q3-kai-2026-06-01 (P1)
[2026-06-01T07:00:39-0600]   Q4 OK (stage=research — research file will be written this cycle, absence expected)
[2026-06-01T07:00:39-0600]   Q7 WARN: no daily-assess file for kai at /Users/kai/Documents/Projects/Hyo/agents/kai/ledger/daily-assess-2026-06-01.json — self-improve ran without 4AM grounding
[2026-06-01T07:00:39-0600]   → Issue logged: q7-no-assess-kai-2026-06-01 (P1)
[2026-06-01T07:00:39-0600]   Q5 OK: failure_count=1 (cap=3)
[2026-06-01T07:00:39-0600] === Health check done: 10 passed | 21 unresolved | 0 auto-fixed ===
[2026-06-01T07:00:39-0600] Summary written: /Users/kai/Documents/Projects/Hyo/kai/ledger/self-improve-health-2026-06-01.json
[2026-06-02T07:00:38-0600] === Self-improve health check: 2026-06-02 ===
[2026-06-02T07:00:38-0600] --- GLOBAL: launchd ---
[2026-06-02T07:00:38-0600]   Q6 OK: kai-autonomous loaded in launchd
[2026-06-02T07:00:38-0600] --- nel ---
[2026-06-02T07:00:38-0600]   Q1 OK
[2026-06-02T07:00:38-0600]   Q2 FAIL: stale — last written 2785143s ago (>28h)
[2026-06-02T07:00:38-0600]   → Cannot re-trigger: /Users/kai/Documents/Projects/Hyo/bin/agent-self-improve.sh not found/not executable
[2026-06-02T07:00:38-0600]   → Issue logged: q2-nel-2026-06-02 (P1)
[2026-06-02T07:00:38-0600]   Q3 FAIL: stuck at W2/verify for 2+ days (failure_count=0)
[2026-06-02T07:00:38-0600]   → Issue logged: q3-nel-2026-06-02 (P1)
[2026-06-02T07:00:38-0600]   Q4 FAIL: stage=verify but no research file at /Users/kai/Documents/Projects/Hyo/agents/nel/research/improvements/W2-2026-06-02.md
[2026-06-02T07:00:38-0600]   → Cannot re-trigger: /Users/kai/Documents/Projects/Hyo/bin/agent-self-improve.sh not found/not executable
[2026-06-02T07:00:38-0600]   → Issue logged: q4-nel-2026-06-02 (P2)
[2026-06-02T07:00:38-0600]   Q7 WARN: no daily-assess file for nel at /Users/kai/Documents/Projects/Hyo/agents/nel/ledger/daily-assess-2026-06-02.json — self-improve ran without 4AM grounding
[2026-06-02T07:00:38-0600]   → Issue logged: q7-no-assess-nel-2026-06-02 (P1)
[2026-06-02T07:00:38-0600]   Q5 OK: failure_count=0 (cap=3)
[2026-06-02T07:00:38-0600] --- sam ---
[2026-06-02T07:00:38-0600]   Q1 OK
[2026-06-02T07:00:38-0600]   Q2 FAIL: stale — last written 2462680s ago (>28h)
[2026-06-02T07:00:38-0600]   → Cannot re-trigger: /Users/kai/Documents/Projects/Hyo/bin/agent-self-improve.sh not found/not executable
[2026-06-02T07:00:38-0600]   → Issue logged: q2-sam-2026-06-02 (P1)
[2026-06-02T07:00:38-0600]   Q3 FAIL: stuck at W1/research for 2+ days (failure_count=1)
[2026-06-02T07:00:38-0600]   → Issue logged: q3-sam-2026-06-02 (P1)
[2026-06-02T07:00:38-0600]   Q4 FAIL: research file invalid (auth garbage or no FIX_APPROACH)
[2026-06-02T07:00:38-0600]   → Deleted invalid research file
[2026-06-02T07:00:38-0600]   → Cannot re-trigger: /Users/kai/Documents/Projects/Hyo/bin/agent-self-improve.sh not found/not executable
[2026-06-02T07:00:38-0600]   → Issue logged: q4-sam-2026-06-02 (P1)
[2026-06-02T07:00:38-0600]   Q7 WARN: no daily-assess file for sam at /Users/kai/Documents/Projects/Hyo/agents/sam/ledger/daily-assess-2026-06-02.json — self-improve ran without 4AM grounding
[2026-06-02T07:00:38-0600]   → Issue logged: q7-no-assess-sam-2026-06-02 (P1)
[2026-06-02T07:00:38-0600]   Q5 OK: failure_count=1 (cap=3)
[2026-06-02T07:00:38-0600] --- aether ---
[2026-06-02T07:00:38-0600]   Q1 OK
[2026-06-02T07:00:38-0600]   Q2 FAIL: stale — last written 2796161s ago (>28h)
[2026-06-02T07:00:38-0600]   → Cannot re-trigger: /Users/kai/Documents/Projects/Hyo/bin/agent-self-improve.sh not found/not executable
[2026-06-02T07:00:38-0600]   → Issue logged: q2-aether-2026-06-02 (P1)
[2026-06-02T07:00:38-0600]   Q3 FAIL: stuck at W1/verify for 2+ days (failure_count=0)
[2026-06-02T07:00:38-0600]   → Issue logged: q3-aether-2026-06-02 (P1)
[2026-06-02T07:00:38-0600]   Q4 FAIL: stage=verify but no research file at /Users/kai/Documents/Projects/Hyo/agents/aether/research/improvements/W1-2026-06-02.md
[2026-06-02T07:00:38-0600]   → Cannot re-trigger: /Users/kai/Documents/Projects/Hyo/bin/agent-self-improve.sh not found/not executable
[2026-06-02T07:00:38-0600]   → Issue logged: q4-aether-2026-06-02 (P2)
[2026-06-02T07:00:38-0600]   Q7 WARN: no daily-assess file for aether at /Users/kai/Documents/Projects/Hyo/agents/aether/ledger/daily-assess-2026-06-02.json — self-improve ran without 4AM grounding
[2026-06-02T07:00:38-0600]   → Issue logged: q7-no-assess-aether-2026-06-02 (P1)
[2026-06-02T07:00:38-0600]   Q5 OK: failure_count=0 (cap=3)
[2026-06-02T07:00:38-0600] --- ra ---
[2026-06-02T07:00:38-0600]   Q1 OK
[2026-06-02T07:00:38-0600]   Q2 FAIL: last_run empty — state never written
[2026-06-02T07:00:38-0600]   → Cannot re-trigger: /Users/kai/Documents/Projects/Hyo/bin/agent-self-improve.sh not found/not executable
[2026-06-02T07:00:38-0600]   → Issue logged: q2-ra-2026-06-02 (P1)
[2026-06-02T07:00:38-0600]   Q3 FAIL: stuck at W1/research for 2+ days (failure_count=0)
[2026-06-02T07:00:38-0600]   → Issue logged: q3-ra-2026-06-02 (P1)
[2026-06-02T07:00:38-0600]   Q4 OK (stage=research — research file will be written this cycle, absence expected)
[2026-06-02T07:00:38-0600]   Q7 WARN: no daily-assess file for ra at /Users/kai/Documents/Projects/Hyo/agents/ra/ledger/daily-assess-2026-06-02.json — self-improve ran without 4AM grounding
[2026-06-02T07:00:38-0600]   → Issue logged: q7-no-assess-ra-2026-06-02 (P1)
[2026-06-02T07:00:38-0600]   Q5 OK: failure_count=0 (cap=3)
[2026-06-02T07:00:38-0600] --- dex ---
[2026-06-02T07:00:38-0600]   Q1 OK
[2026-06-02T07:00:38-0600]   Q2 FAIL: last_run empty — state never written
[2026-06-02T07:00:38-0600]   → Cannot re-trigger: /Users/kai/Documents/Projects/Hyo/bin/agent-self-improve.sh not found/not executable
[2026-06-02T07:00:38-0600]   → Issue logged: q2-dex-2026-06-02 (P1)
[2026-06-02T07:00:38-0600]   Q3 FAIL: stuck at W1/research for 2+ days (failure_count=0)
[2026-06-02T07:00:38-0600]   → Issue logged: q3-dex-2026-06-02 (P1)
[2026-06-02T07:00:38-0600]   Q4 OK (stage=research — research file will be written this cycle, absence expected)
[2026-06-02T07:00:38-0600]   Q7 WARN: no daily-assess file for dex at /Users/kai/Documents/Projects/Hyo/agents/dex/ledger/daily-assess-2026-06-02.json — self-improve ran without 4AM grounding
[2026-06-02T07:00:38-0600]   → Issue logged: q7-no-assess-dex-2026-06-02 (P1)
[2026-06-02T07:00:38-0600]   Q5 OK: failure_count=0 (cap=3)
[2026-06-02T07:00:38-0600] --- kai ---
[2026-06-02T07:00:38-0600]   Q1 OK
[2026-06-02T07:00:38-0600]   Q2 FAIL: stale — last written 2806726s ago (>28h)
[2026-06-02T07:00:38-0600]   → Cannot re-trigger: /Users/kai/Documents/Projects/Hyo/bin/agent-self-improve.sh not found/not executable
[2026-06-02T07:00:38-0600]   → Issue logged: q2-kai-2026-06-02 (P1)
[2026-06-02T07:00:38-0600]   Q3 FAIL: stuck at W1/research for 2+ days (failure_count=1)
[2026-06-02T07:00:38-0600]   → Issue logged: q3-kai-2026-06-02 (P1)
[2026-06-02T07:00:38-0600]   Q4 OK (stage=research — research file will be written this cycle, absence expected)
[2026-06-02T07:00:38-0600]   Q7 WARN: no daily-assess file for kai at /Users/kai/Documents/Projects/Hyo/agents/kai/ledger/daily-assess-2026-06-02.json — self-improve ran without 4AM grounding
[2026-06-02T07:00:38-0600]   → Issue logged: q7-no-assess-kai-2026-06-02 (P1)
[2026-06-02T07:00:38-0600]   Q5 OK: failure_count=1 (cap=3)
[2026-06-02T07:00:38-0600] === Health check done: 10 passed | 21 unresolved | 0 auto-fixed ===
[2026-06-02T07:00:38-0600] Summary written: /Users/kai/Documents/Projects/Hyo/kai/ledger/self-improve-health-2026-06-02.json
[2026-06-03T07:00:38-0600] === Self-improve health check: 2026-06-03 ===
[2026-06-03T07:00:38-0600] --- GLOBAL: launchd ---
[2026-06-03T07:00:38-0600]   Q6 OK: kai-autonomous loaded in launchd
[2026-06-03T07:00:38-0600] --- nel ---
[2026-06-03T07:00:38-0600]   Q1 OK
[2026-06-03T07:00:38-0600]   Q2 FAIL: stale — last written 2871543s ago (>28h)
[2026-06-03T07:00:38-0600]   → Cannot re-trigger: /Users/kai/Documents/Projects/Hyo/bin/agent-self-improve.sh not found/not executable
[2026-06-03T07:00:38-0600]   → Issue logged: q2-nel-2026-06-03 (P1)
[2026-06-03T07:00:38-0600]   Q3 FAIL: stuck at W2/verify for 2+ days (failure_count=0)
[2026-06-03T07:00:38-0600]   → Issue logged: q3-nel-2026-06-03 (P1)
[2026-06-03T07:00:38-0600]   Q4 FAIL: stage=verify but no research file at /Users/kai/Documents/Projects/Hyo/agents/nel/research/improvements/W2-2026-06-03.md
[2026-06-03T07:00:38-0600]   → Cannot re-trigger: /Users/kai/Documents/Projects/Hyo/bin/agent-self-improve.sh not found/not executable
[2026-06-03T07:00:38-0600]   → Issue logged: q4-nel-2026-06-03 (P2)
[2026-06-03T07:00:38-0600]   Q7 WARN: no daily-assess file for nel at /Users/kai/Documents/Projects/Hyo/agents/nel/ledger/daily-assess-2026-06-03.json — self-improve ran without 4AM grounding
[2026-06-03T07:00:38-0600]   → Issue logged: q7-no-assess-nel-2026-06-03 (P1)
[2026-06-03T07:00:38-0600]   Q5 OK: failure_count=0 (cap=3)
[2026-06-03T07:00:38-0600] --- sam ---
[2026-06-03T07:00:38-0600]   Q1 OK
[2026-06-03T07:00:38-0600]   Q2 FAIL: stale — last written 2549080s ago (>28h)
[2026-06-03T07:00:38-0600]   → Cannot re-trigger: /Users/kai/Documents/Projects/Hyo/bin/agent-self-improve.sh not found/not executable
[2026-06-03T07:00:38-0600]   → Issue logged: q2-sam-2026-06-03 (P1)
[2026-06-03T07:00:38-0600]   Q3 FAIL: stuck at W1/research for 2+ days (failure_count=1)
[2026-06-03T07:00:38-0600]   → Issue logged: q3-sam-2026-06-03 (P1)
[2026-06-03T07:00:38-0600]   Q4 FAIL: research file invalid (auth garbage or no FIX_APPROACH)
[2026-06-03T07:00:38-0600]   → Deleted invalid research file
[2026-06-03T07:00:38-0600]   → Cannot re-trigger: /Users/kai/Documents/Projects/Hyo/bin/agent-self-improve.sh not found/not executable
[2026-06-03T07:00:38-0600]   → Issue logged: q4-sam-2026-06-03 (P1)
[2026-06-03T07:00:38-0600]   Q7 WARN: no daily-assess file for sam at /Users/kai/Documents/Projects/Hyo/agents/sam/ledger/daily-assess-2026-06-03.json — self-improve ran without 4AM grounding
[2026-06-03T07:00:38-0600]   → Issue logged: q7-no-assess-sam-2026-06-03 (P1)
[2026-06-03T07:00:38-0600]   Q5 OK: failure_count=1 (cap=3)
[2026-06-03T07:00:38-0600] --- aether ---
[2026-06-03T07:00:38-0600]   Q1 OK
[2026-06-03T07:00:38-0600]   Q2 FAIL: stale — last written 2882561s ago (>28h)
[2026-06-03T07:00:38-0600]   → Cannot re-trigger: /Users/kai/Documents/Projects/Hyo/bin/agent-self-improve.sh not found/not executable
[2026-06-03T07:00:38-0600]   → Issue logged: q2-aether-2026-06-03 (P1)
[2026-06-03T07:00:38-0600]   Q3 FAIL: stuck at W1/verify for 2+ days (failure_count=0)
[2026-06-03T07:00:38-0600]   → Issue logged: q3-aether-2026-06-03 (P1)
[2026-06-03T07:00:38-0600]   Q4 FAIL: stage=verify but no research file at /Users/kai/Documents/Projects/Hyo/agents/aether/research/improvements/W1-2026-06-03.md
[2026-06-03T07:00:38-0600]   → Cannot re-trigger: /Users/kai/Documents/Projects/Hyo/bin/agent-self-improve.sh not found/not executable
[2026-06-03T07:00:38-0600]   → Issue logged: q4-aether-2026-06-03 (P2)
[2026-06-03T07:00:38-0600]   Q7 WARN: no daily-assess file for aether at /Users/kai/Documents/Projects/Hyo/agents/aether/ledger/daily-assess-2026-06-03.json — self-improve ran without 4AM grounding
[2026-06-03T07:00:38-0600]   → Issue logged: q7-no-assess-aether-2026-06-03 (P1)
[2026-06-03T07:00:38-0600]   Q5 OK: failure_count=0 (cap=3)
[2026-06-03T07:00:38-0600] --- ra ---
[2026-06-03T07:00:38-0600]   Q1 OK
[2026-06-03T07:00:38-0600]   Q2 FAIL: last_run empty — state never written
[2026-06-03T07:00:38-0600]   → Cannot re-trigger: /Users/kai/Documents/Projects/Hyo/bin/agent-self-improve.sh not found/not executable
[2026-06-03T07:00:38-0600]   → Issue logged: q2-ra-2026-06-03 (P1)
[2026-06-03T07:00:38-0600]   Q3 FAIL: stuck at W1/research for 2+ days (failure_count=0)
[2026-06-03T07:00:38-0600]   → Issue logged: q3-ra-2026-06-03 (P1)
[2026-06-03T07:00:38-0600]   Q4 OK (stage=research — research file will be written this cycle, absence expected)
[2026-06-03T07:00:38-0600]   Q7 WARN: no daily-assess file for ra at /Users/kai/Documents/Projects/Hyo/agents/ra/ledger/daily-assess-2026-06-03.json — self-improve ran without 4AM grounding
[2026-06-03T07:00:38-0600]   → Issue logged: q7-no-assess-ra-2026-06-03 (P1)
[2026-06-03T07:00:38-0600]   Q5 OK: failure_count=0 (cap=3)
[2026-06-03T07:00:38-0600] --- dex ---
[2026-06-03T07:00:38-0600]   Q1 OK
[2026-06-03T07:00:38-0600]   Q2 FAIL: last_run empty — state never written
[2026-06-03T07:00:38-0600]   → Cannot re-trigger: /Users/kai/Documents/Projects/Hyo/bin/agent-self-improve.sh not found/not executable
[2026-06-03T07:00:38-0600]   → Issue logged: q2-dex-2026-06-03 (P1)
[2026-06-03T07:00:38-0600]   Q3 FAIL: stuck at W1/research for 2+ days (failure_count=0)
[2026-06-03T07:00:38-0600]   → Issue logged: q3-dex-2026-06-03 (P1)
[2026-06-03T07:00:38-0600]   Q4 OK (stage=research — research file will be written this cycle, absence expected)
[2026-06-03T07:00:38-0600]   Q7 WARN: no daily-assess file for dex at /Users/kai/Documents/Projects/Hyo/agents/dex/ledger/daily-assess-2026-06-03.json — self-improve ran without 4AM grounding
[2026-06-03T07:00:38-0600]   → Issue logged: q7-no-assess-dex-2026-06-03 (P1)
[2026-06-03T07:00:38-0600]   Q5 OK: failure_count=0 (cap=3)
[2026-06-03T07:00:38-0600] --- kai ---
[2026-06-03T07:00:38-0600]   Q1 OK
[2026-06-03T07:00:38-0600]   Q2 FAIL: stale — last written 2893126s ago (>28h)
[2026-06-03T07:00:38-0600]   → Cannot re-trigger: /Users/kai/Documents/Projects/Hyo/bin/agent-self-improve.sh not found/not executable
[2026-06-03T07:00:38-0600]   → Issue logged: q2-kai-2026-06-03 (P1)
[2026-06-03T07:00:38-0600]   Q3 FAIL: stuck at W1/research for 2+ days (failure_count=1)
[2026-06-03T07:00:38-0600]   → Issue logged: q3-kai-2026-06-03 (P1)
[2026-06-03T07:00:38-0600]   Q4 OK (stage=research — research file will be written this cycle, absence expected)
[2026-06-03T07:00:38-0600]   Q7 WARN: no daily-assess file for kai at /Users/kai/Documents/Projects/Hyo/agents/kai/ledger/daily-assess-2026-06-03.json — self-improve ran without 4AM grounding
[2026-06-03T07:00:38-0600]   → Issue logged: q7-no-assess-kai-2026-06-03 (P1)
[2026-06-03T07:00:38-0600]   Q5 OK: failure_count=1 (cap=3)
[2026-06-03T07:00:38-0600] === Health check done: 10 passed | 21 unresolved | 0 auto-fixed ===
[2026-06-03T07:00:38-0600] Summary written: /Users/kai/Documents/Projects/Hyo/kai/ledger/self-improve-health-2026-06-03.json
[2026-06-04T07:00:38-0600] === Self-improve health check: 2026-06-04 ===
[2026-06-04T07:00:38-0600] --- GLOBAL: launchd ---
[2026-06-04T07:00:38-0600]   Q6 OK: kai-autonomous loaded in launchd
[2026-06-04T07:00:38-0600] --- nel ---
[2026-06-04T07:00:38-0600]   Q1 OK
[2026-06-04T07:00:38-0600]   Q2 FAIL: stale — last written 2957943s ago (>28h)
[2026-06-04T07:00:38-0600]   → Cannot re-trigger: /Users/kai/Documents/Projects/Hyo/bin/agent-self-improve.sh not found/not executable
[2026-06-04T07:00:38-0600]   → Issue logged: q2-nel-2026-06-04 (P1)
[2026-06-04T07:00:38-0600]   Q3 FAIL: stuck at W2/verify for 2+ days (failure_count=0)
[2026-06-04T07:00:38-0600]   → Issue logged: q3-nel-2026-06-04 (P1)
[2026-06-04T07:00:38-0600]   Q4 FAIL: stage=verify but no research file at /Users/kai/Documents/Projects/Hyo/agents/nel/research/improvements/W2-2026-06-04.md
[2026-06-04T07:00:38-0600]   → Cannot re-trigger: /Users/kai/Documents/Projects/Hyo/bin/agent-self-improve.sh not found/not executable
[2026-06-04T07:00:38-0600]   → Issue logged: q4-nel-2026-06-04 (P2)
[2026-06-04T07:00:38-0600]   Q7 WARN: no daily-assess file for nel at /Users/kai/Documents/Projects/Hyo/agents/nel/ledger/daily-assess-2026-06-04.json — self-improve ran without 4AM grounding
[2026-06-04T07:00:38-0600]   → Issue logged: q7-no-assess-nel-2026-06-04 (P1)
[2026-06-04T07:00:38-0600]   Q5 OK: failure_count=0 (cap=3)
[2026-06-04T07:00:38-0600] --- sam ---
[2026-06-04T07:00:38-0600]   Q1 OK
[2026-06-04T07:00:38-0600]   Q2 FAIL: stale — last written 2635480s ago (>28h)
[2026-06-04T07:00:38-0600]   → Cannot re-trigger: /Users/kai/Documents/Projects/Hyo/bin/agent-self-improve.sh not found/not executable
[2026-06-04T07:00:38-0600]   → Issue logged: q2-sam-2026-06-04 (P1)
[2026-06-04T07:00:38-0600]   Q3 FAIL: stuck at W1/research for 2+ days (failure_count=1)
[2026-06-04T07:00:38-0600]   → Issue logged: q3-sam-2026-06-04 (P1)
[2026-06-04T07:00:38-0600]   Q4 FAIL: research file invalid (auth garbage or no FIX_APPROACH)
[2026-06-04T07:00:38-0600]   → Deleted invalid research file
[2026-06-04T07:00:38-0600]   → Cannot re-trigger: /Users/kai/Documents/Projects/Hyo/bin/agent-self-improve.sh not found/not executable
[2026-06-04T07:00:38-0600]   → Issue logged: q4-sam-2026-06-04 (P1)
[2026-06-04T07:00:38-0600]   Q7 WARN: no daily-assess file for sam at /Users/kai/Documents/Projects/Hyo/agents/sam/ledger/daily-assess-2026-06-04.json — self-improve ran without 4AM grounding
[2026-06-04T07:00:38-0600]   → Issue logged: q7-no-assess-sam-2026-06-04 (P1)
[2026-06-04T07:00:38-0600]   Q5 OK: failure_count=1 (cap=3)
[2026-06-04T07:00:38-0600] --- aether ---
[2026-06-04T07:00:38-0600]   Q1 OK
[2026-06-04T07:00:38-0600]   Q2 FAIL: stale — last written 2968961s ago (>28h)
[2026-06-04T07:00:38-0600]   → Cannot re-trigger: /Users/kai/Documents/Projects/Hyo/bin/agent-self-improve.sh not found/not executable
[2026-06-04T07:00:38-0600]   → Issue logged: q2-aether-2026-06-04 (P1)
[2026-06-04T07:00:38-0600]   Q3 FAIL: stuck at W1/verify for 2+ days (failure_count=0)
[2026-06-04T07:00:38-0600]   → Issue logged: q3-aether-2026-06-04 (P1)
[2026-06-04T07:00:38-0600]   Q4 FAIL: stage=verify but no research file at /Users/kai/Documents/Projects/Hyo/agents/aether/research/improvements/W1-2026-06-04.md
[2026-06-04T07:00:38-0600]   → Cannot re-trigger: /Users/kai/Documents/Projects/Hyo/bin/agent-self-improve.sh not found/not executable
[2026-06-04T07:00:38-0600]   → Issue logged: q4-aether-2026-06-04 (P2)
[2026-06-04T07:00:38-0600]   Q7 WARN: no daily-assess file for aether at /Users/kai/Documents/Projects/Hyo/agents/aether/ledger/daily-assess-2026-06-04.json — self-improve ran without 4AM grounding
[2026-06-04T07:00:38-0600]   → Issue logged: q7-no-assess-aether-2026-06-04 (P1)
[2026-06-04T07:00:38-0600]   Q5 OK: failure_count=0 (cap=3)
[2026-06-04T07:00:38-0600] --- ra ---
[2026-06-04T07:00:38-0600]   Q1 OK
[2026-06-04T07:00:38-0600]   Q2 FAIL: last_run empty — state never written
[2026-06-04T07:00:38-0600]   → Cannot re-trigger: /Users/kai/Documents/Projects/Hyo/bin/agent-self-improve.sh not found/not executable
[2026-06-04T07:00:38-0600]   → Issue logged: q2-ra-2026-06-04 (P1)
[2026-06-04T07:00:38-0600]   Q3 FAIL: stuck at W1/research for 2+ days (failure_count=0)
[2026-06-04T07:00:38-0600]   → Issue logged: q3-ra-2026-06-04 (P1)
[2026-06-04T07:00:38-0600]   Q4 OK (stage=research — research file will be written this cycle, absence expected)
[2026-06-04T07:00:38-0600]   Q7 WARN: no daily-assess file for ra at /Users/kai/Documents/Projects/Hyo/agents/ra/ledger/daily-assess-2026-06-04.json — self-improve ran without 4AM grounding
[2026-06-04T07:00:38-0600]   → Issue logged: q7-no-assess-ra-2026-06-04 (P1)
[2026-06-04T07:00:38-0600]   Q5 OK: failure_count=0 (cap=3)
[2026-06-04T07:00:38-0600] --- dex ---
[2026-06-04T07:00:38-0600]   Q1 OK
[2026-06-04T07:00:38-0600]   Q2 FAIL: last_run empty — state never written
[2026-06-04T07:00:38-0600]   → Cannot re-trigger: /Users/kai/Documents/Projects/Hyo/bin/agent-self-improve.sh not found/not executable
[2026-06-04T07:00:38-0600]   → Issue logged: q2-dex-2026-06-04 (P1)
[2026-06-04T07:00:38-0600]   Q3 FAIL: stuck at W1/research for 2+ days (failure_count=0)
[2026-06-04T07:00:38-0600]   → Issue logged: q3-dex-2026-06-04 (P1)
[2026-06-04T07:00:38-0600]   Q4 OK (stage=research — research file will be written this cycle, absence expected)
[2026-06-04T07:00:38-0600]   Q7 WARN: no daily-assess file for dex at /Users/kai/Documents/Projects/Hyo/agents/dex/ledger/daily-assess-2026-06-04.json — self-improve ran without 4AM grounding
[2026-06-04T07:00:38-0600]   → Issue logged: q7-no-assess-dex-2026-06-04 (P1)
[2026-06-04T07:00:38-0600]   Q5 OK: failure_count=0 (cap=3)
[2026-06-04T07:00:38-0600] --- kai ---
[2026-06-04T07:00:38-0600]   Q1 OK
[2026-06-04T07:00:38-0600]   Q2 FAIL: stale — last written 2979526s ago (>28h)
[2026-06-04T07:00:38-0600]   → Cannot re-trigger: /Users/kai/Documents/Projects/Hyo/bin/agent-self-improve.sh not found/not executable
[2026-06-04T07:00:38-0600]   → Issue logged: q2-kai-2026-06-04 (P1)
[2026-06-04T07:00:38-0600]   Q3 FAIL: stuck at W1/research for 2+ days (failure_count=1)
[2026-06-04T07:00:38-0600]   → Issue logged: q3-kai-2026-06-04 (P1)
[2026-06-04T07:00:38-0600]   Q4 OK (stage=research — research file will be written this cycle, absence expected)
[2026-06-04T07:00:38-0600]   Q7 WARN: no daily-assess file for kai at /Users/kai/Documents/Projects/Hyo/agents/kai/ledger/daily-assess-2026-06-04.json — self-improve ran without 4AM grounding
[2026-06-04T07:00:38-0600]   → Issue logged: q7-no-assess-kai-2026-06-04 (P1)
[2026-06-04T07:00:38-0600]   Q5 OK: failure_count=1 (cap=3)
[2026-06-04T07:00:38-0600] === Health check done: 10 passed | 21 unresolved | 0 auto-fixed ===
[2026-06-04T07:00:38-0600] Summary written: /Users/kai/Documents/Projects/Hyo/kai/ledger/self-improve-health-2026-06-04.json
